activity_id,customer_id,activity_date,activity_type
1,1,2025-04-26,support_ticket
2,1,2026-07-28,login
3,1,2025-06-15,cart_abandon
4,1,2025-08-04,cart_abandon
5,1,2025-07-08,login
6,1,2026-05-20,login
7,1,2026-04-10,login
8,1,2025-10-10,support_ticket
9,1,2026-06-29,login
10,1,2025-04-11,login
11,1,2026-05-09,cart_abandon
12,1,2025-05-22,login
13,1,2026-06-02,cart_abandon
14,1,2025-06-15,support_ticket
15,1,2026-09-10,login
16,1,2025-10-19,login
17,1,2026-06-05,login
18,1,2025-02-23,login
19,1,2026-07-21,cart_abandon
20,1,2026-05-13,login
21,1,2026-03-14,cart_abandon
22,1,2025-06-23,login
23,1,2026-01-13,login
24,1,2025-06-13,login
25,1,2025-04-24,login
26,1,2025-10-07,cart_abandon
27,1,2026-08-21,support_ticket
28,1,2026-01-02,support_ticket
29,1,2025-06-27,login
30,1,2026-09-05,login
31,2,2025-04-16,login
32,2,2026-08-22,login
33,2,2026-02-20,login
34,2,2026-09-27,cart_abandon
35,2,2025-07-06,login
36,2,2026-08-07,login
37,2,2025-05-11,support_ticket
38,2,2026-01-02,cart_abandon
39,2,2025-07-30,support_ticket
40,2,2025-08-18,login
41,2,2026-08-06,support_ticket
42,2,2026-02-06,cart_abandon
43,2,2026-03-11,login
44,2,2025-10-30,login
45,2,2026-03-14,login
46,2,2025-04-22,cart_abandon
47,2,2025-09-18,login
48,2,2025-10-12,support_ticket
49,2,2025-05-08,login
50,2,2025-06-11,cart_abandon
51,2,2025-11-19,login
52,2,2025-03-22,login
53,2,2025-04-13,login
54,2,2025-06-20,login
55,2,2025-03-04,cart_abandon
56,2,2025-08-29,login
57,2,2025-07-25,login
58,2,2025-10-12,cart_abandon
59,2,2025-10-03,cart_abandon
60,2,2025-04-13,login
61,2,2026-02-11,login
62,2,2026-09-03,login
63,2,2026-06-27,login
64,3,2026-03-19,login
65,3,2026-05-03,login
66,3,2026-04-02,support_ticket
67,3,2025-05-29,login
68,3,2026-07-20,support_ticket
69,3,2026-09-29,login
70,3,2025-12-07,login
71,3,2026-07-11,login
72,3,2026-07-19,login
73,3,2025-06-24,login
74,3,2025-11-18,support_ticket
75,3,2025-02-27,login
76,3,2026-03-30,login
77,3,2026-03-15,login
78,3,2026-04-16,login
79,3,2026-07-06,login
80,3,2026-07-27,cart_abandon
81,3,2026-02-07,login
82,3,2025-05-09,login
83,3,2026-05-31,login
84,3,2025-03-10,login
85,3,2025-09-08,login
86,3,2026-03-16,login
87,4,2025-07-24,login
88,4,2026-03-03,login
89,4,2026-09-01,login
90,4,2025-09-09,login
91,4,2026-02-21,login
92,4,2026-07-31,login
93,4,2026-07-02,cart_abandon
94,4,2025-03-19,login
95,5,2025-09-03,login
96,5,2025-05-22,support_ticket
97,5,2025-03-24,login
98,5,2025-07-25,login
99,5,2025-07-22,cart_abandon
100,5,2025-09-02,cart_abandon
101,5,2026-05-20,cart_abandon
102,5,2025-12-10,login
103,5,2026-08-04,login
104,5,2026-05-14,login
105,6,2025-09-02,login
106,6,2026-04-11,login
107,6,2025-10-13,login
108,6,2026-03-21,login
109,6,2025-06-21,login
110,6,2025-04-08,login
111,6,2025-08-28,login
112,6,2025-04-30,support_ticket
113,6,2026-06-11,login
114,6,2025-06-02,cart_abandon
115,6,2025-06-09,login
116,6,2026-07-17,login
117,6,2026-05-09,support_ticket
118,6,2025-05-26,login
119,6,2026-06-05,support_ticket
120,6,2026-08-19,login
121,7,2025-02-06,cart_abandon
122,7,2025-04-27,support_ticket
123,7,2026-04-18,login
124,7,2025-08-24,support_ticket
125,7,2026-04-06,cart_abandon
126,7,2026-07-27,login
127,7,2026-01-18,login
128,7,2026-06-19,cart_abandon
129,7,2026-04-01,login
130,7,2025-05-29,login
131,7,2025-06-18,login
132,7,2025-06-21,login
133,7,2026-07-09,login
134,7,2025-06-16,login
135,7,2026-08-24,login
136,7,2026-01-11,login
137,7,2025-09-03,login
138,7,2026-05-19,login
139,7,2026-03-08,login
140,7,2025-05-05,login
141,7,2026-02-06,login
142,7,2025-11-25,login
143,7,2025-05-12,support_ticket
144,7,2025-06-12,login
145,7,2025-04-14,login
146,7,2025-09-06,login
147,7,2025-04-13,login
148,7,2026-09-17,support_ticket
149,7,2026-02-27,login
150,7,2025-07-02,support_ticket
151,7,2026-02-09,login
152,7,2025-09-10,login
153,7,2025-03-21,login
154,7,2025-09-09,login
155,8,2025-11-10,support_ticket
156,8,2025-12-15,login
157,8,2025-09-14,login
158,8,2026-03-01,login
159,8,2025-04-29,login
160,8,2025-03-31,login
161,8,2026-06-21,login
162,8,2026-04-11,support_ticket
163,8,2025-06-30,cart_abandon
164,8,2025-03-10,login
165,8,2026-09-15,support_ticket
166,8,2026-06-16,login
167,8,2026-08-08,support_ticket
168,8,2025-10-24,support_ticket
169,8,2026-02-28,support_ticket
170,8,2025-04-25,login
171,8,2026-01-19,login
172,8,2025-12-01,support_ticket
173,8,2025-05-04,login
174,8,2025-11-08,login
175,8,2025-12-13,login
176,8,2025-07-02,login
177,8,2025-03-27,login
178,8,2026-05-19,login
179,8,2026-03-21,login
180,8,2025-11-15,login
181,8,2026-07-13,login
182,8,2025-09-03,login
183,8,2026-04-11,cart_abandon
184,8,2026-01-06,login
185,8,2025-03-08,login
186,8,2025-07-24,login
187,8,2026-07-05,login
188,8,2026-01-07,login
189,8,2025-09-30,login
190,8,2025-05-24,login
191,9,2026-09-04,login
192,9,2025-08-30,login
193,9,2025-03-10,login
194,9,2025-12-14,login
195,9,2025-04-18,login
196,9,2026-05-04,login
197,9,2025-03-28,login
198,9,2026-03-19,cart_abandon
199,9,2025-03-19,login
200,9,2025-09-01,cart_abandon
201,10,2026-08-08,login
202,10,2025-10-22,support_ticket
203,10,2025-07-18,login
204,10,2025-09-07,login
205,10,2026-09-20,cart_abandon
206,10,2025-11-24,support_ticket
207,10,2026-03-31,support_ticket
208,10,2026-07-16,login
209,10,2025-06-24,cart_abandon
210,10,2025-12-01,cart_abandon
211,10,2026-06-05,support_ticket
212,10,2026-06-30,login
213,10,2025-11-22,cart_abandon
214,10,2025-07-08,login
215,10,2025-05-23,login
216,10,2025-06-18,login
217,10,2026-08-30,login
218,10,2026-01-06,login
219,10,2026-08-20,login
220,10,2025-06-15,login
221,10,2025-05-25,login
222,10,2026-03-27,login
223,10,2025-10-21,login
224,10,2025-08-22,cart_abandon
225,10,2026-03-06,login
226,10,2025-05-02,login
227,10,2025-11-28,support_ticket
228,10,2025-02-27,cart_abandon
229,10,2026-08-14,cart_abandon
230,10,2026-02-04,login
231,10,2026-09-09,login
232,10,2025-10-10,login
233,10,2025-04-13,login
234,10,2025-06-29,login
235,10,2026-09-26,login
236,10,2025-06-12,login
237,10,2025-03-01,login
238,10,2025-08-17,login
239,11,2025-12-11,support_ticket
240,11,2025-05-04,login
241,11,2025-03-07,cart_abandon
242,11,2025-03-28,login
243,11,2025-03-05,login
244,11,2025-10-13,login
245,11,2025-04-30,login
246,11,2026-06-26,cart_abandon
247,11,2025-12-12,login
248,11,2026-05-23,support_ticket
249,11,2025-04-06,login
250,11,2026-02-13,login
251,11,2026-07-20,login
252,11,2026-03-19,login
253,11,2026-08-14,support_ticket
254,11,2025-11-07,support_ticket
255,11,2026-02-18,login
256,11,2026-04-21,login
257,11,2025-10-22,cart_abandon
258,11,2026-06-27,login
259,11,2025-03-10,cart_abandon
260,11,2025-04-18,login
261,11,2025-08-02,login
262,11,2025-08-17,login
263,11,2026-03-01,login
264,11,2025-09-03,login
265,11,2025-12-21,login
266,11,2025-08-19,support_ticket
267,11,2025-04-26,login
268,11,2025-11-01,login
269,11,2025-07-28,login
270,11,2026-05-08,login
271,11,2026-04-02,cart_abandon
272,12,2026-03-19,support_ticket
273,12,2025-07-18,login
274,12,2026-04-11,cart_abandon
275,12,2026-09-04,login
276,12,2026-05-23,login
277,12,2025-08-01,login
278,12,2025-05-16,login
279,12,2025-10-03,login
280,12,2026-03-17,login
281,12,2025-03-18,login
282,12,2025-05-25,login
283,12,2025-03-06,login
284,12,2026-06-12,cart_abandon
285,12,2025-06-25,support_ticket
286,12,2026-05-01,login
287,12,2026-05-14,cart_abandon
288,12,2026-06-10,support_ticket
289,12,2026-08-17,login
290,12,2025-04-05,login
291,12,2026-06-04,login
292,12,2025-03-19,support_ticket
293,12,2026-08-18,login
294,12,2025-05-08,cart_abandon
295,13,2025-04-22,login
296,13,2025-11-24,support_ticket
297,13,2026-04-13,login
298,13,2026-03-12,login
299,13,2025-12-25,login
300,13,2025-07-29,support_ticket
301,13,2026-05-04,login
302,13,2025-03-08,login
303,13,2025-07-16,login
304,13,2025-10-08,login
305,13,2025-07-21,support_ticket
306,13,2026-07-05,login
307,13,2025-07-06,login
308,13,2025-08-26,cart_abandon
309,13,2026-06-23,login
310,13,2025-08-18,support_ticket
311,13,2025-03-26,login
312,13,2026-06-16,login
313,13,2025-06-16,cart_abandon
314,13,2026-03-15,login
315,13,2025-02-04,login
316,13,2026-07-14,login
317,13,2026-03-03,cart_abandon
318,13,2025-03-02,login
319,13,2026-04-22,login
320,13,2025-05-28,support_ticket
321,14,2025-08-11,login
322,14,2025-09-30,login
323,14,2025-02-08,login
324,14,2025-03-22,login
325,14,2026-05-05,cart_abandon
326,14,2025-05-04,support_ticket
327,14,2026-05-16,login
328,14,2026-06-28,login
329,14,2025-09-20,login
330,14,2025-04-17,login
331,14,2026-05-14,cart_abandon
332,14,2025-12-12,cart_abandon
333,14,2025-11-15,support_ticket
334,14,2025-06-22,login
335,14,2026-03-22,login
336,14,2025-02-17,login
337,14,2025-10-01,login
338,14,2026-03-29,login
339,14,2025-11-13,login
340,14,2026-09-22,login
341,14,2026-05-12,login
342,14,2025-12-12,login
343,14,2026-05-29,cart_abandon
344,14,2026-02-07,login
345,14,2025-08-02,login
346,14,2025-11-23,cart_abandon
347,14,2026-01-31,login
348,14,2025-08-05,cart_abandon
349,14,2026-08-14,login
350,14,2026-01-21,login
351,14,2026-03-20,cart_abandon
352,14,2025-09-03,login
353,14,2025-10-10,login
354,15,2025-03-30,login
355,15,2025-10-04,cart_abandon
356,15,2026-02-21,cart_abandon
357,15,2025-02-10,support_ticket
358,15,2026-06-24,support_ticket
359,15,2025-03-18,support_ticket
360,15,2025-12-16,login
361,15,2026-01-31,login
362,15,2025-06-07,support_ticket
363,15,2025-03-09,login
364,15,2025-07-11,login
365,15,2025-06-27,login
366,15,2026-03-01,support_ticket
367,16,2026-08-08,login
368,16,2026-06-26,login
369,16,2026-04-08,login
370,16,2026-06-29,login
371,16,2026-05-30,login
372,16,2026-01-24,login
373,16,2025-07-06,login
374,16,2026-03-03,cart_abandon
375,16,2025-10-22,login
376,16,2026-01-16,support_ticket
377,16,2026-02-23,login
378,16,2025-10-20,cart_abandon
379,16,2025-07-18,login
380,16,2026-04-13,support_ticket
381,16,2026-06-16,login
382,16,2025-12-27,login
383,16,2025-10-02,login
384,16,2025-05-04,login
385,16,2026-04-09,login
386,16,2026-04-21,login
387,16,2025-06-15,cart_abandon
388,16,2026-06-20,login
389,16,2025-05-29,support_ticket
390,16,2026-08-01,login
391,16,2026-03-22,login
392,16,2025-08-22,login
393,16,2026-01-01,login
394,16,2026-01-03,support_ticket
395,16,2026-09-20,login
396,16,2025-08-21,cart_abandon
397,16,2025-05-11,support_ticket
398,16,2026-09-13,login
399,17,2025-04-10,login
400,17,2026-05-23,login
401,17,2025-10-15,cart_abandon
402,17,2026-05-13,login
403,17,2026-03-14,login
404,17,2026-08-26,login
405,17,2025-09-19,support_ticket
406,17,2026-05-11,support_ticket
407,17,2025-03-27,login
408,17,2026-08-02,cart_abandon
409,17,2025-07-10,login
410,17,2026-05-24,login
411,17,2025-04-03,login
412,17,2026-05-30,login
413,17,2025-03-28,login
414,17,2025-07-21,login
415,17,2025-12-14,support_ticket
416,17,2025-03-21,login
417,17,2026-07-05,login
418,17,2025-08-17,login
419,17,2025-04-30,login
420,17,2026-07-28,login
421,17,2026-05-23,login
422,17,2026-08-25,support_ticket
423,17,2026-03-16,login
424,17,2025-10-23,cart_abandon
425,17,2025-06-07,login
426,17,2025-09-13,login
427,17,2026-03-14,login
428,17,2025-06-08,login
429,17,2025-06-19,login
430,17,2026-04-22,support_ticket
431,17,2025-12-07,support_ticket
432,17,2025-06-03,cart_abandon
433,17,2026-08-07,support_ticket
434,17,2025-12-02,login
435,17,2025-03-19,login
436,17,2025-04-25,login
437,17,2026-01-24,login
438,18,2025-08-31,login
439,18,2025-10-03,login
440,18,2026-06-21,login
441,18,2026-08-30,login
442,18,2026-01-08,login
443,18,2025-06-03,login
444,18,2026-01-30,login
445,18,2026-03-10,cart_abandon
446,18,2025-04-30,support_ticket
447,18,2025-02-15,login
448,18,2025-10-11,login
449,18,2025-05-14,login
450,18,2026-04-14,support_ticket
451,18,2026-02-20,login
452,18,2026-07-24,login
453,18,2025-11-16,login
454,18,2025-10-26,login
455,18,2025-10-06,login
456,19,2025-12-04,login
457,19,2025-06-11,cart_abandon
458,19,2025-07-04,login
459,19,2025-12-05,login
460,19,2026-08-28,cart_abandon
461,19,2025-11-01,cart_abandon
462,19,2025-04-17,support_ticket
463,19,2026-06-27,login
464,19,2025-09-13,login
465,19,2025-07-13,login
466,19,2026-03-16,support_ticket
467,19,2025-06-03,login
468,19,2026-01-31,login
469,19,2025-07-10,support_ticket
470,19,2026-09-23,login
471,19,2026-04-20,support_ticket
472,19,2025-08-03,login
473,19,2026-06-08,support_ticket
474,19,2026-05-21,login
475,19,2025-06-05,login
476,19,2026-04-17,login
477,19,2025-10-17,login
478,19,2025-09-01,login
479,19,2025-11-08,login
480,19,2026-08-01,login
481,19,2025-03-05,login
482,19,2026-04-19,cart_abandon
483,19,2026-06-26,login
484,19,2025-11-09,login
485,19,2026-04-12,cart_abandon
486,19,2025-03-03,login
487,19,2025-03-30,login
488,20,2025-08-06,login
489,20,2026-05-03,login
490,20,2025-03-04,login
491,20,2025-11-16,login
492,20,2026-04-01,cart_abandon
493,20,2026-06-12,cart_abandon
494,20,2025-09-17,login
495,20,2025-06-17,cart_abandon
496,20,2026-06-22,support_ticket
497,20,2025-04-09,login
498,20,2026-06-06,support_ticket
499,20,2025-03-14,login
500,20,2026-01-18,cart_abandon
501,21,2025-07-27,login
502,21,2025-06-02,login
503,21,2026-08-02,login
504,21,2026-01-29,support_ticket
505,21,2025-08-07,cart_abandon
506,21,2025-02-18,login
507,21,2025-04-11,login
508,21,2025-10-11,login
509,21,2026-03-13,cart_abandon
510,21,2025-08-02,login
511,21,2025-08-29,login
512,21,2026-04-18,login
513,21,2025-10-19,login
514,21,2026-08-02,cart_abandon
515,21,2025-05-01,login
516,21,2025-10-26,support_ticket
517,21,2026-01-24,login
518,21,2026-02-10,login
519,21,2025-06-15,login
520,22,2025-08-27,login
521,22,2025-11-23,login
522,22,2025-06-18,login
523,22,2026-03-31,login
524,22,2025-08-29,cart_abandon
525,22,2026-05-11,login
526,22,2025-02-28,login
527,22,2025-02-07,login
528,22,2026-03-31,login
529,22,2025-02-12,login
530,22,2026-02-18,support_ticket
531,22,2025-05-03,support_ticket
532,22,2025-05-26,login
533,22,2026-09-05,login
534,22,2026-03-03,login
535,22,2026-09-14,login
536,22,2026-04-23,login
537,22,2026-03-21,login
538,22,2025-05-12,support_ticket
539,22,2026-07-22,support_ticket
540,23,2026-08-13,login
541,23,2026-04-25,login
542,23,2026-04-06,login
543,23,2026-02-06,login
544,23,2026-05-24,cart_abandon
545,23,2026-06-26,login
546,23,2026-07-21,cart_abandon
547,23,2026-08-20,login
548,23,2026-08-23,login
549,23,2026-04-15,login
550,23,2026-08-07,login
551,23,2025-03-01,support_ticket
552,23,2025-03-02,support_ticket
553,23,2025-08-17,login
554,23,2025-03-16,login
555,23,2026-03-29,login
556,23,2026-03-12,login
557,23,2025-05-22,login
558,23,2025-02-28,login
559,24,2026-07-19,login
560,24,2026-01-18,login
561,24,2026-02-02,login
562,24,2026-07-07,cart_abandon
563,24,2025-03-26,login
564,24,2026-02-20,cart_abandon
565,24,2025-07-13,login
566,24,2026-07-05,login
567,24,2025-10-06,login
568,25,2026-06-16,login
569,25,2026-05-13,login
570,25,2025-09-12,login
571,25,2025-03-08,login
572,25,2025-06-06,cart_abandon
573,25,2025-09-11,login
574,25,2025-11-12,login
575,25,2025-08-13,login
576,25,2025-09-20,login
577,25,2026-02-09,cart_abandon
578,25,2026-09-18,support_ticket
579,25,2026-09-27,support_ticket
580,25,2026-05-01,login
581,25,2025-09-10,login
582,25,2026-04-27,login
583,25,2026-05-22,login
584,25,2026-08-22,login
585,25,2025-02-24,login
586,25,2025-10-03,login
587,25,2025-02-03,login
588,26,2026-05-27,login
589,26,2025-05-21,login
590,26,2025-03-02,login
591,26,2026-06-05,login
592,26,2026-06-19,cart_abandon
593,26,2026-05-08,login
594,26,2025-08-10,cart_abandon
595,26,2026-06-06,support_ticket
596,26,2025-04-07,login
597,26,2025-07-07,login
598,26,2025-11-22,login
599,26,2025-12-27,login
600,26,2026-05-30,login
601,26,2025-09-07,login
602,26,2025-08-27,login
603,26,2026-06-09,login
604,26,2026-08-31,login
605,26,2025-08-25,login
606,26,2025-11-04,login
607,26,2025-11-05,login
608,26,2026-04-10,support_ticket
609,26,2025-02-18,login
610,26,2025-10-04,cart_abandon
611,26,2025-05-18,cart_abandon
612,26,2026-07-01,login
613,26,2025-09-01,support_ticket
614,26,2026-09-21,support_ticket
615,26,2026-02-15,cart_abandon
616,26,2026-03-12,login
617,26,2026-03-03,login
618,26,2026-04-26,support_ticket
619,26,2026-08-31,login
620,26,2026-05-02,login
621,26,2026-05-30,support_ticket
622,26,2025-09-26,support_ticket
623,26,2025-03-20,support_ticket
624,27,2025-07-24,login
625,27,2026-01-28,login
626,27,2026-06-22,login
627,27,2026-07-23,cart_abandon
628,27,2026-07-12,login
629,27,2026-09-29,support_ticket
630,27,2025-06-09,login
631,27,2025-12-25,login
632,27,2025-10-08,login
633,27,2025-06-30,login
634,27,2025-09-17,login
635,27,2025-04-28,login
636,27,2025-12-04,cart_abandon
637,27,2025-10-24,login
638,27,2025-08-26,cart_abandon
639,27,2025-03-23,support_ticket
640,27,2026-05-05,support_ticket
641,27,2026-03-07,login
642,27,2025-05-30,login
643,27,2026-05-11,login
644,27,2025-09-30,support_ticket
645,27,2025-05-19,login
646,27,2025-11-27,login
647,27,2025-07-04,support_ticket
648,27,2026-08-01,login
649,27,2025-07-30,login
650,27,2026-06-07,login
651,27,2026-05-16,cart_abandon
652,27,2025-03-02,login
653,27,2025-08-14,login
654,27,2025-05-20,login
655,27,2025-03-17,login
656,27,2026-02-24,login
657,27,2026-07-22,login
658,28,2025-11-01,login
659,28,2025-10-20,login
660,28,2025-05-20,login
661,28,2025-12-02,cart_abandon
662,28,2025-05-26,login
663,28,2026-06-05,login
664,28,2026-08-13,cart_abandon
665,28,2026-03-12,login
666,28,2025-09-08,support_ticket
667,28,2026-01-01,login
668,28,2025-03-09,support_ticket
669,28,2025-09-17,login
670,28,2026-02-10,login
671,28,2026-07-25,cart_abandon
672,28,2025-03-18,login
673,28,2025-10-09,login
674,28,2025-07-05,cart_abandon
675,28,2025-03-22,login
676,28,2026-05-09,cart_abandon
677,28,2025-07-02,cart_abandon
678,28,2025-03-04,login
679,28,2025-12-01,login
680,28,2025-09-26,cart_abandon
681,28,2025-02-28,login
682,28,2026-08-09,login
683,29,2025-07-18,login
684,29,2026-01-31,login
685,29,2025-08-15,login
686,29,2025-12-21,cart_abandon
687,29,2026-02-07,login
688,29,2026-01-07,login
689,29,2025-08-28,login
690,29,2025-10-10,support_ticket
691,29,2026-02-15,login
692,29,2025-08-25,cart_abandon
693,29,2025-08-12,login
694,29,2025-07-29,support_ticket
695,29,2025-12-20,login
696,29,2025-08-26,support_ticket
697,29,2025-03-15,cart_abandon
698,29,2025-08-12,login
699,29,2025-03-05,support_ticket
700,29,2025-10-22,login
701,29,2026-02-02,login
702,29,2026-01-18,login
703,29,2026-04-03,login
704,29,2025-06-09,login
705,29,2025-03-27,cart_abandon
706,29,2026-05-09,login
707,29,2026-01-05,cart_abandon
708,29,2026-09-07,login
709,29,2025-09-24,login
710,29,2025-02-28,support_ticket
711,29,2026-04-23,support_ticket
712,29,2025-04-12,login
713,29,2025-08-17,login
714,29,2026-03-12,login
715,29,2026-09-08,login
716,29,2026-08-12,login
717,29,2026-04-04,login
718,29,2026-06-21,login
719,29,2025-02-27,cart_abandon
720,29,2026-01-26,cart_abandon
721,29,2025-10-19,login
722,30,2025-09-26,cart_abandon
723,30,2025-07-14,login
724,30,2026-07-17,login
725,30,2026-07-06,support_ticket
726,30,2026-07-23,login
727,30,2026-04-02,login
728,30,2025-05-04,login
729,30,2025-04-14,login
730,30,2025-12-01,login
731,30,2025-07-09,login
732,30,2025-09-26,login
733,30,2026-02-13,login
734,30,2025-09-23,cart_abandon
735,30,2025-11-07,login
736,30,2026-02-05,login
737,30,2026-07-25,login
738,30,2025-10-11,login
739,30,2026-09-19,login
740,30,2026-02-27,login
741,30,2025-07-23,login
742,30,2025-08-04,login
743,30,2025-06-02,support_ticket
744,31,2025-07-25,login
745,31,2025-05-13,login
746,31,2025-04-09,support_ticket
747,31,2025-09-20,login
748,31,2026-01-23,login
749,31,2025-08-27,support_ticket
750,31,2025-07-28,cart_abandon
751,31,2025-06-01,cart_abandon
752,31,2025-05-24,login
753,31,2026-06-12,login
754,31,2026-07-12,cart_abandon
755,31,2025-03-23,login
756,31,2025-03-19,login
757,31,2025-05-18,support_ticket
758,31,2025-06-03,login
759,31,2026-07-13,login
760,31,2025-10-11,support_ticket
761,31,2026-05-01,support_ticket
762,31,2025-10-14,login
763,31,2025-09-21,cart_abandon
764,32,2025-05-03,login
765,32,2026-01-18,login
766,32,2025-03-07,support_ticket
767,32,2026-07-28,login
768,32,2025-05-31,login
769,32,2025-10-29,support_ticket
770,33,2025-10-30,support_ticket
771,33,2025-12-15,login
772,33,2025-07-29,support_ticket
773,33,2026-06-28,login
774,33,2025-04-16,login
775,33,2026-09-18,login
776,33,2026-08-16,support_ticket
777,33,2025-05-16,login
778,33,2025-11-23,login
779,33,2025-03-22,cart_abandon
780,33,2026-02-16,login
781,33,2025-07-18,login
782,33,2026-05-12,login
783,33,2026-06-26,login
784,33,2025-05-24,login
785,33,2026-08-31,login
786,33,2025-02-26,login
787,33,2026-07-24,login
788,33,2025-06-19,support_ticket
789,33,2025-08-04,cart_abandon
790,33,2025-02-04,login
791,33,2026-02-18,login
792,33,2025-04-27,login
793,33,2025-02-08,login
794,33,2025-07-18,login
795,33,2025-04-12,login
796,33,2026-01-13,login
797,33,2025-03-24,login
798,33,2025-07-22,login
799,33,2025-04-30,login
800,33,2026-01-09,support_ticket
801,33,2025-12-23,cart_abandon
802,33,2025-07-07,login
803,33,2026-05-02,cart_abandon
804,33,2025-07-15,login
805,33,2025-12-12,login
806,34,2025-08-18,login
807,34,2025-09-22,support_ticket
808,34,2025-05-01,login
809,34,2025-03-10,cart_abandon
810,34,2026-03-16,login
811,35,2025-03-15,login
812,35,2025-11-29,cart_abandon
813,35,2025-08-27,login
814,35,2025-09-24,login
815,35,2026-04-14,support_ticket
816,35,2025-03-09,login
817,35,2026-04-14,login
818,35,2025-11-16,login
819,35,2025-02-08,cart_abandon
820,35,2026-02-26,login
821,36,2026-04-01,login
822,36,2026-08-16,login
823,36,2025-08-09,cart_abandon
824,36,2026-08-10,login
825,36,2026-04-01,cart_abandon
826,36,2025-06-30,support_ticket
827,36,2025-10-30,login
828,36,2026-03-16,login
829,36,2026-06-23,cart_abandon
830,36,2026-06-14,login
831,36,2025-08-16,login
832,36,2025-12-14,login
833,36,2026-03-02,login
834,36,2025-10-12,login
835,36,2026-07-15,login
836,36,2026-05-07,login
837,36,2025-10-12,support_ticket
838,36,2026-08-03,login
839,36,2026-05-24,support_ticket
840,36,2025-08-09,login
841,36,2026-02-06,login
842,36,2025-11-12,login
843,36,2025-09-23,login
844,36,2026-04-14,login
845,36,2026-04-02,login
846,36,2025-05-14,login
847,37,2026-07-12,login
848,37,2026-08-13,login
849,37,2025-07-19,support_ticket
850,37,2025-09-29,cart_abandon
851,37,2025-10-28,login
852,37,2025-10-24,login
853,37,2025-12-20,login
854,37,2026-07-06,cart_abandon
855,37,2026-08-31,login
856,37,2026-02-03,login
857,37,2026-02-16,login
858,37,2025-05-01,cart_abandon
859,37,2026-05-14,login
860,37,2025-09-14,support_ticket
861,37,2026-03-28,login
862,37,2026-07-29,login
863,37,2026-02-17,support_ticket
864,37,2025-11-26,login
865,37,2026-09-29,login
866,37,2025-10-31,login
867,37,2025-04-29,login
868,37,2026-09-25,login
869,37,2026-07-18,login
870,37,2025-04-26,login
871,37,2025-09-17,support_ticket
872,37,2026-08-20,login
873,37,2026-03-05,cart_abandon
874,37,2026-07-05,login
875,37,2025-11-30,login
876,37,2026-01-02,login
877,38,2025-05-13,login
878,38,2026-06-27,login
879,38,2026-02-11,login
880,38,2026-07-06,login
881,38,2025-02-10,login
882,38,2025-04-04,login
883,38,2026-09-28,login
884,38,2025-05-21,login
885,38,2025-12-02,login
886,38,2025-06-16,login
887,38,2025-07-26,login
888,38,2026-02-23,login
889,38,2025-04-03,login
890,38,2025-03-25,login
891,38,2026-07-17,support_ticket
892,38,2025-12-10,login
893,38,2026-07-07,cart_abandon
894,38,2025-10-30,login
895,38,2026-02-10,support_ticket
896,38,2026-07-19,login
897,38,2026-08-28,login
898,38,2025-05-04,cart_abandon
899,38,2026-09-28,cart_abandon
900,38,2025-06-22,login
901,38,2025-05-17,login
902,38,2025-11-07,login
903,38,2026-03-03,cart_abandon
904,38,2025-10-18,login
905,39,2026-08-13,cart_abandon
906,39,2025-06-09,login
907,39,2025-03-04,login
908,39,2026-05-26,cart_abandon
909,39,2026-02-12,cart_abandon
910,39,2025-09-04,login
911,39,2026-08-15,login
912,39,2025-12-02,cart_abandon
913,39,2025-06-23,login
914,39,2026-04-16,login
915,39,2025-05-05,login
916,39,2025-06-24,login
917,39,2025-05-26,cart_abandon
918,39,2025-08-02,login
919,39,2026-05-19,support_ticket
920,39,2025-02-14,support_ticket
921,39,2025-10-14,login
922,39,2025-08-10,login
923,39,2026-01-09,login
924,39,2025-07-02,support_ticket
925,39,2026-01-21,support_ticket
926,39,2026-01-25,login
927,39,2025-09-04,support_ticket
928,39,2025-05-24,login
929,39,2025-03-06,login
930,39,2025-02-03,login
931,39,2025-06-16,login
932,39,2026-04-13,login
933,39,2026-01-25,support_ticket
934,39,2025-08-20,login
935,39,2026-03-02,cart_abandon
936,39,2026-07-18,login
937,39,2026-04-17,login
938,39,2026-09-02,login
939,39,2026-03-01,login
940,39,2025-03-30,cart_abandon
941,39,2026-05-20,cart_abandon
942,40,2026-02-17,cart_abandon
943,40,2025-12-30,login
944,40,2026-08-07,login
945,40,2026-01-14,login
946,40,2025-05-20,login
947,40,2026-09-11,login
948,41,2026-09-17,login
949,41,2025-06-23,login
950,41,2025-06-17,cart_abandon
951,41,2026-07-24,login
952,41,2025-03-08,cart_abandon
953,41,2025-07-08,login
954,41,2025-04-17,support_ticket
955,41,2026-09-14,login
956,41,2026-08-29,login
957,41,2025-03-31,login
958,41,2026-07-24,support_ticket
959,41,2025-10-09,login
960,41,2025-11-07,login
961,41,2025-10-20,login
962,41,2026-06-13,login
963,41,2025-05-10,login
964,41,2025-12-17,login
965,41,2026-06-06,login
966,41,2025-10-27,login
967,41,2026-06-22,support_ticket
968,41,2026-04-08,cart_abandon
969,42,2025-05-08,login
970,42,2025-06-19,support_ticket
971,42,2026-01-31,support_ticket
972,42,2025-04-22,login
973,42,2026-07-08,login
974,42,2025-04-18,support_ticket
975,42,2026-02-11,login
976,42,2026-05-18,login
977,42,2025-07-19,login
978,42,2025-06-30,support_ticket
979,42,2025-12-23,login
980,42,2025-06-11,login
981,42,2026-01-24,login
982,42,2026-01-28,login
983,42,2025-06-16,cart_abandon
984,42,2026-01-11,login
985,42,2025-11-16,login
986,42,2026-07-07,login
987,42,2026-05-07,login
988,42,2026-06-06,login
989,42,2026-06-28,login
990,42,2025-05-21,cart_abandon
991,42,2026-06-27,login
992,43,2026-09-17,login
993,43,2025-07-07,support_ticket
994,43,2026-05-17,cart_abandon
995,43,2026-02-25,login
996,43,2025-09-18,login
997,43,2025-09-25,login
998,43,2026-08-07,login
999,43,2026-04-23,login
1000,43,2025-10-05,login
1001,43,2026-07-22,login
1002,43,2026-02-11,login
1003,43,2026-04-03,cart_abandon
1004,44,2026-03-21,login
1005,44,2026-08-15,login
1006,44,2025-06-05,support_ticket
1007,44,2025-11-20,support_ticket
1008,44,2025-12-06,login
1009,44,2025-05-06,login
1010,44,2025-08-18,login
1011,44,2026-09-13,login
1012,44,2025-10-01,cart_abandon
1013,44,2026-03-27,login
1014,44,2025-06-26,login
1015,44,2025-03-18,login
1016,44,2026-04-09,login
1017,45,2025-05-10,login
1018,45,2026-01-12,login
1019,45,2026-01-05,login
1020,45,2026-03-18,cart_abandon
1021,45,2025-08-07,login
1022,45,2025-04-14,cart_abandon
1023,45,2025-12-26,login
1024,45,2025-05-26,login
1025,45,2025-08-15,login
1026,45,2025-12-01,login
1027,45,2025-12-28,support_ticket
1028,45,2025-10-29,login
1029,45,2026-06-29,login
1030,45,2026-03-14,login
1031,45,2025-09-25,login
1032,45,2026-09-13,login
1033,45,2026-02-16,cart_abandon
1034,45,2026-08-18,login
1035,45,2025-10-07,login
1036,45,2026-03-30,login
1037,45,2026-02-03,login
1038,45,2025-11-29,support_ticket
1039,45,2025-08-25,cart_abandon
1040,45,2026-03-07,login
1041,45,2025-09-01,login
1042,45,2026-05-20,cart_abandon
1043,45,2025-09-02,login
1044,45,2025-02-27,cart_abandon
1045,45,2026-03-19,login
1046,45,2025-04-06,login
1047,46,2025-10-23,login
1048,46,2025-10-02,cart_abandon
1049,46,2025-08-31,login
1050,46,2025-07-19,login
1051,46,2025-06-29,login
1052,46,2025-05-20,support_ticket
1053,46,2025-10-01,login
1054,46,2026-02-21,login
1055,46,2025-10-13,login
1056,46,2025-11-12,support_ticket
1057,46,2025-02-09,cart_abandon
1058,46,2026-02-24,support_ticket
1059,46,2026-06-01,login
1060,47,2026-05-02,cart_abandon
1061,47,2026-04-29,login
1062,47,2026-01-07,login
1063,47,2026-02-28,support_ticket
1064,47,2026-09-02,cart_abandon
1065,47,2026-08-07,login
1066,47,2025-02-04,support_ticket
1067,47,2025-06-04,login
1068,47,2025-10-09,login
1069,47,2026-08-03,support_ticket
1070,47,2025-12-25,login
1071,47,2026-03-22,login
1072,47,2026-05-04,login
1073,47,2026-04-02,support_ticket
1074,47,2025-04-09,login
1075,47,2026-01-04,login
1076,47,2025-12-10,support_ticket
1077,48,2026-05-19,support_ticket
1078,48,2026-05-18,login
1079,48,2025-08-03,login
1080,48,2026-08-24,login
1081,48,2026-05-19,login
1082,48,2025-07-16,support_ticket
1083,48,2026-04-06,support_ticket
1084,48,2025-08-22,cart_abandon
1085,48,2026-07-03,login
1086,48,2025-10-25,login
1087,48,2026-03-26,support_ticket
1088,48,2025-02-06,login
1089,48,2025-02-10,login
1090,48,2025-11-24,login
1091,48,2026-01-01,login
1092,48,2025-08-16,login
1093,48,2026-04-09,login
1094,48,2026-07-28,login
1095,48,2025-03-02,login
1096,48,2025-05-28,login
1097,48,2026-03-02,login
1098,48,2026-05-08,login
1099,48,2025-04-11,login
1100,48,2025-07-13,login
1101,48,2025-04-10,cart_abandon
1102,48,2026-04-19,login
1103,48,2025-06-04,login
1104,48,2026-09-01,login
1105,48,2025-04-11,login
1106,48,2026-04-02,login
1107,48,2025-06-15,login
1108,48,2025-03-14,login
1109,48,2025-08-28,login
1110,48,2026-07-26,cart_abandon
1111,48,2025-08-29,login
1112,48,2025-04-27,login
1113,48,2025-03-08,login
1114,48,2025-05-22,login
1115,48,2026-06-15,login
1116,49,2026-03-12,login
1117,49,2026-09-17,login
1118,49,2026-09-06,login
1119,49,2025-04-28,login
1120,49,2026-02-23,login
1121,49,2026-04-28,login
1122,49,2026-04-29,login
1123,49,2026-02-24,login
1124,49,2025-06-25,login
1125,49,2026-08-20,login
1126,49,2025-03-14,login
1127,49,2026-06-04,support_ticket
1128,49,2026-07-30,login
1129,50,2025-03-12,support_ticket
1130,50,2025-12-22,login
1131,50,2025-10-26,login
1132,50,2026-03-14,support_ticket
1133,50,2025-03-14,login
1134,50,2025-06-24,login
1135,50,2025-06-27,login
1136,50,2025-07-04,login
1137,50,2026-07-15,login
1138,50,2026-03-05,login
1139,50,2026-06-05,login
1140,50,2025-07-07,support_ticket
1141,50,2025-08-06,login
1142,50,2025-09-30,login
1143,50,2025-06-12,login
1144,50,2025-03-30,cart_abandon
1145,50,2025-04-09,login
1146,50,2025-03-31,cart_abandon
1147,50,2025-04-26,login
1148,50,2026-03-10,login
1149,50,2025-08-13,login
1150,50,2026-08-21,login
1151,50,2026-02-25,support_ticket
1152,50,2026-07-07,cart_abandon
1153,50,2026-03-08,cart_abandon
1154,50,2025-08-10,login
1155,50,2026-04-21,cart_abandon
1156,50,2026-04-10,login
1157,50,2025-05-14,login
1158,50,2025-06-05,support_ticket
1159,50,2026-06-08,cart_abandon
1160,50,2025-03-20,login
1161,51,2025-10-05,login
1162,51,2025-07-03,login
1163,51,2026-08-07,login
1164,51,2026-01-07,cart_abandon
1165,51,2025-05-01,support_ticket
1166,51,2025-04-18,login
1167,51,2025-06-22,login
1168,51,2026-02-08,support_ticket
1169,51,2025-10-04,login
1170,51,2026-06-04,support_ticket
1171,51,2025-10-18,login
1172,51,2026-01-05,login
1173,51,2025-04-19,login
1174,51,2025-07-26,login
1175,51,2026-02-01,login
1176,51,2025-04-26,login
1177,51,2025-07-14,login
1178,51,2025-07-12,login
1179,51,2025-11-12,login
1180,51,2025-08-27,login
1181,51,2025-02-10,support_ticket
1182,51,2025-12-14,support_ticket
1183,51,2025-04-02,login
1184,51,2025-12-06,login
1185,51,2025-12-03,login
1186,51,2025-11-24,support_ticket
1187,51,2026-04-07,support_ticket
1188,51,2025-02-20,login
1189,51,2025-07-14,login
1190,51,2025-05-28,login
1191,51,2025-11-28,login
1192,51,2025-07-13,cart_abandon
1193,52,2025-02-04,login
1194,52,2025-03-02,login
1195,52,2025-07-11,login
1196,52,2026-08-20,login
1197,52,2026-02-02,login
1198,52,2025-04-30,login
1199,52,2025-07-30,cart_abandon
1200,52,2026-08-17,cart_abandon
1201,52,2026-06-19,support_ticket
1202,52,2025-07-28,login
1203,52,2025-11-06,login
1204,52,2025-02-22,login
1205,52,2025-12-26,cart_abandon
1206,52,2025-09-13,support_ticket
1207,52,2026-05-12,login
1208,52,2025-07-28,login
1209,52,2026-04-07,login
1210,52,2025-07-19,login
1211,52,2025-12-15,support_ticket
1212,52,2026-03-06,cart_abandon
1213,52,2026-09-02,support_ticket
1214,52,2025-05-08,login
1215,52,2025-11-14,login
1216,52,2025-09-15,login
1217,52,2025-07-25,login
1218,52,2025-05-06,login
1219,52,2025-10-26,login
1220,53,2026-04-30,cart_abandon
1221,53,2025-12-01,login
1222,53,2025-02-21,cart_abandon
1223,53,2025-10-08,login
1224,53,2025-12-07,login
1225,53,2025-05-20,login
1226,53,2025-10-23,login
1227,53,2026-05-29,login
1228,53,2026-03-29,cart_abandon
1229,53,2026-04-07,login
1230,53,2025-06-13,cart_abandon
1231,53,2025-06-30,login
1232,53,2025-06-28,login
1233,53,2025-02-24,support_ticket
1234,53,2025-05-23,login
1235,53,2026-01-10,cart_abandon
1236,53,2026-06-20,login
1237,53,2025-06-27,login
1238,53,2026-03-07,login
1239,53,2026-07-20,login
1240,53,2025-10-18,login
1241,53,2025-05-04,cart_abandon
1242,53,2025-05-30,login
1243,53,2025-04-13,support_ticket
1244,53,2025-10-03,login
1245,53,2025-09-08,support_ticket
1246,53,2025-06-04,login
1247,53,2025-05-21,login
1248,53,2025-11-20,login
1249,53,2025-04-05,login
1250,53,2025-11-08,cart_abandon
1251,53,2026-07-11,support_ticket
1252,53,2025-02-27,login
1253,53,2025-08-15,cart_abandon
1254,53,2026-01-13,support_ticket
1255,53,2025-11-02,support_ticket
1256,53,2025-05-28,login
1257,54,2025-06-01,login
1258,54,2026-02-14,login
1259,54,2025-04-03,support_ticket
1260,54,2026-01-21,login
1261,54,2025-02-17,support_ticket
1262,54,2025-06-27,support_ticket
1263,54,2026-01-09,login
1264,54,2026-09-02,cart_abandon
1265,54,2025-07-14,support_ticket
1266,54,2026-05-10,login
1267,54,2026-01-03,login
1268,54,2025-02-14,login
1269,54,2026-09-20,cart_abandon
1270,54,2025-07-26,login
1271,55,2026-08-21,login
1272,55,2026-01-28,login
1273,55,2026-06-23,login
1274,55,2026-09-08,cart_abandon
1275,55,2026-01-04,login
1276,55,2025-05-27,cart_abandon
1277,55,2025-06-04,login
1278,55,2026-07-24,login
1279,55,2026-02-20,login
1280,55,2026-02-05,login
1281,55,2026-01-28,login
1282,55,2025-09-09,support_ticket
1283,56,2025-05-04,login
1284,56,2026-09-25,login
1285,56,2025-09-02,support_ticket
1286,56,2025-08-15,login
1287,56,2025-07-07,login
1288,56,2026-03-18,login
1289,56,2025-03-20,login
1290,56,2026-06-18,login
1291,56,2025-10-30,login
1292,56,2025-07-12,login
1293,56,2025-10-24,login
1294,56,2026-06-27,login
1295,56,2025-12-28,login
1296,56,2025-06-26,cart_abandon
1297,56,2026-06-10,login
1298,56,2025-08-02,login
1299,56,2026-06-14,support_ticket
1300,56,2026-09-10,login
1301,56,2026-08-05,support_ticket
1302,56,2026-02-07,support_ticket
1303,56,2026-07-21,support_ticket
1304,57,2026-07-19,login
1305,57,2026-01-20,login
1306,57,2026-03-31,login
1307,57,2025-09-12,login
1308,57,2025-03-26,support_ticket
1309,57,2026-06-18,login
1310,57,2026-07-10,login
1311,57,2025-03-15,login
1312,57,2025-05-09,support_ticket
1313,57,2025-05-02,login
1314,57,2025-04-17,support_ticket
1315,57,2025-03-20,login
1316,57,2026-09-27,login
1317,57,2025-09-28,cart_abandon
1318,57,2026-05-19,login
1319,57,2025-02-21,login
1320,57,2026-04-29,login
1321,57,2025-11-15,login
1322,57,2025-05-07,support_ticket
1323,57,2025-05-27,login
1324,57,2026-07-04,login
1325,57,2026-07-23,support_ticket
1326,58,2025-12-27,login
1327,58,2025-02-18,support_ticket
1328,58,2026-04-03,login
1329,58,2026-09-04,login
1330,58,2025-10-16,login
1331,58,2025-06-16,support_ticket
1332,58,2025-10-16,login
1333,58,2026-06-14,login
1334,58,2025-11-02,cart_abandon
1335,58,2025-08-18,login
1336,58,2025-07-08,login
1337,58,2026-07-13,login
1338,58,2026-03-25,login
1339,58,2025-09-30,cart_abandon
1340,58,2025-06-04,login
1341,58,2026-06-20,login
1342,58,2026-02-04,login
1343,58,2026-03-22,login
1344,58,2025-03-13,login
1345,58,2025-06-02,login
1346,58,2025-06-29,login
1347,58,2025-08-02,login
1348,58,2025-09-01,login
1349,58,2026-03-03,login
1350,58,2025-02-03,cart_abandon
1351,58,2026-06-21,login
1352,58,2026-02-12,cart_abandon
1353,58,2025-09-17,login
1354,59,2025-08-01,support_ticket
1355,59,2025-04-07,cart_abandon
1356,59,2025-05-23,login
1357,59,2026-05-18,login
1358,59,2026-03-19,login
1359,59,2026-09-16,login
1360,59,2025-08-01,login
1361,59,2026-06-19,login
1362,59,2026-02-01,login
1363,59,2025-07-21,login
1364,59,2025-06-02,login
1365,59,2026-01-10,login
1366,59,2025-07-14,cart_abandon
1367,59,2025-08-04,login
1368,59,2025-12-25,login
1369,59,2026-09-06,login
1370,59,2025-02-03,support_ticket
1371,59,2026-05-20,login
1372,59,2025-05-15,login
1373,59,2026-02-14,login
1374,59,2026-04-24,login
1375,59,2026-01-01,login
1376,59,2026-04-04,login
1377,59,2026-07-11,support_ticket
1378,59,2026-08-18,cart_abandon
1379,59,2026-04-15,login
1380,59,2025-10-05,login
1381,59,2025-10-18,login
1382,59,2025-03-10,support_ticket
1383,59,2025-11-22,login
1384,59,2025-03-12,cart_abandon
1385,59,2025-04-21,support_ticket
1386,59,2026-01-01,login
1387,59,2025-09-01,login
1388,59,2025-08-30,login
1389,59,2026-05-08,login
1390,59,2025-04-26,login
1391,59,2025-03-08,support_ticket
1392,59,2025-06-11,login
1393,60,2026-05-04,login
1394,60,2025-05-13,support_ticket
1395,60,2025-05-01,support_ticket
1396,60,2025-09-09,cart_abandon
1397,60,2025-11-19,support_ticket
1398,60,2025-08-26,login
1399,60,2026-05-01,login
1400,60,2025-10-10,login
1401,60,2026-09-27,login
1402,60,2025-03-12,support_ticket
1403,60,2026-01-24,cart_abandon
1404,60,2025-12-27,login
1405,60,2026-07-30,login
1406,60,2026-02-16,login
1407,60,2025-05-18,cart_abandon
1408,60,2025-09-22,cart_abandon
1409,60,2026-09-29,login
1410,60,2025-06-01,login
1411,61,2026-01-07,login
1412,61,2025-12-03,support_ticket
1413,61,2026-03-04,login
1414,61,2026-08-31,login
1415,61,2025-12-09,cart_abandon
1416,61,2025-03-02,login
1417,61,2025-04-08,login
1418,61,2026-02-25,support_ticket
1419,61,2026-06-16,login
1420,62,2025-05-23,support_ticket
1421,62,2026-06-28,login
1422,62,2025-10-03,cart_abandon
1423,62,2025-05-08,login
1424,62,2025-05-03,login
1425,62,2025-05-15,support_ticket
1426,62,2026-04-23,login
1427,62,2025-06-20,cart_abandon
1428,62,2026-03-07,support_ticket
1429,62,2025-11-12,login
1430,62,2025-10-10,cart_abandon
1431,62,2026-04-03,login
1432,62,2025-02-21,login
1433,62,2025-09-22,login
1434,62,2026-06-17,login
1435,62,2025-03-27,login
1436,62,2026-02-17,login
1437,62,2025-03-21,login
1438,62,2025-11-10,cart_abandon
1439,62,2025-03-07,support_ticket
1440,62,2025-05-11,login
1441,62,2025-12-23,login
1442,62,2025-04-20,login
1443,62,2026-08-22,login
1444,62,2025-09-03,cart_abandon
1445,62,2026-03-01,cart_abandon
1446,62,2025-11-08,login
1447,62,2026-03-19,login
1448,62,2025-05-23,login
1449,62,2026-02-25,login
1450,62,2025-05-24,login
1451,62,2026-04-20,login
1452,62,2026-05-03,cart_abandon
1453,62,2026-04-19,login
1454,63,2026-03-11,login
1455,63,2025-09-16,cart_abandon
1456,63,2025-11-13,login
1457,63,2026-06-21,login
1458,63,2026-09-15,login
1459,63,2026-06-17,login
1460,63,2026-04-22,login
1461,63,2025-07-08,login
1462,63,2026-08-27,cart_abandon
1463,63,2025-09-26,login
1464,63,2026-04-06,support_ticket
1465,64,2026-06-02,login
1466,64,2025-09-01,login
1467,64,2025-05-19,login
1468,64,2026-06-18,cart_abandon
1469,64,2026-02-05,login
1470,64,2026-01-18,login
1471,64,2026-03-05,login
1472,64,2026-01-03,login
1473,64,2025-06-20,login
1474,64,2025-06-10,login
1475,64,2026-09-20,login
1476,64,2026-02-22,login
1477,64,2025-03-28,login
1478,64,2026-04-22,login
1479,64,2026-04-25,login
1480,64,2026-03-15,support_ticket
1481,64,2026-08-08,login
1482,64,2025-06-06,login
1483,64,2025-07-19,login
1484,64,2025-06-24,login
1485,64,2025-08-21,cart_abandon
1486,64,2025-08-09,login
1487,64,2026-04-20,cart_abandon
1488,64,2025-07-31,cart_abandon
1489,64,2025-03-04,cart_abandon
1490,64,2025-06-19,login
1491,64,2025-07-01,login
1492,64,2026-05-08,login
1493,64,2025-02-01,support_ticket
1494,64,2025-06-30,login
1495,64,2025-08-29,login
1496,64,2025-11-09,login
1497,64,2026-03-15,login
1498,64,2026-07-29,login
1499,64,2026-07-07,login
1500,64,2025-06-17,login
1501,65,2025-12-07,login
1502,65,2026-05-04,login
1503,65,2025-10-21,support_ticket
1504,65,2026-04-03,login
1505,65,2025-08-02,cart_abandon
1506,65,2026-03-21,login
1507,65,2025-06-15,cart_abandon
1508,65,2026-02-05,cart_abandon
1509,66,2025-02-17,login
1510,66,2025-08-07,login
1511,66,2025-02-15,cart_abandon
1512,66,2025-02-03,login
1513,66,2025-07-11,login
1514,66,2026-09-13,cart_abandon
1515,66,2025-05-31,login
1516,66,2026-09-10,cart_abandon
1517,66,2026-01-18,login
1518,66,2026-05-12,login
1519,66,2025-07-12,login
1520,66,2025-05-29,login
1521,66,2026-05-31,login
1522,66,2025-10-22,login
1523,66,2025-10-31,login
1524,66,2026-03-06,cart_abandon
1525,66,2026-07-28,cart_abandon
1526,66,2026-09-09,login
1527,66,2026-03-06,cart_abandon
1528,66,2025-06-05,login
1529,66,2026-01-31,login
1530,66,2025-05-03,login
1531,66,2025-11-29,login
1532,67,2026-01-28,login
1533,67,2026-05-18,login
1534,67,2026-05-12,login
1535,67,2025-08-15,support_ticket
1536,67,2026-02-08,login
1537,67,2025-02-25,login
1538,67,2025-03-16,cart_abandon
1539,67,2026-05-18,login
1540,67,2025-04-23,cart_abandon
1541,67,2026-01-24,login
1542,67,2026-09-20,login
1543,67,2025-03-13,login
1544,67,2026-07-20,login
1545,67,2025-11-01,login
1546,67,2025-04-26,login
1547,67,2025-11-22,login
1548,67,2026-08-06,support_ticket
1549,67,2026-07-11,login
1550,67,2026-07-07,login
1551,67,2025-04-12,login
1552,67,2026-06-26,login
1553,67,2025-03-08,support_ticket
1554,67,2026-02-17,support_ticket
1555,67,2026-06-17,login
1556,67,2026-08-12,support_ticket
1557,67,2026-04-15,cart_abandon
1558,67,2026-04-24,support_ticket
1559,67,2026-04-20,support_ticket
1560,68,2026-01-04,login
1561,68,2025-07-21,login
1562,68,2025-03-24,login
1563,68,2026-02-03,login
1564,68,2025-05-14,login
1565,68,2025-10-06,login
1566,68,2026-09-11,login
1567,68,2026-07-29,login
1568,68,2025-10-03,login
1569,68,2026-01-16,login
1570,68,2026-02-20,login
1571,69,2025-02-22,login
1572,69,2025-09-12,cart_abandon
1573,69,2026-08-22,login
1574,69,2026-09-27,support_ticket
1575,69,2026-04-27,cart_abandon
1576,69,2025-05-17,login
1577,69,2025-07-08,login
1578,69,2026-04-04,login
1579,69,2025-02-15,login
1580,69,2026-02-03,support_ticket
1581,69,2025-07-01,login
1582,69,2025-08-28,support_ticket
1583,69,2026-09-26,cart_abandon
1584,69,2025-12-18,login
1585,69,2026-05-15,login
1586,69,2026-02-25,login
1587,69,2026-08-09,login
1588,69,2025-04-04,login
1589,69,2026-02-05,login
1590,69,2025-05-23,login
1591,69,2025-11-10,login
1592,69,2025-11-12,login
1593,69,2025-03-18,login
1594,69,2025-08-16,login
1595,69,2026-02-03,login
1596,69,2026-08-16,login
1597,69,2026-06-03,support_ticket
1598,69,2026-08-11,login
1599,69,2025-07-16,login
1600,70,2026-07-19,login
1601,70,2026-08-04,login
1602,70,2025-06-28,login
1603,70,2026-05-31,cart_abandon
1604,70,2026-05-25,login
1605,70,2025-10-15,login
1606,70,2025-11-01,cart_abandon
1607,70,2025-04-29,login
1608,71,2025-09-25,cart_abandon
1609,71,2026-09-11,login
1610,71,2026-08-01,login
1611,71,2025-08-31,support_ticket
1612,71,2025-05-10,login
1613,71,2025-11-30,login
1614,71,2025-08-02,login
1615,71,2025-08-17,support_ticket
1616,71,2025-06-06,login
1617,71,2025-04-05,support_ticket
1618,71,2025-04-13,login
1619,71,2025-10-03,cart_abandon
1620,71,2026-08-23,cart_abandon
1621,71,2025-04-18,login
1622,71,2025-04-24,login
1623,71,2025-10-09,login
1624,71,2025-07-09,login
1625,71,2025-12-21,login
1626,71,2025-11-15,support_ticket
1627,71,2025-04-23,login
1628,71,2025-02-24,login
1629,72,2025-04-28,login
1630,72,2025-11-30,login
1631,72,2025-07-24,login
1632,72,2026-03-18,login
1633,72,2025-04-15,login
1634,72,2026-04-23,login
1635,72,2026-03-17,support_ticket
1636,72,2026-03-02,login
1637,72,2026-08-23,login
1638,72,2025-04-18,login
1639,72,2025-03-05,login
1640,72,2025-11-02,support_ticket
1641,72,2025-05-11,login
1642,72,2026-08-30,login
1643,72,2026-06-09,login
1644,72,2025-07-11,login
1645,72,2026-02-04,login
1646,72,2026-07-14,login
1647,72,2025-04-04,cart_abandon
1648,72,2025-12-14,login
1649,72,2025-05-16,support_ticket
1650,73,2026-09-10,login
1651,73,2025-10-02,login
1652,73,2025-08-01,login
1653,73,2025-07-09,login
1654,73,2026-07-19,support_ticket
1655,73,2026-04-05,login
1656,73,2026-03-04,login
1657,73,2026-01-10,login
1658,73,2025-05-18,login
1659,73,2026-03-10,support_ticket
1660,73,2025-10-16,support_ticket
1661,73,2025-07-15,login
1662,73,2026-05-15,support_ticket
1663,73,2025-09-12,login
1664,73,2026-03-10,cart_abandon
1665,73,2025-06-02,login
1666,73,2026-01-24,login
1667,73,2025-04-04,login
1668,73,2026-01-17,support_ticket
1669,73,2026-02-05,login
1670,73,2025-12-29,login
1671,73,2025-06-16,login
1672,73,2026-01-31,login
1673,73,2026-04-22,login
1674,73,2026-07-08,support_ticket
1675,73,2026-01-28,login
1676,73,2025-09-11,cart_abandon
1677,73,2025-06-03,login
1678,73,2025-02-05,support_ticket
1679,73,2025-11-05,cart_abandon
1680,73,2025-06-21,cart_abandon
1681,73,2025-07-10,login
1682,74,2026-09-16,login
1683,74,2025-05-04,login
1684,74,2025-07-12,support_ticket
1685,74,2025-04-29,login
1686,74,2026-09-20,login
1687,74,2025-07-07,login
1688,74,2025-07-20,support_ticket
1689,74,2025-03-07,cart_abandon
1690,74,2025-03-09,cart_abandon
1691,74,2026-07-09,login
1692,74,2025-04-13,cart_abandon
1693,74,2026-02-01,support_ticket
1694,74,2026-07-02,login
1695,74,2026-02-24,support_ticket
1696,74,2025-03-14,login
1697,74,2025-07-27,support_ticket
1698,74,2026-03-13,login
1699,74,2025-04-04,login
1700,74,2025-04-28,cart_abandon
1701,74,2025-04-10,login
1702,74,2025-08-20,cart_abandon
1703,74,2025-05-24,login
1704,74,2026-03-20,support_ticket
1705,74,2026-06-17,cart_abandon
1706,74,2025-10-08,cart_abandon
1707,74,2025-11-17,login
1708,74,2025-07-21,login
1709,74,2026-08-30,login
1710,74,2026-03-07,login
1711,74,2026-08-28,login
1712,74,2026-09-09,support_ticket
1713,74,2026-08-19,login
1714,74,2026-03-06,login
1715,74,2026-01-24,login
1716,75,2026-07-28,support_ticket
1717,75,2025-04-17,login
1718,75,2026-09-28,support_ticket
1719,75,2025-08-16,login
1720,75,2026-01-03,login
1721,75,2026-02-12,login
1722,75,2026-09-10,login
1723,75,2025-10-15,login
1724,75,2026-05-19,login
1725,75,2026-03-04,cart_abandon
1726,75,2026-08-14,login
1727,75,2025-09-28,cart_abandon
1728,75,2025-06-16,login
1729,75,2025-11-22,login
1730,75,2026-09-18,login
1731,75,2026-07-14,login
1732,75,2025-10-01,login
1733,75,2026-09-26,support_ticket
1734,75,2025-08-20,login
1735,75,2026-02-06,support_ticket
1736,75,2025-07-07,login
1737,75,2026-09-25,login
1738,75,2026-07-18,login
1739,75,2026-04-11,cart_abandon
1740,75,2025-12-20,login
1741,75,2025-11-04,cart_abandon
1742,75,2025-07-23,login
1743,75,2026-08-26,support_ticket
1744,76,2025-06-11,login
1745,76,2025-05-20,cart_abandon
1746,76,2025-07-08,login
1747,76,2025-03-23,support_ticket
1748,76,2025-04-21,login
1749,76,2025-10-30,login
1750,76,2025-05-01,support_ticket
1751,76,2026-08-10,support_ticket
1752,76,2026-02-13,login
1753,76,2026-09-28,support_ticket
1754,76,2025-11-05,login
1755,76,2025-02-12,login
1756,76,2025-05-14,login
1757,76,2026-01-28,cart_abandon
1758,76,2025-05-24,login
1759,76,2026-09-07,login
1760,76,2026-02-04,login
1761,76,2025-03-07,cart_abandon
1762,76,2026-01-03,login
1763,76,2026-09-21,login
1764,76,2026-05-20,login
1765,76,2025-12-15,login
1766,77,2025-02-27,cart_abandon
1767,77,2026-04-07,cart_abandon
1768,77,2026-01-15,login
1769,77,2025-06-07,login
1770,77,2026-07-12,login
1771,77,2026-09-27,login
1772,77,2025-06-29,login
1773,77,2025-12-23,login
1774,77,2025-06-08,login
1775,77,2025-05-02,support_ticket
1776,77,2025-05-07,login
1777,77,2025-08-17,login
1778,77,2026-04-15,login
1779,77,2025-08-16,login
1780,77,2026-07-27,login
1781,77,2025-02-03,login
1782,77,2026-01-01,login
1783,77,2025-06-13,login
1784,77,2025-08-21,login
1785,77,2025-05-09,login
1786,77,2025-03-31,cart_abandon
1787,77,2025-03-10,login
1788,77,2026-01-18,login
1789,77,2025-03-30,login
1790,77,2025-02-11,login
1791,77,2026-05-15,login
1792,77,2026-08-31,login
1793,77,2026-08-26,login
1794,77,2026-06-23,cart_abandon
1795,77,2026-01-30,login
1796,77,2025-05-26,login
1797,77,2026-03-01,login
1798,77,2026-08-13,login
1799,77,2025-07-04,login
1800,77,2026-02-22,login
1801,77,2025-12-16,login
1802,77,2026-03-11,support_ticket
1803,78,2025-06-07,login
1804,78,2026-09-25,login
1805,78,2026-05-15,cart_abandon
1806,78,2025-02-12,login
1807,78,2025-08-09,login
1808,78,2025-10-14,support_ticket
1809,78,2025-09-21,support_ticket
1810,78,2026-06-21,login
1811,78,2025-09-16,cart_abandon
1812,78,2025-09-13,login
1813,78,2026-09-23,login
1814,78,2025-12-27,login
1815,78,2026-08-02,login
1816,78,2026-04-09,cart_abandon
1817,78,2025-06-09,login
1818,78,2026-07-06,login
1819,78,2026-03-31,login
1820,78,2026-01-16,login
1821,78,2026-01-03,login
1822,78,2026-07-25,login
1823,78,2025-05-11,cart_abandon
1824,78,2026-07-10,login
1825,78,2026-05-18,login
1826,78,2025-05-28,login
1827,78,2025-06-08,login
1828,78,2025-12-12,login
1829,78,2025-07-28,login
1830,78,2026-03-05,login
1831,78,2025-04-05,login
1832,78,2025-09-17,login
1833,78,2026-08-01,login
1834,79,2025-08-12,login
1835,79,2026-02-03,cart_abandon
1836,79,2026-05-02,login
1837,79,2025-09-12,support_ticket
1838,79,2025-08-02,login
1839,79,2025-05-09,login
1840,79,2025-07-06,support_ticket
1841,79,2026-09-21,login
1842,79,2025-07-10,support_ticket
1843,79,2026-06-24,login
1844,79,2026-01-16,login
1845,79,2025-06-24,login
1846,79,2026-08-17,cart_abandon
1847,79,2025-10-25,login
1848,79,2025-07-21,login
1849,79,2026-02-22,login
1850,79,2025-07-04,login
1851,79,2025-03-02,login
1852,79,2025-08-10,login
1853,79,2026-02-03,support_ticket
1854,79,2025-09-02,login
1855,79,2025-04-11,login
1856,79,2025-10-04,login
1857,79,2025-02-14,login
1858,79,2025-03-16,cart_abandon
1859,79,2026-02-05,login
1860,79,2026-04-04,login
1861,79,2026-04-03,login
1862,79,2026-05-30,cart_abandon
1863,79,2025-12-10,login
1864,79,2025-11-26,login
1865,79,2026-06-24,support_ticket
1866,79,2025-06-24,cart_abandon
1867,79,2026-09-27,login
1868,79,2025-02-22,login
1869,79,2026-06-28,login
1870,79,2025-04-19,login
1871,79,2025-08-27,login
1872,80,2025-02-06,login
1873,80,2026-08-16,login
1874,80,2025-02-26,support_ticket
1875,80,2025-09-02,support_ticket
1876,80,2026-04-24,support_ticket
1877,80,2026-04-18,login
1878,80,2025-09-14,login
1879,81,2025-04-10,login
1880,81,2025-03-01,login
1881,81,2026-04-13,support_ticket
1882,81,2025-09-16,support_ticket
1883,81,2025-04-14,login
1884,81,2025-09-01,login
1885,81,2026-07-17,login
1886,81,2026-01-20,login
1887,81,2025-11-23,login
1888,81,2025-12-15,login
1889,81,2025-05-24,cart_abandon
1890,81,2026-09-05,login
1891,81,2025-08-11,cart_abandon
1892,81,2025-04-03,support_ticket
1893,81,2025-11-02,login
1894,81,2026-06-21,login
1895,81,2025-10-25,login
1896,81,2025-09-04,support_ticket
1897,81,2026-02-06,login
1898,81,2026-06-11,login
1899,81,2026-08-06,login
1900,81,2025-11-09,cart_abandon
1901,81,2026-07-28,login
1902,81,2025-04-06,login
1903,81,2025-07-18,login
1904,81,2025-05-09,login
1905,81,2026-05-20,login
1906,81,2026-06-26,login
1907,81,2025-05-30,login
1908,81,2025-12-14,login
1909,81,2025-12-03,cart_abandon
1910,81,2025-12-07,login
1911,81,2026-07-31,login
1912,81,2026-01-10,cart_abandon
1913,81,2026-08-11,cart_abandon
1914,82,2025-11-18,login
1915,82,2025-07-25,login
1916,82,2026-05-04,login
1917,82,2026-06-05,login
1918,82,2025-09-25,login
1919,82,2025-03-17,login
1920,82,2026-03-26,login
1921,82,2026-08-29,cart_abandon
1922,82,2025-03-05,login
1923,82,2025-12-25,login
1924,82,2025-10-31,login
1925,82,2025-09-20,login
1926,82,2026-03-16,cart_abandon
1927,82,2025-09-11,cart_abandon
1928,82,2025-04-04,login
1929,82,2026-05-04,login
1930,82,2025-03-13,login
1931,82,2025-02-01,support_ticket
1932,82,2026-09-01,login
1933,82,2025-10-28,cart_abandon
1934,82,2025-10-19,login
1935,82,2025-02-08,login
1936,82,2025-12-09,login
1937,82,2025-05-27,login
1938,82,2026-04-04,support_ticket
1939,82,2026-08-23,login
1940,82,2026-01-02,login
1941,83,2026-05-09,login
1942,83,2025-11-20,login
1943,83,2026-07-02,login
1944,83,2026-08-08,support_ticket
1945,83,2026-07-27,login
1946,83,2026-01-08,login
1947,83,2026-04-05,login
1948,83,2025-10-17,support_ticket
1949,83,2026-05-26,login
1950,83,2026-07-21,login
1951,83,2026-08-29,cart_abandon
1952,83,2025-05-24,cart_abandon
1953,83,2026-05-24,support_ticket
1954,83,2026-06-19,login
1955,83,2026-09-14,login
1956,83,2025-06-17,support_ticket
1957,83,2025-09-25,login
1958,83,2025-08-17,login
1959,83,2026-08-18,cart_abandon
1960,83,2025-09-15,support_ticket
1961,83,2025-11-21,cart_abandon
1962,83,2026-05-04,login
1963,83,2025-10-14,login
1964,83,2025-06-25,support_ticket
1965,84,2025-04-05,login
1966,84,2025-07-29,login
1967,84,2026-07-22,support_ticket
1968,84,2025-05-15,login
1969,84,2025-11-05,cart_abandon
1970,84,2026-08-26,cart_abandon
1971,84,2026-09-03,login
1972,84,2026-01-30,support_ticket
1973,84,2025-08-09,cart_abandon
1974,84,2026-04-02,login
1975,84,2025-11-16,cart_abandon
1976,84,2025-03-08,support_ticket
1977,84,2026-02-25,support_ticket
1978,84,2025-06-15,login
1979,84,2025-02-14,login
1980,84,2026-01-05,login
1981,84,2026-04-21,login
1982,84,2025-06-29,login
1983,84,2025-02-26,login
1984,84,2025-07-01,login
1985,84,2026-09-07,login
1986,84,2026-04-07,login
1987,84,2025-06-21,support_ticket
1988,84,2025-02-24,cart_abandon
1989,84,2026-03-02,cart_abandon
1990,84,2026-09-17,login
1991,84,2025-05-13,login
1992,84,2026-07-27,support_ticket
1993,84,2026-04-20,support_ticket
1994,84,2026-09-02,login
1995,84,2026-08-08,login
1996,84,2025-09-17,login
1997,84,2025-07-07,support_ticket
1998,85,2025-03-23,support_ticket
1999,85,2025-07-02,login
2000,85,2025-08-20,login
2001,85,2026-01-05,login
2002,85,2026-08-10,support_ticket
2003,85,2026-04-19,support_ticket
2004,85,2025-04-01,login
2005,85,2025-09-25,login
2006,85,2026-07-21,login
2007,85,2025-11-17,login
2008,85,2026-03-12,login
2009,85,2026-08-07,support_ticket
2010,85,2025-09-14,login
2011,85,2025-08-08,support_ticket
2012,85,2026-04-30,cart_abandon
2013,85,2026-04-15,support_ticket
2014,85,2025-08-30,cart_abandon
2015,85,2025-07-18,cart_abandon
2016,85,2026-05-24,login
2017,85,2025-10-19,login
2018,85,2025-09-18,cart_abandon
2019,85,2026-06-22,support_ticket
2020,85,2025-04-18,login
2021,85,2025-09-29,login
2022,85,2025-09-03,login
2023,85,2025-09-17,login
2024,85,2025-09-22,login
2025,85,2025-05-04,support_ticket
2026,85,2026-01-12,login
2027,85,2025-09-20,login
2028,85,2025-09-10,support_ticket
2029,85,2026-09-05,login
2030,85,2026-01-06,support_ticket
2031,86,2025-03-08,login
2032,86,2026-03-26,login
2033,86,2026-05-20,login
2034,86,2025-11-07,login
2035,86,2025-12-18,login
2036,86,2025-09-04,login
2037,86,2026-01-13,login
2038,86,2025-11-30,login
2039,86,2026-02-07,support_ticket
2040,86,2025-09-16,login
2041,86,2026-04-30,login
2042,86,2025-02-05,login
2043,86,2025-07-28,login
2044,86,2025-05-26,login
2045,86,2025-09-20,login
2046,86,2026-08-20,login
2047,86,2026-02-13,support_ticket
2048,86,2025-09-19,login
2049,86,2026-05-16,login
2050,86,2026-08-15,login
2051,86,2025-11-19,cart_abandon
2052,86,2025-06-27,cart_abandon
2053,86,2025-12-04,login
2054,86,2026-07-08,support_ticket
2055,86,2025-12-08,login
2056,86,2025-06-15,login
2057,86,2026-06-30,login
2058,86,2026-09-11,login
2059,86,2025-11-02,login
2060,86,2025-06-14,login
2061,86,2025-12-15,login
2062,87,2026-06-25,login
2063,87,2026-03-22,login
2064,87,2025-04-27,login
2065,87,2025-07-21,login
2066,87,2025-08-15,cart_abandon
2067,87,2026-02-24,login
2068,87,2025-02-26,cart_abandon
2069,87,2026-01-21,login
2070,87,2025-08-25,cart_abandon
2071,87,2026-07-10,support_ticket
2072,87,2025-12-27,support_ticket
2073,87,2026-01-12,login
2074,87,2025-11-05,cart_abandon
2075,87,2026-01-28,login
2076,87,2026-07-01,login
2077,87,2026-05-27,login
2078,87,2026-08-27,support_ticket
2079,87,2026-02-25,login
2080,87,2026-07-05,login
2081,87,2026-06-23,cart_abandon
2082,87,2026-05-20,support_ticket
2083,87,2026-02-28,login
2084,87,2025-10-27,cart_abandon
2085,87,2025-10-29,login
2086,87,2026-08-22,support_ticket
2087,87,2025-10-03,support_ticket
2088,87,2026-03-20,support_ticket
2089,87,2026-07-02,cart_abandon
2090,87,2025-05-01,login
2091,87,2025-11-29,support_ticket
2092,87,2025-12-20,login
2093,87,2026-04-02,login
2094,87,2026-08-03,support_ticket
2095,87,2026-01-01,login
2096,87,2026-05-15,support_ticket
2097,88,2025-05-10,login
2098,88,2025-07-11,login
2099,88,2026-09-11,login
2100,88,2025-06-18,login
2101,88,2026-04-16,login
2102,88,2026-06-11,login
2103,88,2025-03-21,support_ticket
2104,88,2025-11-23,login
2105,88,2026-06-08,cart_abandon
2106,88,2025-08-13,login
2107,88,2025-07-03,login
2108,88,2025-08-18,support_ticket
2109,88,2026-08-10,login
2110,88,2026-06-22,support_ticket
2111,88,2025-08-26,cart_abandon
2112,88,2026-04-13,cart_abandon
2113,88,2025-07-02,login
2114,88,2026-05-18,login
2115,88,2025-05-05,login
2116,88,2026-08-22,login
2117,88,2026-02-16,cart_abandon
2118,88,2026-08-09,support_ticket
2119,88,2025-05-24,login
2120,88,2026-07-20,support_ticket
2121,88,2025-04-25,login
2122,88,2026-09-09,login
2123,88,2025-06-23,login
2124,88,2026-05-28,login
2125,88,2026-08-15,login
2126,88,2025-07-13,login
2127,88,2026-01-05,login
2128,88,2026-07-17,support_ticket
2129,89,2025-02-09,login
2130,89,2025-12-22,cart_abandon
2131,89,2025-08-12,cart_abandon
2132,89,2025-02-23,cart_abandon
2133,89,2025-10-15,login
2134,89,2026-04-30,support_ticket
2135,89,2025-08-17,login
2136,89,2026-06-13,login
2137,89,2026-08-13,support_ticket
2138,89,2026-01-29,login
2139,89,2025-06-03,login
2140,89,2025-12-26,login
2141,89,2026-08-27,login
2142,89,2026-09-02,login
2143,89,2025-02-06,login
2144,89,2026-01-25,login
2145,89,2026-06-12,login
2146,89,2025-08-11,login
2147,89,2026-02-05,login
2148,89,2025-07-24,login
2149,89,2025-02-03,support_ticket
2150,89,2025-03-07,support_ticket
2151,89,2025-06-23,login
2152,89,2025-02-27,cart_abandon
2153,89,2026-08-05,login
2154,89,2026-06-04,login
2155,89,2025-11-05,support_ticket
2156,89,2026-09-14,login
2157,89,2025-12-25,login
2158,89,2026-04-16,login
2159,89,2025-03-19,login
2160,89,2026-09-17,support_ticket
2161,89,2026-06-20,login
2162,89,2025-06-02,cart_abandon
2163,89,2025-12-24,support_ticket
2164,89,2026-01-05,cart_abandon
2165,89,2026-07-20,login
2166,89,2026-08-04,login
2167,89,2026-04-11,login
2168,90,2026-02-21,login
2169,90,2026-08-31,login
2170,90,2025-11-01,support_ticket
2171,90,2025-06-05,login
2172,90,2026-03-30,login
2173,90,2025-10-03,login
2174,90,2026-01-04,login
2175,90,2025-06-04,cart_abandon
2176,90,2025-09-14,login
2177,90,2025-09-24,cart_abandon
2178,90,2026-01-29,login
2179,90,2025-03-11,login
2180,90,2026-07-21,login
2181,90,2026-05-19,login
2182,90,2025-03-30,cart_abandon
2183,90,2026-05-02,login
2184,90,2026-03-06,login
2185,90,2025-09-13,login
2186,90,2026-08-19,login
2187,90,2025-06-14,login
2188,90,2026-09-22,login
2189,90,2026-03-17,login
2190,90,2025-02-22,support_ticket
2191,90,2025-06-05,cart_abandon
2192,90,2025-11-20,login
2193,90,2025-07-24,support_ticket
2194,90,2026-02-09,login
2195,90,2026-02-14,login
2196,90,2025-12-19,login
2197,90,2026-05-02,login
2198,90,2026-07-09,login
2199,90,2026-04-21,login
2200,90,2026-02-21,login
2201,90,2026-05-19,login
2202,90,2026-09-09,login
2203,90,2025-03-10,login
2204,90,2026-02-10,login
2205,90,2026-06-26,login
2206,90,2025-03-11,login
2207,91,2026-06-18,login
2208,91,2026-08-14,login
2209,91,2025-10-18,login
2210,91,2026-01-24,login
2211,91,2025-10-21,login
2212,91,2026-08-09,login
2213,91,2025-09-24,cart_abandon
2214,91,2026-07-26,cart_abandon
2215,91,2026-09-16,login
2216,91,2025-03-29,login
2217,91,2026-05-02,login
2218,91,2025-03-23,support_ticket
2219,91,2026-08-20,login
2220,91,2025-12-14,login
2221,91,2026-09-08,login
2222,91,2026-02-17,login
2223,91,2025-05-08,cart_abandon
2224,91,2025-09-17,login
2225,91,2026-01-13,support_ticket
2226,91,2025-02-07,cart_abandon
2227,91,2026-07-16,cart_abandon
2228,91,2026-03-02,login
2229,91,2026-08-03,login
2230,92,2026-08-15,login
2231,92,2025-06-10,login
2232,92,2025-05-14,login
2233,92,2025-05-12,cart_abandon
2234,92,2026-02-09,login
2235,92,2026-08-29,login
2236,92,2026-01-02,support_ticket
2237,92,2025-12-09,login
2238,92,2025-04-03,login
2239,92,2026-05-13,login
2240,92,2025-12-22,login
2241,92,2026-07-03,login
2242,92,2025-03-04,login
2243,92,2026-03-26,cart_abandon
2244,92,2025-10-28,support_ticket
2245,92,2026-09-11,login
2246,92,2025-06-13,login
2247,92,2026-05-07,support_ticket
2248,92,2025-05-29,login
2249,92,2026-03-17,cart_abandon
2250,92,2025-07-20,support_ticket
2251,92,2025-06-16,cart_abandon
2252,92,2026-08-18,login
2253,92,2026-06-15,login
2254,92,2026-02-19,login
2255,92,2025-03-04,login
2256,92,2025-08-31,login
2257,92,2026-08-24,login
2258,92,2026-05-14,login
2259,92,2026-05-28,support_ticket
2260,92,2026-07-05,login
2261,92,2025-11-26,cart_abandon
2262,92,2025-06-07,login
2263,92,2026-03-28,cart_abandon
2264,93,2026-09-23,login
2265,93,2025-06-11,login
2266,93,2025-11-18,login
2267,93,2025-04-17,login
2268,93,2026-09-02,login
2269,93,2025-08-25,support_ticket
2270,93,2025-04-19,login
2271,93,2026-07-17,support_ticket
2272,93,2026-06-10,login
2273,93,2025-05-01,login
2274,93,2026-08-17,login
2275,93,2026-04-05,login
2276,93,2025-04-13,login
2277,93,2025-04-18,login
2278,93,2026-07-09,support_ticket
2279,93,2025-08-24,login
2280,93,2025-06-18,support_ticket
2281,93,2026-02-12,support_ticket
2282,93,2025-02-18,login
2283,94,2025-12-21,support_ticket
2284,94,2026-01-13,login
2285,94,2026-02-11,login
2286,94,2025-07-10,login
2287,94,2025-08-12,login
2288,94,2025-09-10,login
2289,94,2026-09-25,login
2290,94,2026-03-06,support_ticket
2291,94,2026-08-20,login
2292,94,2026-03-10,login
2293,94,2026-02-13,cart_abandon
2294,94,2025-08-02,login
2295,94,2026-08-13,login
2296,94,2025-02-13,login
2297,94,2025-04-27,support_ticket
2298,94,2025-10-03,login
2299,94,2025-11-14,login
2300,94,2026-06-24,login
2301,94,2026-05-21,login
2302,94,2026-05-23,cart_abandon
2303,94,2026-04-01,login
2304,94,2025-07-16,login
2305,94,2025-10-05,support_ticket
2306,94,2025-05-14,login
2307,94,2026-05-29,support_ticket
2308,94,2025-03-29,support_ticket
2309,94,2025-11-27,cart_abandon
2310,94,2026-07-21,login
2311,94,2025-10-20,cart_abandon
2312,94,2026-02-24,login
2313,94,2025-12-01,cart_abandon
2314,94,2025-11-14,login
2315,94,2025-12-12,login
2316,94,2026-08-17,cart_abandon
2317,94,2025-05-15,login
2318,94,2026-02-12,support_ticket
2319,95,2025-03-13,login
2320,95,2026-07-01,cart_abandon
2321,95,2026-08-14,cart_abandon
2322,95,2025-04-25,login
2323,95,2026-02-27,login
2324,95,2025-04-21,login
2325,95,2026-02-04,login
2326,95,2026-02-22,login
2327,95,2025-03-26,login
2328,95,2025-07-31,login
2329,95,2025-08-02,support_ticket
2330,95,2025-03-21,login
2331,95,2026-09-08,cart_abandon
2332,95,2026-03-10,login
2333,95,2026-07-21,login
2334,95,2025-04-09,login
2335,95,2025-06-09,login
2336,95,2025-06-02,cart_abandon
2337,95,2025-07-22,login
2338,95,2025-08-15,cart_abandon
2339,96,2026-01-20,support_ticket
2340,96,2026-09-01,support_ticket
2341,96,2025-07-05,login
2342,96,2026-09-16,cart_abandon
2343,96,2025-05-04,login
2344,96,2025-03-12,login
2345,96,2025-12-11,login
2346,96,2025-02-23,login
2347,96,2026-06-02,login
2348,96,2025-07-29,login
2349,96,2026-05-24,login
2350,96,2026-06-08,login
2351,96,2026-04-26,support_ticket
2352,96,2025-02-20,login
2353,96,2026-03-11,login
2354,96,2025-08-03,cart_abandon
2355,96,2026-03-28,support_ticket
2356,97,2025-10-11,login
2357,97,2026-04-18,login
2358,97,2025-06-12,login
2359,97,2025-04-29,cart_abandon
2360,97,2025-03-21,login
2361,97,2026-09-17,login
2362,97,2025-05-22,login
2363,97,2025-06-20,login
2364,97,2025-09-14,login
2365,97,2026-02-28,login
2366,97,2026-09-24,support_ticket
2367,97,2025-07-18,login
2368,97,2025-08-12,login
2369,97,2025-11-13,support_ticket
2370,97,2025-11-10,support_ticket
2371,97,2025-08-06,login
2372,97,2025-08-08,login
2373,97,2026-02-26,cart_abandon
2374,97,2025-10-24,support_ticket
2375,97,2026-09-19,cart_abandon
2376,97,2025-07-08,login
2377,97,2025-04-24,login
2378,97,2026-07-18,login
2379,97,2025-07-18,support_ticket
2380,97,2026-08-16,cart_abandon
2381,97,2026-04-14,login
2382,97,2025-06-01,cart_abandon
2383,97,2026-08-16,support_ticket
2384,97,2026-05-28,login
2385,97,2025-06-20,support_ticket
2386,97,2026-04-23,login
2387,97,2026-09-15,login
2388,97,2026-02-19,login
2389,97,2025-08-27,support_ticket
2390,97,2025-09-11,login
2391,97,2025-02-28,support_ticket
2392,97,2025-12-30,login
2393,97,2025-10-05,login
2394,97,2026-07-10,cart_abandon
2395,98,2025-08-16,cart_abandon
2396,98,2026-04-30,login
2397,98,2026-02-27,login
2398,98,2026-05-08,support_ticket
2399,98,2026-03-13,login
2400,98,2025-11-11,login
2401,98,2026-06-24,support_ticket
2402,98,2026-06-24,login
2403,98,2025-12-28,support_ticket
2404,98,2026-02-26,login
2405,98,2025-04-29,cart_abandon
2406,98,2025-08-12,login
2407,98,2025-04-06,login
2408,98,2026-04-13,support_ticket
2409,98,2025-06-12,cart_abandon
2410,98,2025-04-29,login
2411,98,2025-08-27,cart_abandon
2412,98,2026-06-22,login
2413,98,2025-08-27,login
2414,98,2026-01-29,login
2415,98,2026-06-28,login
2416,98,2026-02-06,login
2417,98,2026-07-15,login
2418,99,2025-07-11,login
2419,99,2025-08-31,login
2420,99,2025-09-08,support_ticket
2421,99,2025-11-14,login
2422,99,2025-05-05,login
2423,99,2025-02-10,login
2424,99,2026-08-28,login
2425,99,2026-06-17,login
2426,99,2025-04-02,login
2427,99,2025-11-06,login
2428,99,2025-08-12,cart_abandon
2429,99,2025-11-07,login
2430,99,2026-07-12,support_ticket
2431,99,2026-01-16,login
2432,99,2026-07-07,cart_abandon
2433,99,2026-02-21,support_ticket
2434,99,2026-01-12,support_ticket
2435,99,2026-08-21,login
2436,99,2025-09-16,login
2437,99,2026-08-12,login
2438,99,2025-04-05,cart_abandon
2439,99,2026-05-10,cart_abandon
2440,99,2025-11-20,support_ticket
2441,99,2025-03-24,login
2442,99,2026-07-09,support_ticket
2443,99,2026-05-19,login
2444,99,2026-03-10,login
2445,99,2026-06-20,login
2446,99,2026-03-20,login
2447,99,2026-09-12,login
2448,99,2025-03-29,login
2449,99,2025-02-11,login
2450,99,2026-06-01,login
2451,99,2025-08-21,login
2452,99,2026-02-27,login
2453,99,2026-03-25,login
2454,99,2025-08-07,login
2455,99,2026-08-10,login
2456,99,2026-04-19,login
2457,100,2026-09-11,login
2458,100,2026-04-26,login
2459,100,2026-01-02,login
2460,100,2026-07-18,support_ticket
2461,100,2026-07-18,login
2462,100,2026-02-07,support_ticket
2463,101,2025-12-20,login
2464,101,2026-05-20,login
2465,101,2026-08-30,support_ticket
2466,101,2026-05-09,login
2467,101,2025-06-12,support_ticket
2468,101,2025-05-10,login
2469,101,2026-03-16,support_ticket
2470,101,2026-06-05,login
2471,101,2025-12-04,support_ticket
2472,101,2025-10-20,login
2473,101,2026-02-09,support_ticket
2474,101,2025-08-01,cart_abandon
2475,101,2025-12-28,support_ticket
2476,101,2026-05-03,login
2477,101,2025-09-06,cart_abandon
2478,101,2026-07-16,login
2479,101,2026-07-28,login
2480,101,2026-03-02,cart_abandon
2481,101,2025-09-09,cart_abandon
2482,101,2025-12-08,login
2483,101,2026-06-02,cart_abandon
2484,101,2026-01-13,login
2485,101,2025-02-20,login
2486,101,2026-07-21,login
2487,101,2025-12-22,login
2488,101,2026-03-17,support_ticket
2489,101,2025-06-04,login
2490,101,2026-09-06,login
2491,101,2025-11-26,login
2492,101,2026-04-05,support_ticket
2493,101,2025-07-19,login
2494,101,2025-02-01,support_ticket
2495,101,2025-08-01,login
2496,101,2025-07-02,login
2497,101,2026-05-11,cart_abandon
2498,101,2026-07-05,login
2499,102,2026-06-27,login
2500,102,2026-02-13,support_ticket
2501,102,2025-12-05,login
2502,102,2025-04-09,cart_abandon
2503,102,2025-02-21,login
2504,103,2025-10-15,support_ticket
2505,103,2026-01-05,support_ticket
2506,103,2026-01-10,support_ticket
2507,103,2026-07-24,login
2508,103,2026-03-09,login
2509,103,2026-03-01,login
2510,103,2025-05-14,login
2511,103,2026-06-13,login
2512,103,2025-02-27,login
2513,103,2026-03-18,login
2514,103,2026-03-21,support_ticket
2515,103,2026-02-03,login
2516,103,2025-07-10,login
2517,103,2025-02-04,login
2518,103,2026-06-09,login
2519,103,2026-08-16,cart_abandon
2520,103,2026-01-22,login
2521,103,2025-02-08,login
2522,103,2025-12-22,cart_abandon
2523,103,2026-05-06,login
2524,103,2025-06-08,login
2525,103,2025-09-04,login
2526,103,2026-01-12,cart_abandon
2527,103,2025-09-19,login
2528,103,2025-09-09,support_ticket
2529,103,2026-05-10,login
2530,103,2025-09-16,cart_abandon
2531,103,2025-10-26,login
2532,103,2026-05-13,cart_abandon
2533,103,2026-01-09,login
2534,103,2025-10-18,login
2535,103,2026-07-28,login
2536,103,2025-07-14,login
2537,103,2025-08-18,login
2538,103,2025-09-24,login
2539,103,2025-03-12,login
2540,104,2026-02-09,login
2541,104,2025-03-23,login
2542,104,2025-05-13,login
2543,104,2026-08-20,login
2544,104,2025-06-30,login
2545,104,2025-03-18,login
2546,104,2026-04-27,login
2547,104,2025-10-20,login
2548,104,2026-07-03,login
2549,104,2025-04-18,login
2550,104,2025-06-09,login
2551,104,2026-02-11,login
2552,104,2025-06-25,login
2553,104,2026-09-28,login
2554,105,2026-04-05,login
2555,105,2025-04-19,login
2556,105,2025-12-10,login
2557,105,2025-12-26,login
2558,105,2026-01-17,cart_abandon
2559,105,2026-08-21,login
2560,105,2025-06-09,login
2561,105,2025-10-12,cart_abandon
2562,105,2026-03-03,login
2563,105,2025-11-24,support_ticket
2564,106,2025-02-07,support_ticket
2565,106,2026-01-18,login
2566,106,2025-03-24,support_ticket
2567,106,2025-10-06,login
2568,106,2026-03-25,support_ticket
2569,106,2025-11-24,login
2570,106,2026-07-01,cart_abandon
2571,106,2025-11-04,login
2572,106,2025-09-05,support_ticket
2573,106,2026-07-29,cart_abandon
2574,106,2025-10-10,login
2575,106,2025-03-17,login
2576,106,2025-04-09,login
2577,106,2026-02-05,login
2578,107,2025-06-22,login
2579,107,2025-03-27,login
2580,107,2026-05-05,login
2581,107,2026-02-25,login
2582,107,2025-02-07,login
2583,107,2025-10-13,login
2584,107,2025-11-22,login
2585,107,2025-10-05,login
2586,107,2026-01-28,login
2587,107,2025-02-19,support_ticket
2588,107,2025-05-05,support_ticket
2589,107,2025-07-01,login
2590,107,2026-06-30,support_ticket
2591,107,2025-11-14,login
2592,107,2025-02-16,login
2593,107,2025-06-25,login
2594,107,2025-10-07,support_ticket
2595,107,2025-11-12,login
2596,107,2026-03-01,login
2597,107,2025-10-10,login
2598,107,2026-03-05,login
2599,107,2026-06-19,cart_abandon
2600,107,2025-12-17,login
2601,107,2025-02-17,login
2602,107,2026-05-03,login
2603,107,2026-05-19,login
2604,107,2025-05-17,login
2605,107,2026-08-10,login
2606,107,2025-07-04,login
2607,107,2026-05-29,login
2608,107,2025-11-01,support_ticket
2609,107,2025-11-22,login
2610,107,2025-05-21,support_ticket
2611,107,2026-05-06,login
2612,108,2025-08-15,support_ticket
2613,108,2025-03-20,login
2614,108,2025-09-12,login
2615,108,2025-11-17,login
2616,108,2026-07-17,login
2617,108,2025-10-12,login
2618,109,2025-12-25,login
2619,109,2026-09-15,support_ticket
2620,109,2026-09-16,login
2621,109,2026-05-15,support_ticket
2622,109,2025-10-03,support_ticket
2623,109,2026-09-06,support_ticket
2624,109,2026-01-28,support_ticket
2625,109,2025-10-20,login
2626,109,2025-10-15,login
2627,110,2026-04-25,cart_abandon
2628,110,2026-01-09,login
2629,110,2025-07-25,support_ticket
2630,110,2025-02-16,cart_abandon
2631,110,2026-05-01,cart_abandon
2632,110,2026-02-25,support_ticket
2633,110,2026-04-09,login
2634,110,2026-07-07,login
2635,110,2025-02-10,cart_abandon
2636,110,2026-06-29,login
2637,110,2025-12-07,login
2638,110,2025-05-22,support_ticket
2639,110,2025-02-24,login
2640,110,2026-07-16,login
2641,110,2026-08-16,cart_abandon
2642,110,2025-08-04,login
2643,110,2026-07-07,login
2644,110,2025-04-04,support_ticket
2645,110,2026-01-07,login
2646,110,2025-11-27,login
2647,110,2025-07-18,login
2648,110,2026-09-01,login
2649,110,2026-05-26,login
2650,110,2025-05-04,support_ticket
2651,110,2025-06-08,login
2652,110,2026-05-23,cart_abandon
2653,110,2026-05-30,cart_abandon
2654,110,2025-09-19,login
2655,110,2026-04-11,cart_abandon
2656,110,2025-08-30,cart_abandon
2657,110,2026-08-30,login
2658,111,2026-07-12,support_ticket
2659,111,2026-06-10,login
2660,111,2026-03-15,login
2661,111,2025-11-10,login
2662,111,2025-09-08,login
2663,111,2026-07-22,login
2664,111,2026-09-28,support_ticket
2665,111,2025-06-11,login
2666,111,2026-04-23,login
2667,111,2026-07-12,login
2668,111,2026-08-09,login
2669,111,2026-05-31,support_ticket
2670,111,2025-04-11,login
2671,111,2025-04-02,login
2672,111,2025-05-13,login
2673,111,2026-07-25,login
2674,111,2025-07-09,cart_abandon
2675,111,2026-03-07,support_ticket
2676,111,2025-06-07,login
2677,111,2026-06-28,login
2678,111,2025-03-17,cart_abandon
2679,111,2026-07-06,support_ticket
2680,111,2025-09-08,cart_abandon
2681,111,2026-06-12,login
2682,111,2025-08-19,cart_abandon
2683,111,2025-07-28,login
2684,111,2026-06-03,login
2685,111,2025-05-18,login
2686,111,2026-06-25,support_ticket
2687,111,2026-06-17,login
2688,111,2026-09-08,login
2689,112,2026-07-24,login
2690,112,2026-07-24,login
2691,112,2025-04-30,login
2692,112,2026-01-12,login
2693,112,2026-03-18,login
2694,112,2026-04-10,login
2695,112,2026-05-30,login
2696,112,2025-09-11,login
2697,112,2025-09-21,login
2698,112,2026-05-07,support_ticket
2699,112,2026-06-22,support_ticket
2700,112,2025-04-30,login
2701,112,2025-05-08,login
2702,112,2025-12-17,login
2703,112,2026-06-05,support_ticket
2704,112,2025-06-09,login
2705,112,2025-05-13,support_ticket
2706,112,2026-09-04,login
2707,112,2026-03-08,login
2708,112,2026-06-18,login
2709,113,2025-09-25,support_ticket
2710,113,2025-12-11,login
2711,113,2025-02-15,login
2712,113,2025-07-14,login
2713,113,2025-11-07,login
2714,113,2026-08-20,login
2715,113,2026-06-30,login
2716,113,2026-08-06,cart_abandon
2717,113,2026-09-24,login
2718,113,2026-07-15,login
2719,113,2025-12-19,cart_abandon
2720,113,2026-03-30,login
2721,113,2025-10-26,login
2722,114,2026-01-11,login
2723,114,2025-07-18,login
2724,114,2026-05-31,login
2725,114,2025-11-29,login
2726,114,2026-06-25,login
2727,114,2025-03-20,support_ticket
2728,114,2025-10-14,login
2729,114,2025-11-30,login
2730,114,2026-05-28,login
2731,115,2026-01-09,login
2732,115,2026-03-29,support_ticket
2733,115,2025-07-02,login
2734,115,2026-02-14,cart_abandon
2735,115,2026-01-06,login
2736,115,2025-06-15,login
2737,115,2025-10-31,login
2738,115,2025-04-29,cart_abandon
2739,115,2026-08-31,login
2740,115,2025-11-24,login
2741,115,2026-08-28,cart_abandon
2742,115,2025-05-05,login
2743,115,2026-06-22,login
2744,116,2026-05-30,login
2745,116,2026-08-24,login
2746,116,2025-09-03,login
2747,116,2026-05-30,login
2748,116,2025-04-13,support_ticket
2749,116,2025-05-18,login
2750,116,2025-09-11,login
2751,116,2025-06-23,login
2752,116,2025-05-29,login
2753,116,2025-08-20,login
2754,116,2026-03-12,login
2755,116,2026-04-01,support_ticket
2756,116,2025-09-20,login
2757,116,2026-06-23,login
2758,116,2026-07-27,login
2759,116,2025-04-08,login
2760,116,2026-01-07,login
2761,116,2025-05-04,support_ticket
2762,116,2026-06-02,login
2763,116,2025-09-08,login
2764,116,2026-09-16,login
2765,116,2026-09-03,login
2766,116,2026-06-12,login
2767,116,2025-06-27,login
2768,116,2025-03-15,login
2769,116,2026-09-03,login
2770,116,2025-08-03,support_ticket
2771,116,2026-07-11,login
2772,116,2026-08-23,login
2773,116,2025-11-27,login
2774,116,2026-01-24,login
2775,116,2026-06-24,support_ticket
2776,117,2025-07-11,login
2777,117,2025-06-12,login
2778,117,2025-09-27,login
2779,117,2026-07-06,support_ticket
2780,117,2025-09-14,login
2781,117,2026-05-02,login
2782,117,2025-02-22,login
2783,117,2026-03-17,login
2784,117,2026-07-26,support_ticket
2785,117,2025-10-23,login
2786,117,2026-02-19,login
2787,117,2025-12-01,login
2788,117,2026-03-18,login
2789,117,2026-03-20,login
2790,117,2025-08-19,login
2791,117,2025-08-10,support_ticket
2792,117,2026-09-01,support_ticket
2793,117,2025-04-21,login
2794,117,2026-04-22,login
2795,117,2026-07-21,login
2796,117,2026-08-03,cart_abandon
2797,117,2025-02-24,login
2798,117,2025-07-02,support_ticket
2799,117,2026-02-13,login
2800,117,2026-02-26,support_ticket
2801,117,2026-02-01,login
2802,118,2026-09-05,cart_abandon
2803,118,2025-03-08,support_ticket
2804,118,2026-09-07,login
2805,118,2025-08-02,login
2806,118,2026-01-19,support_ticket
2807,118,2026-06-05,cart_abandon
2808,118,2025-05-05,login
2809,118,2026-03-13,login
2810,118,2025-05-09,support_ticket
2811,118,2025-06-01,login
2812,118,2025-05-24,login
2813,118,2025-07-19,cart_abandon
2814,118,2025-08-05,login
2815,118,2026-01-10,login
2816,118,2025-07-09,login
2817,118,2025-10-25,login
2818,118,2025-09-10,login
2819,119,2025-04-04,login
2820,119,2025-10-20,login
2821,119,2026-05-02,login
2822,119,2026-09-16,cart_abandon
2823,119,2026-02-12,login
2824,119,2025-05-09,cart_abandon
2825,119,2026-05-28,cart_abandon
2826,119,2026-07-27,login
2827,119,2026-06-05,cart_abandon
2828,119,2025-07-28,login
2829,120,2026-04-19,cart_abandon
2830,120,2025-05-12,login
2831,120,2026-08-26,login
2832,120,2026-05-17,support_ticket
2833,120,2026-08-05,support_ticket
2834,120,2025-03-28,login
2835,120,2025-03-06,login
2836,120,2026-07-31,login
2837,120,2026-06-03,login
2838,120,2025-05-30,cart_abandon
2839,120,2025-09-22,login
2840,120,2025-04-16,support_ticket
2841,120,2026-03-22,login
2842,120,2025-06-30,login
2843,120,2025-12-13,support_ticket
2844,120,2025-09-30,login
2845,120,2025-04-04,login
2846,120,2025-07-25,cart_abandon
2847,120,2025-12-14,support_ticket
2848,120,2025-09-09,login
2849,120,2026-05-23,support_ticket
2850,120,2025-12-27,login
2851,120,2026-05-24,login
2852,120,2025-11-03,support_ticket
2853,120,2025-07-17,login
2854,120,2026-02-04,login
2855,120,2026-09-14,login
2856,120,2026-08-16,login
2857,120,2026-06-15,login
2858,120,2025-04-03,login
2859,120,2025-10-21,login
2860,120,2026-06-26,login
2861,120,2025-07-22,login
2862,121,2026-09-01,login
2863,121,2025-02-10,login
2864,121,2025-03-09,login
2865,121,2026-07-31,login
2866,121,2025-03-17,login
2867,121,2026-09-17,login
2868,121,2026-09-22,cart_abandon
2869,121,2025-12-11,login
2870,121,2025-03-26,login
2871,121,2025-10-16,login
2872,121,2025-03-04,login
2873,121,2025-05-10,cart_abandon
2874,121,2025-05-09,login
2875,121,2026-04-22,login
2876,121,2026-09-28,login
2877,121,2025-02-04,login
2878,121,2026-05-14,support_ticket
2879,121,2025-07-26,login
2880,121,2026-08-13,cart_abandon
2881,121,2026-03-13,login
2882,121,2025-07-02,support_ticket
2883,121,2026-07-29,login
2884,121,2026-07-09,login
2885,121,2025-07-31,cart_abandon
2886,122,2025-03-05,cart_abandon
2887,122,2026-03-08,support_ticket
2888,122,2025-08-18,login
2889,122,2026-09-22,login
2890,122,2026-09-01,login
2891,122,2025-12-22,login
2892,122,2026-07-11,login
2893,122,2025-06-23,support_ticket
2894,122,2026-07-30,login
2895,122,2026-03-23,login
2896,122,2026-01-18,login
2897,122,2026-01-17,login
2898,122,2026-02-08,login
2899,122,2025-07-11,cart_abandon
2900,122,2025-07-06,login
2901,122,2025-08-31,cart_abandon
2902,122,2025-06-11,support_ticket
2903,122,2025-08-04,cart_abandon
2904,122,2025-07-11,login
2905,122,2026-01-25,login
2906,122,2025-07-28,login
2907,122,2026-01-27,login
2908,123,2026-05-10,login
2909,123,2026-07-28,login
2910,123,2025-04-26,login
2911,123,2025-09-06,cart_abandon
2912,123,2026-03-18,support_ticket
2913,123,2026-04-11,support_ticket
2914,123,2025-11-25,login
2915,123,2025-06-28,login
2916,123,2026-05-19,login
2917,123,2026-06-18,login
2918,123,2026-09-21,login
2919,123,2026-03-07,login
2920,123,2025-06-16,login
2921,123,2025-02-10,login
2922,123,2025-03-31,support_ticket
2923,123,2026-07-19,login
2924,123,2025-02-15,support_ticket
2925,123,2026-05-25,login
2926,123,2026-09-21,support_ticket
2927,123,2026-08-18,login
2928,123,2025-04-04,login
2929,123,2025-09-20,login
2930,123,2025-11-30,login
2931,123,2026-09-01,login
2932,123,2026-09-11,support_ticket
2933,123,2026-08-25,login
2934,123,2025-10-08,login
2935,123,2026-08-04,login
2936,123,2026-04-21,cart_abandon
2937,124,2025-09-14,login
2938,124,2025-07-11,login
2939,124,2025-04-23,login
2940,124,2026-07-23,login
2941,124,2026-05-01,support_ticket
2942,124,2026-08-29,login
2943,124,2026-02-07,login
2944,124,2025-09-05,login
2945,124,2025-05-26,support_ticket
2946,124,2026-01-06,login
2947,124,2025-05-29,login
2948,124,2026-06-12,cart_abandon
2949,124,2025-06-17,login
2950,124,2025-02-27,login
2951,124,2026-02-22,login
2952,124,2025-06-16,login
2953,124,2026-01-26,login
2954,124,2026-07-26,login
2955,124,2025-04-26,support_ticket
2956,124,2025-08-13,login
2957,124,2026-02-28,login
2958,125,2025-07-26,login
2959,125,2025-06-10,login
2960,125,2025-03-04,support_ticket
2961,125,2025-04-02,login
2962,125,2025-03-31,login
2963,125,2026-02-04,cart_abandon
2964,125,2025-09-16,login
2965,125,2026-04-05,cart_abandon
2966,125,2026-07-20,login
2967,125,2025-10-09,login
2968,125,2025-03-18,login
2969,125,2026-04-12,login
2970,125,2026-03-31,login
2971,125,2025-05-06,cart_abandon
2972,125,2025-11-17,cart_abandon
2973,126,2026-06-28,support_ticket
2974,126,2025-05-18,cart_abandon
2975,126,2026-01-05,login
2976,126,2026-03-24,login
2977,126,2026-09-18,login
2978,126,2025-03-24,cart_abandon
2979,126,2026-07-13,login
2980,126,2025-09-16,login
2981,126,2025-07-02,login
2982,126,2026-01-12,login
2983,126,2026-01-07,login
2984,126,2026-05-01,login
2985,126,2026-03-22,login
2986,126,2025-10-16,login
2987,126,2026-04-24,login
2988,126,2026-03-15,support_ticket
2989,126,2025-09-03,login
2990,126,2025-12-06,cart_abandon
2991,126,2025-04-14,login
2992,127,2026-08-02,support_ticket
2993,127,2026-08-28,login
2994,127,2026-01-25,login
2995,127,2025-12-12,login
2996,127,2026-08-20,login
2997,127,2026-02-11,login
2998,127,2025-06-18,support_ticket
2999,127,2026-05-03,login
3000,127,2025-06-11,login
3001,127,2026-08-11,support_ticket
3002,127,2026-04-30,login
3003,127,2026-03-15,login
3004,127,2025-09-17,login
3005,127,2026-09-22,login
3006,127,2026-03-20,cart_abandon
3007,127,2025-07-06,login
3008,127,2025-07-01,cart_abandon
3009,127,2026-02-07,cart_abandon
3010,127,2025-03-09,login
3011,127,2025-10-26,login
3012,127,2026-08-11,support_ticket
3013,127,2025-12-10,login
3014,127,2026-04-14,login
3015,127,2025-09-04,login
3016,127,2025-02-02,cart_abandon
3017,127,2026-07-16,login
3018,127,2025-07-17,login
3019,127,2026-01-14,login
3020,127,2026-09-24,login
3021,127,2025-07-14,login
3022,127,2025-11-07,login
3023,127,2025-11-04,login
3024,127,2026-03-28,support_ticket
3025,127,2025-02-18,login
3026,127,2026-02-14,login
3027,127,2025-12-10,support_ticket
3028,127,2025-04-25,login
3029,128,2025-02-02,login
3030,128,2025-08-05,login
3031,128,2025-11-20,login
3032,128,2026-05-24,login
3033,128,2025-02-22,login
3034,128,2026-01-01,login
3035,128,2026-03-11,login
3036,128,2026-06-08,login
3037,128,2026-03-21,login
3038,128,2026-07-05,login
3039,128,2025-10-16,login
3040,128,2026-08-27,login
3041,128,2025-06-12,login
3042,128,2026-03-02,login
3043,128,2025-10-04,login
3044,128,2026-08-12,support_ticket
3045,128,2026-02-06,cart_abandon
3046,128,2026-05-25,login
3047,128,2025-06-04,login
3048,128,2025-08-20,login
3049,128,2026-07-25,login
3050,128,2026-01-27,login
3051,128,2026-04-26,login
3052,128,2026-03-07,login
3053,128,2025-10-31,support_ticket
3054,128,2025-11-29,login
3055,128,2025-08-16,login
3056,129,2025-04-23,cart_abandon
3057,129,2026-04-11,cart_abandon
3058,129,2026-05-04,support_ticket
3059,129,2025-03-15,login
3060,129,2025-06-29,login
3061,129,2025-04-23,login
3062,129,2025-02-22,login
3063,129,2025-10-07,support_ticket
3064,129,2025-02-03,login
3065,129,2026-05-19,support_ticket
3066,129,2025-12-01,login
3067,129,2026-01-03,login
3068,129,2025-05-14,support_ticket
3069,129,2026-02-12,login
3070,129,2026-07-03,login
3071,129,2025-08-22,login
3072,129,2026-02-04,support_ticket
3073,130,2026-03-20,support_ticket
3074,130,2025-06-26,login
3075,130,2026-09-10,cart_abandon
3076,130,2025-06-29,login
3077,130,2026-02-24,support_ticket
3078,130,2025-07-19,cart_abandon
3079,130,2026-03-28,login
3080,130,2026-08-01,support_ticket
3081,130,2025-08-21,login
3082,130,2026-07-04,login
3083,130,2026-02-19,login
3084,130,2025-04-22,support_ticket
3085,130,2025-05-12,login
3086,130,2025-10-18,support_ticket
3087,130,2026-04-29,login
3088,130,2025-03-14,login
3089,130,2025-10-07,support_ticket
3090,130,2025-06-14,login
3091,130,2025-04-18,cart_abandon
3092,130,2026-06-15,login
3093,130,2025-08-02,cart_abandon
3094,130,2026-03-16,login
3095,130,2025-03-25,login
3096,130,2025-02-11,cart_abandon
3097,130,2026-05-24,support_ticket
3098,130,2026-08-04,login
3099,130,2026-09-15,login
3100,130,2025-04-08,cart_abandon
3101,130,2025-04-12,cart_abandon
3102,130,2026-06-02,support_ticket
3103,130,2025-08-03,login
3104,130,2026-09-16,login
3105,130,2025-04-02,cart_abandon
3106,130,2026-01-13,login
3107,130,2025-08-06,cart_abandon
3108,131,2025-10-09,login
3109,131,2026-03-02,login
3110,131,2026-04-08,login
3111,131,2025-05-03,support_ticket
3112,131,2025-04-02,login
3113,131,2026-02-07,cart_abandon
3114,132,2025-10-24,cart_abandon
3115,132,2025-02-11,support_ticket
3116,132,2025-08-22,login
3117,132,2026-08-28,login
3118,132,2025-12-13,cart_abandon
3119,132,2026-03-08,cart_abandon
3120,132,2025-07-19,login
3121,132,2025-10-11,login
3122,132,2025-12-12,support_ticket
3123,132,2026-03-28,support_ticket
3124,132,2026-05-17,cart_abandon
3125,132,2025-08-29,login
3126,132,2025-02-26,login
3127,132,2025-11-27,login
3128,132,2026-03-08,login
3129,132,2026-05-06,login
3130,132,2026-02-25,login
3131,132,2025-05-20,login
3132,132,2025-07-21,login
3133,132,2025-12-09,login
3134,132,2025-05-30,login
3135,132,2026-05-23,login
3136,132,2026-02-26,login
3137,132,2025-11-12,login
3138,132,2025-12-06,support_ticket
3139,132,2025-03-11,login
3140,132,2025-07-07,cart_abandon
3141,132,2025-07-31,login
3142,133,2025-12-07,login
3143,133,2026-09-14,login
3144,133,2025-07-26,cart_abandon
3145,133,2026-09-28,support_ticket
3146,133,2025-11-14,cart_abandon
3147,133,2025-12-04,login
3148,133,2025-02-02,login
3149,133,2025-11-05,support_ticket
3150,133,2025-11-05,login
3151,133,2025-06-23,login
3152,133,2026-09-23,login
3153,133,2026-01-01,login
3154,133,2025-02-12,login
3155,133,2026-02-01,login
3156,133,2025-06-11,login
3157,133,2025-08-24,login
3158,133,2026-09-29,login
3159,133,2025-09-26,support_ticket
3160,133,2026-05-22,cart_abandon
3161,133,2026-04-16,login
3162,133,2026-08-25,login
3163,134,2026-03-24,login
3164,134,2025-03-17,login
3165,134,2026-04-11,cart_abandon
3166,134,2026-02-15,login
3167,134,2026-04-12,login
3168,134,2025-12-28,support_ticket
3169,134,2026-09-22,support_ticket
3170,134,2026-03-12,login
3171,134,2026-06-16,login
3172,134,2025-08-25,login
3173,134,2025-06-01,login
3174,134,2026-04-20,cart_abandon
3175,134,2025-08-17,login
3176,134,2025-10-31,login
3177,134,2026-05-17,login
3178,134,2026-03-28,support_ticket
3179,134,2025-02-16,support_ticket
3180,134,2025-12-13,login
3181,134,2025-08-13,login
3182,134,2026-02-17,login
3183,134,2025-09-11,login
3184,134,2026-09-03,support_ticket
3185,134,2026-07-18,login
3186,134,2026-01-25,login
3187,134,2026-05-31,cart_abandon
3188,134,2026-09-25,login
3189,134,2026-02-01,support_ticket
3190,134,2025-05-29,cart_abandon
3191,134,2025-04-21,cart_abandon
3192,134,2025-04-10,login
3193,134,2026-03-29,login
3194,134,2025-02-05,login
3195,134,2025-10-18,cart_abandon
3196,135,2025-08-19,login
3197,135,2025-04-12,cart_abandon
3198,135,2025-05-27,cart_abandon
3199,135,2026-03-23,login
3200,135,2025-08-31,support_ticket
3201,135,2026-01-02,cart_abandon
3202,136,2025-07-20,support_ticket
3203,136,2026-08-01,login
3204,136,2025-04-14,cart_abandon
3205,136,2026-04-02,login
3206,136,2025-07-11,login
3207,136,2026-07-20,cart_abandon
3208,136,2026-08-10,login
3209,136,2026-03-04,login
3210,136,2025-12-09,login
3211,136,2025-03-03,cart_abandon
3212,136,2025-09-05,cart_abandon
3213,136,2025-06-21,login
3214,136,2026-03-24,cart_abandon
3215,136,2026-03-10,login
3216,136,2025-09-03,cart_abandon
3217,136,2026-07-30,login
3218,136,2026-09-03,login
3219,136,2026-05-21,login
3220,136,2026-07-15,support_ticket
3221,137,2025-12-16,login
3222,137,2026-03-18,cart_abandon
3223,137,2025-11-26,cart_abandon
3224,137,2025-03-26,login
3225,137,2026-09-29,login
3226,137,2025-08-30,login
3227,137,2026-02-04,support_ticket
3228,137,2026-03-21,support_ticket
3229,137,2025-04-18,login
3230,137,2025-05-20,login
3231,137,2025-07-24,login
3232,137,2025-11-25,login
3233,137,2026-05-06,cart_abandon
3234,137,2026-06-25,support_ticket
3235,137,2025-11-17,login
3236,138,2025-02-23,login
3237,138,2025-05-12,login
3238,138,2026-07-12,login
3239,138,2026-08-26,login
3240,138,2025-07-24,login
3241,139,2025-08-15,login
3242,139,2026-06-10,login
3243,139,2025-05-08,login
3244,139,2026-07-30,support_ticket
3245,139,2026-05-05,login
3246,139,2025-03-25,login
3247,139,2025-08-24,support_ticket
3248,139,2026-07-08,login
3249,139,2025-10-19,login
3250,139,2025-09-19,login
3251,139,2025-12-31,login
3252,139,2025-11-29,cart_abandon
3253,139,2025-06-29,login
3254,139,2025-08-10,cart_abandon
3255,139,2025-05-16,support_ticket
3256,139,2026-01-16,login
3257,139,2026-04-12,login
3258,139,2025-10-04,login
3259,139,2026-04-28,login
3260,139,2026-04-02,login
3261,139,2026-03-29,login
3262,139,2025-02-08,login
3263,139,2025-10-16,login
3264,139,2026-05-10,login
3265,139,2026-03-22,login
3266,139,2026-01-11,login
3267,139,2025-04-20,support_ticket
3268,139,2026-07-24,login
3269,139,2025-06-04,login
3270,139,2025-07-21,support_ticket
3271,139,2025-08-29,login
3272,139,2026-01-11,cart_abandon
3273,139,2026-02-18,support_ticket
3274,139,2025-08-31,login
3275,139,2026-06-09,login
3276,139,2025-06-23,login
3277,139,2025-12-03,login
3278,139,2025-07-31,support_ticket
3279,140,2025-11-04,login
3280,140,2025-03-30,login
3281,140,2026-02-15,cart_abandon
3282,140,2025-08-22,cart_abandon
3283,140,2025-03-19,login
3284,140,2026-09-24,support_ticket
3285,140,2025-06-07,login
3286,140,2026-03-21,login
3287,140,2025-07-09,support_ticket
3288,140,2025-06-26,login
3289,140,2026-01-17,login
3290,140,2026-08-30,cart_abandon
3291,140,2025-06-07,login
3292,140,2025-09-26,login
3293,140,2026-01-29,login
3294,140,2026-02-24,login
3295,140,2026-09-03,support_ticket
3296,140,2025-12-16,login
3297,140,2025-10-30,login
3298,140,2026-05-03,login
3299,140,2025-06-18,login
3300,140,2026-07-19,support_ticket
3301,140,2026-09-05,login
3302,140,2026-09-21,support_ticket
3303,140,2025-12-18,login
3304,140,2025-10-17,support_ticket
3305,140,2025-10-25,login
3306,140,2025-03-02,login
3307,140,2025-12-16,login
3308,140,2026-07-11,support_ticket
3309,140,2026-03-26,cart_abandon
3310,140,2026-04-29,support_ticket
3311,140,2025-05-21,cart_abandon
3312,140,2025-07-01,cart_abandon
3313,140,2026-02-26,cart_abandon
3314,140,2025-07-23,cart_abandon
3315,141,2026-05-09,login
3316,141,2026-02-15,cart_abandon
3317,141,2025-09-18,login
3318,141,2026-06-19,login
3319,141,2025-04-07,cart_abandon
3320,141,2025-07-08,login
3321,141,2025-07-30,login
3322,141,2025-08-04,login
3323,141,2025-03-18,login
3324,141,2026-09-06,login
3325,141,2025-02-20,support_ticket
3326,141,2025-07-15,login
3327,141,2026-08-06,login
3328,141,2025-11-09,cart_abandon
3329,141,2026-02-02,support_ticket
3330,141,2026-05-15,login
3331,141,2026-03-03,support_ticket
3332,141,2026-09-18,login
3333,141,2026-08-20,cart_abandon
3334,141,2026-09-06,support_ticket
3335,141,2025-12-11,login
3336,141,2026-05-11,login
3337,141,2026-05-31,login
3338,141,2025-05-28,login
3339,141,2026-04-02,cart_abandon
3340,141,2025-08-30,login
3341,141,2025-06-17,login
3342,141,2026-06-18,login
3343,141,2026-01-06,login
3344,141,2025-02-25,login
3345,141,2025-05-18,login
3346,141,2025-08-14,login
3347,141,2025-04-01,login
3348,142,2025-07-30,login
3349,142,2025-04-03,login
3350,142,2025-03-14,login
3351,142,2026-04-01,cart_abandon
3352,142,2025-08-07,login
3353,142,2026-05-05,login
3354,142,2026-03-23,login
3355,143,2025-02-16,login
3356,143,2025-07-26,cart_abandon
3357,143,2025-02-21,login
3358,143,2025-05-17,cart_abandon
3359,143,2026-01-23,login
3360,144,2025-12-26,login
3361,144,2025-03-22,cart_abandon
3362,144,2026-07-27,login
3363,144,2026-03-28,login
3364,144,2025-02-07,login
3365,144,2025-09-10,login
3366,144,2026-04-07,login
3367,144,2025-05-04,cart_abandon
3368,144,2026-04-24,support_ticket
3369,144,2026-08-01,login
3370,144,2026-08-27,cart_abandon
3371,144,2026-05-25,login
3372,144,2026-05-29,login
3373,144,2025-10-08,cart_abandon
3374,144,2026-06-29,support_ticket
3375,145,2026-01-08,cart_abandon
3376,145,2025-07-30,login
3377,145,2026-06-26,login
3378,145,2025-05-25,support_ticket
3379,145,2026-07-11,login
3380,145,2026-07-21,login
3381,145,2026-04-10,login
3382,145,2025-11-03,cart_abandon
3383,145,2026-06-12,login
3384,145,2025-08-24,login
3385,145,2026-08-16,cart_abandon
3386,145,2026-04-07,login
3387,145,2025-07-22,cart_abandon
3388,145,2025-05-16,login
3389,145,2025-09-08,login
3390,145,2025-09-10,cart_abandon
3391,145,2026-07-04,login
3392,145,2026-04-12,login
3393,145,2025-02-09,login
3394,145,2025-06-01,login
3395,145,2026-03-30,login
3396,145,2025-06-20,login
3397,145,2026-02-02,login
3398,145,2025-11-22,support_ticket
3399,145,2026-02-25,cart_abandon
3400,145,2025-07-04,cart_abandon
3401,145,2026-05-11,login
3402,145,2026-09-05,login
3403,145,2025-10-25,login
3404,145,2026-02-14,login
3405,145,2025-11-19,login
3406,145,2025-03-17,support_ticket
3407,145,2025-12-15,cart_abandon
3408,145,2025-07-07,support_ticket
3409,145,2026-05-18,login
3410,145,2025-03-19,login
3411,145,2025-06-10,support_ticket
3412,146,2025-04-03,login
3413,146,2026-03-24,login
3414,146,2025-04-16,cart_abandon
3415,146,2026-08-20,support_ticket
3416,146,2025-11-18,login
3417,146,2025-11-12,login
3418,146,2025-09-08,login
3419,146,2025-04-25,support_ticket
3420,146,2026-05-02,login
3421,146,2026-08-29,login
3422,146,2026-02-01,cart_abandon
3423,146,2025-03-05,support_ticket
3424,146,2026-01-28,login
3425,146,2025-11-19,login
3426,146,2025-04-24,login
3427,146,2025-07-05,login
3428,146,2025-11-09,login
3429,146,2025-06-30,login
3430,146,2026-01-17,login
3431,146,2026-04-18,login
3432,146,2025-12-23,login
3433,146,2026-08-31,login
3434,146,2025-10-17,support_ticket
3435,146,2025-02-01,login
3436,146,2025-12-10,login
3437,146,2025-06-07,support_ticket
3438,146,2026-05-23,login
3439,146,2026-03-09,login
3440,146,2026-01-31,login
3441,146,2026-02-23,login
3442,146,2025-08-12,login
3443,146,2025-12-12,support_ticket
3444,146,2025-12-28,login
3445,146,2025-10-21,cart_abandon
3446,146,2025-09-20,login
3447,146,2026-07-28,cart_abandon
3448,146,2026-08-27,cart_abandon
3449,147,2026-02-28,login
3450,147,2025-05-23,cart_abandon
3451,147,2026-02-01,support_ticket
3452,147,2025-03-31,login
3453,147,2025-04-28,cart_abandon
3454,147,2025-04-09,login
3455,147,2026-03-20,cart_abandon
3456,147,2026-07-19,login
3457,147,2025-11-09,login
3458,148,2025-10-05,login
3459,148,2025-12-22,login
3460,148,2025-02-22,login
3461,148,2026-06-09,support_ticket
3462,148,2026-04-04,login
3463,148,2025-11-06,login
3464,148,2025-12-17,login
3465,148,2025-04-27,login
3466,148,2025-12-11,support_ticket
3467,148,2026-06-14,login
3468,148,2026-03-01,cart_abandon
3469,148,2026-07-24,login
3470,148,2026-01-12,login
3471,148,2026-08-30,login
3472,149,2025-05-17,support_ticket
3473,149,2025-03-14,cart_abandon
3474,149,2026-06-26,cart_abandon
3475,149,2025-03-01,login
3476,149,2025-03-18,login
3477,149,2025-09-25,login
3478,149,2025-04-18,cart_abandon
3479,149,2026-02-16,login
3480,149,2026-03-22,cart_abandon
3481,149,2025-11-17,login
3482,149,2026-06-05,login
3483,149,2026-04-20,login
3484,149,2026-04-17,login
3485,149,2025-08-03,login
3486,149,2025-12-08,login
3487,149,2025-12-13,login
3488,149,2025-08-26,login
3489,149,2026-09-21,login
3490,149,2026-03-01,login
3491,149,2026-06-02,cart_abandon
3492,149,2025-05-08,login
3493,149,2026-09-02,login
3494,149,2025-10-05,support_ticket
3495,149,2026-07-28,login
3496,149,2025-10-23,cart_abandon
3497,149,2026-06-21,login
3498,149,2026-05-07,login
3499,149,2026-08-14,cart_abandon
3500,149,2026-09-05,support_ticket
3501,149,2025-09-20,cart_abandon
3502,149,2026-05-07,cart_abandon
3503,149,2025-10-13,cart_abandon
3504,149,2025-03-22,support_ticket
3505,149,2026-02-14,login
3506,149,2026-01-26,login
3507,149,2026-04-13,login
3508,150,2025-06-18,login
3509,150,2025-06-02,login
3510,150,2025-03-02,login
3511,150,2025-11-29,login
3512,150,2025-06-06,login
3513,150,2025-04-30,login
3514,150,2026-06-01,cart_abandon
3515,150,2026-02-03,support_ticket
3516,150,2026-07-30,login
3517,150,2026-04-28,login
3518,150,2025-08-01,login
3519,150,2026-07-26,login
3520,150,2025-06-23,login
3521,150,2025-12-22,login
3522,150,2025-04-05,login
3523,150,2025-02-06,login
3524,150,2025-06-14,support_ticket
3525,150,2025-10-21,cart_abandon
3526,150,2025-05-18,login
3527,150,2025-09-13,login
3528,150,2026-03-07,cart_abandon
3529,150,2025-07-18,support_ticket
3530,150,2025-12-21,support_ticket
3531,150,2025-10-04,login
3532,150,2025-08-06,cart_abandon
3533,150,2025-12-14,login
3534,150,2026-08-24,cart_abandon
3535,150,2025-08-09,login
3536,150,2026-08-10,login
3537,150,2025-08-12,login
3538,150,2026-03-14,login
3539,150,2025-12-01,login
3540,150,2025-09-19,login
3541,151,2026-06-18,login
3542,151,2026-07-26,login
3543,151,2025-04-22,login
3544,151,2026-06-11,login
3545,151,2025-08-31,login
3546,151,2025-03-03,cart_abandon
3547,151,2025-07-10,cart_abandon
3548,151,2025-08-19,login
3549,151,2025-03-30,login
3550,151,2025-11-06,login
3551,151,2026-02-08,login
3552,151,2025-09-14,login
3553,151,2026-08-24,cart_abandon
3554,151,2026-06-27,login
3555,151,2026-08-01,login
3556,151,2026-09-18,login
3557,151,2025-07-20,login
3558,152,2026-07-03,login
3559,152,2025-12-28,cart_abandon
3560,152,2026-08-29,support_ticket
3561,152,2025-07-19,login
3562,152,2025-05-04,login
3563,152,2025-11-25,login
3564,152,2025-02-07,support_ticket
3565,152,2025-09-24,login
3566,152,2025-06-01,support_ticket
3567,152,2025-05-05,login
3568,152,2025-09-18,login
3569,152,2026-08-30,login
3570,152,2025-11-26,login
3571,152,2025-11-18,login
3572,152,2026-04-08,cart_abandon
3573,152,2025-04-25,support_ticket
3574,152,2026-07-09,login
3575,152,2026-02-04,support_ticket
3576,152,2025-12-15,login
3577,153,2025-09-06,login
3578,153,2025-04-17,login
3579,153,2025-07-29,login
3580,153,2026-05-05,support_ticket
3581,153,2026-04-05,login
3582,153,2026-08-03,support_ticket
3583,153,2025-02-16,cart_abandon
3584,153,2025-11-06,login
3585,153,2026-01-18,login
3586,154,2026-04-28,login
3587,154,2026-08-02,support_ticket
3588,154,2026-02-24,login
3589,154,2025-05-29,login
3590,154,2025-03-18,login
3591,154,2025-04-05,login
3592,154,2025-08-02,support_ticket
3593,154,2026-05-11,login
3594,154,2026-08-29,login
3595,154,2025-11-16,support_ticket
3596,154,2025-07-02,cart_abandon
3597,154,2026-05-27,cart_abandon
3598,154,2026-05-08,login
3599,154,2025-08-24,cart_abandon
3600,154,2026-06-23,login
3601,154,2025-04-30,login
3602,154,2026-05-08,login
3603,154,2026-05-07,cart_abandon
3604,155,2025-09-06,login
3605,155,2026-06-04,support_ticket
3606,155,2025-09-18,login
3607,155,2025-05-26,login
3608,155,2026-08-29,support_ticket
3609,155,2025-09-23,login
3610,155,2026-06-17,support_ticket
3611,155,2025-08-25,support_ticket
3612,155,2025-09-10,support_ticket
3613,155,2025-07-28,login
3614,155,2026-01-10,cart_abandon
3615,155,2025-09-15,login
3616,155,2026-08-28,cart_abandon
3617,155,2025-12-31,login
3618,155,2025-12-02,login
3619,155,2026-05-09,login
3620,155,2025-02-28,login
3621,155,2025-10-20,login
3622,155,2025-04-08,support_ticket
3623,155,2025-11-17,cart_abandon
3624,155,2026-05-27,login
3625,155,2025-09-08,login
3626,155,2026-06-25,login
3627,155,2025-07-17,login
3628,155,2026-04-18,support_ticket
3629,155,2026-09-07,login
3630,155,2025-07-22,login
3631,155,2026-01-29,login
3632,155,2025-04-11,login
3633,155,2026-08-16,support_ticket
3634,156,2025-12-31,login
3635,156,2025-04-15,login
3636,156,2025-07-02,login
3637,156,2025-12-24,login
3638,156,2026-01-10,login
3639,156,2026-07-02,support_ticket
3640,156,2026-09-04,login
3641,156,2025-03-10,login
3642,156,2026-08-22,login
3643,156,2025-05-31,login
3644,156,2025-03-09,login
3645,156,2025-02-23,login
3646,156,2026-08-13,cart_abandon
3647,156,2026-06-06,login
3648,156,2025-03-02,login
3649,156,2025-05-11,cart_abandon
3650,157,2025-10-01,login
3651,157,2026-06-18,login
3652,157,2026-09-20,login
3653,157,2025-10-05,cart_abandon
3654,157,2026-07-27,login
3655,157,2025-11-24,login
3656,157,2025-08-05,login
3657,157,2025-08-31,login
3658,157,2025-11-17,login
3659,157,2025-07-19,cart_abandon
3660,157,2026-05-07,support_ticket
3661,157,2025-11-25,login
3662,157,2025-03-25,login
3663,157,2026-05-23,login
3664,157,2025-07-07,support_ticket
3665,157,2025-02-08,login
3666,157,2025-09-05,login
3667,157,2025-08-25,login
3668,157,2026-09-16,login
3669,157,2025-02-28,cart_abandon
3670,157,2025-12-09,login
3671,157,2026-02-15,support_ticket
3672,157,2026-02-22,support_ticket
3673,157,2025-11-22,cart_abandon
3674,157,2025-05-03,login
3675,157,2025-07-28,login
3676,157,2025-03-04,login
3677,157,2025-09-06,support_ticket
3678,157,2025-02-25,cart_abandon
3679,157,2025-09-07,support_ticket
3680,157,2025-02-09,cart_abandon
3681,158,2025-02-19,support_ticket
3682,158,2025-03-11,support_ticket
3683,158,2026-09-29,login
3684,158,2026-06-02,support_ticket
3685,158,2026-07-22,login
3686,158,2026-07-11,login
3687,158,2025-06-16,login
3688,158,2026-01-30,login
3689,158,2025-08-19,support_ticket
3690,158,2025-11-16,login
3691,158,2026-04-04,login
3692,158,2026-05-01,login
3693,158,2025-04-19,login
3694,158,2025-02-25,cart_abandon
3695,158,2025-04-07,login
3696,158,2025-07-18,cart_abandon
3697,158,2025-02-16,login
3698,158,2025-02-13,login
3699,158,2025-08-27,login
3700,158,2026-09-28,support_ticket
3701,158,2025-09-06,login
3702,158,2026-04-23,login
3703,158,2026-07-19,support_ticket
3704,158,2025-02-28,login
3705,158,2026-03-30,login
3706,158,2025-11-20,login
3707,158,2026-03-10,login
3708,158,2026-03-10,login
3709,158,2025-07-09,login
3710,158,2025-08-17,login
3711,158,2025-02-14,login
3712,158,2025-08-17,login
3713,159,2026-06-02,login
3714,159,2026-01-05,cart_abandon
3715,159,2026-01-26,login
3716,159,2026-06-06,login
3717,159,2026-05-13,login
3718,160,2025-06-22,login
3719,160,2025-11-28,login
3720,160,2025-09-20,support_ticket
3721,160,2025-09-05,login
3722,160,2026-06-08,cart_abandon
3723,160,2026-06-22,login
3724,160,2026-03-28,support_ticket
3725,160,2026-05-22,login
3726,160,2026-07-08,support_ticket
3727,160,2025-03-26,login
3728,160,2025-12-11,login
3729,160,2025-06-07,login
3730,160,2025-04-09,cart_abandon
3731,160,2025-03-26,login
3732,160,2026-03-22,login
3733,160,2025-12-07,login
3734,160,2025-11-09,login
3735,160,2026-04-25,login
3736,160,2026-04-09,cart_abandon
3737,160,2025-12-18,cart_abandon
3738,161,2025-04-09,login
3739,161,2026-09-04,cart_abandon
3740,161,2025-12-11,support_ticket
3741,161,2026-06-19,cart_abandon
3742,161,2025-09-23,login
3743,161,2025-05-24,login
3744,161,2025-07-15,login
3745,161,2026-03-02,login
3746,161,2026-02-13,support_ticket
3747,161,2026-07-04,login
3748,161,2026-09-02,login
3749,161,2026-05-23,login
3750,161,2026-04-16,support_ticket
3751,161,2026-05-02,login
3752,161,2026-01-20,cart_abandon
3753,161,2026-06-16,login
3754,161,2025-10-17,login
3755,161,2026-05-28,cart_abandon
3756,161,2026-05-23,login
3757,161,2025-11-01,login
3758,161,2025-03-20,login
3759,161,2026-08-11,login
3760,161,2025-09-13,login
3761,161,2026-08-31,login
3762,161,2025-11-10,login
3763,161,2025-09-18,login
3764,161,2025-05-11,login
3765,161,2026-01-30,login
3766,161,2025-12-28,login
3767,161,2026-07-12,login
3768,162,2025-05-10,login
3769,162,2026-02-17,login
3770,162,2025-04-21,login
3771,162,2026-03-05,login
3772,162,2026-03-18,login
3773,162,2026-06-06,cart_abandon
3774,162,2026-09-23,cart_abandon
3775,162,2025-05-29,support_ticket
3776,162,2026-09-27,login
3777,162,2025-04-04,login
3778,162,2025-04-04,login
3779,162,2025-11-28,cart_abandon
3780,162,2026-08-29,cart_abandon
3781,162,2026-04-01,support_ticket
3782,162,2026-07-15,support_ticket
3783,162,2026-06-11,login
3784,162,2025-09-25,login
3785,162,2026-07-23,login
3786,162,2026-08-11,login
3787,162,2026-01-20,cart_abandon
3788,162,2026-03-27,login
3789,162,2026-02-27,login
3790,162,2026-01-10,login
3791,163,2026-05-12,login
3792,163,2026-03-17,login
3793,163,2026-01-07,login
3794,163,2025-07-04,login
3795,163,2026-08-01,cart_abandon
3796,163,2026-07-01,support_ticket
3797,163,2025-04-29,login
3798,163,2025-08-13,cart_abandon
3799,163,2025-04-05,login
3800,163,2026-09-25,login
3801,163,2026-08-22,login
3802,163,2025-10-16,cart_abandon
3803,163,2026-01-28,cart_abandon
3804,163,2026-08-20,login
3805,163,2025-09-08,cart_abandon
3806,163,2025-11-26,login
3807,163,2026-08-12,login
3808,163,2025-10-22,login
3809,163,2025-09-06,cart_abandon
3810,163,2026-02-06,login
3811,163,2025-02-08,login
3812,163,2025-05-08,login
3813,163,2025-11-27,login
3814,164,2026-03-25,login
3815,164,2026-04-27,login
3816,164,2026-01-26,login
3817,164,2026-01-05,login
3818,164,2026-06-04,login
3819,164,2026-03-29,login
3820,164,2025-07-11,login
3821,164,2025-10-23,login
3822,164,2026-09-02,login
3823,164,2025-11-01,login
3824,164,2026-06-21,login
3825,164,2026-04-16,cart_abandon
3826,164,2025-07-30,login
3827,164,2026-02-14,login
3828,164,2025-06-05,cart_abandon
3829,164,2025-09-08,cart_abandon
3830,164,2026-06-10,login
3831,165,2025-09-12,login
3832,165,2026-08-12,cart_abandon
3833,165,2025-11-24,cart_abandon
3834,165,2025-05-08,login
3835,165,2026-02-05,cart_abandon
3836,165,2025-08-03,login
3837,165,2025-09-07,login
3838,165,2026-08-05,login
3839,165,2026-01-17,login
3840,165,2026-04-08,support_ticket
3841,165,2026-03-28,login
3842,165,2026-03-02,login
3843,165,2025-12-03,support_ticket
3844,165,2025-04-21,cart_abandon
3845,165,2025-12-06,login
3846,165,2025-11-22,login
3847,165,2026-02-28,cart_abandon
3848,165,2025-08-29,login
3849,165,2025-04-07,login
3850,165,2025-10-03,login
3851,165,2026-08-17,login
3852,165,2026-06-09,login
3853,165,2025-09-26,login
3854,165,2025-04-05,login
3855,165,2025-02-26,login
3856,165,2026-05-17,login
3857,165,2025-03-06,support_ticket
3858,165,2026-02-14,login
3859,165,2025-02-01,support_ticket
3860,165,2025-06-29,login
3861,165,2026-05-17,support_ticket
3862,165,2026-06-10,cart_abandon
3863,165,2026-02-15,login
3864,165,2025-03-27,cart_abandon
3865,166,2025-11-16,login
3866,166,2025-06-27,login
3867,166,2026-01-14,login
3868,166,2026-03-12,login
3869,166,2026-08-27,login
3870,166,2025-10-22,login
3871,166,2026-09-06,login
3872,166,2026-08-21,login
3873,166,2026-03-14,login
3874,166,2025-02-11,login
3875,166,2026-02-09,login
3876,166,2026-05-02,login
3877,166,2026-02-10,login
3878,166,2026-07-25,login
3879,166,2025-07-09,cart_abandon
3880,166,2026-09-25,support_ticket
3881,166,2025-03-25,login
3882,166,2026-08-10,login
3883,166,2025-08-19,login
3884,166,2025-12-26,support_ticket
3885,166,2025-03-18,support_ticket
3886,166,2026-04-24,cart_abandon
3887,166,2026-09-28,login
3888,166,2025-04-23,login
3889,166,2025-04-22,login
3890,166,2026-01-08,login
3891,166,2026-07-07,login
3892,166,2025-06-17,cart_abandon
3893,166,2025-10-25,login
3894,166,2026-03-06,login
3895,166,2026-04-14,login
3896,166,2025-11-14,support_ticket
3897,166,2025-10-26,support_ticket
3898,166,2026-08-20,login
3899,166,2025-10-20,login
3900,166,2025-12-29,login
3901,166,2025-02-01,login
3902,166,2025-12-24,support_ticket
3903,167,2025-09-26,support_ticket
3904,167,2026-04-23,cart_abandon
3905,167,2026-01-22,login
3906,167,2026-09-07,login
3907,167,2025-11-11,cart_abandon
3908,167,2025-05-04,login
3909,167,2025-07-15,login
3910,167,2025-08-26,login
3911,167,2026-01-15,support_ticket
3912,167,2026-01-28,login
3913,167,2026-06-02,login
3914,167,2026-07-01,cart_abandon
3915,167,2025-03-17,login
3916,167,2026-01-24,cart_abandon
3917,167,2026-01-27,support_ticket
3918,167,2026-08-24,cart_abandon
3919,167,2025-08-18,login
3920,167,2025-09-20,login
3921,167,2025-08-06,support_ticket
3922,167,2026-07-15,cart_abandon
3923,167,2025-12-06,login
3924,167,2026-06-30,login
3925,167,2025-03-07,login
3926,167,2025-05-11,support_ticket
3927,167,2025-02-10,cart_abandon
3928,167,2025-05-17,login
3929,167,2026-04-07,cart_abandon
3930,167,2025-08-09,login
3931,167,2025-03-23,login
3932,168,2026-03-16,login
3933,168,2025-09-27,login
3934,168,2026-09-04,cart_abandon
3935,168,2026-05-08,cart_abandon
3936,168,2025-10-03,cart_abandon
3937,168,2025-03-25,login
3938,168,2026-09-25,support_ticket
3939,168,2025-02-25,cart_abandon
3940,168,2026-03-18,support_ticket
3941,168,2026-08-30,login
3942,168,2025-06-27,login
3943,168,2025-05-05,login
3944,168,2025-12-24,login
3945,168,2025-11-23,login
3946,168,2026-01-27,support_ticket
3947,168,2026-01-10,login
3948,168,2026-06-02,login
3949,168,2025-08-12,login
3950,168,2026-06-01,login
3951,168,2025-07-14,cart_abandon
3952,168,2026-07-04,login
3953,168,2026-05-04,login
3954,168,2025-03-27,login
3955,168,2026-01-27,login
3956,168,2025-03-22,login
3957,168,2026-09-03,login
3958,168,2026-08-30,login
3959,168,2026-05-30,login
3960,168,2025-11-23,login
3961,168,2025-07-31,login
3962,169,2026-09-13,login
3963,169,2025-03-13,login
3964,169,2026-06-19,support_ticket
3965,169,2026-08-15,login
3966,169,2025-11-21,login
3967,169,2025-07-28,login
3968,169,2026-02-12,login
3969,169,2025-09-29,login
3970,169,2026-05-31,login
3971,169,2025-02-08,login
3972,169,2026-08-07,login
3973,169,2025-12-14,support_ticket
3974,169,2026-06-24,login
3975,169,2026-08-13,login
3976,169,2026-01-06,login
3977,169,2025-11-02,cart_abandon
3978,169,2026-05-03,login
3979,169,2026-03-17,support_ticket
3980,169,2025-04-30,login
3981,169,2026-09-29,login
3982,169,2026-05-28,login
3983,169,2025-07-03,cart_abandon
3984,169,2026-03-30,login
3985,169,2026-07-21,login
3986,169,2026-07-09,login
3987,169,2025-03-08,login
3988,169,2025-12-07,login
3989,169,2025-04-30,login
3990,169,2025-07-25,login
3991,169,2026-01-04,cart_abandon
3992,169,2026-06-17,login
3993,169,2026-04-05,cart_abandon
3994,169,2025-10-31,login
3995,170,2026-06-06,login
3996,170,2025-06-29,login
3997,170,2025-07-22,login
3998,170,2025-08-17,login
3999,170,2026-02-28,login
4000,170,2026-09-26,login
4001,171,2025-07-19,login
4002,171,2026-03-21,login
4003,171,2025-12-29,support_ticket
4004,171,2026-04-09,login
4005,171,2026-06-16,support_ticket
4006,171,2025-09-03,login
4007,171,2025-09-08,cart_abandon
4008,171,2025-08-21,login
4009,171,2026-07-26,login
4010,171,2025-04-19,login
4011,171,2025-07-24,login
4012,171,2025-05-29,cart_abandon
4013,171,2025-03-29,support_ticket
4014,171,2026-09-17,cart_abandon
4015,171,2025-03-31,support_ticket
4016,171,2026-05-30,login
4017,171,2025-08-09,cart_abandon
4018,171,2026-01-25,login
4019,171,2026-09-10,login
4020,172,2026-07-07,cart_abandon
4021,172,2026-09-04,login
4022,172,2025-03-15,cart_abandon
4023,172,2026-01-20,login
4024,172,2025-02-02,login
4025,172,2026-08-07,support_ticket
4026,173,2026-02-19,support_ticket
4027,173,2025-03-12,login
4028,173,2025-12-14,login
4029,173,2026-06-15,login
4030,173,2026-03-26,support_ticket
4031,173,2026-09-08,login
4032,173,2025-12-14,login
4033,173,2025-07-14,cart_abandon
4034,173,2025-06-24,cart_abandon
4035,173,2025-07-26,login
4036,173,2026-09-11,login
4037,173,2026-04-03,login
4038,173,2025-05-16,login
4039,173,2026-08-22,cart_abandon
4040,173,2026-06-11,login
4041,173,2025-04-04,cart_abandon
4042,173,2025-07-13,login
4043,173,2026-03-07,login
4044,173,2026-09-29,cart_abandon
4045,173,2025-05-21,login
4046,173,2025-04-05,login
4047,173,2025-12-19,login
4048,173,2026-06-27,support_ticket
4049,174,2025-02-27,login
4050,174,2025-09-14,login
4051,174,2026-06-06,login
4052,174,2026-07-15,login
4053,174,2025-09-15,cart_abandon
4054,174,2025-09-11,login
4055,174,2025-08-12,cart_abandon
4056,174,2025-12-30,cart_abandon
4057,174,2025-05-05,support_ticket
4058,174,2026-01-20,login
4059,174,2025-05-01,login
4060,174,2025-10-18,support_ticket
4061,174,2026-07-28,login
4062,174,2026-04-01,login
4063,174,2025-04-06,login
4064,174,2026-04-20,login
4065,174,2025-11-30,login
4066,174,2026-04-12,login
4067,174,2026-06-06,login
4068,174,2025-09-15,login
4069,174,2025-11-17,cart_abandon
4070,174,2026-04-27,login
4071,174,2026-05-07,login
4072,174,2026-04-17,support_ticket
4073,174,2026-06-25,login
4074,174,2025-03-18,login
4075,174,2026-06-07,cart_abandon
4076,174,2025-08-17,login
4077,174,2025-07-31,login
4078,174,2025-04-24,login
4079,174,2026-09-28,login
4080,174,2025-07-11,login
4081,174,2025-07-13,login
4082,174,2026-07-11,login
4083,174,2026-08-18,cart_abandon
4084,174,2025-09-27,cart_abandon
4085,174,2025-07-12,login
4086,175,2025-12-28,login
4087,175,2025-05-04,cart_abandon
4088,175,2025-07-05,login
4089,175,2026-07-28,cart_abandon
4090,175,2026-06-05,support_ticket
4091,175,2026-04-18,support_ticket
4092,175,2026-01-05,cart_abandon
4093,176,2025-12-22,login
4094,176,2025-06-02,login
4095,176,2025-02-28,login
4096,176,2026-06-14,login
4097,176,2026-05-07,login
4098,176,2026-05-15,login
4099,176,2025-10-23,support_ticket
4100,176,2025-07-10,login
4101,176,2025-10-01,login
4102,176,2025-10-03,cart_abandon
4103,176,2025-09-14,login
4104,176,2026-05-28,cart_abandon
4105,176,2025-07-06,support_ticket
4106,176,2026-06-27,login
4107,176,2026-01-31,support_ticket
4108,176,2025-03-15,login
4109,176,2025-12-06,login
4110,176,2025-08-07,login
4111,176,2025-06-09,login
4112,176,2026-02-03,login
4113,176,2026-08-21,login
4114,176,2026-06-12,login
4115,177,2025-04-26,login
4116,177,2025-02-27,login
4117,177,2026-06-08,cart_abandon
4118,177,2025-02-04,login
4119,177,2026-09-26,login
4120,177,2026-06-05,login
4121,177,2025-11-10,login
4122,177,2026-08-02,login
4123,177,2025-08-27,login
4124,177,2025-12-03,login
4125,178,2025-05-24,support_ticket
4126,178,2026-01-17,login
4127,178,2025-04-05,login
4128,178,2025-02-03,support_ticket
4129,178,2025-09-11,login
4130,178,2026-04-26,login
4131,178,2025-11-18,login
4132,178,2025-10-24,login
4133,178,2025-11-10,cart_abandon
4134,178,2026-02-12,login
4135,178,2026-08-27,login
4136,178,2025-08-24,login
4137,178,2025-10-12,cart_abandon
4138,178,2026-08-19,login
4139,178,2025-02-10,login
4140,178,2026-07-31,login
4141,179,2026-03-18,login
4142,179,2025-04-19,login
4143,179,2025-12-18,login
4144,179,2025-12-26,login
4145,179,2026-09-26,login
4146,179,2025-06-06,login
4147,179,2026-08-27,login
4148,179,2025-07-07,login
4149,179,2025-07-18,login
4150,179,2026-06-16,login
4151,179,2025-09-27,login
4152,179,2025-03-26,cart_abandon
4153,179,2026-07-18,login
4154,179,2025-10-14,cart_abandon
4155,179,2026-09-05,cart_abandon
4156,179,2025-02-07,login
4157,179,2026-04-05,login
4158,179,2026-08-03,login
4159,179,2026-08-05,cart_abandon
4160,179,2025-08-14,login
4161,179,2026-04-13,login
4162,179,2026-05-11,login
4163,179,2026-09-10,support_ticket
4164,179,2026-08-16,login
4165,179,2026-09-17,login
4166,179,2026-06-06,support_ticket
4167,179,2025-12-29,login
4168,180,2025-03-09,login
4169,180,2025-07-23,login
4170,180,2025-09-16,login
4171,180,2025-08-30,login
4172,180,2026-06-25,support_ticket
4173,180,2025-05-21,login
4174,180,2026-08-13,login
4175,180,2026-05-30,login
4176,180,2025-05-02,login
4177,180,2026-07-22,login
4178,180,2025-06-19,login
4179,180,2026-07-12,login
4180,180,2025-07-18,login
4181,180,2025-10-24,login
4182,180,2025-04-30,login
4183,180,2026-02-24,login
4184,180,2025-12-30,login
4185,180,2026-08-03,cart_abandon
4186,180,2026-02-07,login
4187,180,2026-05-27,login
4188,180,2025-12-17,cart_abandon
4189,180,2025-12-04,login
4190,180,2026-08-28,login
4191,180,2026-09-04,support_ticket
4192,180,2025-04-12,login
4193,180,2026-01-02,login
4194,180,2026-08-01,login
4195,180,2026-04-02,login
4196,180,2025-07-17,login
4197,180,2026-09-02,login
4198,180,2026-04-30,login
4199,180,2026-02-10,cart_abandon
4200,180,2026-04-19,support_ticket
4201,181,2026-04-23,login
4202,181,2026-09-06,login
4203,181,2026-07-31,cart_abandon
4204,181,2025-08-20,login
4205,181,2026-06-02,login
4206,181,2025-04-30,login
4207,181,2026-04-25,login
4208,181,2026-04-28,login
4209,181,2026-09-15,login
4210,181,2026-02-23,login
4211,181,2026-01-09,login
4212,181,2026-01-14,login
4213,181,2026-08-01,support_ticket
4214,181,2026-07-15,login
4215,181,2026-06-01,support_ticket
4216,181,2025-08-26,login
4217,181,2026-05-09,login
4218,181,2025-02-19,login
4219,181,2025-07-25,login
4220,181,2026-01-23,cart_abandon
4221,181,2025-08-17,support_ticket
4222,181,2026-09-11,cart_abandon
4223,181,2026-04-23,login
4224,181,2026-02-12,login
4225,181,2025-06-29,login
4226,181,2025-03-06,support_ticket
4227,181,2025-04-10,login
4228,181,2026-04-29,login
4229,181,2025-12-27,login
4230,182,2025-08-11,login
4231,182,2025-10-05,cart_abandon
4232,182,2026-07-24,login
4233,182,2025-05-21,login
4234,182,2025-02-13,login
4235,182,2025-11-26,login
4236,182,2025-05-22,login
4237,182,2026-03-10,login
4238,182,2025-08-20,support_ticket
4239,182,2025-11-11,login
4240,182,2025-11-28,login
4241,182,2025-08-15,login
4242,182,2026-07-16,login
4243,182,2026-03-04,support_ticket
4244,182,2026-02-12,support_ticket
4245,182,2026-02-28,login
4246,182,2025-10-07,login
4247,182,2025-08-08,login
4248,182,2026-01-11,login
4249,182,2025-04-06,cart_abandon
4250,182,2025-02-11,login
4251,182,2026-01-08,cart_abandon
4252,182,2025-07-15,support_ticket
4253,182,2025-12-01,login
4254,182,2026-01-17,login
4255,182,2026-09-27,login
4256,182,2026-06-06,cart_abandon
4257,182,2025-10-13,login
4258,182,2025-06-21,login
4259,182,2026-01-01,login
4260,182,2025-04-28,support_ticket
4261,182,2025-08-29,cart_abandon
4262,182,2025-06-09,login
4263,182,2025-05-10,login
4264,182,2026-02-15,login
4265,182,2026-03-22,support_ticket
4266,182,2026-03-05,login
4267,182,2026-09-15,login
4268,183,2026-01-06,login
4269,183,2025-10-02,login
4270,183,2025-06-06,cart_abandon
4271,183,2026-02-03,login
4272,183,2025-07-05,login
4273,183,2025-12-27,login
4274,183,2026-03-15,support_ticket
4275,183,2026-05-01,support_ticket
4276,183,2025-07-30,login
4277,183,2026-05-19,login
4278,183,2025-11-12,cart_abandon
4279,183,2025-07-09,support_ticket
4280,183,2025-07-07,login
4281,183,2025-04-07,login
4282,183,2026-03-29,login
4283,183,2026-09-07,login
4284,183,2026-02-10,login
4285,183,2025-08-26,login
4286,183,2025-02-03,support_ticket
4287,183,2025-06-26,login
4288,183,2026-08-04,login
4289,183,2026-06-11,login
4290,183,2026-02-17,login
4291,183,2025-08-30,login
4292,184,2026-01-11,login
4293,184,2025-08-06,support_ticket
4294,184,2025-09-15,login
4295,184,2025-08-18,login
4296,184,2025-11-30,login
4297,184,2026-03-30,login
4298,184,2026-07-11,cart_abandon
4299,184,2026-05-29,login
4300,184,2026-07-17,login
4301,184,2026-04-21,support_ticket
4302,184,2026-03-18,login
4303,184,2025-12-27,login
4304,184,2025-06-27,support_ticket
4305,184,2025-07-24,login
4306,184,2026-04-09,login
4307,184,2025-03-30,cart_abandon
4308,184,2026-05-10,login
4309,184,2026-06-16,login
4310,184,2025-08-04,login
4311,184,2025-06-05,login
4312,184,2025-04-24,support_ticket
4313,184,2025-12-18,login
4314,184,2025-12-26,login
4315,184,2025-11-01,login
4316,184,2025-04-23,login
4317,184,2025-11-14,login
4318,184,2025-04-09,cart_abandon
4319,185,2026-07-23,login
4320,185,2025-06-03,login
4321,185,2026-02-24,support_ticket
4322,185,2025-03-28,login
4323,185,2026-07-19,login
4324,185,2025-11-03,login
4325,185,2025-09-14,login
4326,185,2026-04-27,login
4327,185,2025-04-23,login
4328,185,2025-04-16,login
4329,185,2025-05-19,support_ticket
4330,185,2026-05-09,login
4331,185,2026-01-23,support_ticket
4332,185,2026-06-21,login
4333,185,2025-02-07,login
4334,185,2025-04-01,cart_abandon
4335,185,2025-05-29,login
4336,186,2025-08-23,login
4337,186,2026-03-08,cart_abandon
4338,186,2026-09-28,login
4339,186,2026-01-01,login
4340,186,2026-01-09,support_ticket
4341,187,2025-11-21,login
4342,187,2026-01-18,cart_abandon
4343,187,2026-01-04,login
4344,187,2026-07-04,cart_abandon
4345,187,2025-03-03,login
4346,187,2026-03-22,login
4347,187,2025-11-15,login
4348,187,2025-08-16,login
4349,187,2025-05-19,login
4350,187,2025-12-10,support_ticket
4351,187,2025-12-05,login
4352,187,2025-04-19,login
4353,188,2025-10-04,login
4354,188,2025-02-22,login
4355,188,2025-09-18,login
4356,188,2026-02-02,login
4357,188,2025-03-06,login
4358,188,2026-08-11,cart_abandon
4359,188,2025-03-08,login
4360,188,2025-06-04,login
4361,188,2025-09-21,login
4362,188,2026-06-09,cart_abandon
4363,188,2025-03-23,login
4364,188,2026-04-07,cart_abandon
4365,188,2025-03-15,support_ticket
4366,188,2026-09-04,login
4367,188,2026-07-09,login
4368,188,2026-06-16,cart_abandon
4369,188,2025-06-03,login
4370,188,2026-09-29,login
4371,188,2025-11-14,cart_abandon
4372,188,2025-04-29,cart_abandon
4373,188,2026-03-18,cart_abandon
4374,188,2026-04-30,login
4375,188,2025-02-23,login
4376,188,2026-07-23,login
4377,188,2025-10-28,login
4378,188,2025-12-08,login
4379,188,2026-08-16,login
4380,188,2026-05-30,support_ticket
4381,188,2026-01-04,support_ticket
4382,189,2025-04-26,support_ticket
4383,189,2025-06-03,login
4384,189,2025-11-26,login
4385,189,2025-09-22,login
4386,189,2026-04-28,login
4387,189,2025-09-03,login
4388,189,2026-03-18,login
4389,189,2026-04-24,login
4390,190,2025-08-26,login
4391,190,2025-07-10,login
4392,190,2025-12-09,login
4393,190,2025-10-23,login
4394,190,2025-11-19,login
4395,190,2026-06-04,login
4396,190,2026-04-07,support_ticket
4397,190,2025-05-22,login
4398,190,2026-01-22,login
4399,190,2025-05-22,login
4400,190,2026-08-17,login
4401,191,2026-07-27,login
4402,191,2025-03-18,login
4403,191,2025-10-31,login
4404,191,2025-11-13,login
4405,191,2026-06-01,login
4406,191,2025-08-29,cart_abandon
4407,191,2025-02-12,login
4408,191,2026-05-16,cart_abandon
4409,191,2025-11-24,login
4410,191,2025-04-14,support_ticket
4411,191,2026-05-28,login
4412,192,2026-05-16,cart_abandon
4413,192,2025-08-27,login
4414,192,2025-06-02,support_ticket
4415,192,2026-09-03,login
4416,192,2025-10-03,login
4417,193,2026-06-26,support_ticket
4418,193,2025-05-29,login
4419,193,2026-09-01,cart_abandon
4420,193,2026-06-05,login
4421,193,2025-12-07,login
4422,193,2026-06-20,login
4423,193,2025-11-24,login
4424,193,2026-09-05,support_ticket
4425,193,2025-09-08,login
4426,193,2026-08-29,login
4427,193,2026-04-01,login
4428,193,2025-12-29,login
4429,193,2026-03-28,cart_abandon
4430,193,2026-02-18,login
4431,193,2026-09-24,login
4432,194,2025-03-20,support_ticket
4433,194,2025-10-25,cart_abandon
4434,194,2025-05-10,cart_abandon
4435,194,2025-05-09,login
4436,194,2025-04-16,login
4437,194,2025-06-02,login
4438,194,2025-12-25,support_ticket
4439,194,2026-02-25,cart_abandon
4440,194,2025-05-12,login
4441,194,2025-03-07,cart_abandon
4442,194,2026-02-20,support_ticket
4443,194,2025-12-18,login
4444,194,2025-12-25,login
4445,194,2026-08-31,cart_abandon
4446,194,2025-08-27,login
4447,194,2025-11-26,support_ticket
4448,194,2025-10-07,login
4449,194,2025-11-18,login
4450,195,2025-02-25,login
4451,195,2025-02-19,login
4452,195,2025-10-01,login
4453,195,2026-08-20,login
4454,195,2025-11-15,login
4455,195,2025-08-19,login
4456,195,2026-09-08,login
4457,195,2025-07-17,cart_abandon
4458,195,2026-04-05,login
4459,195,2025-10-15,login
4460,195,2026-07-15,login
4461,195,2026-06-01,login
4462,195,2025-06-07,login
4463,195,2025-08-01,login
4464,195,2025-12-03,cart_abandon
4465,195,2025-06-09,login
4466,195,2025-05-10,login
4467,195,2026-09-14,login
4468,195,2025-10-18,login
4469,195,2025-09-26,support_ticket
4470,195,2025-05-30,cart_abandon
4471,195,2025-04-14,login
4472,195,2025-12-25,login
4473,195,2025-08-01,login
4474,195,2026-02-27,cart_abandon
4475,195,2025-12-08,login
4476,195,2026-08-16,support_ticket
4477,195,2025-02-25,login
4478,195,2026-01-18,login
4479,195,2026-06-17,support_ticket
4480,195,2025-09-18,cart_abandon
4481,195,2025-05-15,login
4482,195,2026-09-27,login
4483,195,2026-06-18,support_ticket
4484,195,2026-04-21,cart_abandon
4485,195,2026-07-07,login
4486,196,2025-10-18,support_ticket
4487,196,2026-09-04,login
4488,196,2026-01-18,login
4489,196,2026-07-20,login
4490,196,2025-10-29,login
4491,196,2026-07-27,login
4492,196,2025-05-31,support_ticket
4493,196,2025-04-24,cart_abandon
4494,196,2025-12-29,login
4495,196,2025-03-28,login
4496,196,2025-10-25,login
4497,196,2026-02-02,login
4498,196,2026-03-22,login
4499,196,2026-07-21,login
4500,196,2025-04-26,support_ticket
4501,196,2026-01-09,login
4502,196,2025-02-13,login
4503,196,2026-01-07,login
4504,196,2026-04-13,login
4505,196,2025-12-05,login
4506,196,2026-05-23,support_ticket
4507,196,2026-03-26,cart_abandon
4508,196,2025-09-09,login
4509,196,2025-11-20,login
4510,196,2025-03-28,login
4511,196,2025-02-12,login
4512,196,2026-02-22,login
4513,197,2026-04-30,login
4514,197,2025-05-10,login
4515,197,2026-04-17,login
4516,197,2026-07-20,cart_abandon
4517,197,2026-04-07,support_ticket
4518,197,2025-05-19,login
4519,197,2025-02-06,cart_abandon
4520,197,2026-09-06,login
4521,197,2026-01-29,login
4522,197,2025-03-06,support_ticket
4523,197,2026-03-23,cart_abandon
4524,197,2026-04-13,login
4525,197,2026-08-03,login
4526,197,2025-05-21,login
4527,197,2025-04-03,login
4528,197,2026-02-13,login
4529,197,2026-08-16,login
4530,197,2026-01-26,login
4531,197,2025-10-21,login
4532,197,2025-08-08,login
4533,197,2025-02-02,login
4534,197,2025-11-21,support_ticket
4535,197,2026-06-02,support_ticket
4536,197,2025-02-04,login
4537,197,2025-09-17,login
4538,197,2026-06-04,login
4539,197,2026-09-07,login
4540,197,2025-11-29,cart_abandon
4541,197,2026-08-27,login
4542,198,2026-05-13,login
4543,198,2026-06-11,login
4544,198,2025-11-26,cart_abandon
4545,198,2025-12-29,support_ticket
4546,198,2025-05-23,login
4547,198,2025-04-07,login
4548,198,2026-02-16,support_ticket
4549,198,2026-01-17,support_ticket
4550,198,2026-08-16,support_ticket
4551,198,2026-04-20,cart_abandon
4552,198,2025-07-04,login
4553,199,2025-10-11,login
4554,199,2025-06-26,login
4555,199,2025-09-27,login
4556,199,2025-03-09,cart_abandon
4557,199,2025-06-26,cart_abandon
4558,200,2025-11-28,cart_abandon
4559,200,2026-08-11,login
4560,200,2025-10-10,cart_abandon
4561,200,2025-03-13,support_ticket
4562,200,2026-02-19,login
4563,200,2025-08-27,login
4564,200,2025-10-05,cart_abandon
4565,200,2025-10-11,login
4566,200,2025-06-19,login
4567,200,2025-09-22,login
4568,200,2026-02-28,support_ticket
4569,200,2026-08-18,login
4570,200,2025-12-18,login
4571,200,2026-01-05,support_ticket
4572,200,2025-06-09,support_ticket
4573,200,2025-04-25,login
4574,200,2025-08-26,login
4575,200,2026-04-22,cart_abandon
4576,200,2026-07-19,support_ticket
4577,200,2026-09-24,login
4578,200,2025-03-26,cart_abandon
4579,200,2025-04-02,login
4580,200,2025-06-20,cart_abandon
4581,200,2026-04-30,login
4582,200,2026-05-15,login
4583,200,2025-07-28,login
4584,200,2026-08-17,cart_abandon
4585,200,2026-08-20,support_ticket
4586,201,2026-06-28,login
4587,201,2026-08-09,login
4588,201,2025-11-09,support_ticket
4589,201,2025-03-03,login
4590,201,2026-05-10,cart_abandon
4591,201,2025-07-10,cart_abandon
4592,201,2026-02-16,login
4593,201,2026-07-23,cart_abandon
4594,201,2025-09-12,login
4595,201,2026-07-16,cart_abandon
4596,201,2025-11-02,cart_abandon
4597,201,2025-12-30,support_ticket
4598,201,2026-02-18,login
4599,201,2026-02-28,login
4600,201,2026-07-04,login
4601,201,2025-07-18,cart_abandon
4602,201,2026-07-11,login
4603,201,2025-02-02,login
4604,201,2025-03-05,login
4605,201,2025-07-22,login
4606,202,2026-02-22,login
4607,202,2025-07-23,login
4608,202,2026-07-06,login
4609,202,2025-09-04,cart_abandon
4610,202,2026-05-31,login
4611,202,2026-05-11,support_ticket
4612,202,2026-07-10,cart_abandon
4613,202,2025-06-24,login
4614,202,2025-10-16,login
4615,202,2025-06-18,cart_abandon
4616,203,2025-03-02,login
4617,203,2025-11-04,login
4618,203,2026-07-26,cart_abandon
4619,203,2026-01-29,login
4620,203,2025-10-07,login
4621,203,2026-03-02,cart_abandon
4622,203,2026-01-29,login
4623,203,2026-06-20,login
4624,203,2025-08-06,cart_abandon
4625,203,2026-06-29,login
4626,203,2025-02-09,login
4627,203,2025-05-18,login
4628,203,2026-04-29,cart_abandon
4629,203,2025-07-16,login
4630,203,2026-09-06,login
4631,203,2026-08-07,login
4632,203,2025-08-09,login
4633,203,2025-12-27,cart_abandon
4634,203,2026-03-01,login
4635,203,2025-12-25,cart_abandon
4636,203,2026-03-09,login
4637,203,2026-01-09,cart_abandon
4638,203,2025-11-08,login
4639,203,2025-04-15,login
4640,203,2025-06-10,login
4641,203,2026-02-14,cart_abandon
4642,203,2026-07-04,cart_abandon
4643,203,2025-07-10,login
4644,203,2025-12-18,login
4645,203,2025-04-13,login
4646,203,2026-06-22,cart_abandon
4647,204,2026-06-23,support_ticket
4648,204,2026-06-13,login
4649,204,2026-07-12,login
4650,204,2026-07-10,support_ticket
4651,204,2026-02-13,login
4652,204,2026-04-17,login
4653,204,2026-07-01,login
4654,204,2026-08-16,support_ticket
4655,204,2026-03-11,login
4656,204,2026-09-04,login
4657,204,2025-10-29,support_ticket
4658,204,2025-11-02,login
4659,204,2026-07-09,login
4660,204,2025-11-22,cart_abandon
4661,204,2026-05-01,login
4662,204,2026-07-26,cart_abandon
4663,204,2026-02-02,cart_abandon
4664,204,2026-03-24,login
4665,204,2025-07-26,cart_abandon
4666,204,2025-06-17,login
4667,205,2025-09-13,support_ticket
4668,205,2025-07-06,login
4669,205,2026-02-17,login
4670,205,2025-04-12,login
4671,205,2025-10-06,login
4672,205,2025-03-29,support_ticket
4673,205,2025-12-23,login
4674,205,2025-03-04,login
4675,205,2025-09-21,login
4676,205,2025-08-09,login
4677,205,2025-09-19,login
4678,205,2025-08-08,login
4679,205,2025-04-10,login
4680,205,2026-02-24,support_ticket
4681,205,2026-06-21,cart_abandon
4682,205,2025-10-06,login
4683,205,2026-03-20,login
4684,205,2025-06-28,login
4685,205,2025-03-07,login
4686,205,2025-07-16,support_ticket
4687,205,2025-09-12,login
4688,205,2026-06-02,login
4689,205,2025-08-12,login
4690,205,2026-05-03,login
4691,205,2025-12-02,login
4692,205,2025-06-13,cart_abandon
4693,205,2025-07-08,login
4694,205,2025-11-13,login
4695,205,2026-01-07,login
4696,205,2025-03-04,cart_abandon
4697,205,2025-09-05,login
4698,205,2025-09-08,cart_abandon
4699,206,2026-03-05,login
4700,206,2025-11-19,login
4701,206,2026-08-17,cart_abandon
4702,206,2025-11-28,login
4703,206,2025-12-27,login
4704,206,2026-05-26,support_ticket
4705,206,2026-09-04,support_ticket
4706,206,2026-06-29,cart_abandon
4707,206,2026-09-24,login
4708,206,2026-04-12,login
4709,206,2026-03-03,login
4710,206,2025-08-26,login
4711,206,2025-03-18,support_ticket
4712,206,2026-04-26,cart_abandon
4713,206,2025-09-02,support_ticket
4714,207,2025-04-18,cart_abandon
4715,207,2026-04-26,support_ticket
4716,207,2025-08-28,login
4717,207,2025-07-22,cart_abandon
4718,207,2026-09-24,support_ticket
4719,207,2026-04-10,support_ticket
4720,207,2025-05-27,support_ticket
4721,207,2026-04-22,cart_abandon
4722,207,2026-05-24,login
4723,207,2026-08-08,login
4724,207,2025-02-14,login
4725,207,2025-02-24,support_ticket
4726,207,2025-02-22,login
4727,207,2026-06-29,login
4728,207,2026-08-24,support_ticket
4729,207,2025-12-05,login
4730,207,2025-11-05,login
4731,207,2025-04-26,login
4732,207,2025-02-27,support_ticket
4733,208,2026-08-30,login
4734,208,2026-08-19,login
4735,208,2025-03-31,login
4736,208,2025-09-26,login
4737,208,2025-05-06,login
4738,208,2025-02-25,support_ticket
4739,208,2026-08-16,support_ticket
4740,208,2025-04-04,login
4741,208,2026-06-19,login
4742,208,2025-08-07,login
4743,208,2026-08-09,support_ticket
4744,208,2025-09-04,cart_abandon
4745,208,2025-11-22,login
4746,208,2025-03-10,login
4747,208,2026-01-08,login
4748,208,2026-05-11,login
4749,208,2025-11-07,cart_abandon
4750,208,2026-07-24,login
4751,208,2025-07-09,login
4752,208,2025-05-11,login
4753,208,2026-09-16,support_ticket
4754,208,2026-03-15,login
4755,208,2026-01-23,login
4756,209,2025-05-23,login
4757,209,2026-05-28,login
4758,209,2026-09-08,support_ticket
4759,209,2025-02-09,login
4760,209,2025-05-09,support_ticket
4761,209,2025-08-25,support_ticket
4762,209,2025-11-12,login
4763,209,2026-02-24,login
4764,209,2026-02-27,login
4765,209,2026-02-24,login
4766,209,2025-11-22,login
4767,209,2025-10-26,login
4768,209,2026-06-10,login
4769,209,2025-11-09,support_ticket
4770,209,2025-02-27,login
4771,209,2026-04-03,cart_abandon
4772,209,2025-03-15,login
4773,209,2025-07-25,login
4774,209,2025-05-11,login
4775,209,2025-12-27,cart_abandon
4776,209,2025-03-22,login
4777,209,2025-08-04,login
4778,209,2026-09-07,support_ticket
4779,209,2025-08-06,login
4780,209,2026-02-27,login
4781,209,2026-05-08,login
4782,209,2025-07-11,support_ticket
4783,209,2025-10-31,login
4784,209,2026-04-21,login
4785,209,2025-10-23,login
4786,209,2025-06-12,cart_abandon
4787,209,2025-03-19,login
4788,209,2025-10-03,login
4789,209,2025-09-21,login
4790,209,2025-07-02,support_ticket
4791,209,2025-08-15,login
4792,210,2025-07-10,login
4793,210,2025-10-06,cart_abandon
4794,210,2025-08-20,login
4795,210,2026-06-05,login
4796,210,2026-05-18,login
4797,210,2025-08-31,login
4798,210,2026-06-15,cart_abandon
4799,210,2025-09-10,login
4800,210,2025-11-22,cart_abandon
4801,210,2025-04-06,cart_abandon
4802,210,2025-08-25,cart_abandon
4803,210,2025-08-07,login
4804,210,2025-07-13,support_ticket
4805,210,2025-03-30,support_ticket
4806,210,2025-05-30,login
4807,210,2025-07-02,login
4808,210,2025-06-05,support_ticket
4809,210,2026-05-18,login
4810,210,2026-04-25,login
4811,210,2026-09-16,login
4812,210,2025-10-10,login
4813,210,2025-05-22,login
4814,211,2025-04-29,login
4815,211,2025-06-06,login
4816,211,2025-10-28,cart_abandon
4817,211,2025-02-14,login
4818,211,2026-07-15,cart_abandon
4819,211,2025-02-04,login
4820,211,2025-08-28,login
4821,211,2026-06-11,login
4822,211,2026-01-15,login
4823,211,2026-03-05,login
4824,211,2026-01-20,login
4825,211,2025-07-19,login
4826,211,2026-09-09,login
4827,211,2026-05-20,cart_abandon
4828,211,2025-10-24,login
4829,211,2025-07-08,login
4830,212,2026-03-28,support_ticket
4831,212,2025-09-16,login
4832,212,2025-11-23,support_ticket
4833,212,2026-08-05,login
4834,212,2025-05-28,support_ticket
4835,212,2026-03-19,login
4836,212,2025-07-14,support_ticket
4837,212,2026-02-24,login
4838,212,2025-04-13,login
4839,213,2026-05-17,login
4840,213,2026-03-10,login
4841,213,2025-10-31,login
4842,213,2025-10-07,login
4843,213,2025-02-13,login
4844,213,2025-07-17,login
4845,213,2025-04-14,login
4846,213,2026-06-04,login
4847,213,2025-02-28,login
4848,213,2025-06-06,cart_abandon
4849,213,2025-09-17,login
4850,213,2025-08-05,login
4851,213,2025-02-21,login
4852,213,2025-07-07,cart_abandon
4853,213,2025-06-17,login
4854,213,2026-06-13,login
4855,213,2025-02-13,login
4856,213,2026-04-02,cart_abandon
4857,213,2025-11-04,cart_abandon
4858,213,2026-02-24,login
4859,213,2025-04-26,login
4860,214,2026-02-04,login
4861,214,2025-12-02,cart_abandon
4862,214,2025-07-15,login
4863,214,2025-12-10,support_ticket
4864,214,2026-06-03,login
4865,214,2025-10-05,login
4866,214,2025-06-21,cart_abandon
4867,215,2025-09-01,support_ticket
4868,215,2025-07-02,login
4869,215,2025-11-17,cart_abandon
4870,215,2026-03-08,support_ticket
4871,215,2025-10-26,login
4872,215,2025-03-01,login
4873,215,2025-04-03,login
4874,215,2025-12-26,login
4875,215,2026-04-14,login
4876,215,2026-07-11,login
4877,215,2025-04-03,support_ticket
4878,215,2025-09-05,cart_abandon
4879,215,2026-02-14,login
4880,215,2026-01-15,login
4881,215,2025-02-10,login
4882,215,2025-08-29,support_ticket
4883,215,2026-03-24,login
4884,215,2025-05-12,login
4885,215,2026-08-10,login
4886,215,2025-09-08,login
4887,215,2025-09-22,login
4888,215,2026-04-10,cart_abandon
4889,215,2026-08-22,login
4890,215,2025-09-05,login
4891,215,2025-12-06,login
4892,215,2025-09-17,login
4893,215,2025-12-27,cart_abandon
4894,215,2026-09-12,login
4895,215,2026-02-06,cart_abandon
4896,215,2025-02-23,login
4897,215,2025-06-11,cart_abandon
4898,215,2025-03-31,login
4899,216,2026-05-31,support_ticket
4900,216,2026-01-07,login
4901,216,2025-05-30,login
4902,216,2025-11-25,login
4903,216,2025-05-31,login
4904,216,2025-08-28,cart_abandon
4905,216,2025-10-03,support_ticket
4906,216,2026-02-20,cart_abandon
4907,216,2026-06-09,support_ticket
4908,216,2026-08-18,login
4909,216,2026-01-13,login
4910,216,2026-06-18,login
4911,217,2025-09-22,login
4912,217,2025-03-19,support_ticket
4913,217,2025-11-10,login
4914,217,2026-07-03,login
4915,217,2025-07-13,cart_abandon
4916,217,2025-11-19,login
4917,217,2025-10-11,support_ticket
4918,217,2025-07-23,login
4919,217,2026-06-30,login
4920,217,2025-10-22,cart_abandon
4921,217,2025-06-25,login
4922,217,2026-04-12,login
4923,217,2026-04-13,login
4924,217,2025-07-26,login
4925,217,2025-09-12,login
4926,217,2026-09-20,login
4927,217,2026-05-29,cart_abandon
4928,217,2026-02-26,login
4929,217,2025-06-13,login
4930,217,2026-06-06,cart_abandon
4931,217,2025-07-26,login
4932,217,2025-03-23,login
4933,217,2026-08-09,login
4934,217,2025-02-25,login
4935,217,2025-03-28,cart_abandon
4936,218,2026-01-03,login
4937,218,2025-05-03,support_ticket
4938,218,2026-05-27,login
4939,218,2026-05-20,login
4940,218,2026-03-11,support_ticket
4941,218,2025-07-19,login
4942,218,2025-08-11,cart_abandon
4943,218,2025-10-04,login
4944,218,2026-01-14,cart_abandon
4945,218,2025-12-25,login
4946,218,2025-06-20,support_ticket
4947,218,2025-09-20,cart_abandon
4948,218,2026-04-09,login
4949,218,2026-02-26,login
4950,219,2026-03-20,cart_abandon
4951,219,2025-03-27,login
4952,219,2025-06-10,login
4953,219,2025-12-28,login
4954,219,2025-08-01,login
4955,219,2025-07-28,login
4956,219,2025-02-14,cart_abandon
4957,219,2026-09-09,login
4958,219,2025-12-28,login
4959,219,2026-07-12,login
4960,219,2025-05-14,support_ticket
4961,219,2025-08-05,login
4962,219,2025-02-16,support_ticket
4963,219,2025-06-25,support_ticket
4964,219,2026-04-15,login
4965,220,2025-03-09,login
4966,220,2026-06-12,login
4967,220,2026-05-30,login
4968,220,2026-06-07,support_ticket
4969,220,2025-05-07,login
4970,220,2026-03-17,login
4971,220,2026-05-28,support_ticket
4972,220,2026-03-29,support_ticket
4973,220,2026-01-31,login
4974,220,2026-02-15,login
4975,220,2025-07-27,login
4976,220,2026-05-04,support_ticket
4977,220,2026-08-21,login
4978,220,2025-08-07,login
4979,220,2026-06-06,login
4980,220,2026-01-31,login
4981,220,2025-08-16,login
4982,220,2026-06-07,support_ticket
4983,220,2025-07-30,login
4984,220,2026-02-06,login
4985,220,2025-02-08,login
4986,220,2026-01-15,login
4987,220,2026-08-29,cart_abandon
4988,220,2025-03-25,login
4989,220,2025-07-01,support_ticket
4990,220,2025-06-17,login
4991,220,2026-09-29,login
4992,220,2026-09-27,login
4993,220,2025-05-04,login
4994,220,2025-03-10,login
4995,220,2025-05-05,login
4996,221,2025-08-21,login
4997,221,2025-08-08,login
4998,221,2025-11-20,login
4999,221,2025-03-11,login
5000,221,2025-05-08,login
5001,222,2026-02-06,cart_abandon
5002,222,2025-09-10,login
5003,222,2025-06-25,login
5004,222,2025-05-14,login
5005,222,2025-12-04,support_ticket
5006,222,2025-03-01,support_ticket
5007,222,2025-04-08,cart_abandon
5008,222,2026-09-16,login
5009,222,2025-07-25,login
5010,222,2026-03-23,cart_abandon
5011,222,2025-05-15,login
5012,222,2026-01-02,login
5013,222,2025-08-15,login
5014,222,2026-01-22,support_ticket
5015,222,2025-05-25,support_ticket
5016,222,2025-05-25,login
5017,223,2026-01-22,login
5018,223,2025-04-13,login
5019,223,2025-08-20,login
5020,223,2025-08-08,support_ticket
5021,223,2025-05-23,login
5022,223,2025-10-19,support_ticket
5023,223,2026-04-23,login
5024,223,2025-04-10,support_ticket
5025,223,2026-07-19,support_ticket
5026,223,2025-11-28,login
5027,223,2026-06-06,cart_abandon
5028,223,2025-09-06,login
5029,223,2025-05-20,support_ticket
5030,223,2026-03-26,login
5031,223,2025-07-29,login
5032,223,2025-05-25,cart_abandon
5033,223,2025-08-22,login
5034,223,2025-02-21,login
5035,223,2025-05-26,support_ticket
5036,223,2025-08-21,login
5037,223,2026-06-20,cart_abandon
5038,223,2026-01-29,support_ticket
5039,223,2026-02-05,login
5040,223,2025-05-24,login
5041,223,2025-09-05,login
5042,223,2026-04-07,login
5043,223,2025-04-02,login
5044,223,2026-05-03,login
5045,223,2025-09-08,login
5046,223,2026-06-30,login
5047,224,2025-02-26,cart_abandon
5048,224,2026-01-01,login
5049,224,2025-03-13,login
5050,224,2025-07-20,cart_abandon
5051,224,2026-05-06,login
5052,224,2025-02-15,login
5053,224,2025-12-24,login
5054,224,2026-06-10,cart_abandon
5055,224,2026-06-21,login
5056,224,2026-03-13,login
5057,224,2026-03-14,login
5058,224,2026-08-02,login
5059,224,2025-03-30,login
5060,224,2026-04-13,login
5061,224,2026-09-17,login
5062,224,2025-07-20,login
5063,224,2026-04-24,login
5064,224,2025-11-13,support_ticket
5065,224,2026-04-07,login
5066,224,2025-07-19,login
5067,224,2026-06-24,login
5068,224,2025-10-12,login
5069,224,2026-07-29,login
5070,224,2026-08-27,login
5071,224,2026-03-12,login
5072,224,2025-10-18,login
5073,224,2025-10-04,support_ticket
5074,224,2026-07-25,login
5075,224,2025-11-29,login
5076,224,2025-10-31,login
5077,224,2025-12-20,cart_abandon
5078,224,2026-01-28,login
5079,224,2025-12-19,login
5080,224,2025-05-07,login
5081,224,2025-06-16,support_ticket
5082,225,2025-09-27,support_ticket
5083,225,2026-06-15,login
5084,225,2025-08-06,support_ticket
5085,225,2026-04-02,login
5086,225,2025-10-28,login
5087,225,2025-11-25,cart_abandon
5088,225,2025-03-26,cart_abandon
5089,225,2025-04-08,cart_abandon
5090,225,2026-06-20,login
5091,225,2026-08-14,login
5092,225,2025-06-29,login
5093,225,2026-03-26,login
5094,225,2026-04-01,login
5095,225,2026-05-09,login
5096,225,2025-07-12,login
5097,225,2026-08-29,cart_abandon
5098,225,2025-05-27,login
5099,225,2025-10-06,login
5100,225,2025-07-12,login
5101,225,2025-09-06,support_ticket
5102,225,2025-09-02,login
5103,225,2026-08-12,login
5104,225,2025-02-06,login
5105,225,2026-02-25,login
5106,225,2025-11-19,login
5107,225,2025-07-08,login
5108,225,2025-12-30,support_ticket
5109,225,2025-02-11,login
5110,225,2026-09-06,login
5111,225,2025-10-17,login
5112,225,2025-03-17,login
5113,225,2026-07-21,cart_abandon
5114,225,2025-11-14,login
5115,225,2025-11-16,login
5116,225,2026-08-16,login
5117,225,2025-12-28,login
5118,225,2026-08-31,login
5119,226,2025-07-30,login
5120,226,2025-02-09,login
5121,226,2026-02-20,login
5122,226,2026-09-03,login
5123,226,2026-06-27,login
5124,226,2025-07-30,login
5125,226,2026-02-12,cart_abandon
5126,226,2025-02-04,cart_abandon
5127,226,2025-03-17,cart_abandon
5128,226,2025-11-25,login
5129,227,2026-09-26,login
5130,227,2026-04-15,login
5131,227,2026-09-28,login
5132,227,2025-06-15,login
5133,227,2026-08-21,login
5134,227,2025-12-25,login
5135,227,2025-03-09,login
5136,227,2025-09-19,login
5137,227,2025-10-14,support_ticket
5138,227,2025-07-02,support_ticket
5139,227,2025-02-09,login
5140,227,2025-11-14,support_ticket
5141,227,2026-05-05,cart_abandon
5142,227,2025-02-23,login
5143,227,2025-03-29,cart_abandon
5144,228,2026-04-12,login
5145,228,2025-04-26,support_ticket
5146,228,2026-02-08,login
5147,228,2025-08-24,support_ticket
5148,228,2026-02-19,login
5149,228,2026-08-20,login
5150,228,2025-05-29,login
5151,228,2026-06-30,login
5152,228,2025-10-03,login
5153,228,2026-06-12,support_ticket
5154,228,2026-07-17,support_ticket
5155,228,2025-08-23,login
5156,228,2025-12-16,support_ticket
5157,228,2025-02-19,login
5158,228,2025-03-14,login
5159,228,2026-05-27,login
5160,228,2025-12-18,login
5161,228,2026-08-30,login
5162,228,2025-10-11,login
5163,228,2025-09-22,cart_abandon
5164,228,2025-10-28,cart_abandon
5165,228,2025-06-25,login
5166,228,2026-09-01,login
5167,228,2026-08-25,login
5168,228,2025-11-08,support_ticket
5169,228,2026-04-26,login
5170,228,2026-05-23,login
5171,228,2026-09-13,login
5172,228,2026-09-06,support_ticket
5173,228,2025-07-13,login
5174,228,2026-04-08,cart_abandon
5175,228,2026-09-27,support_ticket
5176,228,2026-07-04,login
5177,228,2025-07-07,login
5178,228,2025-04-26,login
5179,229,2025-04-10,login
5180,229,2025-10-09,support_ticket
5181,229,2025-02-04,login
5182,229,2025-07-14,login
5183,229,2025-03-20,login
5184,229,2025-06-12,login
5185,229,2025-03-15,login
5186,229,2025-03-28,login
5187,229,2025-08-25,login
5188,229,2026-08-01,login
5189,229,2026-01-22,support_ticket
5190,229,2025-12-10,login
5191,229,2026-01-18,login
5192,229,2025-10-26,login
5193,229,2026-05-22,login
5194,229,2025-09-09,login
5195,229,2026-05-26,cart_abandon
5196,229,2025-09-16,support_ticket
5197,229,2025-10-10,cart_abandon
5198,229,2026-07-28,login
5199,229,2026-09-23,support_ticket
5200,230,2025-07-03,login
5201,230,2026-09-19,login
5202,230,2026-07-01,support_ticket
5203,230,2026-04-16,login
5204,230,2025-03-03,login
5205,230,2025-05-07,login
5206,230,2025-12-17,login
5207,230,2026-02-28,support_ticket
5208,230,2026-09-21,support_ticket
5209,230,2025-08-05,login
5210,230,2025-04-23,login
5211,230,2026-04-18,login
5212,230,2025-02-14,cart_abandon
5213,230,2026-05-27,cart_abandon
5214,230,2025-03-22,login
5215,230,2026-04-01,login
5216,230,2025-05-26,cart_abandon
5217,230,2025-02-27,support_ticket
5218,230,2026-02-01,login
5219,230,2025-06-05,login
5220,230,2026-07-15,login
5221,230,2026-05-12,support_ticket
5222,230,2026-05-02,login
5223,230,2026-09-08,cart_abandon
5224,230,2025-04-14,login
5225,230,2025-12-30,login
5226,230,2026-09-27,login
5227,230,2025-08-18,login
5228,230,2025-08-11,login
5229,230,2026-08-10,login
5230,230,2026-06-18,login
5231,231,2025-12-24,support_ticket
5232,231,2025-02-06,login
5233,231,2026-07-26,cart_abandon
5234,231,2026-04-13,login
5235,231,2025-02-22,support_ticket
5236,231,2025-02-21,login
5237,231,2025-10-16,login
5238,231,2025-11-18,login
5239,231,2025-08-27,login
5240,231,2025-03-05,login
5241,232,2026-01-12,cart_abandon
5242,232,2025-11-21,support_ticket
5243,232,2026-06-06,login
5244,232,2025-12-29,login
5245,232,2026-07-03,login
5246,232,2025-10-29,login
5247,232,2025-06-14,login
5248,232,2025-04-08,login
5249,232,2026-03-26,cart_abandon
5250,232,2025-05-02,login
5251,232,2025-05-01,login
5252,232,2026-04-04,login
5253,232,2025-10-31,login
5254,232,2025-02-15,support_ticket
5255,232,2026-09-12,login
5256,232,2025-11-16,login
5257,232,2026-07-20,login
5258,232,2025-12-04,login
5259,232,2025-10-24,login
5260,232,2025-12-18,support_ticket
5261,232,2026-09-16,cart_abandon
5262,232,2025-10-09,login
5263,232,2026-04-01,login
5264,232,2025-11-05,login
5265,232,2025-02-01,cart_abandon
5266,232,2025-02-07,cart_abandon
5267,232,2026-06-29,login
5268,232,2025-07-21,support_ticket
5269,232,2025-12-13,login
5270,232,2026-08-12,login
5271,232,2026-05-20,login
5272,233,2025-04-30,login
5273,233,2026-03-14,login
5274,233,2026-03-07,login
5275,233,2025-05-26,login
5276,233,2026-04-28,login
5277,233,2025-08-01,login
5278,233,2025-07-02,login
5279,233,2026-07-05,login
5280,233,2026-01-27,support_ticket
5281,233,2025-12-10,login
5282,233,2026-07-23,login
5283,233,2025-03-29,login
5284,233,2026-01-13,login
5285,233,2026-06-19,support_ticket
5286,233,2026-09-29,support_ticket
5287,233,2026-04-10,cart_abandon
5288,233,2026-06-24,login
5289,233,2026-03-04,login
5290,233,2025-08-25,support_ticket
5291,233,2026-01-24,login
5292,233,2025-08-26,support_ticket
5293,233,2025-08-03,login
5294,233,2025-10-25,support_ticket
5295,233,2025-07-24,login
5296,233,2025-02-24,login
5297,233,2025-07-22,login
5298,233,2026-08-01,login
5299,233,2025-10-15,login
5300,234,2026-03-25,login
5301,234,2026-06-29,login
5302,234,2025-12-23,login
5303,234,2026-04-02,login
5304,234,2025-08-25,login
5305,234,2025-02-12,login
5306,235,2026-08-05,login
5307,235,2026-09-26,login
5308,235,2025-07-02,support_ticket
5309,235,2025-12-30,cart_abandon
5310,235,2026-07-07,login
5311,235,2025-12-08,cart_abandon
5312,235,2025-02-27,cart_abandon
5313,235,2026-08-20,login
5314,235,2025-08-02,login
5315,235,2025-02-03,support_ticket
5316,235,2026-06-13,login
5317,235,2025-03-17,login
5318,235,2025-10-27,support_ticket
5319,235,2025-06-09,login
5320,235,2025-02-04,login
5321,235,2026-06-25,login
5322,235,2025-11-20,login
5323,235,2025-12-27,login
5324,235,2026-09-13,login
5325,235,2026-06-28,login
5326,235,2025-11-30,login
5327,235,2026-04-09,login
5328,235,2025-12-26,login
5329,235,2025-11-11,login
5330,235,2026-05-17,login
5331,235,2025-07-16,login
5332,235,2025-11-29,login
5333,235,2026-02-12,login
5334,235,2026-03-17,login
5335,235,2025-04-14,login
5336,235,2025-10-22,login
5337,235,2026-06-21,login
5338,235,2025-02-14,login
5339,236,2025-12-30,login
5340,236,2025-11-22,login
5341,236,2025-09-04,login
5342,236,2026-03-18,login
5343,236,2026-08-11,login
5344,236,2025-07-29,login
5345,236,2025-07-09,login
5346,236,2026-09-20,login
5347,236,2025-04-09,login
5348,236,2026-06-22,login
5349,236,2026-02-19,login
5350,236,2025-07-10,login
5351,236,2026-02-09,support_ticket
5352,236,2026-06-25,login
5353,236,2026-09-10,support_ticket
5354,236,2025-07-01,cart_abandon
5355,236,2025-10-18,login
5356,237,2026-06-14,support_ticket
5357,237,2026-03-30,cart_abandon
5358,237,2025-08-04,support_ticket
5359,237,2025-07-10,login
5360,237,2025-09-12,login
5361,237,2026-07-18,cart_abandon
5362,237,2026-09-12,login
5363,237,2025-09-06,login
5364,237,2025-04-26,login
5365,237,2026-06-09,login
5366,237,2026-09-20,cart_abandon
5367,237,2026-09-22,login
5368,237,2025-12-28,login
5369,237,2026-05-27,login
5370,237,2025-07-28,support_ticket
5371,237,2025-12-20,login
5372,237,2026-05-15,login
5373,237,2025-04-06,login
5374,237,2025-04-06,login
5375,237,2026-06-26,support_ticket
5376,237,2026-01-14,support_ticket
5377,237,2025-12-05,support_ticket
5378,237,2026-09-11,login
5379,237,2025-07-12,cart_abandon
5380,237,2025-08-10,login
5381,237,2025-06-20,login
5382,237,2026-06-10,login
5383,237,2026-05-04,login
5384,237,2026-06-07,login
5385,237,2026-01-08,login
5386,237,2025-09-01,login
5387,237,2026-07-18,cart_abandon
5388,237,2026-08-10,login
5389,237,2026-05-22,login
5390,238,2026-08-23,login
5391,238,2026-07-13,support_ticket
5392,238,2025-10-03,cart_abandon
5393,238,2025-06-10,login
5394,238,2025-11-18,login
5395,239,2026-04-25,login
5396,239,2026-02-05,login
5397,239,2026-04-30,login
5398,239,2025-08-01,login
5399,239,2026-02-17,support_ticket
5400,239,2025-05-17,support_ticket
5401,239,2025-02-02,login
5402,239,2025-12-12,support_ticket
5403,239,2026-09-05,login
5404,239,2025-04-05,login
5405,239,2026-09-17,login
5406,240,2026-08-06,cart_abandon
5407,240,2026-05-10,cart_abandon
5408,240,2026-03-30,login
5409,240,2026-03-14,login
5410,240,2025-06-21,login
5411,240,2025-02-03,login
5412,241,2025-11-19,login
5413,241,2026-01-18,login
5414,241,2026-01-19,login
5415,241,2026-04-30,support_ticket
5416,241,2025-03-02,login
5417,241,2026-05-09,cart_abandon
5418,241,2026-09-08,login
5419,241,2026-09-02,login
5420,241,2026-01-11,login
5421,241,2025-06-24,login
5422,241,2026-07-28,support_ticket
5423,241,2026-04-08,support_ticket
5424,241,2026-01-22,login
5425,241,2026-05-18,login
5426,241,2026-01-15,login
5427,241,2025-02-13,support_ticket
5428,241,2025-02-10,login
5429,241,2025-04-07,login
5430,241,2025-04-18,login
5431,241,2026-01-10,login
5432,241,2026-07-02,login
5433,241,2025-02-03,login
5434,241,2026-02-27,login
5435,241,2026-08-18,login
5436,241,2026-07-09,login
5437,241,2026-01-10,login
5438,242,2025-04-02,cart_abandon
5439,242,2025-02-08,login
5440,242,2026-09-01,login
5441,242,2026-07-04,login
5442,242,2025-02-18,login
5443,242,2025-08-11,login
5444,242,2026-04-24,login
5445,242,2026-01-25,login
5446,242,2025-02-06,login
5447,242,2025-06-16,login
5448,242,2025-12-26,login
5449,242,2025-09-08,support_ticket
5450,242,2025-11-06,login
5451,243,2025-06-25,cart_abandon
5452,243,2025-11-04,login
5453,243,2026-03-25,login
5454,243,2025-08-12,login
5455,243,2025-04-24,cart_abandon
5456,244,2026-01-26,login
5457,244,2025-12-10,login
5458,244,2025-05-08,login
5459,244,2025-04-18,login
5460,244,2025-12-30,cart_abandon
5461,244,2025-12-02,cart_abandon
5462,244,2026-04-12,cart_abandon
5463,244,2026-07-30,cart_abandon
5464,244,2026-08-13,login
5465,244,2025-05-07,login
5466,244,2025-06-08,login
5467,244,2025-08-21,login
5468,244,2026-03-20,support_ticket
5469,244,2025-04-26,login
5470,244,2026-05-21,login
5471,244,2025-09-11,login
5472,244,2025-05-05,login
5473,244,2026-04-19,login
5474,244,2026-02-02,login
5475,245,2025-10-26,login
5476,245,2025-03-24,cart_abandon
5477,245,2025-09-11,login
5478,245,2025-02-16,login
5479,245,2026-08-08,login
5480,245,2025-03-21,support_ticket
5481,245,2026-09-27,login
5482,245,2025-04-22,login
5483,245,2026-04-17,support_ticket
5484,245,2026-01-18,support_ticket
5485,245,2025-05-05,cart_abandon
5486,245,2025-04-23,support_ticket
5487,245,2026-07-05,login
5488,245,2025-07-07,login
5489,245,2025-12-13,cart_abandon
5490,245,2026-02-16,login
5491,245,2026-02-28,support_ticket
5492,245,2025-05-24,support_ticket
5493,245,2025-03-05,support_ticket
5494,245,2025-09-27,login
5495,245,2025-06-19,support_ticket
5496,245,2025-12-03,cart_abandon
5497,245,2025-06-02,login
5498,245,2025-08-30,login
5499,245,2025-06-20,support_ticket
5500,245,2025-06-20,support_ticket
5501,245,2026-01-17,cart_abandon
5502,245,2025-04-12,login
5503,245,2026-02-05,login
5504,245,2026-09-21,login
5505,245,2026-07-10,cart_abandon
5506,246,2026-07-18,login
5507,246,2025-07-27,cart_abandon
5508,246,2026-02-02,support_ticket
5509,246,2025-05-17,login
5510,246,2026-03-22,login
5511,246,2025-03-08,cart_abandon
5512,246,2025-09-24,login
5513,246,2025-07-10,login
5514,246,2026-05-19,cart_abandon
5515,246,2025-03-22,support_ticket
5516,246,2025-10-12,login
5517,246,2026-09-20,login
5518,246,2026-07-27,login
5519,246,2026-03-22,login
5520,246,2025-08-03,login
5521,246,2025-11-13,login
5522,246,2025-04-21,login
5523,246,2026-03-16,support_ticket
5524,246,2025-10-08,login
5525,246,2025-02-14,cart_abandon
5526,246,2025-03-26,login
5527,246,2026-03-29,cart_abandon
5528,246,2026-03-05,support_ticket
5529,246,2026-06-20,login
5530,246,2025-12-24,support_ticket
5531,246,2026-05-04,login
5532,246,2026-06-15,login
5533,246,2026-02-08,support_ticket
5534,246,2026-07-10,login
5535,246,2025-02-24,login
5536,246,2025-10-23,login
5537,246,2026-01-25,login
5538,246,2026-03-19,login
5539,247,2025-08-24,cart_abandon
5540,247,2025-09-05,support_ticket
5541,247,2026-07-10,cart_abandon
5542,247,2026-01-03,login
5543,247,2026-09-01,login
5544,247,2026-07-15,login
5545,247,2026-05-31,login
5546,247,2026-03-22,login
5547,247,2026-09-15,cart_abandon
5548,247,2025-12-19,login
5549,247,2026-01-26,cart_abandon
5550,247,2025-08-26,login
5551,247,2026-05-08,login
5552,247,2025-05-09,login
5553,247,2025-06-13,login
5554,247,2026-08-02,login
5555,247,2025-05-05,login
5556,247,2025-11-24,login
5557,247,2025-04-21,login
5558,247,2025-03-23,cart_abandon
5559,247,2025-07-04,cart_abandon
5560,247,2025-04-10,login
5561,247,2026-06-07,support_ticket
5562,247,2026-06-24,login
5563,247,2025-05-20,cart_abandon
5564,247,2025-10-15,cart_abandon
5565,247,2025-09-19,support_ticket
5566,247,2025-03-21,login
5567,247,2025-08-02,support_ticket
5568,247,2025-04-04,login
5569,247,2025-11-05,login
5570,247,2026-04-23,login
5571,248,2025-11-30,login
5572,248,2026-09-09,login
5573,248,2025-10-25,support_ticket
5574,248,2025-09-21,login
5575,248,2025-10-12,login
5576,248,2025-03-18,cart_abandon
5577,248,2026-02-25,login
5578,248,2026-03-29,login
5579,248,2026-05-31,support_ticket
5580,248,2025-11-15,login
5581,248,2026-01-19,cart_abandon
5582,248,2026-09-26,login
5583,248,2026-05-21,login
5584,248,2026-07-13,login
5585,248,2025-12-29,cart_abandon
5586,248,2025-04-26,login
5587,248,2025-08-07,login
5588,248,2026-06-02,login
5589,248,2026-06-17,login
5590,248,2026-09-08,login
5591,248,2025-03-04,login
5592,248,2026-06-22,cart_abandon
5593,248,2026-02-28,login
5594,248,2026-08-10,login
5595,248,2026-03-25,cart_abandon
5596,248,2026-09-18,login
5597,248,2026-06-20,login
5598,248,2026-03-20,login
5599,248,2026-08-23,login
5600,248,2026-03-03,login
5601,248,2026-08-28,cart_abandon
5602,248,2025-10-13,login
5603,248,2026-05-20,login
5604,248,2025-07-02,login
5605,248,2026-03-18,login
5606,248,2026-09-17,login
5607,248,2025-12-27,login
5608,248,2026-09-09,login
5609,249,2026-06-03,support_ticket
5610,249,2025-04-28,support_ticket
5611,249,2025-05-26,login
5612,249,2025-04-19,login
5613,249,2026-03-17,support_ticket
5614,249,2025-05-19,support_ticket
5615,249,2026-01-05,cart_abandon
5616,249,2026-07-20,support_ticket
5617,249,2026-07-04,login
5618,249,2025-04-22,login
5619,249,2025-03-05,login
5620,249,2025-10-05,support_ticket
5621,249,2026-04-09,login
5622,249,2025-04-17,cart_abandon
5623,249,2025-05-13,login
5624,249,2025-12-26,login
5625,249,2025-12-10,login
5626,249,2026-07-01,login
5627,249,2026-04-25,login
5628,249,2026-01-20,login
5629,249,2025-05-14,login
5630,249,2025-11-04,cart_abandon
5631,249,2025-02-09,support_ticket
5632,249,2025-12-22,login
5633,249,2025-02-19,support_ticket
5634,249,2026-02-09,login
5635,249,2025-02-05,login
5636,249,2025-08-04,cart_abandon
5637,249,2026-01-25,login
5638,249,2025-02-13,cart_abandon
5639,249,2026-09-03,cart_abandon
5640,249,2026-07-25,cart_abandon
5641,249,2026-05-11,login
5642,250,2026-07-11,login
5643,250,2025-06-02,login
5644,250,2026-04-26,login
5645,250,2026-05-14,login
5646,250,2025-07-27,login
5647,250,2026-07-29,login
5648,250,2025-06-01,login
5649,250,2025-08-28,login
5650,250,2026-01-30,login
5651,250,2026-07-30,login
5652,250,2025-08-12,login
5653,250,2025-10-26,login
5654,250,2026-09-29,login
5655,250,2026-08-13,cart_abandon
5656,250,2026-01-03,login
5657,250,2026-01-12,login
5658,250,2025-07-01,login
5659,250,2026-06-13,cart_abandon
5660,250,2025-10-15,cart_abandon
5661,250,2025-10-10,login
5662,250,2026-01-07,login
5663,250,2026-03-05,cart_abandon
5664,250,2026-09-01,login
5665,250,2026-03-03,login
5666,250,2025-05-27,support_ticket
5667,250,2025-02-06,login
5668,250,2025-11-24,login
5669,250,2025-09-15,cart_abandon
5670,250,2025-07-17,login
5671,250,2025-06-17,support_ticket
5672,250,2025-06-28,login
5673,250,2026-03-11,support_ticket
5674,250,2026-04-10,login
5675,250,2025-11-24,login
5676,250,2025-02-02,support_ticket
5677,250,2026-01-29,login
5678,250,2026-08-21,support_ticket
5679,250,2026-08-18,cart_abandon
5680,250,2026-04-18,login
5681,251,2025-05-12,support_ticket
5682,251,2025-08-13,support_ticket
5683,251,2026-06-12,cart_abandon
5684,251,2025-06-04,login
5685,251,2025-09-13,login
5686,251,2025-10-21,login
5687,251,2025-10-29,login
5688,251,2025-09-03,login
5689,251,2025-02-22,cart_abandon
5690,251,2026-01-26,login
5691,251,2025-08-10,login
5692,251,2025-02-13,login
5693,251,2025-10-09,login
5694,252,2026-08-05,login
5695,252,2026-03-09,support_ticket
5696,252,2026-03-17,login
5697,252,2025-08-05,login
5698,252,2025-08-30,login
5699,252,2026-04-15,login
5700,252,2026-07-23,login
5701,252,2025-11-14,login
5702,252,2025-06-07,cart_abandon
5703,252,2025-12-29,support_ticket
5704,252,2025-08-03,login
5705,253,2025-04-19,login
5706,253,2025-11-15,login
5707,253,2026-08-01,support_ticket
5708,253,2026-02-08,login
5709,253,2025-05-13,login
5710,253,2025-06-08,login
5711,253,2026-02-12,login
5712,253,2026-08-08,login
5713,253,2026-07-23,login
5714,253,2026-09-06,login
5715,253,2025-10-09,login
5716,253,2026-05-20,login
5717,254,2026-07-04,login
5718,254,2025-10-28,cart_abandon
5719,254,2025-03-26,login
5720,254,2026-04-03,support_ticket
5721,254,2025-09-30,login
5722,254,2025-07-20,login
5723,254,2026-01-11,login
5724,254,2025-03-16,login
5725,254,2026-05-28,login
5726,254,2026-03-25,login
5727,254,2026-06-08,login
5728,254,2025-09-26,support_ticket
5729,254,2025-06-30,login
5730,254,2026-06-10,support_ticket
5731,254,2025-05-07,login
5732,254,2025-09-03,login
5733,254,2025-07-10,login
5734,254,2025-06-27,login
5735,254,2026-03-02,cart_abandon
5736,255,2025-05-30,login
5737,255,2026-09-06,login
5738,255,2026-04-29,login
5739,255,2026-06-02,login
5740,255,2025-10-11,login
5741,255,2025-06-24,login
5742,255,2025-09-02,login
5743,255,2025-08-12,support_ticket
5744,255,2025-12-28,login
5745,255,2026-02-09,login
5746,255,2025-11-13,login
5747,255,2026-09-04,login
5748,255,2026-09-05,cart_abandon
5749,255,2026-02-23,login
5750,255,2025-07-30,login
5751,255,2025-07-21,support_ticket
5752,255,2026-03-11,login
5753,255,2025-04-15,login
5754,255,2025-03-10,login
5755,255,2026-02-21,login
5756,255,2025-02-10,support_ticket
5757,255,2025-07-18,login
5758,255,2026-09-20,login
5759,255,2026-04-24,cart_abandon
5760,255,2026-09-02,login
5761,255,2025-10-09,login
5762,255,2025-07-07,support_ticket
5763,255,2025-07-04,login
5764,255,2025-12-31,login
5765,255,2026-05-13,login
5766,255,2025-02-16,login
5767,255,2026-07-06,cart_abandon
5768,255,2025-10-17,login
5769,256,2025-10-03,login
5770,256,2026-05-19,login
5771,256,2025-09-08,login
5772,256,2025-03-16,login
5773,256,2025-04-29,login
5774,256,2025-02-07,login
5775,256,2025-10-18,login
5776,256,2025-07-29,login
5777,256,2025-09-28,support_ticket
5778,256,2026-06-29,login
5779,256,2026-05-07,login
5780,256,2025-07-10,login
5781,256,2026-07-07,cart_abandon
5782,256,2025-09-30,support_ticket
5783,256,2026-01-20,login
5784,256,2025-11-18,login
5785,256,2025-02-04,login
5786,256,2026-08-22,support_ticket
5787,257,2025-05-21,support_ticket
5788,257,2025-04-22,login
5789,257,2025-05-23,login
5790,257,2025-07-05,login
5791,257,2025-12-26,login
5792,257,2026-08-15,login
5793,257,2026-03-21,support_ticket
5794,257,2026-02-16,login
5795,257,2025-05-05,login
5796,257,2025-02-25,login
5797,257,2025-11-18,cart_abandon
5798,258,2026-02-18,login
5799,258,2025-03-24,login
5800,258,2026-04-01,login
5801,258,2025-04-07,support_ticket
5802,258,2025-09-18,cart_abandon
5803,258,2025-04-05,login
5804,258,2026-08-15,login
5805,258,2025-11-07,login
5806,258,2026-06-18,login
5807,258,2025-05-07,login
5808,258,2026-09-17,login
5809,258,2026-04-26,login
5810,258,2026-07-11,cart_abandon
5811,258,2026-09-29,login
5812,258,2026-02-18,support_ticket
5813,258,2025-10-16,cart_abandon
5814,258,2026-05-07,login
5815,258,2025-09-22,login
5816,258,2025-12-02,login
5817,258,2026-05-11,cart_abandon
5818,258,2026-09-27,login
5819,258,2025-04-23,login
5820,258,2026-09-02,support_ticket
5821,258,2025-06-12,support_ticket
5822,258,2026-02-20,support_ticket
5823,258,2026-02-21,cart_abandon
5824,258,2026-02-21,login
5825,258,2025-12-07,login
5826,258,2026-06-30,login
5827,258,2026-01-25,support_ticket
5828,258,2026-04-11,cart_abandon
5829,258,2026-08-04,login
5830,258,2025-07-17,login
5831,258,2026-03-07,cart_abandon
5832,258,2026-07-16,cart_abandon
5833,258,2026-06-05,cart_abandon
5834,259,2025-08-09,cart_abandon
5835,259,2025-06-10,login
5836,259,2025-07-16,login
5837,259,2025-09-24,support_ticket
5838,259,2025-09-25,login
5839,259,2025-06-26,support_ticket
5840,259,2026-07-04,login
5841,259,2026-09-01,login
5842,259,2025-12-27,login
5843,259,2026-02-25,login
5844,259,2025-07-19,login
5845,259,2025-02-20,login
5846,259,2025-12-19,login
5847,259,2025-04-01,login
5848,259,2026-05-02,login
5849,259,2025-07-26,login
5850,259,2026-02-14,support_ticket
5851,259,2026-05-03,login
5852,259,2026-09-02,support_ticket
5853,259,2026-04-07,login
5854,259,2026-08-29,login
5855,259,2025-12-17,login
5856,260,2025-08-13,login
5857,260,2026-03-30,login
5858,260,2026-08-31,login
5859,260,2025-11-03,login
5860,260,2026-09-24,login
5861,260,2026-08-02,login
5862,260,2026-09-05,login
5863,260,2026-09-20,login
5864,260,2025-10-20,support_ticket
5865,260,2026-03-05,support_ticket
5866,260,2025-06-14,login
5867,260,2025-08-01,login
5868,260,2026-08-18,cart_abandon
5869,260,2026-03-30,cart_abandon
5870,260,2025-03-17,support_ticket
5871,260,2025-11-22,login
5872,260,2026-01-27,login
5873,260,2025-10-02,login
5874,260,2026-02-10,login
5875,260,2026-09-02,cart_abandon
5876,260,2026-09-10,login
5877,260,2025-03-18,login
5878,260,2025-03-28,support_ticket
5879,260,2026-09-21,login
5880,260,2026-09-19,login
5881,260,2025-02-25,login
5882,260,2025-09-02,cart_abandon
5883,260,2025-09-17,login
5884,260,2026-03-24,login
5885,260,2025-04-13,login
5886,260,2025-03-02,login
5887,260,2026-04-12,login
5888,260,2025-03-07,cart_abandon
5889,260,2026-09-17,login
5890,260,2026-06-17,login
5891,260,2025-04-01,support_ticket
5892,260,2026-09-25,cart_abandon
5893,260,2025-12-15,login
5894,260,2025-03-16,login
5895,261,2026-07-11,login
5896,261,2025-02-23,cart_abandon
5897,261,2025-05-19,cart_abandon
5898,261,2026-08-03,login
5899,261,2025-06-17,login
5900,261,2025-11-02,login
5901,261,2025-02-03,login
5902,261,2025-04-06,support_ticket
5903,261,2026-08-01,cart_abandon
5904,261,2025-06-16,login
5905,261,2026-05-06,login
5906,261,2025-05-08,login
5907,261,2026-04-06,support_ticket
5908,261,2025-02-14,login
5909,261,2025-08-23,login
5910,261,2026-03-17,login
5911,261,2026-03-23,login
5912,261,2026-04-23,support_ticket
5913,261,2025-10-24,login
5914,261,2025-11-07,login
5915,261,2026-01-15,login
5916,261,2025-10-27,login
5917,261,2025-03-03,login
5918,261,2026-01-13,support_ticket
5919,261,2026-07-07,login
5920,261,2026-06-17,login
5921,261,2026-06-29,login
5922,261,2026-07-31,cart_abandon
5923,261,2026-04-25,login
5924,262,2025-06-29,login
5925,262,2025-12-08,login
5926,262,2025-10-10,login
5927,262,2025-06-14,login
5928,262,2026-05-24,login
5929,263,2026-07-07,login
5930,263,2026-04-17,login
5931,263,2025-12-03,login
5932,263,2026-06-12,login
5933,263,2025-11-08,support_ticket
5934,263,2025-02-08,cart_abandon
5935,263,2026-02-06,cart_abandon
5936,263,2025-06-25,login
5937,263,2025-06-27,cart_abandon
5938,263,2026-05-09,login
5939,263,2025-08-19,login
5940,263,2026-09-25,login
5941,263,2026-03-27,login
5942,263,2026-09-11,support_ticket
5943,263,2025-12-03,login
5944,263,2026-03-22,login
5945,263,2026-04-14,login
5946,263,2026-07-15,login
5947,263,2025-09-06,login
5948,263,2025-02-02,login
5949,263,2026-07-18,cart_abandon
5950,263,2026-09-26,login
5951,263,2025-04-07,login
5952,264,2026-06-23,login
5953,264,2026-04-15,login
5954,264,2025-04-27,login
5955,264,2026-07-28,support_ticket
5956,264,2026-02-26,login
5957,264,2025-07-22,login
5958,264,2026-06-27,cart_abandon
5959,264,2026-01-04,login
5960,264,2026-09-15,cart_abandon
5961,264,2025-12-13,login
5962,264,2026-06-14,login
5963,264,2026-07-16,login
5964,264,2025-02-13,login
5965,264,2025-10-28,login
5966,264,2025-11-19,login
5967,264,2025-09-02,login
5968,264,2025-02-26,cart_abandon
5969,264,2026-05-22,login
5970,264,2025-08-29,login
5971,264,2026-09-01,login
5972,264,2026-09-22,login
5973,264,2026-02-26,login
5974,264,2025-02-26,support_ticket
5975,264,2026-07-23,login
5976,264,2026-02-20,login
5977,264,2025-04-16,login
5978,264,2026-09-20,cart_abandon
5979,264,2026-09-27,login
5980,264,2025-05-11,login
5981,264,2025-06-21,support_ticket
5982,265,2025-09-19,login
5983,265,2025-11-22,login
5984,265,2025-08-30,support_ticket
5985,265,2025-03-03,login
5986,265,2026-08-28,login
5987,265,2025-04-13,login
5988,265,2026-06-29,login
5989,265,2026-09-17,cart_abandon
5990,265,2025-07-24,login
5991,265,2026-03-21,login
5992,265,2026-02-24,login
5993,265,2026-03-24,login
5994,265,2026-07-22,login
5995,265,2026-08-05,login
5996,265,2026-06-25,login
5997,265,2025-10-05,login
5998,265,2025-06-06,login
5999,265,2025-09-15,login
6000,265,2025-09-06,cart_abandon
6001,265,2025-05-02,login
6002,265,2025-11-11,login
6003,265,2026-09-06,support_ticket
6004,265,2026-07-13,login
6005,265,2026-08-29,login
6006,265,2025-10-05,login
6007,265,2025-02-25,login
6008,265,2026-07-27,support_ticket
6009,265,2026-03-21,login
6010,265,2026-05-02,login
6011,265,2026-04-30,login
6012,265,2026-03-08,login
6013,266,2026-05-08,login
6014,266,2025-11-29,login
6015,266,2026-06-20,support_ticket
6016,266,2026-01-11,login
6017,266,2026-06-28,login
6018,266,2026-04-23,login
6019,267,2025-03-02,cart_abandon
6020,267,2025-06-08,login
6021,267,2025-11-17,cart_abandon
6022,267,2026-03-29,support_ticket
6023,267,2026-06-28,support_ticket
6024,267,2026-05-21,support_ticket
6025,267,2025-04-17,login
6026,267,2025-09-29,login
6027,267,2026-07-11,login
6028,267,2025-02-23,support_ticket
6029,267,2025-10-10,login
6030,267,2025-08-23,login
6031,267,2026-05-09,login
6032,267,2026-01-27,login
6033,267,2026-01-08,login
6034,267,2026-07-18,login
6035,267,2026-09-07,login
6036,267,2026-04-26,cart_abandon
6037,267,2025-12-26,login
6038,267,2026-03-16,login
6039,267,2026-06-02,support_ticket
6040,267,2025-09-01,support_ticket
6041,267,2025-04-26,cart_abandon
6042,267,2026-05-26,login
6043,267,2026-07-31,support_ticket
6044,267,2026-08-15,login
6045,267,2025-04-08,login
6046,267,2025-03-09,login
6047,268,2026-05-06,login
6048,268,2026-03-22,login
6049,268,2025-11-21,support_ticket
6050,268,2025-12-18,login
6051,268,2025-03-07,login
6052,268,2025-03-14,support_ticket
6053,268,2025-11-22,login
6054,268,2025-08-01,cart_abandon
6055,268,2025-02-10,login
6056,268,2026-07-09,support_ticket
6057,268,2025-05-01,login
6058,268,2026-09-11,login
6059,268,2026-02-17,cart_abandon
6060,268,2026-02-23,login
6061,268,2026-06-13,cart_abandon
6062,268,2025-02-16,support_ticket
6063,268,2025-03-09,cart_abandon
6064,268,2025-10-02,support_ticket
6065,268,2025-07-08,cart_abandon
6066,268,2026-06-16,login
6067,268,2025-12-07,login
6068,269,2025-05-15,cart_abandon
6069,269,2026-07-12,support_ticket
6070,269,2025-10-03,support_ticket
6071,269,2026-05-19,login
6072,269,2025-06-10,login
6073,269,2025-10-05,support_ticket
6074,269,2026-03-14,login
6075,269,2026-02-27,login
6076,269,2026-07-08,login
6077,269,2026-02-08,cart_abandon
6078,269,2026-02-13,login
6079,269,2026-07-09,support_ticket
6080,269,2026-04-10,login
6081,269,2025-05-11,login
6082,269,2025-05-29,login
6083,269,2026-04-17,login
6084,269,2025-03-15,login
6085,269,2025-12-23,login
6086,269,2026-06-22,cart_abandon
6087,269,2025-11-20,login
6088,269,2025-07-14,login
6089,269,2025-05-14,login
6090,269,2026-02-08,login
6091,269,2026-05-02,login
6092,269,2025-09-16,support_ticket
6093,269,2026-08-20,login
6094,269,2025-07-24,support_ticket
6095,269,2025-07-13,login
6096,269,2025-04-30,login
6097,269,2026-08-28,support_ticket
6098,269,2025-03-27,login
6099,269,2025-03-19,support_ticket
6100,270,2026-04-07,login
6101,270,2025-07-03,support_ticket
6102,270,2025-06-03,login
6103,270,2025-06-02,login
6104,270,2025-08-17,login
6105,270,2025-05-05,login
6106,270,2026-06-22,login
6107,270,2026-03-29,login
6108,270,2026-03-27,login
6109,270,2026-03-21,support_ticket
6110,270,2025-08-22,support_ticket
6111,270,2026-09-14,login
6112,270,2026-05-28,support_ticket
6113,270,2025-07-30,login
6114,270,2026-02-17,login
6115,270,2026-04-06,login
6116,270,2025-03-13,login
6117,270,2026-07-19,cart_abandon
6118,270,2026-08-17,login
6119,270,2025-08-30,support_ticket
6120,270,2026-08-26,login
6121,270,2026-08-19,support_ticket
6122,270,2026-09-02,login
6123,270,2025-04-03,login
6124,271,2026-03-02,login
6125,271,2026-08-07,login
6126,271,2026-04-15,login
6127,271,2025-07-12,login
6128,271,2025-12-18,login
6129,271,2026-08-22,cart_abandon
6130,271,2026-02-16,login
6131,271,2026-01-27,login
6132,271,2026-07-06,cart_abandon
6133,271,2025-07-15,support_ticket
6134,271,2026-05-16,cart_abandon
6135,271,2025-10-30,support_ticket
6136,272,2025-04-09,login
6137,272,2026-01-20,support_ticket
6138,272,2026-05-31,login
6139,272,2025-10-31,login
6140,272,2025-06-17,login
6141,272,2025-09-03,login
6142,272,2025-04-08,login
6143,272,2026-08-16,login
6144,272,2025-05-05,login
6145,272,2026-02-02,support_ticket
6146,272,2025-09-21,cart_abandon
6147,273,2025-06-29,cart_abandon
6148,273,2026-01-31,login
6149,273,2026-07-26,cart_abandon
6150,273,2025-06-28,login
6151,273,2025-06-30,support_ticket
6152,273,2026-07-10,login
6153,273,2025-11-25,login
6154,273,2025-03-07,login
6155,273,2025-03-12,login
6156,273,2025-12-30,login
6157,273,2026-09-12,support_ticket
6158,273,2026-08-04,login
6159,273,2025-02-12,cart_abandon
6160,273,2026-08-01,login
6161,273,2025-05-24,support_ticket
6162,273,2025-08-12,login
6163,273,2025-04-15,cart_abandon
6164,273,2025-07-03,login
6165,273,2025-10-04,login
6166,273,2025-05-06,login
6167,273,2025-06-14,login
6168,273,2026-08-05,cart_abandon
6169,273,2025-07-28,support_ticket
6170,273,2025-03-26,login
6171,273,2026-01-01,login
6172,273,2026-01-17,login
6173,273,2026-04-20,cart_abandon
6174,273,2025-09-20,cart_abandon
6175,273,2025-11-24,cart_abandon
6176,273,2026-04-07,login
6177,274,2025-07-22,login
6178,274,2025-12-16,support_ticket
6179,274,2025-08-27,login
6180,274,2025-04-27,cart_abandon
6181,274,2026-01-30,login
6182,274,2026-09-27,cart_abandon
6183,275,2025-04-16,login
6184,275,2026-01-27,login
6185,275,2025-06-30,login
6186,275,2025-03-07,login
6187,275,2025-06-25,cart_abandon
6188,275,2026-03-28,support_ticket
6189,275,2026-01-20,login
6190,275,2025-07-30,login
6191,275,2025-09-26,login
6192,275,2026-02-24,cart_abandon
6193,275,2025-11-06,login
6194,275,2026-08-28,support_ticket
6195,275,2026-03-31,cart_abandon
6196,275,2025-09-27,cart_abandon
6197,275,2025-07-28,login
6198,275,2026-07-01,support_ticket
6199,275,2025-12-06,login
6200,275,2026-06-27,login
6201,275,2026-06-08,support_ticket
6202,275,2025-06-01,login
6203,275,2026-07-04,login
6204,275,2026-04-16,cart_abandon
6205,275,2025-07-31,login
6206,275,2025-03-04,login
6207,276,2025-03-24,cart_abandon
6208,276,2025-12-03,support_ticket
6209,276,2025-03-22,login
6210,276,2025-09-17,cart_abandon
6211,276,2026-02-17,login
6212,276,2026-05-23,login
6213,276,2026-05-13,login
6214,276,2025-06-04,login
6215,276,2025-04-05,support_ticket
6216,276,2025-06-08,login
6217,276,2025-07-06,login
6218,276,2026-06-09,login
6219,276,2026-03-19,login
6220,276,2025-09-08,login
6221,276,2026-07-01,support_ticket
6222,276,2026-08-07,support_ticket
6223,276,2026-01-10,support_ticket
6224,276,2026-07-08,login
6225,276,2025-12-24,login
6226,276,2026-04-09,login
6227,276,2026-04-15,support_ticket
6228,276,2026-04-04,login
6229,276,2026-08-15,login
6230,276,2026-09-02,support_ticket
6231,276,2025-02-23,login
6232,276,2026-09-10,cart_abandon
6233,276,2026-07-03,support_ticket
6234,276,2026-06-16,cart_abandon
6235,276,2025-02-12,login
6236,276,2026-03-04,login
6237,276,2026-06-21,login
6238,276,2025-10-08,login
6239,276,2026-07-19,support_ticket
6240,276,2025-09-18,cart_abandon
6241,276,2026-02-08,login
6242,276,2026-09-14,login
6243,277,2026-01-15,login
6244,277,2025-08-17,login
6245,277,2026-01-19,cart_abandon
6246,277,2026-06-23,support_ticket
6247,277,2025-07-05,cart_abandon
6248,277,2025-12-29,login
6249,277,2026-04-22,login
6250,277,2026-05-03,login
6251,277,2026-09-12,login
6252,277,2025-02-06,support_ticket
6253,277,2026-09-17,support_ticket
6254,277,2026-03-23,login
6255,277,2025-05-09,support_ticket
6256,277,2025-08-05,login
6257,277,2025-08-19,login
6258,277,2026-06-29,login
6259,277,2026-02-13,cart_abandon
6260,277,2025-11-04,login
6261,277,2025-07-22,cart_abandon
6262,277,2026-01-09,login
6263,277,2026-09-08,cart_abandon
6264,277,2026-07-05,login
6265,277,2025-05-10,login
6266,277,2026-06-12,support_ticket
6267,277,2025-11-18,support_ticket
6268,277,2025-05-25,login
6269,277,2025-02-03,cart_abandon
6270,277,2025-02-24,login
6271,277,2026-01-24,login
6272,277,2026-03-12,login
6273,277,2025-08-15,login
6274,277,2025-09-10,login
6275,277,2025-12-05,login
6276,277,2025-07-30,login
6277,277,2025-02-17,login
6278,277,2025-07-26,support_ticket
6279,277,2026-07-22,login
6280,278,2025-11-27,login
6281,278,2025-05-11,login
6282,278,2025-11-19,cart_abandon
6283,278,2026-09-24,login
6284,278,2025-03-31,login
6285,278,2025-06-12,login
6286,278,2026-01-07,login
6287,278,2025-09-27,support_ticket
6288,278,2025-02-27,login
6289,278,2026-03-05,cart_abandon
6290,278,2025-08-20,support_ticket
6291,278,2025-12-25,cart_abandon
6292,278,2025-12-24,support_ticket
6293,278,2026-05-18,login
6294,278,2025-04-25,login
6295,278,2026-02-09,cart_abandon
6296,278,2026-03-03,login
6297,278,2026-06-24,login
6298,278,2025-03-19,support_ticket
6299,278,2026-05-29,login
6300,278,2025-09-06,login
6301,278,2025-11-11,login
6302,278,2026-03-21,login
6303,278,2025-10-12,login
6304,278,2025-04-22,login
6305,278,2026-04-14,login
6306,278,2025-04-08,login
6307,278,2025-07-30,login
6308,278,2025-05-05,login
6309,278,2026-04-04,login
6310,278,2025-02-20,login
6311,278,2025-03-14,cart_abandon
6312,278,2025-12-28,login
6313,278,2026-05-10,cart_abandon
6314,279,2026-01-22,support_ticket
6315,279,2025-11-20,login
6316,279,2025-05-19,cart_abandon
6317,279,2026-02-22,login
6318,279,2026-09-29,login
6319,279,2026-07-31,login
6320,279,2026-07-21,login
6321,279,2025-10-31,login
6322,279,2026-06-24,login
6323,279,2026-08-27,cart_abandon
6324,279,2025-04-18,login
6325,279,2025-07-27,login
6326,279,2025-10-13,login
6327,279,2025-06-21,cart_abandon
6328,279,2026-07-29,login
6329,279,2026-07-16,login
6330,279,2025-06-21,login
6331,279,2026-02-06,login
6332,279,2026-03-21,login
6333,279,2025-12-22,login
6334,279,2026-09-15,support_ticket
6335,279,2026-09-14,cart_abandon
6336,279,2025-12-18,login
6337,279,2025-08-25,login
6338,279,2025-04-13,login
6339,280,2026-04-15,login
6340,280,2026-03-28,login
6341,280,2026-06-14,login
6342,280,2025-05-06,support_ticket
6343,280,2025-05-17,login
6344,280,2026-09-29,login
6345,280,2026-06-24,login
6346,280,2026-05-23,support_ticket
6347,280,2025-12-10,login
6348,280,2026-05-06,login
6349,280,2026-04-03,login
6350,280,2025-06-03,cart_abandon
6351,280,2026-05-06,login
6352,280,2026-02-22,login
6353,280,2026-09-16,login
6354,280,2026-05-19,login
6355,280,2026-08-20,login
6356,280,2026-03-18,login
6357,280,2025-02-11,login
6358,280,2025-11-03,cart_abandon
6359,280,2026-08-06,cart_abandon
6360,280,2026-06-29,cart_abandon
6361,280,2026-04-28,login
6362,280,2025-08-10,login
6363,280,2025-06-27,cart_abandon
6364,280,2025-02-10,login
6365,280,2026-01-29,login
6366,280,2025-12-20,cart_abandon
6367,280,2026-08-05,login
6368,280,2026-02-26,login
6369,280,2026-07-12,support_ticket
6370,280,2026-01-25,login
6371,280,2026-08-30,login
6372,280,2026-05-19,login
6373,280,2025-03-03,login
6374,280,2026-09-05,login
6375,281,2025-12-13,cart_abandon
6376,281,2026-07-14,login
6377,281,2025-05-10,cart_abandon
6378,281,2025-08-09,login
6379,281,2026-03-11,login
6380,281,2025-05-10,cart_abandon
6381,281,2025-10-08,login
6382,281,2025-10-13,cart_abandon
6383,281,2026-08-18,login
6384,281,2026-09-06,login
6385,281,2026-02-05,support_ticket
6386,281,2025-09-08,login
6387,281,2026-03-07,cart_abandon
6388,281,2025-09-07,cart_abandon
6389,281,2026-03-08,login
6390,281,2025-02-10,login
6391,281,2025-11-15,support_ticket
6392,281,2025-11-06,login
6393,281,2025-03-20,support_ticket
6394,281,2026-07-28,login
6395,281,2026-09-25,login
6396,281,2026-07-12,login
6397,281,2025-11-09,login
6398,281,2025-08-12,login
6399,281,2025-12-24,login
6400,281,2026-05-12,cart_abandon
6401,281,2025-09-13,login
6402,281,2026-02-05,login
6403,281,2026-05-30,support_ticket
6404,281,2026-06-24,login
6405,281,2026-06-15,login
6406,281,2025-07-05,login
6407,281,2026-03-21,support_ticket
6408,281,2025-11-10,login
6409,281,2025-08-05,cart_abandon
6410,282,2025-05-20,login
6411,282,2026-08-02,cart_abandon
6412,282,2025-04-28,login
6413,282,2026-02-05,login
6414,282,2025-05-27,support_ticket
6415,282,2026-09-08,cart_abandon
6416,282,2025-12-17,login
6417,282,2025-06-25,login
6418,282,2026-02-12,login
6419,282,2026-03-22,login
6420,282,2026-07-31,login
6421,282,2025-10-04,login
6422,282,2025-03-26,cart_abandon
6423,282,2025-04-30,cart_abandon
6424,282,2025-07-02,login
6425,282,2025-06-25,support_ticket
6426,283,2025-02-09,login
6427,283,2025-04-12,support_ticket
6428,283,2025-09-25,login
6429,283,2025-03-20,support_ticket
6430,283,2025-12-24,support_ticket
6431,283,2026-08-04,cart_abandon
6432,283,2026-08-05,support_ticket
6433,283,2026-01-06,login
6434,283,2026-03-30,login
6435,283,2026-05-22,login
6436,283,2025-04-07,login
6437,283,2026-09-25,login
6438,283,2025-04-17,login
6439,283,2025-12-07,login
6440,283,2025-05-09,login
6441,283,2026-09-17,login
6442,283,2025-04-07,cart_abandon
6443,283,2026-01-10,support_ticket
6444,283,2025-04-30,login
6445,283,2025-03-21,support_ticket
6446,283,2025-09-29,login
6447,283,2025-05-09,login
6448,283,2025-06-26,cart_abandon
6449,283,2025-03-12,cart_abandon
6450,283,2026-03-07,login
6451,283,2026-04-30,cart_abandon
6452,283,2026-08-05,cart_abandon
6453,283,2026-02-18,login
6454,283,2026-05-12,login
6455,283,2025-05-17,cart_abandon
6456,283,2025-05-11,login
6457,283,2025-05-18,login
6458,283,2026-03-06,support_ticket
6459,283,2026-09-29,cart_abandon
6460,283,2025-11-23,cart_abandon
6461,283,2026-03-17,login
6462,283,2026-01-26,support_ticket
6463,283,2025-04-17,login
6464,283,2025-11-21,login
6465,284,2026-05-26,support_ticket
6466,284,2026-05-22,login
6467,284,2026-05-20,login
6468,284,2026-08-17,login
6469,284,2025-08-10,login
6470,284,2025-05-12,login
6471,284,2026-01-14,support_ticket
6472,284,2026-04-12,login
6473,284,2025-11-20,cart_abandon
6474,284,2026-07-27,login
6475,284,2026-04-03,login
6476,284,2025-03-27,login
6477,284,2025-10-17,login
6478,284,2025-10-04,login
6479,284,2026-05-24,login
6480,284,2026-02-02,login
6481,284,2025-10-18,support_ticket
6482,284,2025-09-17,login
6483,284,2026-01-01,login
6484,284,2026-02-26,login
6485,284,2026-06-12,login
6486,285,2026-04-13,login
6487,285,2025-04-27,login
6488,285,2025-10-06,login
6489,285,2026-05-24,login
6490,285,2025-11-29,login
6491,285,2025-04-17,login
6492,286,2025-02-09,login
6493,286,2026-07-21,login
6494,286,2026-09-27,login
6495,286,2025-08-26,login
6496,286,2025-11-28,login
6497,286,2025-06-28,cart_abandon
6498,286,2025-10-01,cart_abandon
6499,286,2025-07-14,login
6500,286,2026-04-09,login
6501,286,2026-07-19,support_ticket
6502,286,2025-08-05,login
6503,286,2025-03-23,login
6504,286,2026-03-09,login
6505,286,2025-11-06,login
6506,286,2025-08-15,login
6507,286,2025-02-21,login
6508,286,2026-01-27,login
6509,286,2026-09-18,login
6510,286,2026-07-04,login
6511,286,2025-09-02,login
6512,286,2025-11-24,login
6513,286,2025-11-15,login
6514,286,2025-02-10,login
6515,286,2026-06-28,support_ticket
6516,286,2025-03-31,login
6517,286,2025-10-05,support_ticket
6518,286,2025-03-06,cart_abandon
6519,286,2026-03-27,login
6520,287,2025-05-28,support_ticket
6521,287,2025-02-04,login
6522,287,2026-08-08,login
6523,287,2026-05-27,login
6524,287,2026-03-24,login
6525,287,2026-06-25,login
6526,287,2026-02-05,login
6527,287,2025-10-08,login
6528,287,2026-09-09,login
6529,287,2026-01-15,login
6530,287,2025-09-09,login
6531,287,2026-08-04,login
6532,287,2026-06-28,login
6533,288,2025-10-05,cart_abandon
6534,288,2026-05-27,support_ticket
6535,288,2026-02-26,login
6536,288,2026-08-29,login
6537,288,2026-09-17,cart_abandon
6538,288,2025-05-14,login
6539,288,2026-07-08,support_ticket
6540,288,2025-07-09,login
6541,288,2025-09-22,support_ticket
6542,288,2026-08-30,cart_abandon
6543,288,2025-11-17,login
6544,288,2025-12-29,support_ticket
6545,288,2025-09-16,login
6546,288,2025-04-05,cart_abandon
6547,288,2025-07-12,cart_abandon
6548,288,2026-08-10,login
6549,288,2026-08-12,cart_abandon
6550,288,2025-07-14,login
6551,288,2026-05-26,login
6552,288,2025-11-01,cart_abandon
6553,288,2025-06-18,login
6554,289,2025-07-10,login
6555,289,2025-12-15,support_ticket
6556,289,2025-07-29,login
6557,289,2026-02-10,login
6558,289,2026-01-17,login
6559,289,2025-07-29,cart_abandon
6560,289,2025-04-12,login
6561,289,2025-10-11,login
6562,289,2026-02-01,support_ticket
6563,289,2026-09-22,login
6564,289,2025-05-09,login
6565,289,2026-02-04,support_ticket
6566,289,2026-09-24,support_ticket
6567,289,2026-09-28,cart_abandon
6568,289,2025-10-17,login
6569,289,2025-12-02,login
6570,289,2025-02-11,login
6571,289,2026-05-01,login
6572,289,2026-06-28,login
6573,289,2025-04-10,cart_abandon
6574,289,2025-03-24,support_ticket
6575,289,2025-04-29,login
6576,289,2025-05-07,cart_abandon
6577,290,2025-10-28,support_ticket
6578,290,2026-05-20,login
6579,290,2025-09-14,support_ticket
6580,290,2025-09-08,support_ticket
6581,290,2025-11-16,support_ticket
6582,290,2026-05-25,login
6583,290,2025-05-21,cart_abandon
6584,290,2025-07-26,login
6585,290,2026-08-24,login
6586,290,2026-05-04,cart_abandon
6587,290,2025-03-23,login
6588,290,2026-07-12,cart_abandon
6589,290,2025-11-15,login
6590,290,2025-08-01,cart_abandon
6591,290,2026-07-07,login
6592,290,2025-08-16,login
6593,290,2025-05-04,login
6594,290,2026-09-29,support_ticket
6595,290,2025-12-03,login
6596,290,2025-12-17,support_ticket
6597,290,2025-10-29,support_ticket
6598,290,2026-01-03,support_ticket
6599,290,2026-03-12,support_ticket
6600,290,2026-09-20,login
6601,290,2025-02-01,login
6602,290,2026-05-19,login
6603,290,2026-01-09,support_ticket
6604,290,2026-02-02,login
6605,291,2025-10-22,login
6606,291,2026-02-13,cart_abandon
6607,291,2025-10-09,login
6608,291,2025-07-20,support_ticket
6609,291,2026-05-14,login
6610,291,2025-04-18,login
6611,291,2025-12-24,login
6612,291,2025-10-09,login
6613,291,2025-12-20,support_ticket
6614,291,2025-08-19,login
6615,291,2026-02-09,login
6616,291,2025-07-11,login
6617,291,2026-07-06,support_ticket
6618,291,2025-03-05,cart_abandon
6619,291,2025-03-29,login
6620,291,2026-04-03,login
6621,291,2025-11-25,login
6622,291,2026-08-19,login
6623,291,2026-04-16,login
6624,291,2026-08-22,login
6625,291,2025-05-26,cart_abandon
6626,291,2025-09-24,cart_abandon
6627,291,2025-03-11,support_ticket
6628,291,2025-02-13,login
6629,291,2025-03-19,login
6630,291,2025-12-01,support_ticket
6631,291,2025-04-11,login
6632,291,2026-08-27,support_ticket
6633,291,2025-10-07,login
6634,292,2026-07-14,login
6635,292,2025-04-17,login
6636,292,2025-08-29,login
6637,292,2026-05-08,login
6638,292,2026-09-20,cart_abandon
6639,292,2026-06-09,login
6640,292,2026-09-16,support_ticket
6641,292,2025-05-05,login
6642,292,2026-01-13,cart_abandon
6643,292,2025-07-15,cart_abandon
6644,292,2025-11-04,login
6645,292,2026-06-18,login
6646,292,2025-04-05,login
6647,292,2026-07-17,support_ticket
6648,292,2025-05-14,login
6649,292,2026-04-24,login
6650,292,2026-09-09,login
6651,293,2025-08-01,login
6652,293,2026-03-16,login
6653,293,2026-01-23,login
6654,293,2026-02-21,login
6655,293,2026-01-03,login
6656,293,2025-10-22,login
6657,293,2025-08-06,support_ticket
6658,293,2025-06-28,login
6659,293,2025-02-08,login
6660,293,2025-10-19,cart_abandon
6661,293,2025-11-16,support_ticket
6662,293,2025-09-07,login
6663,293,2026-05-02,login
6664,293,2025-03-18,support_ticket
6665,293,2025-02-23,login
6666,293,2025-12-19,login
6667,293,2025-08-14,support_ticket
6668,293,2026-06-11,login
6669,293,2025-12-14,cart_abandon
6670,293,2026-02-02,cart_abandon
6671,293,2025-04-10,login
6672,293,2026-06-23,cart_abandon
6673,293,2026-08-28,login
6674,293,2026-05-19,login
6675,293,2026-05-31,login
6676,293,2026-05-18,login
6677,293,2025-09-04,login
6678,293,2026-02-17,cart_abandon
6679,294,2025-06-25,login
6680,294,2026-07-06,login
6681,294,2026-02-01,login
6682,294,2025-05-15,cart_abandon
6683,294,2025-11-08,login
6684,294,2026-09-28,login
6685,294,2025-08-08,login
6686,294,2025-09-21,login
6687,294,2026-08-28,login
6688,294,2025-05-01,login
6689,294,2025-05-10,support_ticket
6690,294,2026-06-28,login
6691,294,2026-03-25,support_ticket
6692,294,2025-10-21,login
6693,294,2026-04-03,login
6694,294,2026-07-23,cart_abandon
6695,294,2025-07-09,support_ticket
6696,294,2025-04-26,login
6697,294,2026-01-23,login
6698,294,2026-06-09,login
6699,294,2025-10-01,login
6700,294,2026-05-16,login
6701,294,2025-08-14,support_ticket
6702,295,2026-01-15,login
6703,295,2026-07-03,support_ticket
6704,295,2025-12-10,login
6705,295,2026-08-10,login
6706,295,2025-12-21,login
6707,295,2025-11-08,login
6708,295,2026-08-30,support_ticket
6709,295,2025-06-30,login
6710,295,2026-09-22,login
6711,295,2026-02-19,login
6712,295,2025-08-17,login
6713,295,2026-05-25,cart_abandon
6714,295,2026-01-23,login
6715,295,2025-12-23,login
6716,295,2025-11-28,login
6717,295,2026-04-01,login
6718,296,2025-06-09,login
6719,296,2025-02-20,login
6720,296,2025-02-20,support_ticket
6721,296,2025-06-21,support_ticket
6722,296,2025-06-20,support_ticket
6723,296,2025-03-29,login
6724,296,2025-10-07,login
6725,296,2025-11-04,cart_abandon
6726,296,2025-05-12,support_ticket
6727,296,2025-12-26,login
6728,296,2025-03-20,login
6729,296,2026-04-08,login
6730,297,2025-09-20,login
6731,297,2025-04-19,login
6732,297,2025-02-20,login
6733,297,2025-10-06,login
6734,297,2026-05-19,login
6735,297,2025-09-13,login
6736,298,2026-09-08,login
6737,298,2025-07-16,login
6738,298,2026-01-22,login
6739,298,2026-06-28,support_ticket
6740,298,2025-12-29,cart_abandon
6741,298,2026-06-27,login
6742,298,2025-11-27,support_ticket
6743,298,2026-05-25,login
6744,298,2025-06-15,support_ticket
6745,298,2025-05-09,login
6746,298,2025-10-03,login
6747,298,2026-03-29,cart_abandon
6748,298,2025-03-06,login
6749,298,2026-08-16,login
6750,298,2025-08-23,login
6751,298,2025-10-17,login
6752,298,2025-03-31,login
6753,298,2025-12-28,support_ticket
6754,298,2025-10-24,login
6755,298,2025-08-06,login
6756,298,2026-08-24,login
6757,298,2026-05-22,support_ticket
6758,298,2026-08-30,login
6759,298,2026-07-24,support_ticket
6760,298,2025-09-28,login
6761,298,2026-07-29,login
6762,298,2025-07-29,support_ticket
6763,298,2026-03-27,login
6764,298,2026-01-09,cart_abandon
6765,298,2026-05-27,support_ticket
6766,298,2025-04-12,login
6767,299,2026-04-21,login
6768,299,2025-07-14,login
6769,299,2025-07-11,cart_abandon
6770,299,2025-05-26,login
6771,299,2025-11-14,login
6772,299,2025-09-14,login
6773,299,2026-02-19,login
6774,299,2026-07-16,support_ticket
6775,299,2025-06-28,login
6776,300,2025-03-17,login
6777,300,2025-06-12,cart_abandon
6778,300,2025-12-24,login
6779,300,2026-04-16,support_ticket
6780,300,2025-06-07,login
6781,300,2025-06-14,login
6782,300,2026-09-05,cart_abandon
6783,300,2025-02-04,cart_abandon
6784,300,2026-07-18,login
6785,300,2025-08-23,support_ticket
6786,300,2026-07-01,login
6787,300,2026-07-18,login
6788,300,2025-11-24,cart_abandon
6789,300,2026-08-28,login
6790,300,2026-05-19,login
6791,300,2025-08-07,login
6792,300,2025-05-24,support_ticket
6793,300,2026-06-30,support_ticket
6794,300,2026-02-03,login
6795,300,2025-03-24,support_ticket
6796,300,2025-09-19,login
6797,300,2026-03-07,cart_abandon
6798,300,2026-09-17,cart_abandon
6799,300,2025-04-19,login
6800,300,2026-07-21,login
6801,300,2026-01-02,login
6802,300,2026-06-12,support_ticket
6803,300,2025-12-25,cart_abandon
6804,300,2025-06-02,login
6805,301,2026-06-26,login
6806,301,2026-09-10,cart_abandon
6807,301,2026-02-04,login
6808,301,2025-09-24,login
6809,301,2025-06-14,login
6810,301,2026-08-20,login
6811,301,2026-02-06,login
6812,301,2026-03-09,cart_abandon
6813,301,2025-02-17,login
6814,301,2025-09-17,login
6815,301,2025-04-10,login
6816,301,2026-07-21,support_ticket
6817,301,2026-06-04,login
6818,301,2025-06-03,cart_abandon
6819,301,2026-02-24,login
6820,301,2025-02-25,login
6821,301,2025-08-15,cart_abandon
6822,301,2025-03-11,login
6823,301,2026-01-03,support_ticket
6824,302,2025-05-19,login
6825,302,2025-11-18,cart_abandon
6826,302,2026-02-24,login
6827,302,2026-09-24,cart_abandon
6828,302,2025-11-01,support_ticket
6829,302,2026-03-22,login
6830,302,2026-02-07,login
6831,302,2025-11-18,login
6832,302,2025-09-15,support_ticket
6833,302,2025-11-23,support_ticket
6834,302,2026-04-13,login
6835,302,2026-09-05,support_ticket
6836,302,2025-08-07,login
6837,302,2025-11-14,login
6838,302,2025-04-30,login
6839,302,2026-06-28,login
6840,302,2025-03-20,cart_abandon
6841,302,2026-03-04,login
6842,302,2025-03-07,login
6843,302,2026-09-25,login
6844,302,2025-12-19,login
6845,302,2025-09-30,login
6846,302,2025-03-01,cart_abandon
6847,302,2026-06-20,login
6848,303,2026-09-17,support_ticket
6849,303,2026-09-19,support_ticket
6850,303,2025-05-13,cart_abandon
6851,303,2025-12-03,login
6852,303,2025-04-20,support_ticket
6853,303,2026-03-05,login
6854,303,2025-09-08,cart_abandon
6855,303,2026-09-01,login
6856,303,2025-05-17,support_ticket
6857,303,2025-06-15,login
6858,303,2026-04-20,login
6859,303,2026-01-16,support_ticket
6860,303,2025-09-13,login
6861,303,2026-09-05,support_ticket
6862,303,2025-04-24,login
6863,303,2026-07-07,login
6864,303,2026-02-23,support_ticket
6865,303,2025-09-26,login
6866,303,2025-05-14,login
6867,304,2025-10-08,login
6868,304,2025-11-11,login
6869,304,2026-09-14,support_ticket
6870,304,2025-02-16,support_ticket
6871,304,2025-05-16,login
6872,304,2026-07-10,login
6873,304,2026-05-19,login
6874,304,2026-05-20,login
6875,304,2025-09-10,login
6876,305,2026-05-18,cart_abandon
6877,305,2025-11-29,support_ticket
6878,305,2026-03-07,cart_abandon
6879,305,2026-04-15,login
6880,305,2026-02-03,login
6881,305,2025-03-28,support_ticket
6882,305,2025-04-17,cart_abandon
6883,305,2025-09-07,login
6884,306,2025-06-01,support_ticket
6885,306,2025-10-12,cart_abandon
6886,306,2026-06-29,login
6887,306,2026-04-16,login
6888,306,2025-09-20,cart_abandon
6889,306,2026-01-16,login
6890,306,2025-06-25,login
6891,306,2026-01-03,login
6892,306,2026-04-29,cart_abandon
6893,307,2025-03-28,login
6894,307,2025-11-06,login
6895,307,2026-05-17,login
6896,307,2025-06-19,login
6897,307,2026-01-28,support_ticket
6898,307,2025-05-08,login
6899,307,2026-01-18,cart_abandon
6900,307,2026-06-15,login
6901,307,2025-05-12,cart_abandon
6902,307,2025-12-16,login
6903,307,2026-08-08,login
6904,307,2025-12-30,login
6905,307,2026-01-31,support_ticket
6906,307,2026-04-01,login
6907,307,2025-12-14,login
6908,307,2025-05-23,support_ticket
6909,307,2026-03-26,login
6910,307,2025-04-07,login
6911,307,2025-04-05,login
6912,307,2025-07-23,cart_abandon
6913,307,2026-05-07,cart_abandon
6914,307,2025-04-18,cart_abandon
6915,307,2025-12-18,login
6916,307,2026-02-04,login
6917,307,2026-01-06,support_ticket
6918,307,2025-10-02,login
6919,307,2026-05-15,cart_abandon
6920,307,2025-02-15,cart_abandon
6921,308,2026-05-11,cart_abandon
6922,308,2025-11-05,support_ticket
6923,308,2026-05-11,login
6924,308,2026-03-03,support_ticket
6925,308,2025-07-10,login
6926,308,2026-05-10,cart_abandon
6927,308,2026-06-26,login
6928,308,2025-07-02,login
6929,308,2026-09-06,login
6930,308,2025-11-05,login
6931,308,2025-05-16,login
6932,308,2025-09-17,login
6933,308,2025-05-21,login
6934,308,2026-04-16,login
6935,308,2026-04-23,login
6936,308,2025-03-22,login
6937,308,2025-04-01,login
6938,308,2026-08-28,login
6939,308,2026-01-16,login
6940,308,2025-12-20,support_ticket
6941,308,2025-06-27,login
6942,308,2026-09-11,login
6943,308,2025-03-09,login
6944,308,2026-02-16,login
6945,308,2026-09-06,login
6946,308,2026-03-14,login
6947,308,2026-09-10,login
6948,308,2026-06-14,login
6949,308,2025-06-07,login
6950,308,2026-04-24,login
6951,308,2026-08-11,login
6952,308,2026-03-23,cart_abandon
6953,308,2026-06-28,login
6954,308,2026-01-11,support_ticket
6955,308,2026-03-20,support_ticket
6956,308,2025-07-08,login
6957,309,2025-11-19,support_ticket
6958,309,2025-10-16,login
6959,309,2026-02-16,login
6960,309,2025-04-26,cart_abandon
6961,309,2026-06-07,login
6962,309,2025-07-08,login
6963,309,2025-03-25,login
6964,309,2026-02-18,cart_abandon
6965,309,2025-03-17,login
6966,309,2025-09-10,login
6967,309,2025-10-11,login
6968,310,2025-12-12,login
6969,310,2025-05-08,login
6970,310,2025-08-29,login
6971,310,2025-12-11,cart_abandon
6972,310,2026-01-13,login
6973,310,2026-05-08,cart_abandon
6974,310,2025-09-30,login
6975,310,2026-01-15,support_ticket
6976,310,2025-10-25,login
6977,310,2026-03-11,login
6978,310,2026-08-20,login
6979,310,2025-07-31,login
6980,310,2025-02-27,login
6981,310,2025-12-16,login
6982,310,2025-05-25,login
6983,310,2026-04-14,login
6984,310,2025-02-13,login
6985,310,2026-04-10,support_ticket
6986,310,2025-08-24,login
6987,310,2025-02-21,cart_abandon
6988,310,2025-03-28,cart_abandon
6989,310,2026-04-05,login
6990,310,2025-10-05,cart_abandon
6991,310,2026-06-27,login
6992,310,2025-12-19,login
6993,310,2025-12-25,support_ticket
6994,311,2025-08-06,login
6995,311,2026-01-31,login
6996,311,2025-09-14,support_ticket
6997,311,2025-04-16,cart_abandon
6998,311,2025-09-10,support_ticket
6999,311,2025-12-19,login
7000,311,2025-08-23,login
7001,311,2026-01-21,login
7002,311,2025-12-16,support_ticket
7003,312,2026-01-10,login
7004,312,2025-03-04,cart_abandon
7005,312,2026-01-24,login
7006,312,2026-05-25,login
7007,312,2026-07-13,login
7008,312,2026-06-30,login
7009,312,2026-09-24,login
7010,312,2025-04-17,login
7011,312,2026-02-03,login
7012,312,2026-06-17,cart_abandon
7013,312,2025-06-10,login
7014,312,2026-01-28,login
7015,312,2026-04-06,login
7016,312,2025-05-27,support_ticket
7017,312,2026-04-13,login
7018,312,2025-06-05,login
7019,312,2025-02-26,login
7020,312,2025-10-24,login
7021,312,2025-04-15,cart_abandon
7022,312,2025-08-14,support_ticket
7023,312,2026-05-31,login
7024,312,2025-04-03,login
7025,313,2025-07-19,support_ticket
7026,313,2025-06-16,cart_abandon
7027,313,2025-11-22,login
7028,313,2025-05-01,support_ticket
7029,313,2026-09-11,support_ticket
7030,313,2026-03-08,login
7031,313,2026-08-24,login
7032,313,2026-04-28,support_ticket
7033,313,2025-11-29,cart_abandon
7034,313,2025-07-16,support_ticket
7035,313,2025-11-24,login
7036,313,2025-05-28,login
7037,313,2025-06-20,login
7038,313,2025-10-07,support_ticket
7039,313,2025-05-09,login
7040,313,2025-10-28,login
7041,313,2025-12-13,login
7042,313,2025-04-05,cart_abandon
7043,313,2026-03-27,login
7044,313,2026-01-15,support_ticket
7045,313,2026-06-08,support_ticket
7046,313,2025-08-11,login
7047,313,2026-01-19,support_ticket
7048,313,2025-12-11,login
7049,313,2025-11-18,login
7050,313,2025-04-19,login
7051,313,2025-11-05,cart_abandon
7052,313,2025-07-17,login
7053,314,2026-03-05,login
7054,314,2026-09-07,login
7055,314,2025-07-23,cart_abandon
7056,314,2026-06-30,login
7057,314,2026-09-18,login
7058,314,2025-10-06,support_ticket
7059,314,2026-08-30,login
7060,314,2026-07-22,cart_abandon
7061,314,2026-06-25,login
7062,314,2026-02-10,login
7063,314,2026-05-01,cart_abandon
7064,314,2025-02-28,login
7065,314,2025-02-25,login
7066,314,2026-04-10,support_ticket
7067,314,2025-02-16,cart_abandon
7068,314,2025-11-20,login
7069,314,2026-09-28,login
7070,314,2026-05-25,login
7071,314,2026-06-08,login
7072,315,2026-07-28,login
7073,315,2026-07-26,login
7074,315,2026-06-19,cart_abandon
7075,315,2026-08-07,login
7076,315,2025-09-15,support_ticket
7077,315,2025-11-14,login
7078,315,2025-04-14,login
7079,315,2026-08-22,login
7080,315,2025-11-13,login
7081,315,2026-05-14,login
7082,315,2026-04-24,cart_abandon
7083,315,2025-08-14,login
7084,315,2025-09-26,login
7085,315,2026-09-25,login
7086,315,2026-07-25,login
7087,315,2025-06-09,login
7088,315,2026-06-05,login
7089,315,2025-02-01,support_ticket
7090,315,2025-05-18,login
7091,315,2025-10-23,login
7092,315,2026-03-04,support_ticket
7093,315,2025-12-17,support_ticket
7094,315,2026-07-28,login
7095,315,2026-06-23,login
7096,315,2026-09-20,cart_abandon
7097,315,2026-06-19,login
7098,315,2025-10-29,support_ticket
7099,315,2025-11-26,cart_abandon
7100,315,2025-06-21,login
7101,315,2025-10-17,support_ticket
7102,315,2026-03-17,login
7103,315,2026-04-07,login
7104,315,2025-02-07,support_ticket
7105,315,2026-01-02,support_ticket
7106,315,2025-09-19,login
7107,315,2025-05-06,support_ticket
7108,315,2026-04-16,login
7109,315,2025-04-12,login
7110,316,2025-08-25,support_ticket
7111,316,2026-06-21,support_ticket
7112,316,2025-03-06,login
7113,316,2025-11-15,cart_abandon
7114,316,2025-12-05,login
7115,316,2025-08-29,login
7116,316,2026-06-01,cart_abandon
7117,316,2025-04-25,login
7118,316,2025-02-20,login
7119,316,2025-03-25,login
7120,316,2025-10-06,login
7121,316,2026-03-16,login
7122,316,2025-03-09,support_ticket
7123,316,2025-05-15,login
7124,316,2025-11-02,cart_abandon
7125,316,2026-02-28,login
7126,316,2026-03-11,login
7127,316,2025-04-03,login
7128,316,2025-11-24,cart_abandon
7129,316,2025-06-29,cart_abandon
7130,316,2026-01-24,support_ticket
7131,316,2025-04-06,login
7132,316,2026-09-23,login
7133,316,2026-05-21,support_ticket
7134,316,2026-04-24,login
7135,316,2026-02-22,login
7136,316,2025-04-19,login
7137,317,2026-08-03,support_ticket
7138,317,2025-09-09,login
7139,317,2025-04-28,login
7140,317,2025-05-09,cart_abandon
7141,317,2026-06-18,login
7142,317,2025-03-10,cart_abandon
7143,317,2025-10-11,login
7144,317,2025-07-28,login
7145,317,2026-07-12,login
7146,317,2026-01-11,login
7147,317,2026-03-26,support_ticket
7148,317,2025-11-30,login
7149,317,2026-05-04,login
7150,317,2025-02-17,cart_abandon
7151,317,2026-05-31,login
7152,317,2025-03-16,login
7153,317,2026-05-25,cart_abandon
7154,317,2026-03-25,login
7155,317,2026-03-23,support_ticket
7156,317,2025-12-10,support_ticket
7157,317,2026-04-15,login
7158,317,2025-02-06,support_ticket
7159,317,2026-04-25,login
7160,317,2026-08-11,cart_abandon
7161,317,2025-06-07,login
7162,317,2025-12-28,cart_abandon
7163,317,2025-11-06,login
7164,317,2026-06-09,login
7165,317,2026-06-07,login
7166,317,2026-03-10,support_ticket
7167,317,2026-09-13,login
7168,317,2026-01-09,cart_abandon
7169,317,2026-08-14,support_ticket
7170,317,2025-09-09,login
7171,317,2025-04-19,support_ticket
7172,318,2026-08-08,login
7173,318,2025-09-14,login
7174,318,2025-11-07,login
7175,318,2025-06-18,login
7176,318,2026-02-25,login
7177,318,2025-02-18,login
7178,319,2026-02-03,login
7179,319,2026-07-28,login
7180,319,2025-10-18,login
7181,319,2025-11-28,login
7182,319,2025-02-04,login
7183,319,2026-09-06,login
7184,319,2026-09-03,cart_abandon
7185,319,2026-06-07,login
7186,319,2026-05-28,login
7187,319,2025-02-12,login
7188,319,2026-09-10,login
7189,319,2025-12-07,login
7190,319,2025-09-29,support_ticket
7191,319,2025-12-23,login
7192,319,2025-04-07,support_ticket
7193,319,2025-05-30,login
7194,319,2026-08-16,login
7195,319,2025-05-03,login
7196,319,2026-08-05,login
7197,319,2026-01-30,login
7198,319,2026-04-09,login
7199,319,2025-12-18,support_ticket
7200,319,2026-04-12,login
7201,319,2026-09-18,login
7202,319,2025-05-08,login
7203,319,2026-05-26,login
7204,319,2026-04-19,login
7205,320,2025-05-21,login
7206,320,2025-04-09,login
7207,320,2025-12-19,login
7208,320,2026-01-28,support_ticket
7209,320,2026-08-05,cart_abandon
7210,320,2025-06-27,login
7211,320,2026-01-20,login
7212,320,2025-02-11,login
7213,320,2026-09-23,login
7214,320,2026-02-16,login
7215,320,2025-12-28,login
7216,320,2025-05-20,login
7217,320,2026-07-08,login
7218,320,2025-08-24,support_ticket
7219,320,2025-06-27,login
7220,320,2026-04-18,login
7221,320,2026-07-15,login
7222,320,2025-02-16,login
7223,320,2026-05-02,cart_abandon
7224,320,2025-10-01,support_ticket
7225,320,2025-09-22,login
7226,320,2025-03-20,login
7227,320,2026-06-14,login
7228,320,2025-04-25,login
7229,320,2026-05-17,login
7230,320,2025-03-09,login
7231,320,2025-09-26,cart_abandon
7232,320,2025-02-12,login
7233,320,2026-06-27,login
7234,320,2025-08-23,login
7235,320,2025-11-19,login
7236,320,2025-10-13,login
7237,320,2025-03-19,login
7238,320,2025-08-15,login
7239,320,2026-09-11,login
7240,320,2026-02-10,cart_abandon
7241,320,2025-04-11,cart_abandon
7242,321,2025-12-21,login
7243,321,2025-10-28,login
7244,321,2025-12-14,login
7245,321,2025-06-11,login
7246,321,2025-07-28,login
7247,321,2025-03-14,support_ticket
7248,321,2025-10-18,login
7249,321,2025-11-09,login
7250,321,2025-04-25,cart_abandon
7251,321,2026-08-12,login
7252,321,2026-04-26,login
7253,321,2025-05-24,login
7254,321,2025-05-18,login
7255,321,2026-05-22,support_ticket
7256,321,2026-04-22,cart_abandon
7257,321,2025-09-07,login
7258,321,2026-07-28,login
7259,321,2025-10-11,login
7260,321,2025-07-20,login
7261,321,2026-07-27,cart_abandon
7262,321,2026-07-14,login
7263,322,2025-07-10,login
7264,322,2025-07-29,support_ticket
7265,322,2025-10-19,login
7266,322,2025-03-21,login
7267,322,2025-08-02,cart_abandon
7268,322,2026-04-28,support_ticket
7269,322,2025-03-22,login
7270,322,2025-08-13,login
7271,322,2026-07-17,login
7272,322,2026-08-14,cart_abandon
7273,322,2026-08-11,support_ticket
7274,322,2026-06-09,support_ticket
7275,322,2026-02-27,login
7276,322,2025-08-25,login
7277,322,2025-11-23,support_ticket
7278,322,2025-05-22,login
7279,322,2025-11-03,cart_abandon
7280,322,2026-07-22,login
7281,323,2025-06-13,login
7282,323,2025-08-31,login
7283,323,2025-04-14,support_ticket
7284,323,2026-09-21,login
7285,323,2026-04-14,support_ticket
7286,323,2026-03-09,cart_abandon
7287,323,2026-02-03,support_ticket
7288,323,2025-02-22,login
7289,323,2026-04-14,support_ticket
7290,323,2026-06-11,login
7291,323,2025-08-05,login
7292,323,2026-05-22,login
7293,323,2025-08-20,login
7294,323,2025-06-14,login
7295,323,2026-06-02,cart_abandon
7296,323,2026-04-09,login
7297,323,2026-06-13,support_ticket
7298,323,2025-03-26,login
7299,323,2026-01-16,cart_abandon
7300,323,2025-03-25,login
7301,323,2026-08-17,support_ticket
7302,323,2026-04-03,cart_abandon
7303,323,2025-03-20,login
7304,323,2026-09-27,support_ticket
7305,323,2025-05-12,login
7306,323,2025-06-22,support_ticket
7307,323,2025-03-09,support_ticket
7308,323,2025-10-21,support_ticket
7309,323,2025-11-20,login
7310,323,2026-09-06,login
7311,324,2025-09-30,login
7312,324,2025-06-20,cart_abandon
7313,324,2026-07-19,login
7314,324,2026-06-17,login
7315,324,2026-03-14,cart_abandon
7316,324,2026-07-23,login
7317,324,2026-09-27,login
7318,324,2025-11-10,login
7319,324,2025-07-12,login
7320,324,2025-07-28,support_ticket
7321,324,2025-11-22,login
7322,324,2026-08-07,login
7323,324,2025-02-25,login
7324,324,2025-05-04,login
7325,324,2026-01-31,login
7326,324,2026-09-15,support_ticket
7327,325,2025-08-12,login
7328,325,2026-07-15,cart_abandon
7329,325,2026-07-14,login
7330,325,2025-07-18,login
7331,325,2026-08-07,support_ticket
7332,325,2026-07-06,login
7333,325,2025-02-10,support_ticket
7334,325,2026-05-06,support_ticket
7335,326,2025-09-10,cart_abandon
7336,326,2025-08-01,login
7337,326,2026-04-14,login
7338,326,2025-06-22,login
7339,326,2026-05-02,login
7340,326,2025-04-13,login
7341,326,2025-08-20,login
7342,326,2026-01-21,support_ticket
7343,326,2025-04-01,login
7344,326,2025-07-24,login
7345,326,2025-03-13,cart_abandon
7346,326,2026-08-24,login
7347,326,2025-08-03,login
7348,326,2026-08-28,cart_abandon
7349,326,2025-11-16,login
7350,326,2025-02-17,login
7351,326,2025-10-23,login
7352,326,2026-06-03,login
7353,326,2025-04-10,cart_abandon
7354,326,2026-01-21,login
7355,326,2026-08-13,login
7356,326,2026-04-20,cart_abandon
7357,326,2025-06-03,login
7358,326,2025-03-06,login
7359,326,2026-07-31,login
7360,326,2025-06-18,login
7361,326,2025-08-31,login
7362,326,2025-06-09,login
7363,326,2025-06-01,cart_abandon
7364,326,2025-02-01,login
7365,326,2025-08-18,login
7366,326,2025-04-25,support_ticket
7367,326,2026-02-11,cart_abandon
7368,326,2026-06-07,login
7369,327,2025-12-14,login
7370,327,2025-04-09,login
7371,327,2026-05-29,login
7372,327,2026-06-02,support_ticket
7373,327,2025-02-19,login
7374,327,2026-04-04,login
7375,327,2026-06-26,support_ticket
7376,327,2026-05-14,login
7377,327,2025-04-23,support_ticket
7378,327,2025-05-13,login
7379,327,2025-09-23,login
7380,327,2026-02-03,login
7381,327,2025-07-30,login
7382,327,2025-08-24,login
7383,327,2025-02-26,login
7384,327,2025-03-05,support_ticket
7385,327,2025-05-19,login
7386,327,2025-09-05,support_ticket
7387,327,2026-08-15,login
7388,328,2026-07-06,login
7389,328,2025-07-21,login
7390,328,2026-01-12,login
7391,328,2025-12-20,login
7392,328,2025-04-26,login
7393,329,2025-10-28,login
7394,329,2026-02-27,login
7395,329,2025-05-06,support_ticket
7396,329,2026-08-22,login
7397,329,2025-07-05,login
7398,329,2026-06-02,login
7399,329,2026-08-21,login
7400,329,2025-07-02,login
7401,329,2026-06-25,support_ticket
7402,329,2026-05-06,cart_abandon
7403,329,2026-03-06,login
7404,329,2025-10-18,login
7405,329,2025-07-11,login
7406,329,2025-06-03,cart_abandon
7407,329,2025-12-08,support_ticket
7408,329,2025-11-06,login
7409,329,2026-05-16,cart_abandon
7410,329,2026-09-12,login
7411,329,2026-04-22,login
7412,329,2025-12-29,login
7413,329,2025-10-04,login
7414,329,2026-03-27,login
7415,329,2025-07-23,login
7416,329,2026-07-12,login
7417,329,2026-08-10,support_ticket
7418,330,2025-03-12,cart_abandon
7419,330,2025-03-27,cart_abandon
7420,330,2026-05-10,login
7421,330,2026-04-26,login
7422,330,2026-02-20,login
7423,330,2025-07-01,login
7424,330,2026-05-01,login
7425,331,2026-07-16,login
7426,331,2026-07-01,login
7427,331,2026-04-13,login
7428,331,2025-06-29,login
7429,331,2025-07-28,support_ticket
7430,331,2026-04-15,login
7431,331,2026-07-16,login
7432,331,2026-03-22,login
7433,331,2026-06-23,login
7434,331,2025-08-19,support_ticket
7435,331,2025-11-18,login
7436,331,2026-01-06,cart_abandon
7437,331,2025-03-15,cart_abandon
7438,331,2025-07-09,login
7439,331,2026-03-03,cart_abandon
7440,331,2025-09-15,support_ticket
7441,331,2026-02-26,login
7442,331,2025-11-02,support_ticket
7443,331,2025-06-19,login
7444,331,2026-07-08,login
7445,331,2025-07-26,support_ticket
7446,331,2026-05-01,support_ticket
7447,331,2025-07-14,login
7448,331,2025-09-06,cart_abandon
7449,331,2026-02-14,cart_abandon
7450,332,2026-07-16,login
7451,332,2025-09-07,login
7452,332,2025-11-07,login
7453,332,2025-11-14,login
7454,332,2026-01-01,login
7455,332,2025-08-31,login
7456,332,2025-10-08,login
7457,333,2025-06-17,login
7458,333,2026-02-05,cart_abandon
7459,333,2025-04-13,login
7460,333,2026-08-02,login
7461,333,2026-06-23,cart_abandon
7462,333,2026-07-03,cart_abandon
7463,333,2026-04-13,cart_abandon
7464,333,2025-09-07,login
7465,333,2026-04-01,login
7466,333,2026-01-21,cart_abandon
7467,333,2025-08-25,cart_abandon
7468,333,2026-05-14,login
7469,333,2025-08-10,login
7470,333,2025-05-11,login
7471,333,2026-03-18,login
7472,333,2025-02-19,login
7473,333,2026-07-18,support_ticket
7474,333,2025-12-04,login
7475,333,2026-03-25,login
7476,333,2025-09-05,login
7477,333,2025-03-14,cart_abandon
7478,333,2025-09-07,login
7479,333,2025-04-13,login
7480,333,2026-01-17,login
7481,333,2025-07-21,login
7482,333,2025-05-23,support_ticket
7483,333,2025-10-07,login
7484,333,2026-03-19,login
7485,333,2026-02-08,login
7486,334,2025-11-13,support_ticket
7487,334,2025-12-19,login
7488,334,2026-09-01,login
7489,334,2026-06-13,login
7490,334,2026-02-21,support_ticket
7491,334,2025-12-02,cart_abandon
7492,334,2025-07-18,login
7493,334,2026-06-03,support_ticket
7494,334,2025-05-04,login
7495,334,2026-01-28,support_ticket
7496,334,2026-04-13,login
7497,334,2026-04-21,login
7498,334,2025-07-15,login
7499,334,2026-02-02,login
7500,334,2026-03-11,login
7501,334,2025-05-14,support_ticket
7502,334,2026-05-06,login
7503,334,2025-02-13,login
7504,334,2025-07-15,login
7505,334,2025-02-07,support_ticket
7506,334,2026-06-10,cart_abandon
7507,334,2026-02-15,support_ticket
7508,334,2025-06-21,cart_abandon
7509,334,2026-09-02,login
7510,334,2025-05-12,login
7511,334,2026-03-27,login
7512,334,2026-02-03,login
7513,334,2025-03-06,support_ticket
7514,334,2025-12-18,cart_abandon
7515,334,2026-06-15,cart_abandon
7516,334,2026-05-02,login
7517,334,2025-08-05,login
7518,335,2025-09-18,cart_abandon
7519,335,2026-07-02,login
7520,335,2025-12-19,login
7521,335,2025-10-20,login
7522,335,2026-07-09,login
7523,335,2025-04-22,login
7524,335,2025-02-22,cart_abandon
7525,335,2025-02-26,login
7526,335,2025-07-04,login
7527,335,2026-06-27,login
7528,335,2026-09-28,cart_abandon
7529,335,2025-07-26,login
7530,335,2026-05-02,login
7531,335,2026-03-31,login
7532,335,2025-09-12,login
7533,335,2025-02-02,login
7534,335,2025-06-27,login
7535,335,2026-07-06,login
7536,335,2025-08-06,cart_abandon
7537,335,2025-02-09,login
7538,335,2026-03-17,login
7539,335,2026-02-26,cart_abandon
7540,335,2026-07-18,support_ticket
7541,335,2025-04-29,support_ticket
7542,335,2026-09-18,login
7543,335,2025-02-22,login
7544,335,2026-03-20,login
7545,335,2025-03-27,login
7546,335,2025-07-17,support_ticket
7547,335,2025-05-07,login
7548,335,2026-06-12,login
7549,335,2026-02-23,login
7550,335,2026-02-23,cart_abandon
7551,335,2025-11-26,login
7552,336,2026-02-25,support_ticket
7553,336,2026-03-21,login
7554,336,2026-02-12,login
7555,336,2026-05-27,support_ticket
7556,336,2026-01-25,support_ticket
7557,336,2025-02-16,login
7558,336,2026-03-28,support_ticket
7559,336,2025-12-14,cart_abandon
7560,336,2026-02-02,support_ticket
7561,336,2025-02-10,login
7562,336,2025-10-19,login
7563,336,2026-04-09,login
7564,336,2025-08-24,login
7565,336,2025-07-13,support_ticket
7566,336,2025-03-26,login
7567,336,2026-01-12,login
7568,336,2026-05-04,support_ticket
7569,336,2026-07-15,support_ticket
7570,336,2026-04-25,login
7571,336,2025-06-05,login
7572,336,2026-09-06,support_ticket
7573,336,2026-03-23,login
7574,336,2025-11-24,login
7575,336,2025-08-14,login
7576,336,2025-11-12,login
7577,336,2026-03-14,cart_abandon
7578,336,2025-05-08,login
7579,336,2026-01-27,support_ticket
7580,336,2025-05-17,login
7581,336,2026-04-05,login
7582,336,2026-04-14,login
7583,337,2025-06-04,support_ticket
7584,337,2025-04-10,support_ticket
7585,337,2026-05-04,login
7586,337,2025-06-22,login
7587,337,2026-06-03,login
7588,337,2025-03-29,support_ticket
7589,337,2025-07-15,cart_abandon
7590,337,2025-12-14,support_ticket
7591,337,2025-07-04,login
7592,337,2025-09-13,login
7593,337,2025-07-16,support_ticket
7594,337,2026-06-12,login
7595,337,2025-07-23,cart_abandon
7596,337,2026-03-19,support_ticket
7597,337,2026-01-23,login
7598,337,2025-02-15,support_ticket
7599,337,2025-12-10,login
7600,337,2026-07-04,login
7601,337,2025-08-09,cart_abandon
7602,337,2026-06-26,cart_abandon
7603,337,2025-09-27,support_ticket
7604,337,2025-11-09,login
7605,337,2025-11-21,login
7606,337,2026-02-21,login
7607,337,2026-02-08,login
7608,337,2026-07-19,cart_abandon
7609,338,2025-03-30,login
7610,338,2025-09-09,login
7611,338,2026-03-09,login
7612,338,2025-04-25,support_ticket
7613,338,2025-06-11,login
7614,338,2026-02-12,support_ticket
7615,338,2025-07-26,support_ticket
7616,338,2025-02-03,login
7617,338,2025-10-01,cart_abandon
7618,338,2026-07-13,support_ticket
7619,338,2026-05-15,login
7620,338,2025-02-12,support_ticket
7621,338,2026-09-19,login
7622,339,2025-05-31,login
7623,339,2025-11-13,login
7624,339,2025-04-27,login
7625,339,2025-02-17,login
7626,339,2026-03-09,login
7627,339,2025-05-27,cart_abandon
7628,339,2025-11-11,login
7629,339,2026-01-04,support_ticket
7630,339,2025-07-01,login
7631,339,2026-02-15,login
7632,339,2026-01-14,login
7633,339,2025-07-04,login
7634,339,2026-03-17,login
7635,339,2026-08-10,login
7636,339,2025-03-09,login
7637,339,2026-02-23,login
7638,339,2026-07-03,support_ticket
7639,339,2026-07-10,support_ticket
7640,339,2025-02-27,login
7641,339,2025-11-13,login
7642,339,2025-02-05,login
7643,339,2026-01-30,login
7644,339,2026-04-01,login
7645,339,2025-04-25,login
7646,340,2025-02-03,login
7647,340,2025-05-11,login
7648,340,2025-11-16,login
7649,340,2026-05-24,support_ticket
7650,340,2025-12-15,login
7651,340,2026-08-31,login
7652,340,2025-08-09,login
7653,340,2026-02-22,login
7654,340,2025-08-24,login
7655,340,2025-07-16,support_ticket
7656,340,2026-06-11,login
7657,340,2025-07-13,cart_abandon
7658,340,2025-10-30,login
7659,340,2025-12-08,support_ticket
7660,340,2026-09-25,login
7661,340,2025-07-16,login
7662,340,2025-06-19,support_ticket
7663,340,2025-12-18,login
7664,340,2025-08-05,login
7665,340,2026-01-11,support_ticket
7666,340,2026-06-16,login
7667,340,2025-11-05,login
7668,340,2025-08-25,support_ticket
7669,340,2026-03-17,login
7670,340,2026-04-09,support_ticket
7671,340,2026-09-24,login
7672,340,2025-10-22,cart_abandon
7673,340,2026-03-23,support_ticket
7674,340,2025-12-17,login
7675,340,2026-06-06,login
7676,340,2026-01-23,login
7677,340,2026-02-09,support_ticket
7678,340,2025-05-01,login
7679,340,2026-01-30,login
7680,340,2025-08-02,login
7681,340,2025-07-12,login
7682,341,2026-05-26,login
7683,341,2026-03-17,login
7684,341,2026-01-17,login
7685,341,2025-04-27,cart_abandon
7686,341,2025-11-09,cart_abandon
7687,341,2025-11-07,login
7688,341,2025-04-07,support_ticket
7689,341,2026-04-23,login
7690,341,2025-05-15,login
7691,341,2026-03-09,support_ticket
7692,341,2026-01-06,login
7693,341,2025-11-30,login
7694,341,2025-07-24,cart_abandon
7695,341,2025-05-26,login
7696,341,2025-03-24,login
7697,341,2025-09-27,login
7698,341,2026-04-06,cart_abandon
7699,341,2026-04-25,login
7700,341,2026-07-17,login
7701,341,2025-07-18,login
7702,341,2025-05-22,cart_abandon
7703,341,2026-02-10,login
7704,341,2025-10-29,login
7705,341,2025-09-24,login
7706,341,2026-05-17,login
7707,342,2026-03-24,login
7708,342,2025-07-12,login
7709,342,2026-02-11,login
7710,342,2026-04-06,login
7711,342,2026-08-16,login
7712,342,2026-09-05,login
7713,342,2025-10-11,login
7714,342,2026-08-22,support_ticket
7715,342,2026-08-02,cart_abandon
7716,342,2025-04-08,login
7717,342,2025-09-27,cart_abandon
7718,342,2025-09-27,login
7719,342,2025-03-18,login
7720,342,2025-07-10,login
7721,342,2026-01-15,login
7722,342,2025-07-17,login
7723,342,2025-05-06,support_ticket
7724,342,2026-08-13,cart_abandon
7725,342,2026-02-23,login
7726,342,2025-12-08,login
7727,342,2025-03-02,login
7728,342,2025-09-14,support_ticket
7729,342,2025-07-26,login
7730,342,2026-03-20,login
7731,342,2025-07-30,login
7732,342,2025-06-17,login
7733,342,2026-04-07,login
7734,343,2026-03-29,support_ticket
7735,343,2025-10-08,cart_abandon
7736,343,2025-10-18,login
7737,343,2026-06-11,login
7738,343,2025-12-08,support_ticket
7739,343,2026-03-09,cart_abandon
7740,343,2025-11-30,login
7741,343,2025-11-05,login
7742,343,2026-07-11,login
7743,343,2025-03-26,login
7744,343,2026-07-30,login
7745,343,2025-12-06,login
7746,343,2025-05-10,login
7747,343,2026-02-08,login
7748,343,2025-05-04,login
7749,343,2025-05-25,cart_abandon
7750,343,2025-12-29,login
7751,343,2025-02-17,login
7752,343,2025-09-11,login
7753,343,2025-09-13,support_ticket
7754,343,2026-03-16,login
7755,343,2026-01-31,cart_abandon
7756,343,2026-09-18,login
7757,343,2025-04-07,login
7758,343,2025-04-11,cart_abandon
7759,343,2025-02-23,support_ticket
7760,343,2025-03-04,login
7761,343,2025-06-12,login
7762,343,2026-05-27,login
7763,343,2026-03-23,cart_abandon
7764,343,2025-09-11,login
7765,343,2025-06-06,cart_abandon
7766,343,2025-07-14,login
7767,343,2026-07-22,login
7768,343,2025-06-28,login
7769,344,2026-04-20,login
7770,344,2026-02-22,cart_abandon
7771,344,2025-05-31,login
7772,344,2025-12-11,login
7773,344,2026-04-03,login
7774,344,2026-04-18,login
7775,344,2025-05-26,login
7776,344,2026-03-11,cart_abandon
7777,344,2026-05-24,support_ticket
7778,344,2025-09-02,login
7779,344,2025-03-16,login
7780,344,2025-03-20,login
7781,344,2025-05-24,support_ticket
7782,344,2026-05-25,login
7783,344,2026-07-18,cart_abandon
7784,344,2025-11-30,login
7785,344,2026-03-23,login
7786,344,2026-08-03,login
7787,344,2025-09-15,login
7788,344,2025-12-19,cart_abandon
7789,344,2025-06-22,login
7790,344,2026-03-16,login
7791,344,2026-04-29,support_ticket
7792,344,2026-03-19,login
7793,344,2025-10-29,login
7794,344,2026-06-21,login
7795,344,2026-02-07,login
7796,344,2025-11-10,login
7797,344,2026-03-18,login
7798,344,2025-10-10,login
7799,344,2026-03-12,support_ticket
7800,344,2026-06-19,login
7801,344,2025-05-19,cart_abandon
7802,344,2026-08-27,cart_abandon
7803,344,2025-07-30,login
7804,345,2025-12-31,support_ticket
7805,345,2025-11-05,login
7806,345,2026-03-15,support_ticket
7807,345,2026-03-19,cart_abandon
7808,345,2026-06-06,cart_abandon
7809,345,2026-01-01,support_ticket
7810,346,2025-08-24,support_ticket
7811,346,2025-11-09,login
7812,346,2025-04-13,cart_abandon
7813,346,2025-10-22,login
7814,346,2025-10-18,cart_abandon
7815,347,2025-09-08,login
7816,347,2025-06-09,login
7817,347,2025-03-20,login
7818,347,2026-03-29,support_ticket
7819,347,2025-03-12,login
7820,347,2025-10-22,login
7821,347,2026-01-18,login
7822,347,2026-02-07,login
7823,347,2026-02-18,login
7824,347,2025-07-15,login
7825,347,2025-08-08,login
7826,347,2025-10-06,login
7827,347,2025-11-28,login
7828,347,2026-07-12,support_ticket
7829,347,2025-05-11,login
7830,347,2025-11-13,login
7831,347,2026-01-01,login
7832,347,2026-02-14,login
7833,347,2025-07-31,login
7834,347,2025-07-03,login
7835,347,2025-09-06,cart_abandon
7836,347,2025-08-14,login
7837,347,2026-04-20,cart_abandon
7838,347,2025-06-23,login
7839,347,2025-05-15,login
7840,347,2026-07-11,login
7841,347,2026-08-20,support_ticket
7842,347,2025-08-31,login
7843,347,2026-02-25,login
7844,347,2025-12-01,support_ticket
7845,347,2025-03-29,login
7846,347,2026-06-25,login
7847,347,2025-12-22,support_ticket
7848,347,2026-06-17,login
7849,347,2026-03-27,login
7850,347,2026-04-19,login
7851,347,2025-08-24,login
7852,347,2026-07-31,login
7853,348,2026-07-02,login
7854,348,2025-02-01,login
7855,348,2025-10-17,login
7856,348,2026-01-12,login
7857,348,2025-08-15,login
7858,348,2025-10-06,login
7859,348,2025-02-20,support_ticket
7860,348,2026-06-28,support_ticket
7861,348,2025-11-11,cart_abandon
7862,348,2026-06-27,login
7863,348,2026-04-18,support_ticket
7864,348,2026-01-27,login
7865,348,2026-02-20,cart_abandon
7866,348,2025-09-07,login
7867,348,2025-08-08,login
7868,348,2025-03-04,login
7869,348,2026-04-18,login
7870,348,2025-09-04,login
7871,348,2025-08-02,login
7872,348,2025-11-25,login
7873,348,2025-07-28,login
7874,348,2025-02-18,login
7875,348,2025-10-12,cart_abandon
7876,348,2025-04-18,login
7877,348,2025-12-11,login
7878,348,2025-06-12,login
7879,348,2026-09-09,cart_abandon
7880,348,2025-02-14,login
7881,348,2025-08-10,login
7882,349,2025-06-13,cart_abandon
7883,349,2026-08-04,login
7884,349,2025-02-26,login
7885,349,2025-05-26,login
7886,349,2026-09-28,login
7887,349,2025-12-16,support_ticket
7888,349,2026-03-16,support_ticket
7889,349,2025-02-05,login
7890,349,2026-02-26,support_ticket
7891,349,2025-02-04,login
7892,349,2025-03-28,cart_abandon
7893,349,2026-04-16,login
7894,349,2025-07-24,login
7895,349,2025-07-09,login
7896,349,2025-02-24,support_ticket
7897,349,2026-08-28,login
7898,349,2026-02-05,cart_abandon
7899,349,2026-03-24,login
7900,349,2025-04-01,support_ticket
7901,349,2025-02-09,support_ticket
7902,349,2026-07-21,login
7903,349,2025-05-09,login
7904,349,2026-03-15,login
7905,349,2026-02-01,login
7906,349,2026-02-06,login
7907,349,2026-05-20,support_ticket
7908,349,2026-06-17,login
7909,349,2026-02-23,login
7910,349,2026-09-23,support_ticket
7911,349,2025-06-04,login
7912,349,2025-09-02,cart_abandon
7913,349,2025-07-21,support_ticket
7914,350,2025-04-18,login
7915,350,2025-05-09,login
7916,350,2025-12-27,cart_abandon
7917,350,2025-03-05,login
7918,350,2026-02-22,login
7919,350,2026-03-28,login
7920,350,2025-06-15,login
7921,350,2026-03-25,support_ticket
7922,350,2026-06-20,cart_abandon
7923,350,2025-08-02,login
7924,350,2025-05-31,support_ticket
7925,350,2025-12-22,login
7926,350,2025-09-15,cart_abandon
7927,350,2025-11-12,cart_abandon
7928,350,2026-05-14,login
7929,350,2025-07-18,login
7930,350,2026-01-22,login
7931,350,2025-12-02,support_ticket
7932,350,2025-04-19,login
7933,350,2025-03-29,cart_abandon
7934,350,2026-01-19,support_ticket
7935,350,2025-06-08,login
7936,350,2025-06-01,login
7937,350,2025-03-25,login
7938,350,2025-07-08,login
7939,350,2026-09-28,cart_abandon
7940,350,2026-05-19,login
7941,350,2026-06-29,login
7942,350,2025-09-30,cart_abandon
7943,351,2026-06-30,cart_abandon
7944,351,2025-10-11,login
7945,351,2025-11-28,login
7946,351,2025-12-04,login
7947,351,2025-09-14,login
7948,351,2026-07-15,login
7949,351,2025-03-17,cart_abandon
7950,351,2026-04-25,support_ticket
7951,351,2026-04-15,login
7952,351,2025-12-27,login
7953,351,2026-04-22,login
7954,351,2025-12-05,login
7955,351,2025-09-28,cart_abandon
7956,352,2026-06-25,login
7957,352,2025-04-11,login
7958,352,2026-02-06,login
7959,352,2025-07-22,support_ticket
7960,352,2026-03-01,support_ticket
7961,352,2025-08-02,login
7962,352,2025-05-02,login
7963,352,2025-10-08,login
7964,352,2025-03-27,login
7965,352,2026-02-06,login
7966,352,2025-08-22,login
7967,352,2026-07-13,login
7968,352,2025-08-19,cart_abandon
7969,352,2025-12-24,login
7970,352,2026-07-16,login
7971,352,2026-08-24,cart_abandon
7972,352,2025-05-13,login
7973,352,2026-05-19,support_ticket
7974,352,2025-04-01,support_ticket
7975,352,2025-12-26,login
7976,352,2025-06-27,login
7977,352,2026-04-30,login
7978,352,2025-07-13,support_ticket
7979,352,2026-08-16,login
7980,352,2026-05-02,login
7981,352,2026-01-15,login
7982,352,2025-12-14,support_ticket
7983,352,2025-02-14,login
7984,352,2025-04-12,login
7985,352,2025-11-04,login
7986,352,2026-04-21,login
7987,352,2026-05-11,support_ticket
7988,352,2025-11-16,login
7989,352,2025-11-08,support_ticket
7990,352,2025-09-21,login
7991,352,2026-04-06,login
7992,352,2025-10-22,cart_abandon
7993,353,2025-10-06,cart_abandon
7994,353,2026-01-15,cart_abandon
7995,353,2026-05-18,login
7996,353,2026-01-09,login
7997,353,2025-11-17,login
7998,353,2025-12-16,login
7999,353,2025-07-14,login
8000,353,2025-04-29,login
8001,353,2026-02-20,login
8002,353,2025-03-10,login
8003,353,2025-09-07,login
8004,353,2026-05-05,login
8005,353,2026-04-29,login
8006,353,2025-08-25,login
8007,353,2026-05-08,login
8008,353,2025-05-21,login
8009,353,2026-08-12,login
8010,353,2025-09-02,support_ticket
8011,353,2026-08-16,login
8012,353,2025-04-21,login
8013,353,2025-06-19,cart_abandon
8014,353,2026-05-05,login
8015,353,2026-03-31,login
8016,353,2026-03-10,login
8017,353,2026-05-20,cart_abandon
8018,353,2026-07-23,login
8019,353,2025-10-05,login
8020,353,2026-06-21,login
8021,353,2025-11-20,login
8022,353,2026-05-20,login
8023,353,2025-08-09,support_ticket
8024,353,2026-09-02,login
8025,353,2025-06-23,login
8026,353,2025-03-15,login
8027,353,2025-05-02,support_ticket
8028,354,2026-01-20,login
8029,354,2025-03-12,cart_abandon
8030,354,2026-06-24,support_ticket
8031,354,2025-04-13,login
8032,354,2025-10-06,login
8033,354,2025-02-14,login
8034,354,2025-08-03,support_ticket
8035,355,2025-08-02,cart_abandon
8036,355,2025-07-29,login
8037,355,2026-09-24,login
8038,355,2026-08-02,login
8039,355,2026-09-04,support_ticket
8040,355,2026-02-15,login
8041,355,2025-02-24,login
8042,355,2026-07-28,cart_abandon
8043,355,2025-07-31,login
8044,355,2025-03-16,login
8045,355,2025-05-17,cart_abandon
8046,355,2025-08-06,support_ticket
8047,356,2025-08-10,support_ticket
8048,356,2025-02-19,support_ticket
8049,356,2026-06-01,login
8050,356,2026-07-29,cart_abandon
8051,356,2026-07-21,support_ticket
8052,356,2025-09-25,support_ticket
8053,356,2025-03-27,cart_abandon
8054,356,2025-07-13,support_ticket
8055,356,2025-03-14,login
8056,356,2026-07-11,support_ticket
8057,356,2025-10-10,cart_abandon
8058,356,2025-08-10,login
8059,356,2026-09-11,login
8060,356,2026-02-11,support_ticket
8061,356,2025-06-12,cart_abandon
8062,356,2025-09-09,cart_abandon
8063,356,2026-03-24,support_ticket
8064,356,2025-09-12,login
8065,357,2025-10-17,login
8066,357,2026-06-29,login
8067,357,2025-06-08,login
8068,357,2025-07-04,login
8069,357,2025-12-25,cart_abandon
8070,357,2026-08-14,cart_abandon
8071,357,2025-02-09,support_ticket
8072,357,2025-03-23,login
8073,357,2026-05-06,login
8074,358,2026-07-08,support_ticket
8075,358,2025-05-20,login
8076,358,2026-06-20,login
8077,358,2026-05-20,login
8078,358,2025-10-11,support_ticket
8079,358,2025-07-22,login
8080,358,2025-05-17,login
8081,358,2025-03-04,login
8082,358,2025-05-07,login
8083,358,2026-06-01,login
8084,358,2025-09-04,support_ticket
8085,358,2025-10-02,login
8086,358,2025-08-29,support_ticket
8087,358,2025-07-18,login
8088,359,2025-03-14,cart_abandon
8089,359,2025-11-13,login
8090,359,2025-12-23,login
8091,359,2026-09-05,login
8092,359,2025-12-12,support_ticket
8093,359,2025-05-07,login
8094,359,2025-06-08,cart_abandon
8095,359,2026-01-19,login
8096,359,2026-09-09,support_ticket
8097,359,2025-04-12,login
8098,359,2026-09-04,cart_abandon
8099,359,2026-01-19,login
8100,359,2026-09-25,login
8101,359,2025-08-10,login
8102,359,2025-04-25,login
8103,359,2025-08-06,login
8104,359,2025-02-25,login
8105,359,2025-02-24,login
8106,360,2025-09-25,cart_abandon
8107,360,2025-05-14,login
8108,360,2025-04-09,cart_abandon
8109,360,2026-01-06,cart_abandon
8110,360,2025-04-20,login
8111,360,2026-02-04,login
8112,360,2025-12-18,login
8113,360,2026-05-07,login
8114,360,2026-06-16,support_ticket
8115,360,2026-01-06,support_ticket
8116,360,2026-06-17,login
8117,360,2025-05-20,support_ticket
8118,360,2026-04-27,login
8119,360,2026-03-17,login
8120,360,2026-07-26,cart_abandon
8121,360,2025-08-12,login
8122,360,2025-03-15,login
8123,360,2025-08-25,login
8124,360,2025-04-25,login
8125,360,2025-09-13,login
8126,360,2026-06-16,login
8127,360,2026-09-08,login
8128,360,2026-01-19,login
8129,360,2025-10-26,cart_abandon
8130,360,2025-08-01,support_ticket
8131,360,2025-06-16,support_ticket
8132,360,2026-08-14,support_ticket
8133,360,2025-12-21,login
8134,360,2026-09-08,cart_abandon
8135,360,2025-03-06,login
8136,360,2025-02-27,login
8137,361,2025-11-03,login
8138,361,2025-03-09,login
8139,361,2025-12-23,cart_abandon
8140,361,2026-04-14,login
8141,361,2025-08-29,support_ticket
8142,361,2025-11-06,support_ticket
8143,361,2026-02-28,login
8144,361,2026-03-28,cart_abandon
8145,361,2025-02-04,login
8146,361,2026-01-24,login
8147,361,2026-03-20,login
8148,361,2026-08-29,login
8149,361,2026-06-23,login
8150,361,2026-05-03,login
8151,362,2025-11-04,login
8152,362,2025-07-17,login
8153,362,2025-04-11,login
8154,362,2026-02-11,login
8155,362,2026-03-08,cart_abandon
8156,362,2025-08-31,login
8157,362,2026-03-21,login
8158,362,2026-08-24,login
8159,362,2026-05-16,login
8160,362,2026-04-16,login
8161,362,2025-08-24,support_ticket
8162,362,2026-08-02,login
8163,362,2026-09-25,login
8164,362,2026-04-11,support_ticket
8165,362,2025-05-09,login
8166,362,2025-05-15,login
8167,362,2026-06-05,support_ticket
8168,362,2025-06-11,login
8169,362,2026-02-05,login
8170,362,2025-02-06,login
8171,362,2026-02-14,login
8172,362,2026-08-31,login
8173,362,2025-06-29,login
8174,362,2025-02-15,login
8175,362,2026-09-19,login
8176,362,2026-05-17,cart_abandon
8177,362,2025-06-25,login
8178,362,2025-12-25,login
8179,362,2025-03-11,login
8180,362,2025-03-27,login
8181,362,2026-04-28,login
8182,363,2026-03-13,cart_abandon
8183,363,2025-07-16,login
8184,363,2025-09-22,login
8185,363,2025-04-25,login
8186,363,2026-07-26,login
8187,363,2025-10-14,login
8188,363,2026-09-21,login
8189,363,2026-03-31,login
8190,363,2025-05-27,login
8191,363,2026-05-26,login
8192,363,2026-06-23,support_ticket
8193,363,2025-11-04,login
8194,363,2026-08-26,login
8195,363,2026-08-01,cart_abandon
8196,363,2026-08-02,support_ticket
8197,363,2025-07-23,login
8198,363,2026-06-08,login
8199,363,2026-06-22,cart_abandon
8200,363,2025-08-03,login
8201,363,2026-05-03,login
8202,363,2026-03-03,cart_abandon
8203,363,2025-07-08,cart_abandon
8204,363,2025-05-15,login
8205,363,2025-04-25,login
8206,363,2025-03-25,login
8207,364,2025-06-16,login
8208,364,2026-06-23,cart_abandon
8209,364,2025-11-16,login
8210,364,2026-09-12,login
8211,364,2026-01-06,login
8212,364,2025-12-18,support_ticket
8213,364,2026-09-02,login
8214,364,2026-01-18,cart_abandon
8215,364,2026-02-07,login
8216,364,2025-08-03,cart_abandon
8217,364,2026-02-17,login
8218,364,2025-04-04,login
8219,365,2025-08-13,login
8220,365,2026-04-23,login
8221,365,2026-03-23,login
8222,365,2025-02-15,login
8223,365,2025-02-04,cart_abandon
8224,365,2025-06-29,support_ticket
8225,365,2026-05-16,login
8226,365,2025-11-13,support_ticket
8227,365,2025-11-23,cart_abandon
8228,365,2025-06-05,login
8229,365,2026-04-07,login
8230,365,2026-07-31,login
8231,365,2025-04-14,login
8232,365,2025-11-19,login
8233,365,2025-02-15,login
8234,365,2025-07-08,login
8235,365,2026-01-28,login
8236,365,2025-06-02,cart_abandon
8237,365,2025-12-12,login
8238,365,2025-11-16,login
8239,365,2026-07-15,login
8240,365,2026-03-31,login
8241,365,2025-11-19,cart_abandon
8242,365,2026-02-14,support_ticket
8243,365,2025-10-26,cart_abandon
8244,365,2026-04-05,login
8245,365,2026-05-25,login
8246,365,2026-07-25,support_ticket
8247,365,2026-07-21,cart_abandon
8248,365,2025-02-22,support_ticket
8249,365,2025-07-28,support_ticket
8250,365,2025-11-07,login
8251,365,2026-07-05,login
8252,365,2026-04-04,login
8253,365,2026-03-20,login
8254,365,2025-12-02,cart_abandon
8255,365,2025-06-07,login
8256,365,2026-04-25,login
8257,365,2025-10-14,cart_abandon
8258,366,2026-03-14,login
8259,366,2025-03-15,login
8260,366,2025-03-09,login
8261,366,2025-06-11,login
8262,366,2026-06-12,login
8263,366,2025-12-13,login
8264,366,2026-07-13,login
8265,366,2025-10-15,login
8266,366,2025-11-15,login
8267,366,2025-11-10,support_ticket
8268,366,2026-09-21,support_ticket
8269,366,2026-07-10,login
8270,366,2026-03-14,support_ticket
8271,366,2025-06-20,login
8272,366,2025-11-13,login
8273,366,2025-04-08,login
8274,366,2025-12-02,login
8275,366,2025-09-18,login
8276,366,2025-08-23,login
8277,366,2025-10-27,login
8278,366,2026-01-09,login
8279,366,2026-08-01,login
8280,366,2025-06-25,login
8281,366,2025-04-10,login
8282,366,2026-03-05,login
8283,366,2025-08-04,login
8284,366,2026-06-10,login
8285,366,2025-07-09,support_ticket
8286,366,2025-10-30,login
8287,366,2025-03-14,login
8288,366,2026-08-26,login
8289,366,2026-01-06,login
8290,366,2025-07-27,login
8291,366,2025-05-19,login
8292,366,2025-10-11,login
8293,366,2026-08-26,cart_abandon
8294,366,2026-05-09,login
8295,366,2025-05-15,support_ticket
8296,366,2026-07-22,cart_abandon
8297,367,2026-04-25,login
8298,367,2026-04-29,login
8299,367,2026-07-17,support_ticket
8300,367,2025-07-04,login
8301,367,2025-06-05,login
8302,367,2025-09-20,login
8303,367,2025-12-07,cart_abandon
8304,367,2025-07-22,login
8305,367,2025-02-08,login
8306,367,2026-06-25,login
8307,367,2025-05-13,support_ticket
8308,367,2026-02-28,login
8309,367,2026-09-26,login
8310,367,2026-09-20,login
8311,367,2026-05-12,support_ticket
8312,367,2026-08-28,cart_abandon
8313,367,2026-01-20,login
8314,367,2025-09-26,cart_abandon
8315,367,2026-09-17,login
8316,367,2025-05-03,login
8317,367,2025-11-30,login
8318,367,2026-02-01,login
8319,367,2026-09-16,login
8320,367,2026-04-21,login
8321,367,2025-02-05,cart_abandon
8322,367,2026-01-25,login
8323,367,2026-02-12,login
8324,367,2025-02-16,login
8325,367,2026-04-10,login
8326,367,2025-07-05,cart_abandon
8327,367,2026-01-21,support_ticket
8328,368,2026-03-22,login
8329,368,2026-06-13,login
8330,368,2025-02-21,login
8331,368,2025-02-02,login
8332,368,2026-04-03,login
8333,368,2026-02-13,login
8334,368,2025-06-14,support_ticket
8335,368,2025-03-07,login
8336,368,2026-09-12,login
8337,368,2026-02-19,login
8338,368,2026-03-27,login
8339,368,2025-06-09,cart_abandon
8340,368,2025-06-07,login
8341,368,2026-03-27,login
8342,368,2025-12-25,login
8343,368,2026-04-05,cart_abandon
8344,368,2025-06-14,login
8345,368,2025-12-21,login
8346,368,2026-08-16,login
8347,368,2025-10-28,login
8348,368,2026-04-21,login
8349,368,2026-09-04,login
8350,368,2026-04-03,login
8351,368,2025-09-01,login
8352,368,2026-04-24,login
8353,368,2026-06-03,login
8354,368,2025-08-13,login
8355,368,2026-09-15,login
8356,368,2025-08-01,support_ticket
8357,369,2025-06-07,login
8358,369,2026-01-05,support_ticket
8359,369,2026-06-30,support_ticket
8360,369,2025-09-23,login
8361,369,2025-09-01,cart_abandon
8362,369,2026-07-11,login
8363,369,2025-07-22,login
8364,369,2026-08-18,login
8365,369,2026-07-29,login
8366,369,2025-07-16,cart_abandon
8367,369,2025-12-21,login
8368,369,2025-06-15,cart_abandon
8369,369,2025-12-13,login
8370,369,2025-02-14,login
8371,369,2026-01-29,login
8372,369,2026-08-05,login
8373,369,2025-03-14,login
8374,369,2025-04-22,login
8375,369,2026-05-30,login
8376,369,2026-06-17,cart_abandon
8377,369,2026-03-27,login
8378,369,2025-08-14,login
8379,369,2025-03-13,cart_abandon
8380,369,2026-01-23,login
8381,369,2026-06-28,login
8382,369,2025-04-30,login
8383,369,2025-12-17,login
8384,369,2025-04-12,login
8385,369,2025-03-23,login
8386,370,2026-09-16,login
8387,370,2025-10-20,login
8388,370,2026-08-09,login
8389,370,2026-09-20,login
8390,370,2026-07-09,login
8391,370,2026-04-19,support_ticket
8392,370,2025-07-12,login
8393,370,2026-05-22,login
8394,370,2025-08-19,login
8395,370,2026-05-25,support_ticket
8396,370,2025-06-27,login
8397,370,2026-03-18,login
8398,370,2025-07-17,cart_abandon
8399,370,2026-06-05,login
8400,370,2025-05-21,login
8401,370,2026-07-26,login
8402,370,2025-03-09,login
8403,370,2025-05-06,login
8404,370,2025-04-30,login
8405,370,2025-07-12,support_ticket
8406,370,2025-09-17,login
8407,370,2025-08-30,cart_abandon
8408,370,2025-06-07,login
8409,370,2025-11-20,login
8410,370,2026-03-07,cart_abandon
8411,370,2025-07-13,login
8412,370,2025-04-29,support_ticket
8413,370,2025-05-05,login
8414,370,2025-02-03,login
8415,370,2025-06-04,login
8416,370,2025-08-31,login
8417,370,2025-10-03,login
8418,370,2026-01-06,login
8419,370,2025-07-11,login
8420,370,2026-04-07,login
8421,370,2026-06-24,login
8422,370,2025-12-11,login
8423,370,2026-03-13,login
8424,371,2025-07-25,cart_abandon
8425,371,2025-03-21,login
8426,371,2025-06-11,login
8427,371,2026-05-30,login
8428,371,2025-09-28,login
8429,371,2025-12-10,support_ticket
8430,371,2026-03-07,login
8431,371,2025-07-08,support_ticket
8432,371,2025-08-01,login
8433,371,2026-01-25,login
8434,371,2025-04-01,cart_abandon
8435,371,2025-02-28,login
8436,371,2025-05-11,login
8437,371,2026-02-18,login
8438,371,2026-08-21,login
8439,371,2025-03-01,login
8440,371,2026-08-08,login
8441,371,2025-06-27,login
8442,371,2025-02-28,login
8443,371,2025-11-09,support_ticket
8444,371,2025-03-07,login
8445,371,2026-01-30,support_ticket
8446,371,2025-07-20,login
8447,371,2025-11-20,cart_abandon
8448,371,2025-09-05,login
8449,371,2025-04-08,login
8450,371,2026-08-17,login
8451,371,2025-02-23,login
8452,371,2026-08-19,login
8453,371,2025-02-01,login
8454,371,2025-09-26,login
8455,371,2025-10-22,login
8456,372,2025-11-13,login
8457,372,2025-10-15,cart_abandon
8458,372,2026-04-11,login
8459,372,2026-01-21,cart_abandon
8460,372,2025-09-28,login
8461,372,2026-02-21,support_ticket
8462,372,2026-09-20,support_ticket
8463,372,2026-04-03,login
8464,372,2025-03-19,login
8465,372,2025-12-10,support_ticket
8466,372,2025-12-14,cart_abandon
8467,372,2026-05-08,login
8468,372,2025-06-06,cart_abandon
8469,372,2025-07-24,support_ticket
8470,372,2026-06-23,login
8471,372,2025-05-27,login
8472,372,2026-09-25,login
8473,372,2025-08-11,login
8474,372,2025-04-22,support_ticket
8475,372,2026-09-06,login
8476,372,2025-11-02,login
8477,372,2025-04-04,login
8478,372,2026-04-10,login
8479,372,2025-05-02,login
8480,372,2025-05-24,login
8481,372,2026-06-22,login
8482,372,2026-02-02,cart_abandon
8483,372,2025-08-02,login
8484,372,2026-07-31,login
8485,372,2026-02-09,login
8486,373,2025-04-19,cart_abandon
8487,373,2025-06-15,cart_abandon
8488,373,2026-04-12,support_ticket
8489,373,2025-06-20,support_ticket
8490,373,2026-09-28,cart_abandon
8491,373,2025-09-17,cart_abandon
8492,373,2025-08-03,support_ticket
8493,374,2025-12-16,login
8494,374,2025-09-14,cart_abandon
8495,374,2026-01-21,login
8496,374,2025-07-18,login
8497,374,2025-12-12,login
8498,374,2025-11-28,support_ticket
8499,374,2025-09-08,login
8500,374,2025-12-04,login
8501,374,2025-06-03,support_ticket
8502,374,2026-01-18,cart_abandon
8503,374,2026-04-02,login
8504,374,2026-06-25,support_ticket
8505,374,2025-03-16,login
8506,374,2025-12-18,login
8507,374,2025-02-27,login
8508,374,2025-10-01,login
8509,374,2025-12-21,support_ticket
8510,374,2025-08-06,login
8511,374,2025-07-15,support_ticket
8512,374,2026-01-21,login
8513,374,2026-09-20,login
8514,374,2025-06-26,login
8515,374,2025-06-10,support_ticket
8516,374,2025-06-05,login
8517,374,2025-05-17,login
8518,374,2026-02-05,login
8519,374,2025-11-22,cart_abandon
8520,374,2025-09-25,login
8521,374,2026-05-10,login
8522,374,2025-08-09,login
8523,374,2026-01-17,login
8524,374,2026-02-11,login
8525,374,2025-06-26,login
8526,374,2025-11-28,support_ticket
8527,374,2026-01-04,login
8528,374,2026-01-26,login
8529,374,2025-06-22,login
8530,374,2026-01-10,login
8531,375,2026-08-21,login
8532,375,2025-10-31,login
8533,375,2026-02-02,cart_abandon
8534,375,2026-02-05,cart_abandon
8535,375,2025-04-10,login
8536,375,2025-07-14,cart_abandon
8537,375,2025-04-29,login
8538,375,2025-08-17,login
8539,375,2026-02-06,cart_abandon
8540,375,2025-12-03,login
8541,375,2026-05-20,support_ticket
8542,375,2025-06-13,login
8543,375,2025-06-17,support_ticket
8544,375,2025-09-23,login
8545,375,2026-04-03,support_ticket
8546,375,2026-09-10,cart_abandon
8547,375,2026-01-04,login
8548,375,2025-12-04,support_ticket
8549,375,2025-09-04,login
8550,375,2026-01-09,support_ticket
8551,375,2025-10-27,login
8552,376,2025-05-25,login
8553,376,2025-10-23,login
8554,376,2025-08-02,login
8555,376,2025-11-04,login
8556,376,2026-06-21,support_ticket
8557,376,2025-10-02,login
8558,376,2026-09-13,cart_abandon
8559,376,2026-06-14,login
8560,376,2025-05-27,cart_abandon
8561,376,2026-08-25,login
8562,376,2026-06-05,login
8563,376,2025-04-15,cart_abandon
8564,376,2025-07-10,login
8565,376,2026-01-31,login
8566,376,2025-12-06,login
8567,376,2026-07-25,login
8568,376,2025-10-06,login
8569,376,2026-02-24,login
8570,376,2025-10-16,login
8571,376,2025-10-28,support_ticket
8572,376,2025-09-04,login
8573,376,2025-12-06,login
8574,376,2025-12-06,login
8575,376,2025-03-04,cart_abandon
8576,376,2026-06-06,login
8577,376,2025-10-27,login
8578,376,2025-09-07,login
8579,376,2025-10-09,cart_abandon
8580,376,2025-05-25,login
8581,376,2026-01-15,login
8582,376,2026-09-14,login
8583,376,2026-08-21,login
8584,376,2025-07-02,cart_abandon
8585,376,2025-03-23,login
8586,376,2025-11-05,cart_abandon
8587,376,2025-07-14,login
8588,377,2025-05-01,login
8589,377,2025-02-15,cart_abandon
8590,377,2025-08-04,support_ticket
8591,377,2025-02-11,login
8592,377,2025-06-30,support_ticket
8593,377,2025-06-13,support_ticket
8594,377,2025-02-25,login
8595,377,2026-01-05,login
8596,377,2026-08-06,login
8597,377,2026-04-23,login
8598,377,2026-09-09,support_ticket
8599,377,2025-06-10,login
8600,377,2025-10-28,login
8601,378,2026-02-20,login
8602,378,2025-06-16,login
8603,378,2025-12-23,cart_abandon
8604,378,2026-01-25,login
8605,378,2025-03-06,login
8606,378,2025-03-13,login
8607,378,2025-06-15,support_ticket
8608,378,2025-08-21,login
8609,378,2026-01-28,login
8610,378,2025-04-28,cart_abandon
8611,378,2026-04-27,login
8612,378,2026-03-20,login
8613,378,2026-09-07,cart_abandon
8614,378,2026-08-11,login
8615,378,2026-04-10,cart_abandon
8616,378,2026-05-03,login
8617,378,2025-11-15,login
8618,378,2025-08-19,login
8619,378,2025-06-11,login
8620,378,2026-05-08,login
8621,378,2025-07-03,login
8622,378,2025-09-04,login
8623,378,2025-02-07,login
8624,378,2025-08-27,support_ticket
8625,378,2025-07-19,login
8626,378,2025-04-13,support_ticket
8627,378,2026-03-15,login
8628,379,2026-06-17,support_ticket
8629,379,2025-09-19,login
8630,379,2025-05-05,login
8631,379,2025-03-24,cart_abandon
8632,379,2025-05-14,login
8633,379,2026-06-18,login
8634,379,2025-03-20,login
8635,379,2025-05-07,login
8636,380,2026-07-24,login
8637,380,2025-07-02,login
8638,380,2026-07-19,support_ticket
8639,380,2026-07-18,login
8640,380,2025-10-17,support_ticket
8641,380,2026-06-16,cart_abandon
8642,380,2025-07-06,support_ticket
8643,380,2026-01-14,support_ticket
8644,380,2026-09-18,login
8645,380,2026-01-14,login
8646,380,2025-10-06,login
8647,380,2025-06-27,login
8648,380,2025-12-29,login
8649,380,2025-10-10,login
8650,380,2025-08-27,cart_abandon
8651,380,2025-08-16,login
8652,380,2026-06-27,login
8653,380,2025-08-24,login
8654,380,2026-04-22,login
8655,380,2025-06-19,login
8656,380,2026-05-19,login
8657,380,2026-05-05,login
8658,380,2025-03-10,login
8659,380,2026-06-04,cart_abandon
8660,380,2025-05-06,support_ticket
8661,380,2025-10-30,login
8662,380,2025-06-04,login
8663,380,2025-06-13,login
8664,380,2025-09-20,login
8665,380,2025-10-10,login
8666,380,2025-06-11,login
8667,380,2025-04-17,cart_abandon
8668,380,2026-03-05,login
8669,380,2026-06-21,login
8670,380,2026-09-20,login
8671,381,2026-03-22,cart_abandon
8672,381,2025-04-04,login
8673,381,2026-08-17,support_ticket
8674,381,2025-02-18,login
8675,381,2025-06-23,cart_abandon
8676,381,2025-10-30,login
8677,381,2025-10-08,cart_abandon
8678,381,2025-07-30,login
8679,381,2025-11-22,login
8680,381,2026-08-11,login
8681,381,2025-03-20,login
8682,381,2025-03-12,cart_abandon
8683,381,2025-12-20,support_ticket
8684,381,2025-11-15,login
8685,381,2026-05-03,login
8686,381,2025-06-24,cart_abandon
8687,381,2026-04-03,login
8688,381,2025-07-25,login
8689,381,2025-10-01,login
8690,381,2025-02-25,login
8691,381,2026-06-22,login
8692,381,2025-02-03,login
8693,381,2026-04-08,support_ticket
8694,381,2026-04-13,support_ticket
8695,381,2025-08-18,login
8696,381,2026-03-16,login
8697,381,2026-03-18,login
8698,381,2025-10-16,support_ticket
8699,381,2025-10-19,login
8700,381,2025-02-15,login
8701,381,2025-07-31,login
8702,381,2026-03-01,login
8703,382,2026-01-22,cart_abandon
8704,382,2025-06-03,login
8705,382,2026-03-15,support_ticket
8706,382,2026-01-08,login
8707,382,2025-03-06,login
8708,382,2026-03-29,login
8709,382,2025-10-29,login
8710,382,2026-03-10,login
8711,382,2026-06-07,login
8712,382,2026-01-17,support_ticket
8713,382,2025-12-23,login
8714,382,2025-04-23,login
8715,382,2025-10-26,login
8716,382,2026-01-19,cart_abandon
8717,382,2025-08-08,login
8718,382,2026-09-27,support_ticket
8719,382,2025-02-20,support_ticket
8720,382,2025-09-06,login
8721,382,2026-02-25,cart_abandon
8722,382,2026-05-07,login
8723,382,2025-09-13,login
8724,382,2025-12-21,login
8725,382,2025-10-19,cart_abandon
8726,382,2025-03-09,login
8727,382,2025-06-24,login
8728,382,2025-05-27,support_ticket
8729,382,2025-12-03,cart_abandon
8730,382,2025-10-25,cart_abandon
8731,382,2026-03-25,login
8732,382,2025-08-27,login
8733,382,2025-06-07,support_ticket
8734,383,2025-05-25,login
8735,383,2025-10-21,login
8736,383,2025-10-08,login
8737,383,2025-02-27,login
8738,383,2026-07-25,login
8739,383,2025-12-13,login
8740,383,2025-03-26,login
8741,383,2026-09-29,login
8742,383,2026-01-17,login
8743,383,2025-11-17,login
8744,383,2026-06-12,support_ticket
8745,383,2025-06-22,login
8746,383,2026-03-12,login
8747,383,2026-01-10,login
8748,383,2025-02-17,login
8749,384,2025-06-28,cart_abandon
8750,384,2025-03-25,login
8751,384,2026-07-27,support_ticket
8752,384,2026-08-26,login
8753,384,2026-09-29,login
8754,384,2026-09-24,cart_abandon
8755,384,2026-03-02,support_ticket
8756,384,2026-02-16,support_ticket
8757,384,2025-03-12,login
8758,384,2025-08-26,login
8759,384,2025-07-05,login
8760,384,2025-07-24,login
8761,384,2025-05-08,support_ticket
8762,384,2026-05-09,support_ticket
8763,384,2025-05-04,login
8764,384,2025-10-13,login
8765,384,2026-01-22,cart_abandon
8766,384,2025-05-13,login
8767,385,2026-01-27,support_ticket
8768,385,2026-03-09,login
8769,385,2026-02-12,cart_abandon
8770,385,2026-01-16,login
8771,385,2025-12-01,login
8772,385,2026-08-14,cart_abandon
8773,385,2025-03-03,login
8774,385,2026-09-16,login
8775,385,2025-08-22,cart_abandon
8776,385,2026-02-12,login
8777,385,2026-07-09,support_ticket
8778,385,2025-08-22,login
8779,385,2025-03-24,login
8780,385,2026-02-02,cart_abandon
8781,385,2025-03-24,cart_abandon
8782,385,2025-04-27,login
8783,385,2026-09-01,login
8784,385,2026-08-02,login
8785,385,2025-04-27,support_ticket
8786,385,2026-06-25,login
8787,385,2025-11-03,login
8788,385,2025-11-02,login
8789,385,2026-08-21,cart_abandon
8790,385,2026-04-05,login
8791,385,2025-02-10,login
8792,385,2025-04-04,login
8793,385,2026-02-04,support_ticket
8794,385,2025-04-17,login
8795,385,2026-07-19,support_ticket
8796,385,2025-04-20,login
8797,385,2025-10-10,login
8798,385,2025-10-07,login
8799,385,2026-09-16,login
8800,385,2026-01-03,login
8801,385,2025-07-25,login
8802,385,2025-06-13,login
8803,386,2025-02-22,login
8804,386,2025-06-13,login
8805,386,2025-07-22,login
8806,386,2026-08-10,login
8807,386,2026-09-22,login
8808,386,2026-01-01,login
8809,386,2025-07-05,support_ticket
8810,386,2025-03-05,cart_abandon
8811,386,2026-04-15,login
8812,386,2025-03-22,support_ticket
8813,386,2025-04-25,login
8814,386,2025-06-02,login
8815,386,2025-03-11,login
8816,386,2025-07-27,cart_abandon
8817,386,2026-06-23,login
8818,386,2025-04-07,support_ticket
8819,386,2025-09-22,login
8820,386,2026-03-08,login
8821,387,2025-03-18,login
8822,387,2026-09-04,login
8823,387,2026-05-21,cart_abandon
8824,387,2026-06-05,cart_abandon
8825,387,2025-03-17,login
8826,387,2025-09-28,login
8827,387,2026-08-02,login
8828,387,2026-03-01,login
8829,387,2026-02-12,support_ticket
8830,387,2026-08-12,login
8831,387,2026-08-30,login
8832,387,2025-04-30,login
8833,387,2026-04-23,cart_abandon
8834,387,2025-03-14,login
8835,387,2025-08-20,support_ticket
8836,387,2025-03-27,login
8837,387,2025-10-24,login
8838,387,2025-09-29,login
8839,387,2025-05-26,support_ticket
8840,387,2025-12-21,login
8841,387,2025-06-26,cart_abandon
8842,387,2026-06-13,support_ticket
8843,387,2026-04-24,cart_abandon
8844,387,2026-09-03,support_ticket
8845,387,2025-08-22,login
8846,387,2025-07-28,support_ticket
8847,387,2025-02-12,support_ticket
8848,387,2026-06-28,login
8849,387,2026-01-30,support_ticket
8850,387,2026-06-18,login
8851,387,2025-06-03,login
8852,387,2025-03-01,login
8853,388,2025-03-28,login
8854,388,2026-06-13,cart_abandon
8855,388,2025-03-01,login
8856,388,2026-06-09,login
8857,388,2026-04-01,support_ticket
8858,388,2026-08-29,login
8859,388,2025-11-17,login
8860,389,2025-12-25,login
8861,389,2026-09-14,support_ticket
8862,389,2026-04-28,login
8863,389,2025-12-22,login
8864,389,2026-08-13,login
8865,389,2025-02-08,login
8866,389,2025-08-08,login
8867,389,2026-04-09,login
8868,389,2026-06-27,cart_abandon
8869,389,2026-01-03,login
8870,389,2025-03-23,login
8871,389,2025-11-12,login
8872,389,2025-11-06,login
8873,389,2025-02-10,login
8874,390,2025-11-29,login
8875,390,2025-05-29,login
8876,390,2025-07-17,login
8877,390,2026-03-18,support_ticket
8878,390,2025-03-13,login
8879,390,2026-09-18,cart_abandon
8880,390,2026-08-22,login
8881,390,2026-05-17,support_ticket
8882,390,2025-04-17,support_ticket
8883,390,2025-11-19,support_ticket
8884,390,2025-12-05,support_ticket
8885,390,2026-07-22,support_ticket
8886,390,2025-11-25,cart_abandon
8887,390,2025-08-14,login
8888,390,2025-06-16,cart_abandon
8889,390,2026-05-15,login
8890,390,2026-08-31,support_ticket
8891,390,2025-08-23,cart_abandon
8892,390,2025-10-24,login
8893,390,2026-05-05,login
8894,390,2026-04-23,login
8895,390,2025-12-16,cart_abandon
8896,390,2025-10-17,login
8897,390,2026-01-10,login
8898,390,2026-07-30,login
8899,390,2026-08-20,login
8900,390,2025-10-24,login
8901,390,2025-12-01,login
8902,390,2025-04-11,login
8903,390,2026-04-23,login
8904,390,2025-04-11,login
8905,391,2025-12-14,login
8906,391,2026-01-10,login
8907,391,2025-10-21,support_ticket
8908,391,2025-07-25,cart_abandon
8909,391,2026-01-11,login
8910,391,2025-02-28,cart_abandon
8911,391,2026-09-23,cart_abandon
8912,391,2025-05-01,support_ticket
8913,391,2025-03-18,login
8914,391,2025-04-15,cart_abandon
8915,391,2026-08-06,login
8916,391,2025-07-05,login
8917,391,2025-10-23,support_ticket
8918,391,2026-01-31,login
8919,391,2026-02-09,login
8920,391,2025-03-01,login
8921,391,2025-08-22,support_ticket
8922,391,2025-06-02,login
8923,391,2025-04-21,cart_abandon
8924,391,2025-02-06,login
8925,392,2025-06-21,login
8926,392,2025-07-10,login
8927,392,2025-09-15,login
8928,392,2025-04-27,login
8929,392,2026-05-27,login
8930,392,2025-12-10,support_ticket
8931,392,2026-04-06,login
8932,392,2025-09-19,login
8933,392,2026-09-27,login
8934,392,2025-12-08,login
8935,392,2025-02-18,login
8936,392,2025-08-20,login
8937,392,2025-03-20,cart_abandon
8938,392,2026-04-02,login
8939,392,2026-05-29,login
8940,392,2025-12-02,login
8941,392,2026-04-19,login
8942,392,2025-02-09,login
8943,392,2025-08-05,login
8944,392,2025-08-12,login
8945,392,2025-11-14,login
8946,392,2025-12-25,login
8947,392,2026-05-24,login
8948,392,2025-12-02,login
8949,392,2025-05-09,support_ticket
8950,392,2025-10-04,login
8951,392,2025-03-13,cart_abandon
8952,392,2025-12-31,login
8953,392,2025-11-16,login
8954,392,2025-04-02,login
8955,392,2025-05-30,login
8956,392,2026-01-28,login
8957,392,2025-06-20,login
8958,392,2026-06-06,login
8959,392,2025-04-07,login
8960,392,2025-05-08,login
8961,392,2025-10-31,login
8962,392,2025-03-26,support_ticket
8963,393,2026-01-10,support_ticket
8964,393,2025-12-15,login
8965,393,2025-11-16,login
8966,393,2025-03-20,login
8967,393,2026-01-22,login
8968,393,2026-07-10,login
8969,393,2025-09-24,login
8970,393,2026-07-24,login
8971,393,2026-05-12,cart_abandon
8972,393,2025-08-17,login
8973,393,2026-01-08,login
8974,393,2026-04-15,cart_abandon
8975,393,2026-04-17,support_ticket
8976,393,2026-09-26,login
8977,393,2025-11-18,cart_abandon
8978,393,2025-11-12,login
8979,393,2025-06-01,support_ticket
8980,393,2026-07-18,login
8981,393,2026-09-19,login
8982,393,2025-05-30,login
8983,393,2026-05-20,login
8984,393,2025-11-19,support_ticket
8985,393,2026-03-11,login
8986,393,2025-02-28,login
8987,393,2025-09-28,login
8988,393,2025-12-02,support_ticket
8989,393,2025-09-07,login
8990,393,2026-06-30,cart_abandon
8991,393,2026-06-21,login
8992,394,2025-12-02,support_ticket
8993,394,2025-03-13,login
8994,394,2026-09-17,login
8995,394,2026-08-23,support_ticket
8996,394,2026-03-24,support_ticket
8997,394,2025-10-22,login
8998,394,2026-06-18,support_ticket
8999,394,2025-12-24,login
9000,394,2026-06-10,support_ticket
9001,394,2026-07-22,support_ticket
9002,394,2026-08-02,login
9003,394,2025-06-25,login
9004,394,2025-10-30,login
9005,394,2026-02-28,cart_abandon
9006,395,2026-09-06,login
9007,395,2025-03-11,login
9008,395,2026-04-16,login
9009,395,2026-09-14,support_ticket
9010,395,2025-06-26,cart_abandon
9011,395,2026-09-12,login
9012,395,2025-02-25,login
9013,396,2025-12-14,login
9014,396,2026-01-23,cart_abandon
9015,396,2026-06-18,login
9016,396,2026-02-06,login
9017,396,2026-07-05,login
9018,396,2026-05-16,login
9019,396,2026-06-12,login
9020,396,2025-09-01,support_ticket
9021,396,2025-07-17,login
9022,396,2025-05-09,login
9023,396,2025-06-28,login
9024,396,2026-08-21,login
9025,396,2025-06-26,cart_abandon
9026,396,2026-06-23,login
9027,396,2026-01-25,support_ticket
9028,396,2025-09-17,login
9029,396,2026-06-16,login
9030,396,2026-01-31,login
9031,396,2025-08-05,support_ticket
9032,396,2026-03-12,login
9033,396,2025-02-06,login
9034,396,2026-07-23,login
9035,396,2025-12-21,support_ticket
9036,396,2025-06-09,login
9037,396,2025-12-27,support_ticket
9038,396,2026-09-27,login
9039,396,2025-02-23,login
9040,396,2026-09-24,login
9041,396,2025-02-25,login
9042,396,2025-04-16,support_ticket
9043,396,2026-04-20,login
9044,396,2026-01-28,cart_abandon
9045,396,2025-04-08,login
9046,396,2026-08-29,login
9047,396,2025-08-04,login
9048,396,2026-06-27,login
9049,396,2026-08-29,support_ticket
9050,396,2026-06-27,login
9051,396,2025-09-07,login
9052,397,2026-09-13,login
9053,397,2026-01-04,cart_abandon
9054,397,2025-03-08,login
9055,397,2025-05-12,login
9056,397,2025-03-06,support_ticket
9057,397,2026-09-27,login
9058,397,2025-05-04,cart_abandon
9059,397,2025-08-24,login
9060,397,2026-02-06,login
9061,397,2026-07-31,login
9062,397,2025-06-28,login
9063,397,2025-10-15,support_ticket
9064,397,2026-02-13,login
9065,398,2025-04-29,login
9066,398,2025-06-12,support_ticket
9067,398,2026-05-06,support_ticket
9068,398,2025-10-14,support_ticket
9069,398,2026-09-14,cart_abandon
9070,398,2025-08-03,login
9071,398,2026-02-15,login
9072,398,2025-04-09,login
9073,398,2025-05-31,login
9074,398,2025-08-13,support_ticket
9075,398,2025-09-08,login
9076,399,2025-02-02,cart_abandon
9077,399,2025-02-21,login
9078,399,2026-01-24,login
9079,399,2025-08-04,cart_abandon
9080,399,2025-04-17,login
9081,399,2025-05-25,login
9082,399,2026-08-25,support_ticket
9083,399,2026-06-02,login
9084,399,2025-02-07,login
9085,399,2025-08-18,cart_abandon
9086,399,2025-08-22,support_ticket
9087,400,2025-07-06,support_ticket
9088,400,2025-09-09,cart_abandon
9089,400,2025-04-20,login
9090,400,2025-10-13,login
9091,400,2025-05-27,login
9092,400,2025-02-22,login
9093,400,2026-08-18,login
9094,400,2026-08-16,login
9095,400,2026-06-08,login
9096,400,2025-08-30,login
9097,400,2026-03-13,support_ticket
9098,400,2026-07-13,login
9099,400,2026-01-08,login
9100,400,2026-03-27,login
9101,400,2025-07-10,login
9102,400,2026-06-05,login
9103,400,2026-05-14,support_ticket
9104,400,2025-04-24,cart_abandon
9105,400,2025-03-14,login
9106,400,2025-05-23,login
9107,400,2026-06-22,login
9108,400,2026-02-09,cart_abandon
9109,400,2025-09-07,support_ticket
9110,400,2025-05-01,login
9111,400,2026-04-14,login
9112,401,2025-06-21,login
9113,401,2026-02-18,support_ticket
9114,401,2025-07-09,support_ticket
9115,401,2025-12-20,login
9116,401,2025-09-22,login
9117,401,2025-02-15,login
9118,401,2025-05-06,login
9119,401,2025-11-27,login
9120,401,2025-06-18,support_ticket
9121,401,2025-12-05,cart_abandon
9122,401,2025-11-05,cart_abandon
9123,401,2026-04-25,login
9124,401,2025-03-25,cart_abandon
9125,401,2025-11-26,login
9126,401,2025-06-14,cart_abandon
9127,401,2026-08-27,support_ticket
9128,401,2026-05-17,cart_abandon
9129,401,2026-07-21,login
9130,401,2025-05-15,support_ticket
9131,401,2026-03-19,login
9132,401,2025-06-18,login
9133,401,2025-02-01,login
9134,401,2026-04-26,cart_abandon
9135,401,2026-09-16,login
9136,401,2025-08-12,login
9137,401,2026-09-17,login
9138,401,2026-08-21,support_ticket
9139,401,2025-12-09,login
9140,401,2025-07-22,login
9141,401,2026-01-08,login
9142,401,2026-06-09,support_ticket
9143,401,2025-03-22,login
9144,401,2025-07-11,login
9145,401,2025-12-24,login
9146,401,2025-03-03,login
9147,402,2025-10-22,login
9148,402,2025-05-23,login
9149,402,2025-08-10,login
9150,402,2026-05-21,login
9151,402,2025-03-27,login
9152,402,2025-05-27,login
9153,402,2025-02-05,login
9154,402,2026-09-07,cart_abandon
9155,402,2025-03-24,support_ticket
9156,402,2025-05-27,login
9157,402,2025-02-06,login
9158,402,2025-06-09,cart_abandon
9159,402,2025-04-08,login
9160,402,2025-09-22,cart_abandon
9161,402,2025-02-17,cart_abandon
9162,402,2026-02-22,support_ticket
9163,402,2025-12-30,support_ticket
9164,403,2026-04-22,login
9165,403,2026-01-09,login
9166,403,2026-06-20,login
9167,403,2025-07-10,login
9168,403,2025-02-03,login
9169,403,2026-02-27,login
9170,404,2025-10-17,login
9171,404,2026-08-26,login
9172,404,2026-02-05,login
9173,404,2026-06-19,support_ticket
9174,404,2025-03-21,login
9175,404,2025-12-26,login
9176,404,2025-07-27,login
9177,405,2026-06-22,login
9178,405,2025-02-17,login
9179,405,2026-07-09,login
9180,405,2026-03-16,support_ticket
9181,405,2026-01-14,login
9182,405,2026-04-17,cart_abandon
9183,405,2025-08-14,login
9184,405,2026-06-15,login
9185,405,2025-04-17,cart_abandon
9186,405,2025-08-06,login
9187,405,2026-05-28,cart_abandon
9188,405,2025-09-29,login
9189,405,2026-07-11,login
9190,405,2025-04-25,support_ticket
9191,405,2025-07-12,login
9192,405,2025-08-24,login
9193,405,2025-12-09,cart_abandon
9194,406,2025-02-15,login
9195,406,2025-12-05,support_ticket
9196,406,2025-11-11,login
9197,406,2025-04-24,cart_abandon
9198,406,2025-09-18,login
9199,406,2026-04-20,login
9200,406,2026-03-18,login
9201,406,2025-05-12,login
9202,406,2025-06-24,login
9203,406,2026-01-03,login
9204,406,2025-03-29,cart_abandon
9205,406,2026-09-02,support_ticket
9206,406,2025-08-20,login
9207,406,2025-10-27,login
9208,406,2026-06-25,cart_abandon
9209,406,2025-05-06,login
9210,406,2025-11-22,login
9211,406,2026-02-22,login
9212,406,2025-10-04,login
9213,406,2026-07-15,login
9214,406,2025-03-09,support_ticket
9215,406,2026-02-15,login
9216,407,2025-06-06,support_ticket
9217,407,2026-04-04,login
9218,407,2026-08-18,support_ticket
9219,407,2026-02-17,support_ticket
9220,407,2025-08-13,login
9221,407,2025-10-31,support_ticket
9222,407,2026-06-26,login
9223,407,2025-05-28,support_ticket
9224,407,2025-05-02,login
9225,407,2025-02-02,login
9226,407,2026-03-19,login
9227,407,2025-12-18,login
9228,407,2026-03-25,cart_abandon
9229,407,2025-10-20,login
9230,407,2025-06-07,login
9231,407,2026-02-25,login
9232,407,2025-07-14,login
9233,407,2025-11-30,cart_abandon
9234,407,2025-04-13,login
9235,407,2025-11-14,cart_abandon
9236,407,2025-09-04,login
9237,407,2026-03-26,cart_abandon
9238,407,2025-08-13,login
9239,407,2025-12-21,login
9240,407,2025-02-05,cart_abandon
9241,407,2025-05-10,support_ticket
9242,407,2025-07-21,login
9243,407,2026-01-22,cart_abandon
9244,407,2025-05-01,cart_abandon
9245,407,2026-03-09,login
9246,408,2026-07-21,login
9247,408,2026-04-15,login
9248,408,2026-02-22,cart_abandon
9249,408,2025-05-29,login
9250,408,2025-10-08,login
9251,408,2025-07-11,login
9252,409,2025-12-22,login
9253,409,2026-05-05,login
9254,409,2026-02-04,login
9255,409,2025-09-02,login
9256,409,2026-07-14,login
9257,409,2026-06-16,login
9258,409,2025-02-10,support_ticket
9259,409,2025-03-21,support_ticket
9260,409,2026-03-01,login
9261,409,2026-01-18,login
9262,409,2026-09-12,login
9263,409,2026-05-19,login
9264,409,2025-12-08,login
9265,409,2025-02-25,support_ticket
9266,409,2025-05-30,support_ticket
9267,409,2026-04-24,login
9268,409,2026-02-09,login
9269,409,2026-03-08,login
9270,409,2026-06-17,login
9271,409,2025-02-26,login
9272,409,2025-04-10,login
9273,409,2025-11-14,support_ticket
9274,409,2026-03-31,cart_abandon
9275,409,2026-09-29,login
9276,410,2026-07-16,login
9277,410,2026-05-11,login
9278,410,2026-03-29,login
9279,410,2026-03-18,login
9280,410,2026-07-12,login
9281,410,2025-09-04,login
9282,410,2026-09-01,login
9283,410,2025-06-07,support_ticket
9284,410,2026-08-22,cart_abandon
9285,410,2026-07-22,support_ticket
9286,410,2026-02-20,login
9287,410,2025-04-25,login
9288,410,2026-02-22,support_ticket
9289,410,2025-12-13,login
9290,410,2025-07-09,login
9291,410,2026-08-19,login
9292,410,2026-02-20,login
9293,410,2026-07-09,support_ticket
9294,410,2026-01-28,support_ticket
9295,411,2026-07-03,login
9296,411,2026-06-07,login
9297,411,2026-02-04,login
9298,411,2026-06-02,login
9299,411,2026-06-12,login
9300,411,2025-10-08,login
9301,411,2025-05-09,login
9302,411,2026-09-11,login
9303,411,2025-10-12,login
9304,411,2025-04-21,login
9305,411,2026-08-21,login
9306,411,2026-03-24,login
9307,411,2026-04-24,login
9308,411,2025-03-10,support_ticket
9309,411,2025-12-18,support_ticket
9310,411,2026-08-03,cart_abandon
9311,411,2026-02-18,cart_abandon
9312,411,2025-03-25,login
9313,411,2026-05-07,login
9314,411,2026-05-12,login
9315,411,2025-12-26,login
9316,411,2025-07-11,login
9317,411,2026-02-24,cart_abandon
9318,411,2025-11-27,login
9319,411,2025-11-26,login
9320,411,2026-01-24,login
9321,411,2026-05-09,login
9322,411,2025-08-19,login
9323,411,2025-09-19,login
9324,411,2025-06-22,login
9325,411,2026-07-15,support_ticket
9326,412,2025-06-09,login
9327,412,2025-05-21,cart_abandon
9328,412,2025-02-09,login
9329,412,2025-05-16,login
9330,412,2025-08-17,support_ticket
9331,412,2025-05-16,support_ticket
9332,412,2026-07-28,login
9333,412,2025-12-25,support_ticket
9334,412,2026-07-09,login
9335,412,2025-05-30,login
9336,412,2025-12-31,support_ticket
9337,412,2026-07-01,login
9338,412,2025-04-02,login
9339,412,2026-04-17,login
9340,412,2025-12-06,cart_abandon
9341,412,2026-06-09,login
9342,412,2025-02-18,cart_abandon
9343,412,2025-04-15,login
9344,412,2026-07-03,login
9345,412,2025-08-13,login
9346,412,2025-04-17,login
9347,412,2026-02-01,login
9348,412,2025-02-23,login
9349,412,2025-05-10,login
9350,412,2026-02-20,login
9351,412,2025-08-04,cart_abandon
9352,412,2025-07-01,login
9353,412,2026-09-20,login
9354,412,2026-03-23,login
9355,412,2026-07-10,cart_abandon
9356,412,2025-06-06,login
9357,412,2025-11-30,login
9358,412,2025-02-01,support_ticket
9359,412,2025-06-28,support_ticket
9360,413,2025-03-31,login
9361,413,2026-04-24,cart_abandon
9362,413,2026-09-03,login
9363,413,2025-09-23,login
9364,413,2025-06-01,login
9365,413,2026-09-06,support_ticket
9366,413,2026-06-14,cart_abandon
9367,413,2025-04-02,cart_abandon
9368,413,2025-03-11,cart_abandon
9369,413,2025-10-01,cart_abandon
9370,413,2026-03-16,login
9371,413,2025-06-29,login
9372,413,2025-08-09,login
9373,414,2025-02-26,login
9374,414,2025-02-18,login
9375,414,2025-08-23,login
9376,414,2025-03-21,cart_abandon
9377,414,2026-03-11,login
9378,414,2026-07-16,cart_abandon
9379,414,2026-05-18,support_ticket
9380,414,2026-09-11,login
9381,414,2026-04-15,cart_abandon
9382,414,2026-04-01,support_ticket
9383,414,2025-08-01,login
9384,414,2026-08-21,support_ticket
9385,414,2025-05-06,support_ticket
9386,414,2026-07-13,cart_abandon
9387,414,2026-07-09,support_ticket
9388,414,2025-03-28,cart_abandon
9389,414,2025-12-17,login
9390,414,2026-01-12,login
9391,414,2025-03-19,login
9392,414,2025-03-06,support_ticket
9393,414,2026-03-20,login
9394,415,2026-06-02,login
9395,415,2025-05-20,login
9396,415,2026-09-01,login
9397,415,2026-05-25,login
9398,415,2026-05-11,login
9399,415,2025-05-17,login
9400,415,2025-03-03,login
9401,415,2025-10-28,login
9402,415,2026-02-23,support_ticket
9403,415,2026-07-14,login
9404,415,2025-02-24,support_ticket
9405,415,2026-06-14,support_ticket
9406,415,2026-05-20,support_ticket
9407,415,2025-05-22,cart_abandon
9408,415,2026-09-07,login
9409,415,2025-05-08,login
9410,415,2025-08-13,login
9411,415,2026-06-03,login
9412,415,2025-10-20,login
9413,415,2026-01-17,login
9414,415,2026-08-22,support_ticket
9415,415,2026-03-02,login
9416,415,2026-08-01,login
9417,416,2026-06-28,login
9418,416,2026-04-12,login
9419,416,2025-07-18,login
9420,416,2025-03-16,cart_abandon
9421,416,2026-04-05,login
9422,416,2025-03-10,login
9423,416,2026-08-31,cart_abandon
9424,416,2026-05-28,login
9425,416,2026-05-15,cart_abandon
9426,416,2026-02-13,login
9427,416,2026-08-06,support_ticket
9428,416,2026-03-13,login
9429,416,2025-06-17,login
9430,416,2026-05-22,login
9431,416,2025-11-21,login
9432,416,2025-10-31,login
9433,416,2026-08-30,support_ticket
9434,416,2026-02-03,login
9435,416,2025-06-06,support_ticket
9436,416,2026-01-12,login
9437,416,2025-08-31,cart_abandon
9438,416,2026-05-18,login
9439,416,2025-08-11,login
9440,416,2025-08-15,support_ticket
9441,416,2025-03-26,login
9442,416,2025-08-22,login
9443,416,2025-05-18,login
9444,416,2026-01-11,cart_abandon
9445,416,2026-02-24,support_ticket
9446,416,2026-08-10,cart_abandon
9447,417,2026-05-23,login
9448,417,2026-05-26,login
9449,417,2025-04-30,login
9450,417,2025-06-13,login
9451,417,2025-09-14,cart_abandon
9452,417,2025-08-26,login
9453,417,2025-04-28,cart_abandon
9454,417,2025-06-09,login
9455,417,2025-12-27,login
9456,417,2025-03-17,login
9457,417,2026-01-11,login
9458,417,2025-11-27,support_ticket
9459,417,2025-05-16,cart_abandon
9460,417,2026-03-20,support_ticket
9461,417,2025-12-24,login
9462,417,2026-03-16,login
9463,417,2025-04-28,login
9464,417,2025-10-21,login
9465,418,2026-02-11,login
9466,418,2025-02-11,login
9467,418,2026-01-04,cart_abandon
9468,418,2025-10-13,support_ticket
9469,418,2025-09-15,login
9470,418,2025-08-31,support_ticket
9471,418,2025-09-22,cart_abandon
9472,418,2026-06-17,cart_abandon
9473,418,2026-05-07,login
9474,418,2025-08-30,cart_abandon
9475,418,2026-08-08,support_ticket
9476,418,2025-07-21,support_ticket
9477,418,2026-06-22,login
9478,418,2026-06-24,login
9479,418,2026-01-01,login
9480,418,2025-05-04,support_ticket
9481,418,2025-08-16,login
9482,418,2026-01-19,login
9483,418,2025-09-03,login
9484,418,2026-03-19,login
9485,419,2025-06-20,login
9486,419,2025-02-21,login
9487,419,2025-08-21,login
9488,419,2025-06-22,support_ticket
9489,419,2025-12-11,cart_abandon
9490,419,2026-04-29,login
9491,419,2025-04-08,login
9492,419,2025-08-08,login
9493,419,2026-05-17,login
9494,419,2025-02-10,login
9495,419,2025-06-03,login
9496,419,2025-09-06,login
9497,419,2026-05-04,login
9498,419,2026-06-24,login
9499,419,2025-09-01,login
9500,419,2025-12-24,login
9501,419,2025-10-01,login
9502,419,2025-11-02,login
9503,419,2026-04-27,support_ticket
9504,419,2026-03-19,login
9505,419,2026-06-22,cart_abandon
9506,419,2026-01-08,login
9507,419,2026-07-25,login
9508,419,2026-04-19,cart_abandon
9509,419,2025-05-28,login
9510,419,2025-02-01,cart_abandon
9511,419,2026-09-07,login
9512,420,2025-03-22,cart_abandon
9513,420,2026-05-26,login
9514,420,2026-08-18,login
9515,420,2025-05-06,cart_abandon
9516,420,2026-02-02,login
9517,420,2025-05-09,login
9518,420,2026-04-26,login
9519,420,2025-04-05,login
9520,420,2025-07-13,login
9521,420,2025-02-28,login
9522,420,2025-12-04,login
9523,420,2025-02-15,support_ticket
9524,420,2025-10-14,login
9525,420,2025-02-09,login
9526,420,2025-09-01,login
9527,420,2026-04-27,cart_abandon
9528,420,2026-09-21,login
9529,420,2025-07-18,login
9530,420,2025-02-02,cart_abandon
9531,420,2025-04-01,login
9532,420,2026-03-02,cart_abandon
9533,420,2026-05-31,support_ticket
9534,420,2025-08-13,cart_abandon
9535,420,2025-10-06,login
9536,420,2026-06-02,login
9537,420,2025-04-11,cart_abandon
9538,420,2025-09-11,login
9539,420,2026-05-22,cart_abandon
9540,421,2025-11-09,login
9541,421,2026-09-17,login
9542,421,2025-08-21,login
9543,421,2026-06-06,cart_abandon
9544,421,2026-07-16,login
9545,421,2025-06-02,login
9546,421,2025-05-12,support_ticket
9547,421,2025-11-24,login
9548,421,2025-12-17,login
9549,421,2026-01-11,cart_abandon
9550,421,2025-03-22,login
9551,421,2026-09-08,login
9552,421,2025-06-13,login
9553,421,2025-12-02,login
9554,421,2025-03-11,support_ticket
9555,421,2025-05-04,login
9556,421,2025-07-10,login
9557,421,2025-06-02,login
9558,421,2025-08-13,cart_abandon
9559,421,2026-06-12,support_ticket
9560,421,2025-06-28,login
9561,421,2026-04-18,login
9562,421,2025-05-25,login
9563,422,2025-10-08,support_ticket
9564,422,2026-08-06,login
9565,422,2025-04-22,login
9566,422,2025-02-13,login
9567,422,2025-06-22,login
9568,422,2026-05-05,login
9569,422,2025-09-17,support_ticket
9570,422,2025-08-10,login
9571,422,2026-04-04,login
9572,422,2026-04-10,login
9573,422,2025-09-17,login
9574,422,2025-07-03,login
9575,422,2025-08-27,login
9576,422,2025-03-27,login
9577,422,2025-02-06,login
9578,422,2025-09-30,support_ticket
9579,422,2025-06-24,login
9580,422,2025-05-24,cart_abandon
9581,422,2025-05-03,login
9582,422,2025-05-27,support_ticket
9583,423,2026-01-05,cart_abandon
9584,423,2026-03-06,cart_abandon
9585,423,2026-03-12,login
9586,423,2026-03-28,login
9587,423,2026-01-23,login
9588,423,2025-04-13,cart_abandon
9589,423,2026-01-21,cart_abandon
9590,423,2025-02-03,login
9591,423,2025-11-12,cart_abandon
9592,423,2025-05-03,login
9593,423,2026-05-17,login
9594,424,2026-09-21,login
9595,424,2025-05-01,login
9596,424,2026-01-06,login
9597,424,2026-07-19,support_ticket
9598,424,2025-06-21,login
9599,424,2026-06-27,support_ticket
9600,424,2026-07-26,login
9601,424,2026-05-14,login
9602,424,2025-02-22,cart_abandon
9603,424,2026-04-28,cart_abandon
9604,424,2025-06-08,support_ticket
9605,424,2025-11-15,login
9606,424,2025-03-17,login
9607,424,2026-07-10,cart_abandon
9608,424,2025-07-06,login
9609,424,2026-09-28,cart_abandon
9610,424,2026-01-26,login
9611,424,2026-03-27,login
9612,424,2025-10-04,login
9613,424,2026-03-22,login
9614,425,2026-01-01,login
9615,425,2025-04-03,support_ticket
9616,425,2025-10-11,login
9617,425,2026-02-11,login
9618,425,2026-02-14,cart_abandon
9619,425,2026-02-02,support_ticket
9620,425,2025-09-25,support_ticket
9621,425,2025-07-14,login
9622,425,2026-07-17,login
9623,425,2025-09-20,login
9624,425,2025-02-23,login
9625,425,2025-12-18,login
9626,425,2026-02-03,login
9627,425,2025-05-24,login
9628,425,2025-11-03,login
9629,425,2026-08-25,login
9630,425,2025-09-08,login
9631,425,2026-01-30,support_ticket
9632,425,2026-05-10,login
9633,425,2026-01-03,login
9634,426,2025-10-08,login
9635,426,2026-05-16,login
9636,426,2026-05-04,support_ticket
9637,426,2025-08-06,login
9638,426,2026-02-08,login
9639,426,2026-05-18,support_ticket
9640,426,2025-05-29,login
9641,426,2026-09-24,login
9642,426,2025-04-18,support_ticket
9643,426,2026-04-07,login
9644,426,2025-06-19,cart_abandon
9645,426,2025-04-07,login
9646,426,2025-12-09,login
9647,426,2026-09-07,login
9648,427,2026-08-31,login
9649,427,2025-11-05,login
9650,427,2026-01-21,login
9651,427,2025-08-12,login
9652,427,2025-02-20,login
9653,427,2025-09-05,login
9654,427,2025-06-16,cart_abandon
9655,427,2026-02-21,login
9656,427,2026-06-30,cart_abandon
9657,427,2026-05-24,login
9658,428,2025-11-04,cart_abandon
9659,428,2025-09-24,login
9660,428,2025-07-04,cart_abandon
9661,428,2025-06-15,support_ticket
9662,428,2026-04-21,support_ticket
9663,428,2026-05-09,login
9664,428,2026-01-05,support_ticket
9665,428,2025-03-28,login
9666,428,2026-01-27,cart_abandon
9667,428,2025-04-22,login
9668,428,2025-07-15,login
9669,428,2025-02-20,support_ticket
9670,428,2025-10-22,login
9671,428,2026-09-16,login
9672,428,2026-07-22,login
9673,428,2026-04-21,login
9674,428,2025-07-20,login
9675,428,2025-08-19,login
9676,428,2026-02-10,login
9677,428,2026-05-06,support_ticket
9678,428,2026-08-09,login
9679,429,2026-03-18,login
9680,429,2026-05-12,login
9681,429,2026-02-08,support_ticket
9682,429,2025-12-14,support_ticket
9683,429,2026-05-14,support_ticket
9684,429,2025-09-20,login
9685,429,2025-11-13,login
9686,429,2025-03-22,cart_abandon
9687,429,2025-07-09,login
9688,429,2025-12-27,support_ticket
9689,429,2026-03-27,login
9690,429,2025-02-07,login
9691,429,2025-03-12,login
9692,429,2025-04-15,login
9693,429,2025-04-14,support_ticket
9694,429,2026-05-23,cart_abandon
9695,429,2025-12-26,login
9696,429,2025-05-30,login
9697,429,2025-11-28,login
9698,429,2025-06-26,login
9699,429,2026-06-23,support_ticket
9700,429,2026-03-26,login
9701,429,2026-02-18,login
9702,429,2026-08-23,cart_abandon
9703,429,2025-05-10,login
9704,429,2026-02-22,login
9705,429,2025-08-01,support_ticket
9706,429,2025-07-07,login
9707,430,2026-06-16,login
9708,430,2025-02-10,login
9709,430,2026-09-23,login
9710,430,2026-08-24,login
9711,430,2026-05-31,login
9712,430,2025-08-27,login
9713,430,2026-01-01,support_ticket
9714,430,2025-12-13,cart_abandon
9715,430,2025-07-16,cart_abandon
9716,430,2025-12-25,login
9717,430,2026-05-19,login
9718,430,2026-02-20,support_ticket
9719,430,2026-09-28,login
9720,430,2026-03-26,login
9721,430,2026-08-01,support_ticket
9722,430,2025-06-19,support_ticket
9723,430,2026-03-04,support_ticket
9724,430,2025-04-15,login
9725,430,2025-11-21,cart_abandon
9726,430,2026-01-29,login
9727,430,2026-05-09,cart_abandon
9728,430,2025-07-24,login
9729,430,2025-08-08,cart_abandon
9730,430,2025-03-13,cart_abandon
9731,430,2026-03-12,cart_abandon
9732,430,2026-05-13,login
9733,430,2025-12-23,support_ticket
9734,430,2026-07-29,login
9735,430,2025-12-02,login
9736,430,2026-07-25,login
9737,430,2025-02-06,login
9738,430,2025-08-09,login
9739,430,2026-05-28,login
9740,431,2025-10-05,support_ticket
9741,431,2026-07-08,login
9742,431,2025-04-07,support_ticket
9743,431,2025-08-15,login
9744,431,2025-10-10,cart_abandon
9745,432,2025-06-09,login
9746,432,2026-01-24,support_ticket
9747,432,2025-03-09,cart_abandon
9748,432,2025-09-04,cart_abandon
9749,432,2026-03-26,support_ticket
9750,432,2025-08-17,login
9751,432,2025-07-25,login
9752,432,2026-04-11,login
9753,432,2026-03-17,login
9754,432,2026-04-04,login
9755,432,2025-10-11,login
9756,432,2026-03-28,support_ticket
9757,432,2026-04-29,login
9758,432,2025-12-03,login
9759,432,2026-07-05,login
9760,432,2025-06-05,cart_abandon
9761,433,2025-09-06,login
9762,433,2026-08-19,login
9763,433,2026-08-11,support_ticket
9764,433,2026-05-07,login
9765,433,2025-03-08,login
9766,433,2025-02-10,login
9767,433,2026-02-21,login
9768,433,2025-07-21,login
9769,433,2026-09-29,login
9770,433,2026-04-08,login
9771,433,2025-10-16,cart_abandon
9772,433,2025-09-14,login
9773,433,2026-08-25,login
9774,433,2026-07-24,login
9775,433,2026-06-23,login
9776,433,2026-09-02,login
9777,433,2025-08-02,login
9778,433,2026-08-10,login
9779,433,2025-05-31,login
9780,433,2026-09-28,login
9781,433,2025-09-06,support_ticket
9782,433,2026-05-24,login
9783,433,2025-06-06,support_ticket
9784,433,2025-02-27,support_ticket
9785,433,2025-03-01,login
9786,433,2025-06-24,login
9787,433,2025-11-05,support_ticket
9788,433,2025-04-11,cart_abandon
9789,433,2025-04-21,cart_abandon
9790,433,2025-08-06,support_ticket
9791,433,2025-05-28,cart_abandon
9792,433,2026-04-18,login
9793,433,2026-04-15,login
9794,434,2026-02-17,login
9795,434,2025-11-17,login
9796,434,2026-02-14,login
9797,434,2026-04-23,login
9798,434,2025-09-26,login
9799,434,2026-01-19,login
9800,434,2025-04-01,cart_abandon
9801,434,2025-05-21,support_ticket
9802,434,2025-05-22,login
9803,434,2025-12-18,login
9804,434,2026-04-02,login
9805,434,2025-07-09,login
9806,434,2025-03-09,cart_abandon
9807,434,2025-07-10,login
9808,434,2025-04-03,login
9809,434,2026-01-14,support_ticket
9810,434,2026-07-30,login
9811,434,2026-08-31,login
9812,434,2025-11-15,login
9813,434,2026-03-08,login
9814,434,2026-08-16,login
9815,434,2026-03-08,login
9816,434,2025-02-19,login
9817,434,2025-10-25,cart_abandon
9818,434,2025-04-15,login
9819,434,2025-07-18,support_ticket
9820,434,2025-05-21,login
9821,434,2026-06-17,login
9822,434,2026-03-29,login
9823,434,2026-02-14,login
9824,434,2025-08-09,login
9825,434,2026-03-21,login
9826,434,2026-07-23,login
9827,434,2026-01-13,login
9828,434,2025-06-15,cart_abandon
9829,434,2025-10-29,support_ticket
9830,434,2026-03-04,login
9831,435,2025-08-07,login
9832,435,2026-09-22,login
9833,435,2026-05-03,login
9834,435,2025-03-06,login
9835,435,2025-08-20,cart_abandon
9836,435,2026-06-26,login
9837,435,2025-04-28,cart_abandon
9838,435,2026-04-09,cart_abandon
9839,435,2025-06-17,login
9840,435,2025-11-06,cart_abandon
9841,435,2025-07-19,login
9842,435,2025-07-18,login
9843,435,2025-07-27,login
9844,435,2025-12-20,login
9845,435,2026-08-10,login
9846,435,2026-08-26,cart_abandon
9847,436,2026-08-03,support_ticket
9848,436,2025-10-13,cart_abandon
9849,436,2026-02-04,login
9850,436,2026-01-28,cart_abandon
9851,436,2025-06-06,login
9852,436,2026-02-05,login
9853,436,2026-08-05,login
9854,436,2026-09-28,login
9855,436,2026-05-11,login
9856,436,2025-07-29,login
9857,436,2026-07-18,login
9858,436,2025-04-13,login
9859,436,2026-03-28,login
9860,436,2025-12-19,login
9861,436,2025-05-28,cart_abandon
9862,436,2026-08-09,support_ticket
9863,436,2025-04-10,login
9864,436,2025-10-28,cart_abandon
9865,436,2025-05-30,login
9866,436,2025-10-18,support_ticket
9867,436,2025-12-10,support_ticket
9868,436,2026-03-28,support_ticket
9869,436,2025-08-13,cart_abandon
9870,436,2026-03-20,login
9871,436,2025-11-15,login
9872,436,2025-09-19,login
9873,437,2025-10-28,login
9874,437,2025-05-31,login
9875,437,2026-02-10,login
9876,437,2025-02-04,login
9877,437,2025-12-18,login
9878,437,2026-01-07,login
9879,437,2026-09-02,login
9880,437,2025-06-30,login
9881,437,2025-04-12,support_ticket
9882,437,2025-07-28,login
9883,437,2026-04-29,login
9884,437,2025-09-15,login
9885,437,2026-06-04,login
9886,437,2025-08-16,cart_abandon
9887,437,2026-05-03,login
9888,437,2025-05-11,support_ticket
9889,437,2026-09-19,login
9890,438,2025-12-16,login
9891,438,2025-12-25,support_ticket
9892,438,2026-09-27,login
9893,438,2026-01-27,login
9894,438,2026-05-17,support_ticket
9895,438,2025-10-27,login
9896,438,2025-12-14,login
9897,438,2025-12-05,support_ticket
9898,438,2026-06-01,cart_abandon
9899,438,2025-06-08,login
9900,438,2026-03-19,login
9901,438,2025-11-05,login
9902,438,2026-04-28,login
9903,438,2025-08-24,login
9904,438,2026-06-12,support_ticket
9905,438,2025-08-29,login
9906,438,2025-08-04,cart_abandon
9907,438,2026-06-13,login
9908,438,2025-12-21,login
9909,438,2025-02-19,support_ticket
9910,438,2025-07-28,login
9911,438,2025-09-10,login
9912,438,2026-03-21,login
9913,438,2025-10-15,login
9914,438,2025-03-11,login
9915,438,2026-02-28,login
9916,438,2025-05-30,login
9917,438,2026-08-19,login
9918,438,2025-09-18,login
9919,438,2025-06-01,login
9920,438,2025-11-26,cart_abandon
9921,438,2025-03-13,cart_abandon
9922,438,2026-01-06,support_ticket
9923,438,2025-08-12,login
9924,438,2026-08-22,login
9925,438,2026-06-28,login
9926,438,2026-04-14,login
9927,439,2026-09-24,login
9928,439,2026-07-16,login
9929,439,2026-03-01,cart_abandon
9930,439,2025-06-21,login
9931,439,2025-07-27,login
9932,439,2025-05-20,login
9933,439,2026-06-11,login
9934,440,2026-04-29,support_ticket
9935,440,2026-09-05,login
9936,440,2026-07-17,support_ticket
9937,440,2025-08-09,login
9938,440,2025-08-15,login
9939,440,2026-04-25,cart_abandon
9940,440,2026-06-16,cart_abandon
9941,440,2025-09-06,login
9942,440,2026-08-01,login
9943,440,2026-04-17,login
9944,440,2025-04-11,login
9945,440,2025-08-07,login
9946,440,2026-07-13,cart_abandon
9947,440,2025-05-16,support_ticket
9948,441,2026-04-25,login
9949,441,2025-03-02,login
9950,441,2025-07-08,login
9951,441,2025-11-17,support_ticket
9952,441,2026-01-01,login
9953,441,2025-02-22,login
9954,441,2025-02-03,login
9955,441,2025-12-16,login
9956,441,2025-02-12,login
9957,441,2026-05-07,support_ticket
9958,441,2025-04-07,cart_abandon
9959,441,2025-02-25,login
9960,441,2025-05-29,login
9961,441,2026-06-05,login
9962,441,2026-05-22,login
9963,441,2025-03-13,cart_abandon
9964,441,2025-12-29,login
9965,441,2026-09-07,login
9966,441,2025-05-07,login
9967,441,2026-04-20,cart_abandon
9968,441,2025-04-11,login
9969,441,2026-08-12,cart_abandon
9970,441,2026-08-19,login
9971,441,2025-04-18,support_ticket
9972,441,2026-07-02,login
9973,441,2026-05-16,cart_abandon
9974,441,2026-03-06,support_ticket
9975,441,2025-02-25,login
9976,442,2025-05-30,login
9977,442,2026-06-19,login
9978,442,2026-08-10,login
9979,442,2026-03-18,login
9980,442,2025-05-31,login
9981,442,2026-03-30,login
9982,442,2025-08-06,login
9983,442,2025-04-18,login
9984,442,2026-01-09,cart_abandon
9985,442,2025-08-29,login
9986,442,2026-03-24,login
9987,442,2026-07-28,login
9988,442,2025-04-16,login
9989,442,2026-05-06,cart_abandon
9990,442,2026-02-12,support_ticket
9991,442,2025-07-09,login
9992,442,2025-12-20,login
9993,442,2026-06-26,login
9994,442,2026-08-21,support_ticket
9995,442,2025-04-10,login
9996,442,2025-06-06,login
9997,442,2025-10-18,login
9998,442,2026-03-27,login
9999,442,2026-05-19,login
10000,442,2026-08-24,login
10001,442,2026-05-15,login
10002,442,2026-02-23,login
10003,442,2025-06-12,support_ticket
10004,442,2025-11-22,cart_abandon
10005,443,2026-03-08,login
10006,443,2026-04-01,login
10007,443,2025-08-24,login
10008,443,2025-05-29,login
10009,443,2026-05-21,login
10010,443,2026-09-16,login
10011,443,2025-02-08,login
10012,443,2026-06-27,login
10013,443,2026-06-10,cart_abandon
10014,443,2025-12-30,login
10015,443,2026-04-30,login
10016,443,2025-10-06,login
10017,443,2025-03-01,login
10018,443,2025-08-15,login
10019,443,2025-05-14,login
10020,443,2026-08-17,login
10021,443,2025-06-23,login
10022,443,2025-11-22,login
10023,443,2026-04-19,login
10024,443,2025-12-03,login
10025,443,2025-12-31,login
10026,443,2025-09-14,login
10027,443,2026-08-12,support_ticket
10028,443,2025-12-22,login
10029,443,2025-11-27,login
10030,443,2026-05-26,cart_abandon
10031,443,2025-08-14,login
10032,443,2025-12-11,login
10033,443,2025-11-15,login
10034,443,2025-11-15,login
10035,443,2026-04-10,cart_abandon
10036,443,2026-09-16,login
10037,443,2026-03-21,login
10038,443,2026-06-22,login
10039,443,2026-05-23,login
10040,443,2025-10-31,cart_abandon
10041,443,2025-05-15,cart_abandon
10042,444,2025-08-15,login
10043,444,2026-02-20,support_ticket
10044,444,2026-07-16,cart_abandon
10045,444,2025-04-07,login
10046,444,2025-04-18,support_ticket
10047,444,2026-06-11,login
10048,444,2025-11-03,login
10049,444,2025-05-01,login
10050,444,2025-04-30,login
10051,444,2026-07-11,login
10052,444,2025-03-01,login
10053,444,2025-07-08,login
10054,444,2026-04-21,support_ticket
10055,444,2026-07-07,cart_abandon
10056,444,2025-05-10,login
10057,444,2025-10-04,login
10058,444,2025-09-06,login
10059,444,2025-11-28,login
10060,444,2025-06-17,login
10061,444,2026-02-02,login
10062,444,2026-07-29,support_ticket
10063,444,2026-01-14,login
10064,444,2025-04-09,login
10065,444,2026-04-04,login
10066,444,2026-01-29,login
10067,444,2025-08-07,login
10068,444,2025-11-05,support_ticket
10069,444,2026-04-25,login
10070,444,2025-12-24,login
10071,444,2025-04-06,cart_abandon
10072,444,2025-12-23,login
10073,444,2025-08-09,login
10074,444,2025-05-31,login
10075,444,2026-05-25,login
10076,445,2025-11-14,support_ticket
10077,445,2026-05-17,cart_abandon
10078,445,2025-11-14,cart_abandon
10079,445,2025-10-22,cart_abandon
10080,445,2025-12-09,support_ticket
10081,445,2026-03-08,support_ticket
10082,445,2025-09-12,login
10083,445,2026-04-14,login
10084,445,2025-12-24,support_ticket
10085,445,2026-06-13,login
10086,445,2026-08-11,login
10087,445,2025-09-17,cart_abandon
10088,445,2026-02-16,login
10089,445,2026-02-13,login
10090,445,2025-05-27,login
10091,445,2025-03-13,login
10092,445,2025-04-03,login
10093,445,2026-03-17,login
10094,445,2026-07-13,login
10095,445,2026-01-31,login
10096,445,2026-05-06,support_ticket
10097,445,2025-08-08,login
10098,445,2026-06-14,login
10099,445,2026-03-13,login
10100,445,2025-08-15,login
10101,445,2026-09-04,login
10102,445,2025-08-31,login
10103,445,2025-11-30,login
10104,445,2025-02-15,login
10105,445,2025-08-04,support_ticket
10106,445,2025-02-02,cart_abandon
10107,445,2025-05-30,login
10108,445,2026-05-04,login
10109,445,2025-03-21,login
10110,445,2026-03-02,cart_abandon
10111,445,2025-03-23,login
10112,445,2025-11-26,login
10113,446,2026-08-14,login
10114,446,2026-04-12,support_ticket
10115,446,2026-07-09,cart_abandon
10116,446,2025-05-18,cart_abandon
10117,446,2025-12-01,cart_abandon
10118,446,2025-08-31,cart_abandon
10119,446,2026-06-26,login
10120,446,2026-04-11,login
10121,446,2026-04-27,support_ticket
10122,446,2025-08-14,support_ticket
10123,446,2026-05-09,login
10124,446,2025-10-20,cart_abandon
10125,446,2026-05-29,login
10126,446,2025-03-08,cart_abandon
10127,446,2025-11-03,support_ticket
10128,446,2026-06-23,login
10129,446,2025-11-12,login
10130,446,2025-07-04,login
10131,446,2026-03-25,login
10132,446,2026-08-07,cart_abandon
10133,446,2026-07-23,login
10134,446,2026-06-16,login
10135,446,2026-08-08,login
10136,446,2026-06-17,login
10137,446,2026-04-21,login
10138,446,2026-01-18,login
10139,446,2026-08-25,login
10140,446,2025-04-03,login
10141,446,2025-11-19,login
10142,446,2025-03-04,login
10143,446,2025-08-31,login
10144,447,2026-02-15,cart_abandon
10145,447,2025-07-14,cart_abandon
10146,447,2025-09-26,cart_abandon
10147,447,2025-10-19,login
10148,447,2025-08-25,login
10149,447,2025-03-29,login
10150,447,2026-08-02,login
10151,447,2026-03-15,support_ticket
10152,447,2026-03-17,login
10153,447,2025-09-10,login
10154,447,2025-09-09,cart_abandon
10155,447,2026-07-30,login
10156,447,2026-03-21,cart_abandon
10157,447,2025-10-17,cart_abandon
10158,447,2025-12-23,login
10159,447,2025-06-04,login
10160,447,2025-02-17,login
10161,447,2025-12-20,login
10162,447,2026-06-22,login
10163,447,2026-05-20,login
10164,447,2026-05-15,login
10165,447,2026-07-29,cart_abandon
10166,447,2025-05-21,login
10167,447,2025-10-06,support_ticket
10168,447,2026-07-04,login
10169,447,2025-11-08,login
10170,447,2025-02-06,login
10171,447,2026-05-18,login
10172,447,2026-09-06,login
10173,447,2025-02-14,login
10174,447,2026-01-01,login
10175,447,2025-10-11,support_ticket
10176,447,2026-05-21,cart_abandon
10177,447,2025-12-12,login
10178,447,2025-11-12,cart_abandon
10179,447,2026-02-03,login
10180,447,2025-07-22,login
10181,448,2026-04-24,login
10182,448,2025-05-12,login
10183,448,2025-07-18,login
10184,448,2025-10-04,login
10185,448,2025-11-23,support_ticket
10186,448,2025-09-15,support_ticket
10187,448,2026-08-30,cart_abandon
10188,448,2025-11-18,support_ticket
10189,448,2026-09-24,login
10190,448,2026-04-24,login
10191,448,2026-06-06,login
10192,448,2025-11-16,login
10193,448,2025-02-20,cart_abandon
10194,448,2026-03-26,login
10195,448,2026-03-28,login
10196,448,2026-07-24,support_ticket
10197,448,2026-06-08,login
10198,448,2025-09-04,login
10199,448,2025-09-08,cart_abandon
10200,448,2025-11-03,cart_abandon
10201,448,2025-05-14,login
10202,448,2025-12-13,login
10203,448,2026-09-18,support_ticket
10204,448,2025-08-26,support_ticket
10205,448,2026-04-19,support_ticket
10206,448,2026-06-27,login
10207,448,2025-02-24,login
10208,448,2026-09-10,login
10209,448,2026-03-31,login
10210,448,2026-09-26,login
10211,448,2026-05-27,login
10212,448,2026-02-01,support_ticket
10213,449,2025-08-10,cart_abandon
10214,449,2025-02-08,login
10215,449,2025-04-06,login
10216,449,2026-01-22,support_ticket
10217,449,2026-09-27,login
10218,449,2026-07-14,login
10219,449,2025-10-22,login
10220,449,2025-09-19,login
10221,449,2026-02-07,login
10222,449,2026-04-08,support_ticket
10223,449,2026-08-16,login
10224,449,2025-11-08,cart_abandon
10225,449,2026-01-22,login
10226,449,2025-10-29,login
10227,449,2025-06-03,support_ticket
10228,449,2025-11-28,cart_abandon
10229,449,2025-08-21,cart_abandon
10230,449,2026-04-08,login
10231,450,2025-06-25,login
10232,450,2025-07-23,login
10233,450,2026-03-14,login
10234,450,2025-04-02,login
10235,450,2026-09-16,login
10236,450,2025-03-17,login
10237,450,2025-09-06,login
10238,450,2025-11-15,login
10239,450,2025-08-05,support_ticket
10240,450,2025-04-29,support_ticket
10241,450,2025-10-22,support_ticket
10242,450,2026-05-29,cart_abandon
10243,450,2026-05-25,login
10244,450,2026-06-02,login
10245,450,2025-04-04,login
10246,450,2026-03-12,login
10247,450,2026-06-18,login
10248,450,2025-06-24,cart_abandon
10249,450,2025-04-22,login
10250,450,2025-04-22,cart_abandon
10251,450,2025-05-16,support_ticket
10252,450,2026-07-19,login
10253,450,2025-11-17,login
10254,450,2025-08-19,cart_abandon
10255,450,2025-08-25,support_ticket
10256,450,2025-12-12,login
10257,450,2026-02-24,cart_abandon
10258,450,2025-10-18,login
10259,450,2025-02-07,support_ticket
10260,450,2025-09-13,login
10261,450,2025-06-07,login
10262,450,2025-12-09,login
10263,450,2025-08-13,support_ticket
10264,450,2025-02-05,login
10265,450,2025-05-15,login
10266,450,2026-06-23,login
10267,450,2025-04-14,cart_abandon
10268,451,2026-04-30,login
10269,451,2026-04-09,cart_abandon
10270,451,2025-09-28,cart_abandon
10271,451,2026-01-11,login
10272,451,2026-06-13,login
10273,451,2026-06-08,login
10274,451,2025-05-19,login
10275,451,2026-06-08,login
10276,451,2026-07-24,login
10277,451,2026-01-31,cart_abandon
10278,451,2026-07-24,login
10279,451,2025-09-30,support_ticket
10280,451,2025-07-29,cart_abandon
10281,451,2026-06-25,login
10282,451,2026-03-01,login
10283,451,2026-01-10,login
10284,451,2026-05-19,login
10285,451,2026-06-14,support_ticket
10286,451,2026-07-05,login
10287,451,2025-06-29,login
10288,451,2026-05-04,login
10289,451,2025-06-26,login
10290,451,2025-08-28,cart_abandon
10291,451,2025-11-01,support_ticket
10292,451,2025-05-23,login
10293,451,2026-03-13,cart_abandon
10294,451,2026-07-19,cart_abandon
10295,451,2025-11-29,login
10296,451,2026-07-03,login
10297,451,2026-05-09,login
10298,451,2025-08-13,login
10299,451,2026-05-24,login
10300,452,2025-03-19,login
10301,452,2026-05-14,login
10302,452,2025-05-10,login
10303,452,2026-01-24,cart_abandon
10304,452,2026-07-28,support_ticket
10305,452,2026-03-07,login
10306,452,2025-05-10,support_ticket
10307,452,2025-04-22,login
10308,452,2025-10-10,cart_abandon
10309,452,2026-06-21,login
10310,452,2025-02-20,login
10311,452,2026-05-08,login
10312,452,2026-05-05,login
10313,452,2025-10-20,cart_abandon
10314,452,2025-12-04,support_ticket
10315,452,2025-08-01,login
10316,452,2026-08-18,login
10317,452,2025-07-03,support_ticket
10318,452,2026-06-26,cart_abandon
10319,452,2026-04-11,login
10320,453,2025-12-25,login
10321,453,2026-08-09,login
10322,453,2026-06-11,login
10323,453,2025-07-21,login
10324,453,2026-05-14,login
10325,453,2026-02-11,login
10326,453,2026-09-29,login
10327,453,2025-09-09,support_ticket
10328,453,2026-09-15,login
10329,453,2025-04-16,login
10330,453,2026-06-03,support_ticket
10331,453,2025-07-10,login
10332,453,2026-01-29,support_ticket
10333,453,2025-03-30,cart_abandon
10334,453,2025-02-02,support_ticket
10335,454,2026-09-11,login
10336,454,2025-11-17,login
10337,454,2025-10-24,login
10338,454,2026-01-31,login
10339,454,2025-09-07,login
10340,454,2025-04-08,login
10341,454,2026-09-09,login
10342,454,2025-05-11,login
10343,454,2026-04-01,support_ticket
10344,454,2026-09-24,support_ticket
10345,454,2026-04-06,login
10346,454,2026-04-29,cart_abandon
10347,455,2026-02-26,login
10348,455,2025-03-06,support_ticket
10349,455,2026-03-15,login
10350,455,2025-02-01,login
10351,455,2025-05-21,login
10352,455,2025-05-28,support_ticket
10353,455,2025-03-14,login
10354,455,2025-03-13,support_ticket
10355,455,2026-08-26,login
10356,455,2026-06-06,login
10357,455,2026-07-14,support_ticket
10358,455,2025-04-06,login
10359,455,2025-08-07,support_ticket
10360,455,2026-08-08,login
10361,455,2026-03-12,cart_abandon
10362,455,2026-02-21,cart_abandon
10363,455,2025-04-26,login
10364,455,2026-02-07,login
10365,455,2025-10-10,login
10366,455,2026-03-11,login
10367,455,2026-03-08,login
10368,455,2026-07-31,login
10369,455,2026-06-05,login
10370,455,2025-07-05,login
10371,455,2025-09-03,login
10372,455,2025-06-20,login
10373,455,2026-06-06,login
10374,455,2025-07-15,login
10375,455,2026-04-04,login
10376,455,2025-10-05,support_ticket
10377,455,2025-11-19,login
10378,455,2025-11-20,login
10379,455,2025-07-11,login
10380,456,2025-06-02,login
10381,456,2025-11-08,support_ticket
10382,456,2025-08-02,login
10383,456,2025-12-31,login
10384,456,2026-03-03,login
10385,456,2026-09-04,login
10386,456,2025-10-07,cart_abandon
10387,456,2025-04-18,cart_abandon
10388,456,2025-12-28,login
10389,456,2025-08-14,support_ticket
10390,456,2025-09-09,login
10391,456,2025-08-02,login
10392,456,2025-12-19,login
10393,456,2025-10-16,login
10394,456,2026-08-22,login
10395,456,2026-04-16,login
10396,456,2025-02-27,cart_abandon
10397,456,2025-02-14,login
10398,456,2025-10-29,login
10399,456,2025-09-30,login
10400,457,2025-11-22,login
10401,457,2025-08-28,login
10402,457,2026-03-07,support_ticket
10403,457,2026-07-31,login
10404,457,2026-01-31,support_ticket
10405,457,2026-08-01,login
10406,457,2026-08-19,login
10407,457,2026-02-28,login
10408,457,2026-02-18,login
10409,457,2026-07-04,login
10410,457,2025-02-18,login
10411,457,2025-09-21,cart_abandon
10412,457,2025-09-10,login
10413,457,2025-10-06,login
10414,457,2025-09-27,login
10415,458,2026-05-30,support_ticket
10416,458,2026-06-03,login
10417,458,2025-10-14,login
10418,458,2025-04-27,login
10419,458,2026-09-15,login
10420,458,2026-04-29,login
10421,458,2025-10-19,login
10422,459,2026-08-18,login
10423,459,2025-11-05,login
10424,459,2025-06-26,login
10425,459,2025-11-10,support_ticket
10426,459,2026-09-02,cart_abandon
10427,459,2026-07-22,login
10428,459,2026-07-05,login
10429,459,2025-04-19,login
10430,459,2025-12-06,support_ticket
10431,459,2025-12-31,login
10432,459,2026-01-30,login
10433,459,2025-08-31,login
10434,459,2025-05-06,login
10435,459,2025-03-20,login
10436,459,2025-12-22,support_ticket
10437,459,2026-02-08,login
10438,459,2026-05-06,login
10439,459,2025-11-02,login
10440,459,2025-02-10,login
10441,460,2026-05-11,support_ticket
10442,460,2026-06-10,cart_abandon
10443,460,2025-07-01,login
10444,460,2025-12-20,login
10445,460,2026-05-30,support_ticket
10446,460,2025-06-27,login
10447,460,2025-09-04,login
10448,460,2025-11-25,cart_abandon
10449,460,2026-03-30,login
10450,460,2025-08-18,login
10451,460,2026-05-12,support_ticket
10452,460,2025-08-20,login
10453,460,2026-06-22,login
10454,460,2026-09-26,login
10455,460,2025-03-04,login
10456,460,2025-07-16,support_ticket
10457,461,2025-04-30,cart_abandon
10458,461,2025-04-07,support_ticket
10459,461,2026-06-03,cart_abandon
10460,461,2026-01-16,cart_abandon
10461,461,2025-06-06,cart_abandon
10462,461,2025-06-15,login
10463,461,2025-02-16,login
10464,461,2025-05-05,login
10465,461,2025-09-19,login
10466,461,2026-09-22,login
10467,461,2025-05-27,support_ticket
10468,461,2025-08-01,login
10469,461,2026-07-02,login
10470,461,2026-01-19,login
10471,461,2025-09-07,cart_abandon
10472,461,2026-08-24,login
10473,461,2025-03-15,support_ticket
10474,461,2026-04-16,login
10475,461,2025-11-12,login
10476,461,2025-03-24,login
10477,461,2025-03-27,login
10478,461,2026-03-19,support_ticket
10479,461,2025-09-02,login
10480,461,2025-05-05,login
10481,461,2025-02-19,support_ticket
10482,461,2025-10-11,support_ticket
10483,461,2026-06-09,login
10484,461,2025-10-02,login
10485,461,2025-02-20,cart_abandon
10486,461,2025-11-16,login
10487,462,2026-05-24,login
10488,462,2026-05-03,login
10489,462,2025-08-29,support_ticket
10490,462,2025-07-17,cart_abandon
10491,462,2026-01-25,support_ticket
10492,462,2025-08-29,login
10493,462,2026-02-10,login
10494,462,2026-02-04,login
10495,463,2025-03-03,login
10496,463,2025-09-28,login
10497,463,2026-09-08,login
10498,463,2025-02-01,support_ticket
10499,463,2026-03-01,cart_abandon
10500,463,2026-05-11,login
10501,463,2025-04-30,login
10502,463,2025-06-22,support_ticket
10503,463,2025-07-19,login
10504,463,2026-02-24,login
10505,463,2025-03-12,login
10506,463,2025-02-16,login
10507,463,2026-09-24,cart_abandon
10508,463,2025-10-09,login
10509,463,2025-09-19,support_ticket
10510,463,2025-03-16,cart_abandon
10511,463,2025-02-05,login
10512,463,2025-12-20,login
10513,463,2026-08-11,support_ticket
10514,463,2026-03-07,login
10515,463,2026-05-19,login
10516,463,2026-08-01,support_ticket
10517,463,2026-08-03,cart_abandon
10518,463,2025-03-25,login
10519,463,2025-10-03,login
10520,463,2025-09-08,login
10521,464,2025-05-10,login
10522,464,2026-04-21,login
10523,464,2025-07-11,login
10524,464,2026-01-05,login
10525,464,2026-04-21,login
10526,464,2025-12-29,login
10527,464,2025-10-20,support_ticket
10528,464,2026-09-24,cart_abandon
10529,464,2025-08-16,support_ticket
10530,464,2026-08-20,login
10531,464,2026-07-02,login
10532,464,2026-02-23,cart_abandon
10533,464,2026-08-21,support_ticket
10534,464,2025-04-07,cart_abandon
10535,464,2026-07-26,support_ticket
10536,464,2026-01-28,login
10537,464,2025-06-02,login
10538,464,2026-06-04,login
10539,464,2026-05-15,login
10540,464,2025-12-22,login
10541,464,2026-09-27,login
10542,464,2025-03-09,login
10543,464,2026-04-07,login
10544,464,2026-08-02,cart_abandon
10545,464,2026-02-16,login
10546,464,2025-11-01,login
10547,464,2025-09-14,login
10548,464,2026-05-05,login
10549,464,2025-09-28,support_ticket
10550,464,2025-04-19,login
10551,464,2026-09-20,login
10552,464,2026-01-22,login
10553,464,2026-05-28,support_ticket
10554,464,2026-08-05,login
10555,464,2025-09-04,login
10556,464,2026-04-15,support_ticket
10557,464,2025-02-21,login
10558,464,2025-08-22,support_ticket
10559,464,2026-05-27,login
10560,465,2026-08-20,cart_abandon
10561,465,2025-09-18,support_ticket
10562,465,2025-08-31,support_ticket
10563,465,2025-07-27,login
10564,465,2025-11-24,login
10565,465,2025-12-07,support_ticket
10566,465,2026-09-23,support_ticket
10567,465,2025-12-16,login
10568,465,2026-08-07,cart_abandon
10569,465,2025-02-04,support_ticket
10570,465,2025-12-11,login
10571,465,2025-06-14,login
10572,465,2025-08-19,login
10573,466,2025-03-10,login
10574,466,2026-01-29,cart_abandon
10575,466,2026-02-28,login
10576,466,2026-03-18,login
10577,466,2025-02-11,login
10578,466,2026-05-29,cart_abandon
10579,466,2026-02-04,login
10580,466,2026-03-05,cart_abandon
10581,466,2025-11-19,login
10582,466,2026-03-15,cart_abandon
10583,466,2026-01-16,login
10584,466,2026-03-22,login
10585,466,2025-05-07,support_ticket
10586,466,2025-10-23,login
10587,466,2026-07-05,login
10588,466,2025-03-30,login
10589,466,2026-01-21,support_ticket
10590,466,2026-08-05,cart_abandon
10591,466,2025-10-12,support_ticket
10592,466,2025-02-28,support_ticket
10593,466,2025-07-29,support_ticket
10594,466,2025-09-29,login
10595,466,2025-08-08,support_ticket
10596,466,2026-03-18,support_ticket
10597,466,2026-03-18,login
10598,466,2025-04-19,support_ticket
10599,466,2026-04-14,login
10600,466,2025-10-24,login
10601,466,2025-07-14,support_ticket
10602,466,2026-08-04,cart_abandon
10603,467,2025-07-29,support_ticket
10604,467,2025-07-05,login
10605,467,2026-04-04,login
10606,467,2026-04-25,login
10607,467,2025-12-10,login
10608,467,2026-09-14,login
10609,467,2025-11-30,login
10610,467,2025-03-20,support_ticket
10611,467,2025-06-12,support_ticket
10612,467,2025-03-06,login
10613,467,2025-03-08,login
10614,468,2025-10-10,login
10615,468,2026-09-20,cart_abandon
10616,468,2026-09-01,login
10617,468,2026-02-18,support_ticket
10618,468,2026-05-02,login
10619,468,2025-11-23,login
10620,468,2026-03-22,support_ticket
10621,468,2026-07-14,login
10622,468,2025-05-24,login
10623,468,2026-06-24,login
10624,468,2025-05-12,login
10625,468,2025-05-01,login
10626,468,2026-04-22,login
10627,468,2025-07-07,login
10628,468,2025-08-29,login
10629,468,2026-07-11,login
10630,468,2025-06-02,login
10631,468,2026-04-21,cart_abandon
10632,468,2025-02-15,login
10633,468,2025-05-19,login
10634,468,2026-02-27,login
10635,468,2025-03-08,support_ticket
10636,468,2025-04-12,login
10637,468,2025-10-04,login
10638,468,2026-01-09,cart_abandon
10639,468,2026-04-05,login
10640,468,2026-02-21,support_ticket
10641,468,2026-07-05,login
10642,468,2026-06-19,login
10643,468,2025-07-09,login
10644,468,2026-07-02,support_ticket
10645,468,2026-04-11,login
10646,468,2026-02-28,cart_abandon
10647,468,2025-07-04,login
10648,468,2026-08-05,cart_abandon
10649,468,2025-12-31,login
10650,468,2025-04-26,support_ticket
10651,469,2025-04-30,login
10652,469,2025-08-13,cart_abandon
10653,469,2025-11-28,login
10654,469,2025-04-02,login
10655,469,2026-08-25,login
10656,469,2026-05-30,login
10657,469,2026-03-14,login
10658,469,2025-10-13,support_ticket
10659,469,2025-12-05,login
10660,469,2026-07-12,support_ticket
10661,469,2025-02-17,support_ticket
10662,469,2026-04-02,login
10663,469,2025-12-22,login
10664,469,2025-02-09,login
10665,469,2025-08-17,login
10666,469,2026-02-06,login
10667,469,2025-04-23,login
10668,469,2025-05-26,login
10669,469,2025-10-15,login
10670,469,2025-06-29,login
10671,469,2026-03-02,login
10672,469,2026-09-28,login
10673,469,2025-04-27,login
10674,469,2026-04-13,login
10675,469,2026-01-04,login
10676,469,2025-12-29,login
10677,470,2025-05-16,login
10678,470,2025-03-02,login
10679,470,2025-05-29,login
10680,470,2025-05-19,login
10681,470,2025-06-18,login
10682,470,2025-11-15,login
10683,470,2026-03-24,support_ticket
10684,470,2026-04-17,cart_abandon
10685,470,2025-12-22,login
10686,470,2025-11-02,login
10687,470,2026-04-26,login
10688,470,2026-03-18,cart_abandon
10689,470,2026-04-20,support_ticket
10690,470,2026-05-14,login
10691,470,2025-08-20,login
10692,470,2025-08-08,login
10693,470,2026-02-11,login
10694,470,2026-04-17,cart_abandon
10695,470,2025-02-13,login
10696,470,2025-04-28,login
10697,470,2025-08-19,login
10698,470,2025-12-23,support_ticket
10699,470,2025-05-30,login
10700,470,2025-10-26,login
10701,470,2025-05-24,login
10702,470,2025-11-15,login
10703,471,2026-09-23,login
10704,471,2026-03-30,login
10705,471,2025-08-01,login
10706,471,2025-06-26,login
10707,471,2025-08-18,support_ticket
10708,471,2025-12-09,login
10709,471,2025-11-25,login
10710,471,2025-09-27,login
10711,471,2025-05-30,login
10712,471,2025-10-26,login
10713,471,2026-02-09,login
10714,471,2026-03-13,login
10715,471,2025-12-10,login
10716,471,2026-05-06,login
10717,471,2025-12-27,login
10718,471,2026-01-24,login
10719,471,2026-09-11,login
10720,471,2026-02-19,login
10721,471,2026-09-04,login
10722,471,2025-06-06,login
10723,471,2026-03-06,support_ticket
10724,471,2025-02-10,cart_abandon
10725,471,2026-04-07,login
10726,471,2026-09-15,login
10727,471,2025-07-07,login
10728,471,2026-07-26,login
10729,471,2026-09-19,login
10730,472,2025-03-15,cart_abandon
10731,472,2026-04-19,cart_abandon
10732,472,2026-05-30,login
10733,472,2025-12-03,login
10734,472,2025-11-26,login
10735,472,2026-02-26,login
10736,472,2026-01-11,login
10737,472,2026-01-19,cart_abandon
10738,472,2025-12-21,login
10739,472,2026-06-23,login
10740,472,2026-02-09,login
10741,472,2026-01-10,login
10742,472,2025-09-07,support_ticket
10743,472,2026-04-08,login
10744,472,2026-01-05,cart_abandon
10745,472,2026-08-01,support_ticket
10746,472,2026-07-26,login
10747,472,2026-08-17,cart_abandon
10748,472,2026-07-11,login
10749,472,2026-08-21,login
10750,472,2026-07-29,login
10751,472,2025-05-04,support_ticket
10752,472,2025-07-05,support_ticket
10753,472,2025-12-01,support_ticket
10754,472,2025-03-28,login
10755,472,2025-06-04,support_ticket
10756,472,2026-08-08,cart_abandon
10757,472,2025-08-14,cart_abandon
10758,472,2025-04-09,login
10759,472,2025-11-01,support_ticket
10760,472,2025-11-16,login
10761,472,2026-07-14,cart_abandon
10762,472,2025-09-15,login
10763,472,2025-12-13,login
10764,473,2026-05-17,cart_abandon
10765,473,2025-10-23,login
10766,473,2025-04-05,login
10767,473,2025-10-09,support_ticket
10768,473,2026-07-20,login
10769,473,2025-09-02,login
10770,473,2026-07-06,cart_abandon
10771,473,2026-03-08,login
10772,473,2026-06-21,cart_abandon
10773,473,2025-02-22,cart_abandon
10774,473,2025-11-03,login
10775,473,2025-03-30,login
10776,473,2026-05-27,login
10777,473,2025-05-17,login
10778,473,2026-09-26,login
10779,473,2025-07-11,login
10780,473,2026-07-07,login
10781,473,2026-04-28,login
10782,474,2026-03-10,login
10783,474,2025-03-13,support_ticket
10784,474,2025-10-03,login
10785,474,2025-05-29,login
10786,474,2025-12-13,login
10787,474,2025-03-03,cart_abandon
10788,474,2026-08-15,login
10789,474,2025-08-01,cart_abandon
10790,474,2025-04-03,cart_abandon
10791,474,2025-09-20,cart_abandon
10792,474,2026-09-08,login
10793,474,2025-11-13,login
10794,474,2026-09-14,login
10795,474,2025-05-27,login
10796,474,2025-04-05,support_ticket
10797,474,2025-09-14,login
10798,474,2026-04-19,login
10799,474,2025-10-16,login
10800,474,2025-04-14,support_ticket
10801,474,2026-05-21,login
10802,474,2025-11-17,login
10803,474,2026-01-16,cart_abandon
10804,474,2025-09-30,support_ticket
10805,474,2025-09-28,login
10806,474,2025-10-12,login
10807,474,2025-10-22,login
10808,474,2025-11-27,login
10809,474,2026-01-22,login
10810,474,2026-06-25,login
10811,474,2026-09-29,cart_abandon
10812,474,2026-07-19,login
10813,474,2025-11-25,login
10814,474,2025-12-28,support_ticket
10815,474,2026-03-31,login
10816,474,2026-02-17,login
10817,474,2025-10-13,support_ticket
10818,474,2025-11-28,login
10819,474,2026-07-13,support_ticket
10820,474,2025-09-17,login
10821,475,2025-10-26,login
10822,475,2026-02-06,login
10823,475,2025-06-12,cart_abandon
10824,475,2026-04-17,login
10825,475,2026-04-10,login
10826,475,2025-03-05,login
10827,475,2026-07-10,login
10828,475,2026-03-06,login
10829,475,2025-08-01,login
10830,475,2026-04-19,login
10831,475,2025-06-08,login
10832,475,2026-04-21,login
10833,475,2025-02-23,login
10834,475,2025-04-09,cart_abandon
10835,475,2025-04-10,login
10836,475,2026-03-23,login
10837,475,2025-02-20,cart_abandon
10838,475,2025-07-29,support_ticket
10839,475,2025-03-04,login
10840,475,2026-02-10,cart_abandon
10841,475,2026-02-08,login
10842,475,2026-06-05,login
10843,475,2026-09-19,login
10844,475,2025-10-18,login
10845,475,2026-06-27,login
10846,475,2025-06-08,login
10847,475,2026-06-20,login
10848,476,2026-03-11,login
10849,476,2025-03-03,support_ticket
10850,476,2025-05-03,cart_abandon
10851,476,2026-01-25,support_ticket
10852,476,2026-01-21,login
10853,476,2026-05-18,login
10854,476,2026-09-17,login
10855,476,2026-08-07,cart_abandon
10856,476,2025-03-08,login
10857,476,2026-02-10,login
10858,476,2025-09-17,login
10859,476,2025-09-30,cart_abandon
10860,476,2026-02-05,login
10861,476,2026-06-18,login
10862,476,2026-03-24,login
10863,476,2025-02-21,cart_abandon
10864,476,2026-07-10,login
10865,476,2026-04-26,cart_abandon
10866,476,2025-02-25,cart_abandon
10867,476,2025-02-14,login
10868,477,2025-02-09,support_ticket
10869,477,2025-10-17,login
10870,477,2025-03-23,login
10871,477,2026-04-29,login
10872,477,2025-06-09,login
10873,477,2026-01-12,support_ticket
10874,477,2025-03-12,login
10875,477,2025-08-18,login
10876,478,2025-08-10,cart_abandon
10877,478,2025-03-07,login
10878,478,2026-02-15,login
10879,478,2025-06-05,login
10880,478,2025-05-29,login
10881,478,2025-02-02,login
10882,478,2025-02-18,login
10883,478,2026-03-28,login
10884,478,2025-09-22,login
10885,478,2025-06-15,login
10886,478,2026-08-05,login
10887,478,2025-08-24,login
10888,478,2026-01-24,login
10889,478,2026-02-07,login
10890,478,2026-03-31,login
10891,478,2026-02-19,login
10892,478,2026-06-03,login
10893,478,2025-08-25,support_ticket
10894,478,2025-05-03,login
10895,478,2025-07-17,login
10896,478,2026-06-16,support_ticket
10897,478,2025-12-29,login
10898,478,2026-04-23,login
10899,478,2025-07-21,support_ticket
10900,478,2025-03-22,login
10901,478,2026-09-25,login
10902,479,2025-04-22,cart_abandon
10903,479,2025-03-23,login
10904,479,2026-03-23,login
10905,479,2025-06-20,login
10906,479,2026-01-06,support_ticket
10907,479,2026-02-14,login
10908,480,2025-04-03,cart_abandon
10909,480,2026-09-23,login
10910,480,2025-02-16,cart_abandon
10911,480,2025-10-26,login
10912,480,2026-03-13,login
10913,480,2026-09-02,support_ticket
10914,480,2025-02-15,login
10915,480,2026-01-30,support_ticket
10916,480,2026-01-27,login
10917,480,2025-02-15,login
10918,480,2026-09-16,login
10919,480,2025-04-13,login
10920,480,2025-05-30,login
10921,480,2025-06-13,login
10922,480,2026-09-10,login
10923,480,2026-06-16,support_ticket
10924,480,2025-05-23,login
10925,480,2025-03-05,login
10926,480,2026-07-19,login
10927,480,2025-09-20,support_ticket
10928,480,2026-03-13,login
10929,480,2025-08-07,support_ticket
10930,480,2025-04-02,support_ticket
10931,480,2025-05-12,login
10932,480,2026-03-06,login
10933,480,2025-07-26,login
10934,480,2025-06-12,cart_abandon
10935,481,2026-07-19,cart_abandon
10936,481,2025-08-12,login
10937,481,2026-05-18,login
10938,481,2025-04-10,cart_abandon
10939,481,2026-06-11,support_ticket
10940,481,2025-11-21,login
10941,481,2026-01-02,support_ticket
10942,481,2026-07-01,login
10943,481,2025-05-27,login
10944,481,2026-02-08,cart_abandon
10945,481,2026-03-14,login
10946,481,2026-01-04,cart_abandon
10947,481,2026-01-13,login
10948,481,2026-03-07,login
10949,481,2025-08-11,login
10950,481,2025-08-31,login
10951,481,2025-12-01,login
10952,481,2026-07-04,support_ticket
10953,481,2026-07-02,cart_abandon
10954,481,2025-08-12,login
10955,481,2026-07-02,cart_abandon
10956,481,2025-09-03,login
10957,481,2025-05-27,login
10958,481,2026-08-20,login
10959,481,2026-02-01,cart_abandon
10960,482,2026-04-14,support_ticket
10961,482,2025-11-24,login
10962,482,2026-05-05,support_ticket
10963,482,2025-10-01,cart_abandon
10964,482,2025-03-19,login
10965,482,2025-08-16,login
10966,482,2025-09-29,support_ticket
10967,482,2025-04-19,login
10968,482,2026-01-10,support_ticket
10969,482,2025-07-27,support_ticket
10970,482,2025-11-21,cart_abandon
10971,482,2025-09-08,login
10972,482,2026-05-15,cart_abandon
10973,482,2025-07-09,login
10974,482,2026-08-27,login
10975,482,2026-09-27,cart_abandon
10976,482,2025-06-01,login
10977,482,2025-05-20,cart_abandon
10978,483,2026-06-23,cart_abandon
10979,483,2026-08-09,login
10980,483,2025-07-20,login
10981,483,2025-07-08,login
10982,483,2025-08-14,support_ticket
10983,483,2026-03-07,login
10984,483,2025-12-12,support_ticket
10985,483,2026-03-20,login
10986,483,2026-09-16,support_ticket
10987,483,2025-02-03,login
10988,483,2026-07-09,support_ticket
10989,483,2025-09-03,support_ticket
10990,483,2026-08-23,login
10991,483,2026-06-14,support_ticket
10992,483,2026-02-02,login
10993,483,2026-01-11,login
10994,483,2025-02-18,support_ticket
10995,483,2026-09-27,cart_abandon
10996,483,2025-11-23,login
10997,483,2025-04-23,login
10998,483,2026-06-13,support_ticket
10999,483,2026-07-03,login
11000,483,2026-07-06,login
11001,483,2026-05-18,support_ticket
11002,483,2026-08-06,login
11003,483,2025-03-20,cart_abandon
11004,483,2025-10-23,support_ticket
11005,483,2025-08-06,login
11006,483,2025-10-11,login
11007,483,2025-07-30,support_ticket
11008,483,2026-06-07,login
11009,483,2025-07-11,login
11010,483,2025-08-07,login
11011,484,2026-08-29,support_ticket
11012,484,2025-10-19,login
11013,484,2025-10-21,login
11014,484,2025-06-01,login
11015,484,2026-04-07,login
11016,484,2025-04-16,login
11017,484,2026-09-03,support_ticket
11018,484,2026-09-14,login
11019,484,2025-04-04,cart_abandon
11020,484,2025-12-05,support_ticket
11021,484,2026-06-07,login
11022,484,2026-05-17,login
11023,484,2025-07-13,login
11024,484,2025-12-01,login
11025,484,2025-06-03,login
11026,484,2026-02-23,login
11027,484,2025-06-21,login
11028,484,2026-04-12,cart_abandon
11029,485,2026-05-26,login
11030,485,2025-05-12,support_ticket
11031,485,2025-03-11,support_ticket
11032,485,2025-05-16,login
11033,485,2026-02-16,login
11034,485,2026-02-28,support_ticket
11035,485,2026-04-02,login
11036,485,2025-12-12,login
11037,485,2026-07-27,cart_abandon
11038,485,2025-12-09,login
11039,485,2026-03-23,login
11040,485,2025-05-03,login
11041,485,2025-10-24,support_ticket
11042,485,2026-07-19,login
11043,485,2026-08-08,login
11044,485,2026-01-23,login
11045,485,2026-05-28,login
11046,485,2026-02-15,login
11047,485,2025-11-05,login
11048,485,2026-01-01,support_ticket
11049,485,2026-02-11,support_ticket
11050,485,2025-11-02,login
11051,485,2026-03-18,login
11052,485,2026-03-09,login
11053,485,2025-12-25,login
11054,485,2025-11-11,login
11055,485,2025-02-08,login
11056,485,2025-12-07,login
11057,485,2025-02-14,login
11058,485,2025-09-13,cart_abandon
11059,485,2025-03-05,cart_abandon
11060,485,2026-07-05,cart_abandon
11061,485,2025-03-14,login
11062,485,2025-03-17,login
11063,485,2025-05-07,support_ticket
11064,486,2025-02-17,login
11065,486,2026-07-28,cart_abandon
11066,486,2025-02-25,login
11067,486,2026-04-09,login
11068,486,2026-07-18,login
11069,486,2026-09-04,login
11070,486,2025-02-03,support_ticket
11071,487,2025-03-30,login
11072,487,2026-06-02,cart_abandon
11073,487,2026-07-14,cart_abandon
11074,487,2025-09-23,login
11075,487,2026-02-28,cart_abandon
11076,487,2026-04-23,support_ticket
11077,487,2026-06-12,cart_abandon
11078,487,2025-07-25,login
11079,487,2025-12-06,login
11080,488,2026-01-07,login
11081,488,2025-11-30,login
11082,488,2025-06-16,login
11083,488,2025-03-11,support_ticket
11084,488,2025-05-20,login
11085,488,2025-06-22,login
11086,489,2025-06-15,login
11087,489,2026-08-24,cart_abandon
11088,489,2025-09-21,cart_abandon
11089,489,2025-03-02,login
11090,489,2025-09-23,login
11091,489,2026-01-19,login
11092,489,2025-10-12,login
11093,489,2025-06-06,login
11094,489,2026-03-04,cart_abandon
11095,489,2025-06-06,login
11096,489,2025-10-14,cart_abandon
11097,489,2025-02-08,login
11098,489,2025-09-06,login
11099,489,2026-01-05,login
11100,489,2026-04-09,login
11101,489,2026-02-07,login
11102,489,2025-03-22,login
11103,489,2025-09-10,login
11104,489,2025-10-30,login
11105,489,2026-05-16,login
11106,489,2026-04-21,login
11107,489,2025-12-24,login
11108,489,2026-01-05,login
11109,489,2026-02-03,support_ticket
11110,489,2025-05-08,login
11111,489,2026-01-04,cart_abandon
11112,489,2026-01-19,login
11113,489,2025-09-29,cart_abandon
11114,489,2025-04-02,login
11115,490,2025-10-05,login
11116,490,2025-03-13,login
11117,490,2025-10-13,support_ticket
11118,490,2026-02-18,login
11119,490,2026-04-13,support_ticket
11120,490,2026-05-16,login
11121,490,2026-06-29,login
11122,490,2025-10-28,login
11123,490,2025-02-27,support_ticket
11124,490,2025-09-18,cart_abandon
11125,490,2026-05-26,login
11126,490,2025-06-28,login
11127,490,2025-03-23,login
11128,490,2025-07-16,login
11129,491,2026-09-04,login
11130,491,2026-02-27,login
11131,491,2026-06-30,support_ticket
11132,491,2025-05-16,login
11133,491,2025-05-06,login
11134,491,2025-05-13,login
11135,491,2025-09-04,support_ticket
11136,491,2025-09-12,login
11137,491,2025-11-01,login
11138,491,2025-05-17,login
11139,491,2025-06-25,login
11140,491,2026-08-01,login
11141,491,2026-02-03,login
11142,491,2026-01-06,login
11143,491,2025-10-28,support_ticket
11144,491,2025-08-13,support_ticket
11145,491,2026-08-09,support_ticket
11146,491,2025-07-23,login
11147,492,2025-06-03,login
11148,492,2025-11-17,login
11149,492,2025-06-25,cart_abandon
11150,492,2026-09-19,login
11151,492,2025-08-18,login
11152,492,2026-07-25,login
11153,492,2025-03-12,login
11154,492,2026-01-16,login
11155,492,2025-08-28,login
11156,492,2026-01-16,cart_abandon
11157,492,2026-02-28,login
11158,492,2026-04-03,login
11159,492,2026-04-04,login
11160,492,2026-02-11,login
11161,492,2026-03-27,cart_abandon
11162,492,2026-09-23,login
11163,492,2025-05-07,login
11164,492,2025-04-13,login
11165,492,2026-08-05,cart_abandon
11166,492,2026-02-28,login
11167,492,2026-03-05,support_ticket
11168,492,2026-07-31,login
11169,492,2026-04-21,support_ticket
11170,492,2026-09-04,cart_abandon
11171,492,2025-02-22,support_ticket
11172,493,2026-02-22,login
11173,493,2025-07-22,login
11174,493,2025-07-29,login
11175,493,2025-03-11,cart_abandon
11176,493,2026-03-15,login
11177,493,2025-09-06,cart_abandon
11178,493,2025-09-24,cart_abandon
11179,493,2025-08-14,login
11180,493,2026-03-23,login
11181,493,2025-11-22,login
11182,493,2025-10-06,login
11183,493,2025-08-19,login
11184,494,2025-09-27,cart_abandon
11185,494,2026-08-18,login
11186,494,2025-03-22,login
11187,494,2025-03-09,login
11188,494,2025-11-03,login
11189,494,2026-06-09,login
11190,494,2025-11-17,login
11191,494,2025-04-29,login
11192,494,2026-05-27,login
11193,494,2025-11-22,login
11194,494,2025-10-18,login
11195,494,2026-07-12,login
11196,494,2025-12-14,cart_abandon
11197,494,2026-01-17,login
11198,494,2025-09-30,login
11199,494,2025-05-06,login
11200,494,2026-09-02,support_ticket
11201,494,2026-07-28,login
11202,494,2026-09-03,login
11203,494,2026-07-13,login
11204,494,2025-05-10,login
11205,494,2025-07-06,cart_abandon
11206,494,2026-05-07,login
11207,494,2025-02-24,cart_abandon
11208,494,2025-06-19,login
11209,494,2025-09-21,login
11210,494,2026-08-01,support_ticket
11211,494,2026-03-26,login
11212,494,2025-02-06,login
11213,495,2025-07-16,login
11214,495,2026-03-24,login
11215,495,2026-03-10,login
11216,495,2026-01-07,login
11217,495,2025-06-16,cart_abandon
11218,495,2026-08-11,login
11219,495,2025-10-03,login
11220,495,2026-07-11,cart_abandon
11221,495,2026-02-24,login
11222,495,2026-09-09,login
11223,495,2025-08-15,login
11224,495,2025-04-28,login
11225,496,2026-02-27,login
11226,496,2025-12-09,cart_abandon
11227,496,2026-06-21,login
11228,496,2026-07-27,support_ticket
11229,496,2026-02-19,login
11230,496,2026-01-13,login
11231,496,2026-08-21,login
11232,496,2025-03-15,login
11233,497,2026-04-05,support_ticket
11234,497,2025-07-04,login
11235,497,2025-08-10,login
11236,497,2025-09-13,login
11237,497,2025-07-31,login
11238,497,2025-10-30,login
11239,497,2025-03-08,cart_abandon
11240,497,2026-06-11,login
11241,497,2025-10-06,cart_abandon
11242,497,2026-04-08,login
11243,497,2025-07-19,login
11244,497,2025-05-26,login
11245,497,2025-07-11,login
11246,497,2025-08-20,login
11247,497,2026-08-23,login
11248,497,2025-05-27,login
11249,497,2025-09-13,login
11250,497,2025-12-23,login
11251,497,2026-07-21,support_ticket
11252,497,2025-03-12,login
11253,497,2025-09-11,support_ticket
11254,498,2025-08-26,login
11255,498,2025-11-30,login
11256,498,2025-10-17,support_ticket
11257,498,2025-03-16,support_ticket
11258,498,2026-06-20,login
11259,498,2025-10-02,support_ticket
11260,498,2025-08-31,login
11261,498,2026-01-10,support_ticket
11262,498,2026-09-07,cart_abandon
11263,498,2025-08-22,support_ticket
11264,498,2025-08-23,login
11265,498,2025-07-18,login
11266,498,2025-08-18,login
11267,498,2026-06-03,login
11268,498,2026-03-05,login
11269,498,2026-03-07,login
11270,498,2025-08-21,login
11271,498,2026-05-08,login
11272,498,2026-04-09,login
11273,498,2025-07-01,login
11274,498,2026-04-02,cart_abandon
11275,498,2025-10-09,login
11276,498,2025-07-18,cart_abandon
11277,498,2025-10-10,login
11278,498,2025-08-11,login
11279,498,2026-08-21,login
11280,498,2025-03-26,login
11281,498,2025-03-29,cart_abandon
11282,499,2026-08-24,login
11283,499,2025-10-28,login
11284,499,2025-04-13,login
11285,499,2025-10-19,login
11286,499,2025-06-21,login
11287,499,2025-07-16,support_ticket
11288,499,2025-09-14,login
11289,499,2025-09-27,login
11290,499,2025-02-08,login
11291,499,2025-11-10,login
11292,499,2026-03-08,cart_abandon
11293,499,2026-01-22,login
11294,499,2026-03-09,login
11295,499,2025-09-22,login
11296,499,2026-09-14,login
11297,499,2026-03-14,login
11298,499,2025-12-15,support_ticket
11299,499,2025-12-13,support_ticket
11300,499,2026-05-28,login
11301,499,2025-09-07,login
11302,499,2026-03-28,cart_abandon
11303,499,2026-01-28,login
11304,499,2025-04-29,cart_abandon
11305,499,2026-06-24,login
11306,500,2026-03-07,login
11307,500,2025-11-30,login
11308,500,2025-07-04,login
11309,500,2025-02-19,login
11310,500,2026-09-13,cart_abandon
11311,500,2026-07-27,cart_abandon
11312,500,2026-08-14,login
11313,500,2026-05-31,login
11314,500,2026-06-13,login
11315,500,2025-10-16,login
11316,500,2026-01-31,cart_abandon
11317,500,2025-09-13,login
11318,500,2025-04-03,support_ticket
11319,500,2025-09-18,login
11320,500,2026-05-14,login
11321,500,2025-07-05,login
11322,500,2026-07-19,login
11323,500,2025-04-05,cart_abandon
11324,500,2026-02-10,login
11325,500,2025-06-09,login
11326,500,2026-05-26,cart_abandon
11327,500,2025-12-23,login
11328,500,2025-05-22,support_ticket
11329,500,2026-06-20,login
11330,500,2025-10-02,cart_abandon
11331,500,2026-05-15,cart_abandon
11332,500,2025-07-12,login
11333,500,2026-02-03,login
11334,500,2026-07-04,login
11335,500,2025-07-12,login
11336,500,2026-08-02,support_ticket
11337,500,2026-03-31,login
11338,500,2025-10-26,login
11339,500,2026-08-03,login
11340,500,2025-12-09,login
11341,500,2026-06-09,login
11342,500,2026-03-18,cart_abandon
11343,500,2026-09-15,support_ticket
