order_id,customer_id,region_id,order_date,channel,status
1,1327,5,2025-02-02,partner,completed
2,4662,4,2025-02-24,sales_rep,completed
3,888,2,2025-02-11,partner,completed
4,3276,6,2025-02-23,web,completed
5,2652,6,2025-02-04,mobile,completed
6,516,1,2025-02-24,mobile,completed
7,3025,3,2025-02-27,web,completed
8,734,5,2025-02-07,web,completed
9,2698,3,2025-02-12,mobile,completed
10,3179,2,2025-02-06,mobile,completed
11,361,6,2025-02-28,web,completed
12,1079,3,2025-02-14,sales_rep,completed
13,1479,2,2025-02-15,partner,completed
14,4642,1,2025-02-27,web,completed
15,1106,2,2025-02-17,web,completed
16,4604,5,2025-02-22,partner,completed
17,2670,6,2025-02-11,partner,completed
18,4744,2,2025-02-01,sales_rep,completed
19,4157,5,2025-02-16,sales_rep,completed
20,1465,6,2025-02-17,mobile,completed
21,2799,5,2025-02-17,web,completed
22,3585,5,2025-02-21,partner,completed
23,392,2,2025-02-21,partner,completed
24,3316,6,2025-02-19,mobile,completed
25,2299,2,2025-02-04,mobile,completed
26,179,6,2025-02-26,web,completed
27,4336,3,2025-02-20,web,completed
28,1328,1,2025-02-20,web,completed
29,4371,4,2025-02-11,sales_rep,completed
30,1034,2,2025-02-10,sales_rep,completed
31,2709,5,2025-02-18,partner,completed
32,1855,1,2025-02-18,sales_rep,completed
33,4465,3,2025-02-09,web,completed
34,4766,1,2025-02-07,mobile,completed
35,3851,5,2025-02-19,mobile,completed
36,4229,3,2025-02-08,partner,completed
37,3845,6,2025-02-19,mobile,completed
38,1468,3,2025-02-09,partner,completed
39,4602,6,2025-02-10,partner,completed
40,2651,6,2025-02-01,web,completed
41,1718,3,2025-02-08,partner,completed
42,962,3,2025-02-11,partner,completed
43,3549,2,2025-02-20,web,completed
44,1388,2,2025-02-03,web,completed
45,3264,6,2025-02-05,partner,completed
46,326,2,2025-02-21,web,completed
47,3175,6,2025-02-09,mobile,completed
48,3214,6,2025-02-15,sales_rep,completed
49,2624,6,2025-02-27,sales_rep,completed
50,3285,3,2025-02-01,mobile,completed
51,4969,1,2025-02-23,web,completed
52,4193,5,2025-02-06,web,completed
53,2198,6,2025-02-11,web,completed
54,4358,2,2025-02-06,partner,completed
55,4773,2,2025-02-07,mobile,completed
56,801,1,2025-02-10,web,completed
57,1795,3,2025-02-24,web,completed
58,3716,2,2025-02-04,web,completed
59,2575,5,2025-02-25,mobile,completed
60,674,1,2025-02-18,web,completed
61,2363,6,2025-02-04,web,completed
62,1869,1,2025-02-03,partner,completed
63,3695,3,2025-02-05,partner,completed
64,2578,3,2025-02-21,sales_rep,completed
65,700,1,2025-02-13,mobile,completed
66,248,3,2025-02-05,partner,completed
67,1437,3,2025-02-10,partner,completed
68,784,1,2025-02-28,partner,completed
69,4382,1,2025-02-24,partner,completed
70,1356,3,2025-02-12,mobile,completed
71,3173,3,2025-02-24,sales_rep,completed
72,638,2,2025-02-19,web,completed
73,2209,2,2025-02-08,mobile,completed
74,4671,1,2025-02-03,web,completed
75,3218,3,2025-02-16,sales_rep,completed
76,1442,4,2025-02-03,sales_rep,completed
77,3739,5,2025-02-06,partner,completed
78,2506,1,2025-02-28,mobile,completed
79,1176,3,2025-02-03,sales_rep,completed
80,4983,2,2025-02-28,partner,completed
81,4688,2,2025-02-23,mobile,completed
82,2834,4,2025-02-05,mobile,completed
83,166,5,2025-02-27,web,completed
84,2058,5,2025-02-08,web,completed
85,2570,6,2025-02-15,partner,completed
86,4649,2,2025-02-04,sales_rep,completed
87,3665,4,2025-02-12,web,completed
88,1113,2,2025-02-19,sales_rep,completed
89,2551,4,2025-02-12,sales_rep,completed
90,898,1,2025-02-20,partner,completed
91,2370,2,2025-02-23,mobile,completed
92,2677,6,2025-02-24,mobile,completed
93,2549,3,2025-02-04,mobile,completed
94,2137,4,2025-02-22,partner,completed
95,2187,2,2025-02-23,mobile,completed
96,3985,6,2025-02-06,sales_rep,completed
97,2530,4,2025-02-22,sales_rep,completed
98,211,2,2025-02-20,sales_rep,completed
99,3705,6,2025-02-16,partner,completed
100,3089,2,2025-02-05,web,completed
101,3479,3,2025-02-10,partner,completed
102,3554,5,2025-02-10,mobile,completed
103,866,5,2025-02-04,sales_rep,completed
104,4860,5,2025-02-10,mobile,completed
105,4952,1,2025-02-07,web,completed
106,729,3,2025-02-09,sales_rep,completed
107,1095,2,2025-02-04,web,completed
108,1232,5,2025-02-11,web,completed
109,4833,3,2025-02-15,web,completed
110,4663,1,2025-02-21,web,completed
111,1326,2,2025-02-13,sales_rep,completed
112,3154,5,2025-02-17,sales_rep,completed
113,1218,5,2025-02-05,sales_rep,completed
114,191,5,2025-02-25,partner,completed
115,1152,4,2025-02-19,mobile,completed
116,387,1,2025-02-12,mobile,completed
117,4239,5,2025-02-05,mobile,completed
118,3928,1,2025-02-20,partner,completed
119,922,4,2025-02-08,mobile,completed
120,2838,6,2025-02-17,web,completed
121,1026,1,2025-02-17,mobile,completed
122,2828,6,2025-02-09,web,completed
123,4480,4,2025-02-15,partner,completed
124,4400,4,2025-02-24,web,completed
125,4166,5,2025-02-10,sales_rep,completed
126,1206,6,2025-02-24,mobile,completed
127,954,3,2025-02-04,partner,completed
128,803,4,2025-02-06,mobile,completed
129,636,5,2025-02-26,partner,completed
130,3070,1,2025-02-24,web,completed
131,3293,2,2025-02-18,mobile,completed
132,4413,3,2025-02-08,sales_rep,completed
133,452,6,2025-02-22,web,completed
134,1327,5,2025-02-10,sales_rep,completed
135,3640,4,2025-02-26,sales_rep,completed
136,3407,3,2025-02-16,sales_rep,completed
137,2138,1,2025-02-02,web,completed
138,762,4,2025-02-03,partner,completed
139,2422,5,2025-02-13,sales_rep,completed
140,860,5,2025-02-16,web,completed
141,2678,6,2025-02-20,partner,completed
142,4508,4,2025-02-01,partner,completed
143,979,3,2025-02-07,web,completed
144,590,6,2025-02-06,sales_rep,completed
145,3689,6,2025-02-23,web,completed
146,122,5,2025-02-23,web,completed
147,4918,2,2025-02-17,web,completed
148,3875,4,2025-02-11,mobile,completed
149,2017,3,2025-02-24,sales_rep,completed
150,1813,5,2025-02-01,web,completed
151,1935,1,2025-02-07,mobile,completed
152,1984,5,2025-02-07,web,completed
153,4198,1,2025-02-25,sales_rep,completed
154,4000,4,2025-02-12,partner,completed
155,1023,6,2025-02-20,web,completed
156,900,4,2025-02-11,mobile,completed
157,2703,2,2025-02-11,mobile,completed
158,3252,5,2025-02-09,web,completed
159,3636,3,2025-02-28,sales_rep,completed
160,1568,4,2025-02-02,partner,completed
161,2413,6,2025-02-22,sales_rep,completed
162,522,1,2025-02-22,web,completed
163,2279,3,2025-02-13,web,completed
164,3438,4,2025-02-17,sales_rep,completed
165,1523,2,2025-02-20,mobile,completed
166,1594,1,2025-02-06,mobile,completed
167,2312,1,2025-02-01,sales_rep,completed
168,4334,6,2025-02-15,partner,completed
169,3021,3,2025-02-26,sales_rep,completed
170,4596,1,2025-02-13,sales_rep,completed
171,309,2,2025-02-25,sales_rep,completed
172,4246,2,2025-02-08,partner,completed
173,219,3,2025-02-18,mobile,completed
174,1612,1,2025-02-16,web,completed
175,2133,4,2025-02-15,web,completed
176,1183,5,2025-02-23,mobile,completed
177,4947,3,2025-02-08,mobile,completed
178,4465,3,2025-02-22,sales_rep,completed
179,2857,4,2025-02-24,sales_rep,completed
180,2265,1,2025-02-22,web,completed
181,3809,4,2025-02-13,mobile,completed
182,3539,4,2025-02-24,mobile,completed
183,2404,4,2025-02-21,partner,completed
184,4136,6,2025-02-09,web,completed
185,965,6,2025-02-22,web,completed
186,1389,6,2025-02-09,sales_rep,completed
187,89,5,2025-02-12,sales_rep,completed
188,596,5,2025-02-06,mobile,completed
189,994,3,2025-02-27,sales_rep,completed
190,3125,3,2025-02-07,sales_rep,completed
191,4278,5,2025-02-01,web,completed
192,2951,1,2025-02-01,web,completed
193,2228,6,2025-02-06,sales_rep,completed
194,1352,3,2025-02-18,partner,completed
195,508,2,2025-02-12,partner,completed
196,2924,4,2025-02-06,sales_rep,completed
197,705,1,2025-02-10,web,completed
198,3952,2,2025-02-25,mobile,completed
199,2045,2,2025-02-03,web,completed
200,1751,6,2025-02-14,partner,completed
201,134,4,2025-02-01,sales_rep,completed
202,1212,5,2025-02-14,partner,completed
203,67,6,2025-02-25,mobile,completed
204,3626,5,2025-02-06,partner,completed
205,2450,2,2025-02-13,sales_rep,completed
206,3930,5,2025-02-11,sales_rep,completed
207,2827,3,2025-02-28,web,completed
208,4772,5,2025-02-27,web,completed
209,3919,1,2025-02-05,partner,completed
210,738,3,2025-02-17,mobile,completed
211,584,1,2025-02-27,sales_rep,completed
212,4447,2,2025-02-18,web,completed
213,1346,6,2025-02-15,mobile,completed
214,3826,6,2025-02-12,sales_rep,completed
215,3143,3,2025-02-19,sales_rep,completed
216,3510,3,2025-02-20,mobile,completed
217,1334,5,2025-02-26,mobile,completed
218,1566,3,2025-02-20,web,completed
219,2775,4,2025-02-03,partner,completed
220,111,2,2025-02-16,sales_rep,completed
221,1559,6,2025-02-04,mobile,completed
222,2538,3,2025-02-20,partner,completed
223,1023,6,2025-02-02,partner,completed
224,1429,2,2025-02-05,web,completed
225,4918,2,2025-02-23,web,completed
226,1450,1,2025-02-11,partner,completed
227,4513,1,2025-02-04,sales_rep,completed
228,4636,5,2025-02-27,web,completed
229,3370,1,2025-02-12,web,completed
230,765,3,2025-02-08,web,completed
231,1029,4,2025-02-22,web,completed
232,4672,5,2025-02-07,sales_rep,completed
233,8,5,2025-02-14,partner,completed
234,2520,6,2025-02-28,web,completed
235,2982,1,2025-02-03,mobile,completed
236,4192,3,2025-02-18,sales_rep,completed
237,4476,2,2025-02-26,web,completed
238,1418,3,2025-02-28,partner,completed
239,2513,6,2025-02-03,mobile,completed
240,3170,4,2025-02-02,web,completed
241,4826,3,2025-02-01,mobile,completed
242,2783,5,2025-02-15,web,completed
243,610,6,2025-02-07,web,completed
244,4621,4,2025-02-07,mobile,completed
245,2563,5,2025-02-14,mobile,completed
246,897,4,2025-02-13,sales_rep,completed
247,952,2,2025-02-15,sales_rep,completed
248,1023,6,2025-02-24,partner,completed
249,3607,2,2025-02-21,sales_rep,completed
250,4745,5,2025-02-20,sales_rep,completed
251,2207,1,2025-02-28,mobile,completed
252,490,4,2025-02-14,sales_rep,completed
253,4443,5,2025-02-24,sales_rep,completed
254,3174,3,2025-02-21,mobile,completed
255,2854,1,2025-02-26,partner,completed
256,303,1,2025-02-04,partner,completed
257,4854,1,2025-02-01,sales_rep,completed
258,385,1,2025-02-07,web,completed
259,3053,5,2025-02-27,mobile,completed
260,2986,4,2025-02-21,partner,completed
261,2570,6,2025-02-25,mobile,completed
262,2757,6,2025-02-25,mobile,completed
263,1990,6,2025-02-13,web,completed
264,2866,1,2025-02-01,partner,completed
265,1820,2,2025-02-06,partner,completed
266,2369,1,2025-02-21,partner,completed
267,3391,2,2025-02-25,partner,completed
268,3712,6,2025-02-18,web,completed
269,767,4,2025-02-15,mobile,completed
270,4961,3,2025-02-14,mobile,completed
271,484,5,2025-02-21,partner,completed
272,1379,4,2025-02-16,sales_rep,completed
273,1735,6,2025-02-11,sales_rep,completed
274,1618,4,2025-02-15,web,completed
275,1760,4,2025-02-06,partner,completed
276,1616,2,2025-02-09,partner,completed
277,2181,5,2025-02-17,sales_rep,completed
278,3817,3,2025-02-22,sales_rep,completed
279,4138,2,2025-02-02,web,completed
280,1741,3,2025-02-01,partner,completed
281,1293,3,2025-02-03,mobile,completed
282,3384,6,2025-02-10,partner,completed
283,298,3,2025-02-11,mobile,completed
284,2230,6,2025-02-16,sales_rep,completed
285,1101,3,2025-02-02,mobile,completed
286,3040,2,2025-02-05,partner,completed
287,392,2,2025-02-07,mobile,completed
288,4146,2,2025-02-21,partner,completed
289,1350,4,2025-02-07,sales_rep,completed
290,2571,5,2025-02-05,sales_rep,completed
291,2862,6,2025-02-13,sales_rep,completed
292,2376,6,2025-02-09,sales_rep,completed
293,2240,6,2025-02-26,sales_rep,completed
294,1335,4,2025-02-22,sales_rep,completed
295,3863,2,2025-02-22,mobile,completed
296,2580,4,2025-02-11,sales_rep,completed
297,1079,3,2025-02-12,mobile,completed
298,1313,5,2025-02-11,partner,completed
299,2194,2,2025-02-12,partner,completed
300,4218,3,2025-02-07,sales_rep,completed
301,4807,3,2025-02-03,web,completed
302,1945,3,2025-02-06,sales_rep,completed
303,1976,1,2025-02-16,web,completed
304,646,2,2025-02-13,web,completed
305,2729,4,2025-02-25,sales_rep,completed
306,1200,4,2025-02-28,mobile,completed
307,4098,1,2025-02-21,mobile,completed
308,2673,6,2025-02-16,web,completed
309,1110,1,2025-02-25,web,completed
310,4582,6,2025-02-05,sales_rep,completed
311,4078,4,2025-02-22,web,completed
312,1503,2,2025-02-23,sales_rep,completed
313,601,4,2025-02-13,mobile,completed
314,1322,2,2025-02-23,partner,completed
315,1884,6,2025-02-01,sales_rep,completed
316,2033,1,2025-02-19,partner,completed
317,4112,3,2025-02-05,partner,completed
318,4839,6,2025-02-01,sales_rep,completed
319,3737,3,2025-02-17,web,completed
320,4227,3,2025-02-16,web,completed
321,626,2,2025-02-16,partner,completed
322,749,2,2025-02-19,partner,completed
323,4541,4,2025-02-16,mobile,completed
324,3069,1,2025-02-16,partner,completed
325,1179,2,2025-02-05,mobile,completed
326,3960,2,2025-02-27,partner,completed
327,875,5,2025-02-21,sales_rep,completed
328,3841,6,2025-02-19,mobile,completed
329,4416,3,2025-02-06,partner,completed
330,2445,4,2025-02-15,web,completed
331,3282,5,2025-02-13,mobile,completed
332,3660,3,2025-02-23,sales_rep,completed
333,4402,1,2025-02-05,web,completed
334,2918,6,2025-02-15,sales_rep,completed
335,1468,3,2025-02-16,sales_rep,completed
336,1008,4,2025-02-27,sales_rep,completed
337,1778,1,2025-02-24,partner,completed
338,281,2,2025-02-23,web,completed
339,3494,5,2025-02-04,partner,completed
340,1848,4,2025-02-11,mobile,completed
341,3558,3,2025-02-12,sales_rep,completed
342,310,1,2025-02-02,web,completed
343,1610,1,2025-02-28,sales_rep,completed
344,1976,1,2025-02-05,web,completed
345,438,6,2025-02-10,partner,completed
346,4145,1,2025-02-03,mobile,completed
347,2988,5,2025-02-03,partner,completed
348,4222,4,2025-02-19,mobile,completed
349,4010,1,2025-02-18,web,completed
350,171,1,2025-02-15,sales_rep,completed
351,4327,6,2025-02-20,partner,completed
352,348,6,2025-02-22,mobile,completed
353,4356,5,2025-02-19,web,completed
354,3350,5,2025-02-27,mobile,completed
355,4098,1,2025-02-25,partner,completed
356,2500,6,2025-02-02,mobile,completed
357,801,1,2025-02-14,sales_rep,completed
358,747,4,2025-02-04,partner,completed
359,594,6,2025-02-09,mobile,completed
360,4028,3,2025-02-28,partner,completed
361,2668,6,2025-02-22,mobile,completed
362,1083,6,2025-02-15,web,completed
363,625,4,2025-02-23,sales_rep,completed
364,391,5,2025-02-19,sales_rep,completed
365,1291,2,2025-02-17,partner,completed
366,3748,6,2025-02-03,partner,completed
367,4463,4,2025-02-08,partner,completed
368,3041,3,2025-02-08,mobile,completed
369,4979,6,2025-02-26,sales_rep,completed
370,1973,5,2025-02-27,web,completed
371,1663,2,2025-02-05,sales_rep,completed
372,3464,1,2025-02-09,partner,completed
373,674,1,2025-02-20,web,completed
374,4557,1,2025-02-10,partner,completed
375,3901,4,2025-02-08,web,completed
376,171,1,2025-02-17,web,completed
377,937,1,2025-02-18,web,completed
378,3139,3,2025-02-08,web,completed
379,3693,2,2025-02-09,web,completed
380,1091,4,2025-02-26,sales_rep,completed
381,3735,2,2025-02-11,mobile,completed
382,2371,1,2025-02-21,web,completed
383,3377,4,2025-02-19,mobile,completed
384,2120,5,2025-02-01,mobile,completed
385,2272,2,2025-02-23,partner,completed
386,1950,2,2025-02-15,mobile,completed
387,785,3,2025-02-15,sales_rep,completed
388,952,2,2025-02-19,web,completed
389,839,1,2025-02-19,web,completed
390,4014,3,2025-02-02,web,completed
391,2117,6,2025-02-07,sales_rep,completed
392,1898,6,2025-02-15,web,completed
393,4279,5,2025-02-03,mobile,completed
394,4436,6,2025-02-04,web,completed
395,1170,6,2025-02-04,web,completed
396,1774,3,2025-02-12,web,completed
397,2059,3,2025-02-10,sales_rep,completed
398,4199,6,2025-02-27,mobile,completed
399,3359,2,2025-02-26,sales_rep,completed
400,2723,1,2025-02-11,sales_rep,completed
401,1176,3,2025-02-16,web,completed
402,1929,2,2025-02-04,mobile,completed
403,145,6,2025-02-27,web,completed
404,3521,5,2025-02-27,sales_rep,completed
405,4595,4,2025-02-23,partner,completed
406,3934,5,2025-02-10,partner,completed
407,1547,5,2025-02-20,mobile,completed
408,2414,4,2025-02-26,web,completed
409,4789,2,2025-02-11,mobile,completed
410,2128,4,2025-02-27,partner,completed
411,4196,3,2025-02-28,web,completed
412,2888,1,2025-02-13,partner,completed
413,2495,3,2025-02-20,web,completed
414,2926,2,2025-02-18,sales_rep,completed
415,1119,5,2025-02-04,sales_rep,completed
416,2128,4,2025-02-10,web,completed
417,1522,5,2025-02-16,partner,completed
418,3789,6,2025-02-16,sales_rep,completed
419,3062,2,2025-02-15,sales_rep,completed
420,1999,2,2025-02-22,partner,completed
421,4113,1,2025-02-02,sales_rep,completed
422,2265,1,2025-02-15,mobile,completed
423,4767,4,2025-02-22,sales_rep,completed
424,3027,1,2025-02-01,mobile,completed
425,4429,5,2025-02-24,partner,completed
426,4935,3,2025-02-22,partner,completed
427,1635,3,2025-02-06,mobile,completed
428,1304,6,2025-02-15,web,completed
429,4179,3,2025-02-23,mobile,completed
430,1160,3,2025-02-21,mobile,completed
431,3761,2,2025-02-27,partner,completed
432,885,5,2025-02-05,sales_rep,completed
433,4350,3,2025-02-28,sales_rep,completed
434,3448,4,2025-02-04,mobile,completed
435,2606,5,2025-02-09,web,completed
436,2246,5,2025-02-12,sales_rep,completed
437,3187,5,2025-02-03,web,completed
438,1944,1,2025-02-07,partner,completed
439,1989,2,2025-02-12,mobile,completed
440,1021,1,2025-02-27,sales_rep,completed
441,790,1,2025-02-16,partner,completed
442,4456,1,2025-02-20,mobile,completed
443,3747,3,2025-02-14,partner,completed
444,2216,3,2025-02-08,mobile,completed
445,4159,2,2025-02-11,partner,completed
446,3039,2,2025-02-21,sales_rep,completed
447,2996,4,2025-02-17,web,completed
448,563,3,2025-02-07,web,completed
449,2692,4,2025-02-14,mobile,completed
450,540,1,2025-02-21,web,completed
451,3420,2,2025-02-21,sales_rep,completed
452,337,6,2025-02-01,mobile,completed
453,2572,6,2025-02-19,web,completed
454,1837,6,2025-02-12,sales_rep,completed
455,655,4,2025-02-22,sales_rep,completed
456,2365,5,2025-02-18,sales_rep,completed
457,1004,6,2025-02-23,web,completed
458,1223,6,2025-02-21,web,completed
459,4450,6,2025-02-27,web,completed
460,1749,5,2025-02-10,sales_rep,completed
461,2020,3,2025-02-10,partner,completed
462,32,2,2025-02-26,partner,completed
463,1503,2,2025-02-19,web,completed
464,1756,2,2025-02-02,sales_rep,completed
465,3596,2,2025-02-03,sales_rep,completed
466,596,5,2025-02-22,web,completed
467,4650,2,2025-02-09,mobile,completed
468,642,6,2025-02-18,partner,completed
469,3264,6,2025-02-06,mobile,completed
470,23,2,2025-02-14,web,completed
471,4099,5,2025-02-24,web,completed
472,3482,2,2025-02-18,partner,completed
473,4188,2,2025-02-23,mobile,completed
474,4657,1,2025-02-26,mobile,completed
475,4170,5,2025-02-03,mobile,completed
476,3108,3,2025-02-05,web,completed
477,4193,5,2025-02-26,web,completed
478,482,5,2025-02-20,sales_rep,completed
479,3227,4,2025-02-01,partner,completed
480,4949,2,2025-02-05,sales_rep,completed
481,1886,2,2025-02-08,mobile,completed
482,4878,3,2025-02-16,sales_rep,completed
483,2534,2,2025-02-02,web,completed
484,2342,3,2025-02-18,mobile,completed
485,1501,4,2025-02-01,partner,completed
486,540,1,2025-02-03,sales_rep,completed
487,4382,1,2025-02-02,partner,completed
488,3604,4,2025-02-17,sales_rep,completed
489,2002,1,2025-02-21,sales_rep,completed
490,4808,6,2025-02-03,partner,completed
491,920,4,2025-02-23,mobile,completed
492,3894,2,2025-02-20,sales_rep,completed
493,2262,6,2025-02-15,sales_rep,completed
494,3122,6,2025-02-20,sales_rep,completed
495,187,1,2025-02-27,sales_rep,completed
496,3055,5,2025-02-09,web,completed
497,3396,5,2025-02-15,web,completed
498,4890,3,2025-02-14,partner,completed
499,1731,5,2025-02-23,partner,completed
500,366,4,2025-02-13,sales_rep,completed
501,309,2,2025-02-15,partner,completed
502,748,2,2025-02-11,sales_rep,completed
503,1498,5,2025-02-08,mobile,completed
504,4155,2,2025-02-13,web,completed
505,976,2,2025-02-03,partner,completed
506,726,1,2025-02-20,mobile,completed
507,160,5,2025-02-19,web,completed
508,1917,2,2025-02-01,mobile,completed
509,3018,2,2025-02-09,web,completed
510,1408,6,2025-02-20,sales_rep,completed
511,2478,2,2025-02-06,web,completed
512,1218,5,2025-02-23,partner,completed
513,4001,2,2025-02-12,partner,completed
514,129,4,2025-02-11,partner,completed
515,1004,6,2025-02-21,partner,completed
516,2832,5,2025-02-06,sales_rep,completed
517,4213,3,2025-02-07,sales_rep,completed
518,2007,3,2025-02-14,sales_rep,completed
519,349,2,2025-02-26,partner,completed
520,2758,4,2025-02-23,sales_rep,completed
521,1352,3,2025-02-12,mobile,completed
522,1523,2,2025-02-21,web,completed
523,4612,2,2025-02-14,partner,completed
524,4708,4,2025-02-04,sales_rep,completed
525,1294,1,2025-02-28,web,completed
526,2957,1,2025-02-16,sales_rep,completed
527,2705,1,2025-02-27,mobile,completed
528,4807,3,2025-02-15,sales_rep,completed
529,4732,5,2025-02-20,partner,completed
530,1751,6,2025-02-15,sales_rep,completed
531,128,5,2025-02-07,mobile,completed
532,12,6,2025-02-14,web,completed
533,24,6,2025-02-16,sales_rep,completed
534,3907,5,2025-02-23,partner,completed
535,3700,5,2025-02-13,mobile,completed
536,4137,6,2025-02-04,sales_rep,completed
537,698,4,2025-02-27,web,completed
538,294,2,2025-02-08,mobile,completed
539,853,6,2025-02-03,mobile,completed
540,3127,5,2025-02-02,mobile,completed
541,45,1,2025-02-02,mobile,completed
542,3306,2,2025-02-12,partner,completed
543,4445,5,2025-02-07,partner,completed
544,729,3,2025-02-12,sales_rep,completed
545,3695,3,2025-02-26,sales_rep,completed
546,2763,3,2025-02-19,web,completed
547,4721,4,2025-02-04,web,completed
548,1216,1,2025-02-03,web,completed
549,1135,4,2025-02-21,partner,completed
550,83,1,2025-02-03,web,completed
551,3526,2,2025-02-13,mobile,completed
552,4335,6,2025-02-12,mobile,completed
553,94,3,2025-02-09,sales_rep,completed
554,2459,3,2025-02-15,mobile,completed
555,3621,6,2025-02-25,partner,completed
556,3909,2,2025-02-10,mobile,completed
557,4652,6,2025-02-19,sales_rep,completed
558,3615,5,2025-02-28,web,completed
559,4603,2,2025-02-12,mobile,completed
560,4969,1,2025-02-16,web,completed
561,4638,3,2025-02-22,web,completed
562,2190,4,2025-02-27,mobile,completed
563,2036,6,2025-02-28,sales_rep,completed
564,2138,1,2025-02-04,web,completed
565,4754,6,2025-02-22,partner,completed
566,1409,1,2025-02-26,mobile,completed
567,3762,4,2025-02-13,mobile,completed
568,3126,6,2025-02-19,partner,completed
569,309,2,2025-02-22,mobile,completed
570,2431,1,2025-02-26,web,completed
571,974,3,2025-02-20,partner,completed
572,3644,3,2025-02-22,mobile,completed
573,2237,2,2025-02-28,mobile,completed
574,1783,1,2025-02-19,mobile,completed
575,329,1,2025-02-21,mobile,completed
576,655,4,2025-02-23,partner,completed
577,3821,1,2025-02-08,sales_rep,completed
578,4313,3,2025-02-22,sales_rep,completed
579,1456,1,2025-02-17,web,completed
580,4141,5,2025-02-02,sales_rep,completed
581,2761,1,2025-02-03,web,completed
582,1756,2,2025-02-05,partner,completed
583,2258,4,2025-02-28,sales_rep,completed
584,3452,1,2025-02-14,mobile,completed
585,4546,5,2025-02-07,mobile,completed
586,2463,3,2025-02-15,partner,completed
587,1734,6,2025-02-02,partner,completed
588,3805,1,2025-02-02,sales_rep,completed
589,2626,4,2025-02-02,partner,completed
590,1951,6,2025-02-02,mobile,completed
591,2299,2,2025-02-23,partner,completed
592,2679,4,2025-02-11,sales_rep,completed
593,702,4,2025-02-10,sales_rep,completed
594,290,3,2025-02-04,partner,completed
595,3324,4,2025-02-11,web,completed
596,875,5,2025-02-24,mobile,completed
597,2659,5,2025-02-20,mobile,completed
598,3909,2,2025-02-01,sales_rep,completed
599,1075,3,2025-02-01,sales_rep,completed
600,1908,1,2025-02-12,web,completed
601,4892,4,2025-02-18,mobile,completed
602,176,3,2025-02-28,partner,completed
603,3779,6,2025-02-03,sales_rep,completed
604,839,1,2025-02-15,web,completed
605,4529,3,2025-02-27,web,completed
606,2058,5,2025-02-11,web,completed
607,34,4,2025-02-12,partner,completed
608,3590,6,2025-02-05,sales_rep,completed
609,737,5,2025-02-03,partner,completed
610,1818,2,2025-02-16,mobile,completed
611,2512,6,2025-02-13,sales_rep,completed
612,3726,6,2025-02-11,mobile,completed
613,2095,1,2025-02-12,mobile,completed
614,4291,1,2025-02-13,sales_rep,completed
615,2409,3,2025-02-11,sales_rep,completed
616,1706,6,2025-02-18,sales_rep,completed
617,1686,4,2025-02-03,web,completed
618,4002,6,2025-02-14,sales_rep,completed
619,3325,3,2025-02-26,mobile,completed
620,635,2,2025-02-05,sales_rep,completed
621,3752,5,2025-02-15,partner,completed
622,2077,3,2025-02-25,sales_rep,completed
623,1745,2,2025-02-15,mobile,completed
624,488,4,2025-02-16,web,completed
625,4992,4,2025-02-16,mobile,completed
626,2196,5,2025-03-28,mobile,completed
627,4530,4,2025-03-17,mobile,completed
628,1052,3,2025-03-08,mobile,completed
629,4172,2,2025-03-31,sales_rep,completed
630,3625,5,2025-03-27,partner,completed
631,4444,3,2025-03-29,web,completed
632,665,4,2025-03-26,sales_rep,completed
633,4474,1,2025-03-12,mobile,completed
634,4544,4,2025-03-15,partner,completed
635,1480,3,2025-03-01,sales_rep,completed
636,3125,3,2025-03-24,sales_rep,completed
637,2934,3,2025-03-07,mobile,completed
638,245,4,2025-03-02,partner,completed
639,2627,6,2025-03-07,sales_rep,completed
640,3295,2,2025-03-02,partner,completed
641,1026,1,2025-03-21,partner,completed
642,1808,3,2025-03-13,partner,completed
643,2928,2,2025-03-02,partner,completed
644,4649,2,2025-03-13,mobile,completed
645,303,1,2025-03-12,partner,completed
646,4681,2,2025-03-24,sales_rep,completed
647,4081,6,2025-03-07,sales_rep,completed
648,4230,1,2025-03-22,web,completed
649,239,2,2025-03-02,partner,completed
650,2840,6,2025-03-02,mobile,completed
651,1844,6,2025-03-16,mobile,completed
652,4596,1,2025-03-04,web,completed
653,3705,6,2025-03-12,sales_rep,completed
654,3250,3,2025-03-15,mobile,completed
655,139,3,2025-03-13,partner,completed
656,4376,4,2025-03-01,partner,completed
657,2449,5,2025-03-22,web,completed
658,801,1,2025-03-08,mobile,completed
659,4371,4,2025-03-14,partner,completed
660,4521,6,2025-03-23,web,completed
661,2484,2,2025-03-08,sales_rep,completed
662,3308,1,2025-03-09,mobile,completed
663,3053,5,2025-03-11,partner,completed
664,1517,3,2025-03-15,sales_rep,completed
665,3742,2,2025-03-15,mobile,completed
666,4990,6,2025-03-12,sales_rep,completed
667,4671,1,2025-03-21,partner,completed
668,3435,2,2025-03-17,partner,completed
669,1802,3,2025-03-01,web,completed
670,4543,6,2025-03-26,partner,completed
671,4638,3,2025-03-01,mobile,completed
672,28,5,2025-03-03,sales_rep,completed
673,1693,4,2025-03-18,partner,completed
674,2762,3,2025-03-02,mobile,completed
675,2890,2,2025-03-03,partner,completed
676,3563,3,2025-03-13,web,completed
677,2569,3,2025-03-03,partner,completed
678,69,1,2025-03-11,sales_rep,completed
679,829,6,2025-03-30,partner,completed
680,3813,5,2025-03-31,web,completed
681,3467,4,2025-03-12,mobile,completed
682,3258,2,2025-03-24,partner,completed
683,2205,3,2025-03-18,web,completed
684,1374,3,2025-03-07,partner,completed
685,1541,3,2025-03-19,sales_rep,completed
686,3445,6,2025-03-26,web,completed
687,2522,1,2025-03-10,web,completed
688,655,4,2025-03-13,sales_rep,completed
689,1998,6,2025-03-02,web,completed
690,4121,5,2025-03-07,partner,completed
691,2996,4,2025-03-22,mobile,completed
692,4332,2,2025-03-25,sales_rep,completed
693,2544,3,2025-03-08,mobile,completed
694,2428,3,2025-03-09,sales_rep,completed
695,4747,5,2025-03-20,mobile,completed
696,2538,3,2025-03-17,web,completed
697,676,5,2025-03-05,web,completed
698,2011,3,2025-03-15,web,completed
699,3239,6,2025-03-22,partner,completed
700,1727,6,2025-03-02,sales_rep,completed
701,2052,2,2025-03-31,sales_rep,completed
702,4365,4,2025-03-14,sales_rep,completed
703,2176,5,2025-03-01,partner,completed
704,1525,4,2025-03-18,sales_rep,completed
705,540,1,2025-03-18,sales_rep,completed
706,2015,4,2025-03-11,web,completed
707,3834,4,2025-03-17,sales_rep,completed
708,1500,6,2025-03-04,sales_rep,completed
709,2354,3,2025-03-09,sales_rep,completed
710,3284,1,2025-03-24,partner,completed
711,4640,6,2025-03-23,web,completed
712,4072,5,2025-03-20,mobile,completed
713,1432,2,2025-03-06,sales_rep,completed
714,822,4,2025-03-08,sales_rep,completed
715,3354,5,2025-03-21,web,completed
716,1274,5,2025-03-02,web,completed
717,1963,1,2025-03-07,web,completed
718,521,3,2025-03-06,mobile,completed
719,3872,1,2025-03-17,mobile,completed
720,801,1,2025-03-06,partner,completed
721,1904,2,2025-03-03,mobile,completed
722,2035,6,2025-03-07,web,completed
723,213,5,2025-03-19,partner,completed
724,3880,1,2025-03-26,sales_rep,completed
725,3093,5,2025-03-30,mobile,completed
726,2709,5,2025-03-07,partner,completed
727,890,2,2025-03-06,web,completed
728,267,3,2025-03-15,mobile,completed
729,279,1,2025-03-15,partner,completed
730,3126,6,2025-03-31,mobile,completed
731,3739,5,2025-03-03,sales_rep,completed
732,3977,4,2025-03-17,sales_rep,completed
733,4002,6,2025-03-05,mobile,completed
734,1968,3,2025-03-31,web,completed
735,7,1,2025-03-02,sales_rep,completed
736,1226,6,2025-03-06,mobile,completed
737,3936,6,2025-03-25,web,completed
738,3820,6,2025-03-25,mobile,completed
739,2538,3,2025-03-22,web,completed
740,120,1,2025-03-26,partner,completed
741,3884,3,2025-03-21,sales_rep,completed
742,4078,4,2025-03-29,web,completed
743,1135,4,2025-03-18,partner,completed
744,4022,1,2025-03-04,web,completed
745,3199,6,2025-03-30,sales_rep,completed
746,4440,2,2025-03-28,mobile,completed
747,3133,5,2025-03-03,mobile,completed
748,448,6,2025-03-19,sales_rep,completed
749,3235,4,2025-03-28,web,completed
750,539,4,2025-03-18,web,completed
751,1294,1,2025-03-14,sales_rep,completed
752,4364,6,2025-03-21,web,completed
753,4841,5,2025-03-28,sales_rep,completed
754,2377,6,2025-03-25,partner,completed
755,1456,1,2025-03-20,sales_rep,completed
756,1962,6,2025-03-04,web,completed
757,1211,4,2025-03-10,web,completed
758,2867,2,2025-03-23,web,completed
759,2106,2,2025-03-16,partner,completed
760,293,6,2025-03-20,partner,completed
761,3051,6,2025-03-02,partner,completed
762,3219,6,2025-03-26,sales_rep,completed
763,3336,2,2025-03-01,mobile,completed
764,4726,3,2025-03-24,partner,completed
765,3521,5,2025-03-24,partner,completed
766,3379,6,2025-03-03,web,completed
767,1059,3,2025-03-25,mobile,completed
768,2323,3,2025-03-29,sales_rep,completed
769,2173,6,2025-03-18,web,completed
770,4805,5,2025-03-05,mobile,completed
771,2372,5,2025-03-23,partner,completed
772,3443,3,2025-03-10,sales_rep,completed
773,2704,6,2025-03-31,partner,completed
774,285,3,2025-03-26,partner,completed
775,4679,4,2025-03-15,sales_rep,completed
776,3351,1,2025-03-27,web,completed
777,1152,4,2025-03-12,mobile,completed
778,299,2,2025-03-16,partner,completed
779,4685,4,2025-03-20,web,completed
780,1537,1,2025-03-02,mobile,completed
781,86,5,2025-03-28,sales_rep,completed
782,3079,2,2025-03-09,partner,completed
783,82,3,2025-03-01,web,completed
784,1079,3,2025-03-15,mobile,completed
785,4468,6,2025-03-12,mobile,completed
786,191,5,2025-03-19,partner,completed
787,3761,2,2025-03-26,partner,completed
788,3090,3,2025-03-27,partner,completed
789,1530,6,2025-03-21,partner,completed
790,1430,5,2025-03-14,mobile,completed
791,2375,5,2025-03-27,mobile,completed
792,2665,2,2025-03-09,web,completed
793,4452,2,2025-03-08,sales_rep,completed
794,1306,5,2025-03-24,web,completed
795,2952,4,2025-03-03,mobile,completed
796,3433,2,2025-03-17,web,completed
797,64,6,2025-03-19,mobile,completed
798,4479,6,2025-03-04,web,completed
799,4960,6,2025-03-04,web,completed
800,433,5,2025-03-04,sales_rep,completed
801,1310,6,2025-03-22,sales_rep,completed
802,3932,1,2025-03-07,web,completed
803,4047,3,2025-03-21,web,completed
804,781,6,2025-03-13,sales_rep,completed
805,4588,2,2025-03-10,partner,completed
806,1648,4,2025-03-15,partner,completed
807,1468,3,2025-03-20,partner,completed
808,1787,2,2025-03-16,partner,completed
809,3358,6,2025-03-11,partner,completed
810,1032,2,2025-03-24,partner,completed
811,2715,4,2025-03-30,mobile,completed
812,377,5,2025-03-30,partner,completed
813,735,2,2025-03-29,web,completed
814,3843,4,2025-03-22,web,completed
815,1919,3,2025-03-19,web,completed
816,3969,4,2025-03-14,mobile,completed
817,3689,6,2025-03-06,partner,completed
818,4985,2,2025-03-15,sales_rep,completed
819,688,4,2025-03-27,web,completed
820,4674,6,2025-03-20,web,completed
821,4460,4,2025-03-22,web,completed
822,2174,5,2025-03-23,sales_rep,completed
823,677,4,2025-03-23,mobile,completed
824,667,4,2025-03-05,web,completed
825,2554,2,2025-03-08,sales_rep,completed
826,54,3,2025-03-13,mobile,completed
827,479,4,2025-03-04,mobile,completed
828,2658,2,2025-03-15,partner,completed
829,2816,1,2025-03-20,sales_rep,completed
830,4303,1,2025-03-31,mobile,completed
831,4873,1,2025-03-05,partner,completed
832,1340,3,2025-03-25,mobile,completed
833,1652,1,2025-03-30,partner,completed
834,995,4,2025-03-14,mobile,completed
835,1124,2,2025-03-01,sales_rep,completed
836,2195,4,2025-03-02,mobile,completed
837,4966,1,2025-03-13,web,completed
838,4468,6,2025-03-12,sales_rep,completed
839,4566,3,2025-03-07,mobile,completed
840,2259,1,2025-03-13,partner,completed
841,3287,1,2025-03-15,partner,completed
842,3614,1,2025-03-20,partner,completed
843,1216,1,2025-03-13,web,completed
844,2313,4,2025-03-25,mobile,completed
845,2751,2,2025-03-30,web,completed
846,1865,6,2025-03-20,partner,completed
847,2366,1,2025-03-07,sales_rep,completed
848,2205,3,2025-03-06,partner,completed
849,306,1,2025-03-07,web,completed
850,3843,4,2025-03-12,sales_rep,completed
851,4503,6,2025-03-22,web,completed
852,3773,4,2025-03-31,web,completed
853,4669,5,2025-03-17,partner,completed
854,2159,5,2025-03-30,sales_rep,completed
855,280,1,2025-03-18,mobile,completed
856,1339,5,2025-03-27,mobile,completed
857,4270,4,2025-03-13,partner,completed
858,696,2,2025-03-24,partner,completed
859,2736,1,2025-03-07,web,completed
860,7,1,2025-03-01,partner,completed
861,1619,1,2025-03-03,partner,completed
862,567,2,2025-03-10,mobile,completed
863,568,2,2025-03-05,web,completed
864,824,4,2025-03-03,partner,completed
865,2692,4,2025-03-20,mobile,completed
866,3450,3,2025-03-11,web,completed
867,1441,5,2025-03-04,partner,completed
868,4090,6,2025-03-03,mobile,completed
869,1960,2,2025-03-31,sales_rep,completed
870,3685,6,2025-03-25,web,completed
871,2649,6,2025-03-23,partner,completed
872,3617,1,2025-03-29,mobile,completed
873,4894,1,2025-03-26,sales_rep,completed
874,4972,3,2025-03-01,sales_rep,completed
875,2936,2,2025-03-13,partner,completed
876,4813,4,2025-03-08,mobile,completed
877,3508,5,2025-03-05,web,completed
878,1345,2,2025-03-15,web,completed
879,4677,4,2025-03-19,mobile,completed
880,726,1,2025-03-09,mobile,completed
881,2342,3,2025-03-09,sales_rep,completed
882,767,4,2025-03-31,sales_rep,completed
883,3923,3,2025-03-23,sales_rep,completed
884,4479,6,2025-03-28,web,completed
885,4094,3,2025-03-22,partner,completed
886,512,5,2025-03-25,sales_rep,completed
887,1355,2,2025-03-02,web,completed
888,1701,2,2025-03-11,partner,completed
889,579,6,2025-03-19,sales_rep,completed
890,2652,6,2025-03-09,sales_rep,completed
891,171,1,2025-03-01,sales_rep,completed
892,3068,5,2025-03-13,partner,completed
893,2874,2,2025-03-03,sales_rep,completed
894,2979,2,2025-03-31,mobile,completed
895,4565,6,2025-03-08,sales_rep,completed
896,3933,5,2025-03-15,web,completed
897,1299,4,2025-03-16,mobile,completed
898,2859,5,2025-03-17,sales_rep,completed
899,4013,5,2025-03-08,web,completed
900,4256,2,2025-03-13,partner,completed
901,3216,2,2025-03-03,web,completed
902,424,4,2025-03-26,partner,completed
903,2174,5,2025-03-13,web,completed
904,4295,6,2025-03-06,mobile,completed
905,370,5,2025-03-04,web,completed
906,2951,1,2025-03-15,sales_rep,completed
907,2704,6,2025-03-01,sales_rep,completed
908,1115,2,2025-03-15,mobile,completed
909,1721,1,2025-03-21,mobile,completed
910,4889,3,2025-03-27,mobile,completed
911,2979,2,2025-03-18,partner,completed
912,4699,2,2025-03-07,partner,completed
913,2357,3,2025-03-08,web,completed
914,4229,3,2025-03-27,sales_rep,completed
915,3100,2,2025-03-23,partner,completed
916,4558,6,2025-03-02,partner,completed
917,1634,6,2025-03-22,sales_rep,completed
918,1911,1,2025-03-03,web,completed
919,203,3,2025-03-29,mobile,completed
920,1140,4,2025-03-04,mobile,completed
921,693,6,2025-03-17,partner,completed
922,915,4,2025-03-09,partner,completed
923,1542,2,2025-03-20,sales_rep,completed
924,4369,6,2025-03-26,mobile,completed
925,1893,6,2025-03-10,sales_rep,completed
926,4134,4,2025-03-01,mobile,completed
927,4074,6,2025-03-29,sales_rep,completed
928,4905,2,2025-03-12,partner,completed
929,2544,3,2025-03-19,partner,completed
930,4242,2,2025-03-23,web,completed
931,2098,6,2025-03-10,web,completed
932,3162,6,2025-03-23,web,completed
933,4055,1,2025-03-02,sales_rep,completed
934,712,4,2025-03-07,partner,completed
935,288,4,2025-03-24,partner,completed
936,825,4,2025-03-30,web,completed
937,3606,1,2025-03-25,web,completed
938,2369,1,2025-03-30,sales_rep,completed
939,1401,6,2025-03-23,web,completed
940,3839,6,2025-03-02,partner,completed
941,76,3,2025-03-06,web,completed
942,867,5,2025-03-25,web,completed
943,2350,4,2025-03-15,sales_rep,completed
944,4578,2,2025-03-01,web,completed
945,3745,2,2025-03-24,partner,completed
946,3419,1,2025-03-04,sales_rep,completed
947,3555,3,2025-03-27,mobile,completed
948,1562,2,2025-03-17,partner,completed
949,2240,6,2025-03-24,mobile,completed
950,4429,5,2025-03-12,sales_rep,completed
951,3648,4,2025-03-18,partner,completed
952,2994,6,2025-03-02,partner,completed
953,415,1,2025-03-04,mobile,completed
954,3666,3,2025-03-07,mobile,completed
955,1829,4,2025-03-03,mobile,completed
956,1928,1,2025-03-08,mobile,completed
957,3370,1,2025-03-22,partner,completed
958,1968,3,2025-03-24,web,completed
959,2865,1,2025-03-29,mobile,completed
960,64,6,2025-03-09,mobile,completed
961,926,6,2025-03-02,mobile,completed
962,2690,6,2025-03-14,sales_rep,completed
963,4789,2,2025-03-13,web,completed
964,3804,1,2025-03-26,mobile,completed
965,2088,4,2025-03-31,mobile,completed
966,4845,5,2025-03-30,web,completed
967,1378,5,2025-03-16,partner,completed
968,4462,3,2025-03-08,sales_rep,completed
969,2018,5,2025-03-23,sales_rep,completed
970,435,3,2025-03-28,mobile,completed
971,13,5,2025-03-07,sales_rep,completed
972,4903,4,2025-03-21,sales_rep,completed
973,3212,2,2025-03-19,sales_rep,completed
974,748,2,2025-03-27,mobile,completed
975,4960,6,2025-03-07,mobile,completed
976,206,2,2025-03-18,mobile,completed
977,1674,5,2025-03-10,partner,completed
978,3745,2,2025-03-12,partner,completed
979,267,3,2025-03-15,sales_rep,completed
980,4530,4,2025-03-19,sales_rep,completed
981,3391,2,2025-03-07,web,completed
982,4749,6,2025-03-02,sales_rep,completed
983,4187,2,2025-03-01,web,completed
984,4125,5,2025-03-18,web,completed
985,1138,3,2025-03-18,mobile,completed
986,1025,5,2025-03-10,sales_rep,completed
987,1211,4,2025-03-19,mobile,completed
988,771,4,2025-03-20,mobile,completed
989,3322,1,2025-03-25,partner,completed
990,295,4,2025-03-07,web,completed
991,2143,6,2025-03-10,partner,completed
992,2910,3,2025-03-05,web,completed
993,2695,6,2025-03-16,sales_rep,completed
994,2437,4,2025-03-24,sales_rep,completed
995,1116,3,2025-03-14,web,completed
996,547,3,2025-03-07,web,completed
997,4942,3,2025-03-26,sales_rep,completed
998,2325,5,2025-03-08,partner,completed
999,2975,1,2025-03-09,sales_rep,completed
1000,2837,6,2025-03-20,sales_rep,completed
1001,1845,5,2025-03-23,partner,completed
1002,3615,5,2025-03-08,partner,completed
1003,1882,2,2025-03-21,web,completed
1004,2071,2,2025-03-04,web,completed
1005,4018,1,2025-03-16,partner,completed
1006,1592,3,2025-03-02,mobile,completed
1007,3498,3,2025-03-31,partner,completed
1008,3329,3,2025-03-13,mobile,completed
1009,153,6,2025-03-01,sales_rep,completed
1010,3422,5,2025-03-09,partner,completed
1011,4007,2,2025-03-11,web,completed
1012,1353,3,2025-03-13,mobile,completed
1013,4572,1,2025-03-21,partner,completed
1014,100,1,2025-03-08,mobile,completed
1015,899,1,2025-03-09,web,completed
1016,4729,1,2025-03-27,mobile,completed
1017,4278,5,2025-03-13,web,completed
1018,3777,4,2025-03-27,sales_rep,completed
1019,3020,5,2025-03-26,partner,completed
1020,1006,6,2025-03-12,web,completed
1021,2447,5,2025-03-06,partner,completed
1022,2829,4,2025-03-01,web,completed
1023,449,4,2025-03-30,sales_rep,completed
1024,2975,1,2025-03-26,partner,completed
1025,447,2,2025-03-04,web,completed
1026,630,3,2025-03-28,web,completed
1027,851,6,2025-03-21,web,completed
1028,959,6,2025-03-26,partner,completed
1029,411,2,2025-03-04,sales_rep,completed
1030,4784,5,2025-03-05,partner,completed
1031,4013,5,2025-03-18,sales_rep,completed
1032,2541,2,2025-03-15,sales_rep,completed
1033,1844,6,2025-03-19,web,completed
1034,958,4,2025-03-15,web,completed
1035,4746,2,2025-03-10,sales_rep,completed
1036,3988,1,2025-03-01,partner,completed
1037,3760,4,2025-03-04,web,completed
1038,2353,5,2025-03-05,web,completed
1039,138,1,2025-03-05,web,completed
1040,3193,5,2025-03-11,mobile,completed
1041,2438,5,2025-03-13,sales_rep,completed
1042,1488,1,2025-03-01,mobile,completed
1043,1576,2,2025-03-31,sales_rep,completed
1044,290,3,2025-03-09,mobile,completed
1045,4359,5,2025-03-08,web,completed
1046,825,4,2025-03-07,mobile,completed
1047,4066,3,2025-03-19,mobile,completed
1048,4866,4,2025-03-01,mobile,completed
1049,230,2,2025-03-12,web,completed
1050,3118,4,2025-03-30,mobile,completed
1051,334,5,2025-03-30,mobile,completed
1052,4156,2,2025-03-22,sales_rep,completed
1053,2536,6,2025-03-29,partner,completed
1054,108,4,2025-03-04,mobile,completed
1055,3862,4,2025-03-13,mobile,completed
1056,3828,4,2025-03-27,web,completed
1057,4625,3,2025-03-17,partner,completed
1058,2425,3,2025-03-06,sales_rep,completed
1059,4665,2,2025-03-15,partner,completed
1060,3327,1,2025-03-31,mobile,completed
1061,2630,1,2025-03-11,mobile,completed
1062,1792,6,2025-03-30,sales_rep,completed
1063,1466,1,2025-03-02,sales_rep,completed
1064,3105,5,2025-03-15,web,completed
1065,3698,3,2025-03-11,sales_rep,completed
1066,179,6,2025-03-14,mobile,completed
1067,2060,3,2025-03-09,sales_rep,completed
1068,228,4,2025-03-27,mobile,completed
1069,1984,5,2025-03-14,sales_rep,completed
1070,3995,4,2025-03-13,web,completed
1071,3454,3,2025-03-12,sales_rep,completed
1072,623,1,2025-03-03,partner,completed
1073,3585,5,2025-03-05,web,completed
1074,70,3,2025-03-08,sales_rep,completed
1075,62,5,2025-03-22,partner,completed
1076,4563,1,2025-03-04,partner,completed
1077,164,3,2025-03-11,web,completed
1078,1328,1,2025-03-23,sales_rep,completed
1079,660,2,2025-03-14,partner,completed
1080,2912,1,2025-03-05,partner,completed
1081,2612,6,2025-03-16,partner,completed
1082,4195,4,2025-03-10,web,completed
1083,4936,4,2025-03-26,mobile,completed
1084,3730,4,2025-03-01,web,completed
1085,2334,5,2025-03-17,sales_rep,completed
1086,234,5,2025-03-24,mobile,completed
1087,4613,5,2025-03-20,partner,completed
1088,2805,2,2025-03-31,mobile,completed
1089,1088,6,2025-03-15,partner,completed
1090,2709,5,2025-03-06,web,completed
1091,1959,4,2025-03-29,partner,completed
1092,1751,6,2025-03-13,sales_rep,completed
1093,2267,5,2025-03-08,sales_rep,completed
1094,3768,5,2025-03-13,sales_rep,completed
1095,820,6,2025-03-16,mobile,completed
1096,4821,4,2025-03-18,sales_rep,completed
1097,313,1,2025-03-04,partner,completed
1098,736,5,2025-03-03,web,completed
1099,3382,5,2025-03-16,sales_rep,completed
1100,727,5,2025-03-14,partner,completed
1101,3889,1,2025-03-23,mobile,completed
1102,3674,1,2025-03-30,sales_rep,completed
1103,2150,6,2025-03-30,sales_rep,completed
1104,2273,2,2025-03-15,sales_rep,completed
1105,5000,3,2025-03-16,partner,completed
1106,3977,4,2025-03-08,sales_rep,completed
1107,3161,1,2025-03-07,partner,completed
1108,706,4,2025-03-14,mobile,completed
1109,2949,4,2025-03-15,mobile,completed
1110,200,6,2025-03-08,web,completed
1111,1260,5,2025-03-04,web,completed
1112,3490,5,2025-03-11,mobile,completed
1113,2039,6,2025-03-26,sales_rep,completed
1114,4974,5,2025-03-08,partner,completed
1115,4697,1,2025-03-21,partner,completed
1116,474,3,2025-03-14,mobile,completed
1117,4418,1,2025-03-15,mobile,completed
1118,4322,3,2025-03-11,sales_rep,completed
1119,531,4,2025-03-25,mobile,completed
1120,1927,3,2025-03-12,mobile,completed
1121,4744,2,2025-03-11,web,completed
1122,84,5,2025-03-30,web,completed
1123,294,2,2025-03-27,partner,completed
1124,2551,4,2025-03-31,mobile,completed
1125,4766,1,2025-03-27,mobile,completed
1126,1395,2,2025-03-27,mobile,completed
1127,3865,4,2025-03-07,sales_rep,completed
1128,3468,2,2025-03-20,partner,completed
1129,731,5,2025-03-01,web,completed
1130,1440,6,2025-03-27,sales_rep,completed
1131,3121,4,2025-03-25,mobile,completed
1132,2409,3,2025-03-25,sales_rep,completed
1133,1187,1,2025-03-03,partner,completed
1134,1003,4,2025-03-02,mobile,completed
1135,2786,1,2025-03-11,partner,completed
1136,4141,5,2025-03-19,sales_rep,completed
1137,2065,4,2025-03-11,sales_rep,completed
1138,4628,2,2025-03-09,web,completed
1139,3337,4,2025-03-02,mobile,completed
1140,2017,3,2025-03-22,sales_rep,completed
1141,3535,1,2025-03-07,sales_rep,completed
1142,2245,5,2025-03-03,partner,completed
1143,3784,5,2025-03-30,partner,completed
1144,4914,4,2025-03-20,web,completed
1145,3940,4,2025-03-02,mobile,completed
1146,711,5,2025-03-26,partner,completed
1147,359,1,2025-03-23,partner,completed
1148,4044,1,2025-03-20,partner,completed
1149,4237,6,2025-03-23,web,completed
1150,2837,6,2025-03-28,web,completed
1151,1225,3,2025-03-12,web,completed
1152,4404,6,2025-03-09,mobile,completed
1153,2243,3,2025-03-13,partner,completed
1154,1463,1,2025-03-14,partner,completed
1155,1832,6,2025-03-07,web,completed
1156,1481,1,2025-03-11,sales_rep,completed
1157,1412,4,2025-03-10,sales_rep,completed
1158,1630,1,2025-03-13,partner,completed
1159,3371,6,2025-03-16,sales_rep,completed
1160,84,5,2025-03-21,partner,completed
1161,1815,6,2025-03-26,mobile,completed
1162,850,4,2025-03-29,partner,completed
1163,3241,2,2025-03-13,partner,completed
1164,4973,6,2025-03-31,sales_rep,completed
1165,3940,4,2025-03-19,partner,completed
1166,1245,6,2025-03-02,web,completed
1167,2566,3,2025-03-28,web,completed
1168,100,1,2025-03-12,partner,completed
1169,2065,4,2025-03-03,mobile,completed
1170,1393,6,2025-03-18,sales_rep,completed
1171,2509,3,2025-03-23,web,completed
1172,2042,6,2025-03-21,web,completed
1173,3414,1,2025-03-03,sales_rep,completed
1174,2739,3,2025-03-22,sales_rep,completed
1175,4695,5,2025-03-10,mobile,completed
1176,343,4,2025-03-13,mobile,completed
1177,4723,6,2025-03-27,sales_rep,completed
1178,3953,5,2025-03-29,partner,completed
1179,3565,5,2025-03-16,web,completed
1180,4128,1,2025-03-28,partner,completed
1181,252,3,2025-03-14,web,completed
1182,1066,3,2025-03-18,mobile,completed
1183,5,3,2025-03-16,mobile,completed
1184,3993,1,2025-03-12,web,completed
1185,1774,3,2025-03-08,partner,completed
1186,1808,3,2025-03-03,partner,completed
1187,3054,3,2025-03-23,sales_rep,completed
1188,2116,2,2025-03-25,mobile,completed
1189,3187,5,2025-03-06,sales_rep,completed
1190,4682,2,2025-03-19,sales_rep,completed
1191,1661,4,2025-03-17,sales_rep,completed
1192,4460,4,2025-03-19,partner,completed
1193,2662,5,2025-03-27,web,completed
1194,1876,1,2025-03-23,partner,completed
1195,4596,1,2025-03-04,partner,completed
1196,2441,3,2025-03-07,mobile,completed
1197,639,5,2025-03-10,web,completed
1198,1433,2,2025-03-17,web,completed
1199,4228,4,2025-03-07,sales_rep,completed
1200,2578,3,2025-03-17,sales_rep,completed
1201,2801,5,2025-03-25,web,completed
1202,3410,3,2025-03-25,mobile,completed
1203,973,3,2025-03-24,mobile,completed
1204,464,3,2025-03-17,sales_rep,completed
1205,2202,1,2025-03-11,partner,completed
1206,4600,5,2025-03-29,web,completed
1207,636,5,2025-03-13,partner,completed
1208,3595,2,2025-03-17,mobile,completed
1209,4897,6,2025-03-01,mobile,completed
1210,484,5,2025-03-23,sales_rep,completed
1211,666,5,2025-03-21,sales_rep,completed
1212,4345,3,2025-03-05,web,completed
1213,543,2,2025-03-26,sales_rep,completed
1214,3719,5,2025-03-01,sales_rep,completed
1215,3987,2,2025-03-16,partner,completed
1216,1566,3,2025-03-20,partner,completed
1217,1459,2,2025-03-21,mobile,completed
1218,2608,2,2025-03-06,partner,completed
1219,2533,6,2025-03-27,web,completed
1220,4301,2,2025-03-27,sales_rep,completed
1221,2962,3,2025-03-30,partner,completed
1222,4841,5,2025-03-27,partner,completed
1223,1200,4,2025-03-20,sales_rep,completed
1224,1406,1,2025-03-19,sales_rep,completed
1225,1206,6,2025-03-27,web,completed
1226,3253,1,2025-03-01,mobile,completed
1227,168,2,2025-03-05,web,completed
1228,4302,4,2025-03-03,mobile,completed
1229,3860,3,2025-03-12,sales_rep,completed
1230,4941,5,2025-03-12,mobile,completed
1231,4793,6,2025-03-19,web,completed
1232,354,3,2025-03-30,sales_rep,completed
1233,3739,5,2025-03-09,sales_rep,completed
1234,2519,1,2025-03-05,mobile,completed
1235,3678,5,2025-03-28,partner,completed
1236,4369,6,2025-03-29,partner,completed
1237,2916,3,2025-03-19,partner,completed
1238,16,5,2025-03-16,sales_rep,completed
1239,4324,2,2025-03-15,mobile,completed
1240,2187,2,2025-03-11,sales_rep,completed
1241,2294,5,2025-03-25,partner,completed
1242,2921,2,2025-03-23,sales_rep,completed
1243,4559,5,2025-03-19,partner,completed
1244,2633,6,2025-03-10,sales_rep,completed
1245,1039,3,2025-03-30,partner,completed
1246,3664,6,2025-03-16,mobile,completed
1247,3166,3,2025-03-24,mobile,completed
1248,328,1,2025-03-01,mobile,completed
1249,2664,3,2025-03-25,sales_rep,completed
1250,3928,1,2025-03-14,mobile,completed
1251,3121,4,2025-04-25,partner,completed
1252,320,5,2025-04-02,sales_rep,completed
1253,4620,6,2025-04-04,web,completed
1254,1598,5,2025-04-28,partner,completed
1255,2039,6,2025-04-25,mobile,completed
1256,3939,5,2025-04-28,sales_rep,completed
1257,1899,5,2025-04-07,partner,completed
1258,576,3,2025-04-07,mobile,completed
1259,4525,5,2025-04-03,mobile,completed
1260,558,6,2025-04-10,web,completed
1261,2486,3,2025-04-15,sales_rep,completed
1262,622,3,2025-04-06,mobile,completed
1263,3490,5,2025-04-15,partner,completed
1264,1350,4,2025-04-26,web,completed
1265,4662,4,2025-04-30,partner,completed
1266,1012,5,2025-04-16,mobile,completed
1267,3349,1,2025-04-14,partner,completed
1268,70,3,2025-04-12,web,completed
1269,566,2,2025-04-04,sales_rep,completed
1270,1383,3,2025-04-01,mobile,completed
1271,4420,1,2025-04-21,mobile,completed
1272,4982,6,2025-04-03,mobile,completed
1273,3068,5,2025-04-07,mobile,completed
1274,1683,1,2025-04-26,mobile,completed
1275,1561,2,2025-04-13,mobile,completed
1276,1057,3,2025-04-16,web,completed
1277,1703,5,2025-04-29,web,completed
1278,2479,1,2025-04-27,mobile,completed
1279,3427,3,2025-04-07,mobile,completed
1280,1147,4,2025-04-19,web,completed
1281,179,6,2025-04-03,web,completed
1282,2799,5,2025-04-22,web,completed
1283,1214,6,2025-04-30,web,completed
1284,2004,3,2025-04-30,web,completed
1285,3559,2,2025-04-28,partner,completed
1286,4485,3,2025-04-25,mobile,completed
1287,2672,6,2025-04-05,mobile,completed
1288,4640,6,2025-04-27,sales_rep,completed
1289,1346,6,2025-04-17,partner,completed
1290,3566,2,2025-04-13,partner,completed
1291,4899,5,2025-04-16,web,completed
1292,1079,3,2025-04-07,web,completed
1293,3692,4,2025-04-26,web,completed
1294,2370,2,2025-04-12,mobile,completed
1295,4404,6,2025-04-24,sales_rep,completed
1296,1528,1,2025-04-04,mobile,completed
1297,4803,2,2025-04-15,partner,completed
1298,3992,5,2025-04-11,sales_rep,completed
1299,3526,2,2025-04-20,mobile,completed
1300,146,6,2025-04-21,mobile,completed
1301,414,1,2025-04-28,partner,completed
1302,3313,6,2025-04-28,sales_rep,completed
1303,2395,3,2025-04-13,web,completed
1304,1617,5,2025-04-23,sales_rep,completed
1305,4210,4,2025-04-24,web,completed
1306,2406,5,2025-04-14,partner,completed
1307,2295,5,2025-04-08,web,completed
1308,1615,1,2025-04-02,mobile,completed
1309,4909,5,2025-04-10,sales_rep,completed
1310,1824,6,2025-04-06,partner,completed
1311,1298,5,2025-04-18,web,completed
1312,3372,2,2025-04-30,mobile,completed
1313,171,1,2025-04-19,mobile,completed
1314,2978,6,2025-04-21,partner,completed
1315,2824,6,2025-04-19,web,completed
1316,1221,4,2025-04-23,sales_rep,completed
1317,3846,3,2025-04-23,mobile,completed
1318,219,3,2025-04-03,mobile,completed
1319,4909,5,2025-04-17,mobile,completed
1320,4281,3,2025-04-15,web,completed
1321,877,4,2025-04-27,partner,completed
1322,2462,2,2025-04-14,mobile,completed
1323,985,4,2025-04-06,mobile,completed
1324,3094,2,2025-04-20,sales_rep,completed
1325,1763,1,2025-04-29,sales_rep,completed
1326,2443,1,2025-04-24,mobile,completed
1327,4785,6,2025-04-16,sales_rep,completed
1328,3095,6,2025-04-15,mobile,completed
1329,4336,3,2025-04-14,mobile,completed
1330,3135,5,2025-04-06,sales_rep,completed
1331,2373,1,2025-04-22,sales_rep,completed
1332,76,3,2025-04-11,web,completed
1333,446,4,2025-04-27,partner,completed
1334,2667,2,2025-04-04,web,completed
1335,2520,6,2025-04-26,mobile,completed
1336,2511,2,2025-04-18,partner,completed
1337,4228,4,2025-04-16,partner,completed
1338,480,1,2025-04-21,sales_rep,completed
1339,3294,2,2025-04-15,partner,completed
1340,3730,4,2025-04-14,mobile,completed
1341,3229,5,2025-04-01,mobile,completed
1342,1180,1,2025-04-27,partner,completed
1343,2032,2,2025-04-22,partner,completed
1344,273,1,2025-04-15,web,completed
1345,886,5,2025-04-02,web,completed
1346,4016,1,2025-04-11,web,completed
1347,3088,2,2025-04-18,mobile,completed
1348,4326,3,2025-04-23,web,completed
1349,3459,6,2025-04-24,web,completed
1350,1204,5,2025-04-23,sales_rep,completed
1351,4067,6,2025-04-22,web,completed
1352,3438,4,2025-04-24,partner,completed
1353,958,4,2025-04-20,mobile,completed
1354,25,5,2025-04-01,mobile,completed
1355,3819,4,2025-04-01,sales_rep,completed
1356,3606,1,2025-04-14,web,completed
1357,449,4,2025-04-30,partner,completed
1358,2325,5,2025-04-01,sales_rep,completed
1359,4570,2,2025-04-09,partner,completed
1360,3963,4,2025-04-13,web,completed
1361,4086,4,2025-04-23,partner,completed
1362,1966,5,2025-04-11,web,completed
1363,606,4,2025-04-11,web,completed
1364,1756,2,2025-04-14,partner,completed
1365,3435,2,2025-04-28,partner,completed
1366,4204,1,2025-04-05,web,completed
1367,3221,5,2025-04-20,mobile,completed
1368,194,3,2025-04-15,mobile,completed
1369,2953,6,2025-04-28,web,completed
1370,936,6,2025-04-12,mobile,completed
1371,3049,2,2025-04-05,sales_rep,completed
1372,2061,6,2025-04-19,mobile,completed
1373,2666,4,2025-04-17,web,completed
1374,2982,1,2025-04-29,partner,completed
1375,3191,1,2025-04-17,web,completed
1376,26,4,2025-04-07,sales_rep,completed
1377,4831,3,2025-04-07,partner,completed
1378,2876,4,2025-04-11,mobile,completed
1379,2536,6,2025-04-22,mobile,completed
1380,1893,6,2025-04-01,mobile,completed
1381,523,2,2025-04-12,sales_rep,completed
1382,3151,5,2025-04-02,sales_rep,completed
1383,1817,2,2025-04-01,sales_rep,completed
1384,4535,1,2025-04-10,mobile,completed
1385,3290,2,2025-04-19,sales_rep,completed
1386,2205,3,2025-04-19,sales_rep,completed
1387,159,4,2025-04-16,mobile,completed
1388,2773,2,2025-04-24,mobile,completed
1389,4227,3,2025-04-29,partner,completed
1390,2314,1,2025-04-24,sales_rep,completed
1391,3252,5,2025-04-15,sales_rep,completed
1392,593,2,2025-04-09,mobile,completed
1393,2034,5,2025-04-03,mobile,completed
1394,3966,6,2025-04-25,web,completed
1395,2118,4,2025-04-04,mobile,completed
1396,4426,6,2025-04-23,web,completed
1397,2048,4,2025-04-07,sales_rep,completed
1398,4058,4,2025-04-22,partner,completed
1399,3219,6,2025-04-25,web,completed
1400,4738,3,2025-04-10,web,completed
1401,2665,2,2025-04-25,web,completed
1402,2341,3,2025-04-09,mobile,completed
1403,1768,3,2025-04-25,partner,completed
1404,3262,3,2025-04-02,partner,completed
1405,4901,3,2025-04-28,partner,completed
1406,842,4,2025-04-03,mobile,completed
1407,4683,5,2025-04-13,web,completed
1408,4885,1,2025-04-30,mobile,completed
1409,3846,3,2025-04-10,partner,completed
1410,2903,6,2025-04-25,partner,completed
1411,4315,5,2025-04-22,partner,completed
1412,1309,3,2025-04-04,web,completed
1413,3170,4,2025-04-10,mobile,completed
1414,4027,2,2025-04-28,mobile,completed
1415,4027,2,2025-04-03,mobile,completed
1416,2933,1,2025-04-28,web,completed
1417,1928,1,2025-04-14,partner,completed
1418,4749,6,2025-04-21,mobile,completed
1419,3369,3,2025-04-03,web,completed
1420,3850,2,2025-04-19,mobile,completed
1421,3117,4,2025-04-25,sales_rep,completed
1422,4387,2,2025-04-01,web,completed
1423,2389,6,2025-04-12,web,completed
1424,2734,2,2025-04-09,sales_rep,completed
1425,4020,5,2025-04-22,mobile,completed
1426,2587,3,2025-04-23,web,completed
1427,1225,3,2025-04-10,web,completed
1428,3787,2,2025-04-05,sales_rep,completed
1429,1878,6,2025-04-08,mobile,completed
1430,526,2,2025-04-29,mobile,completed
1431,1864,3,2025-04-26,mobile,completed
1432,271,2,2025-04-23,mobile,completed
1433,4392,5,2025-04-07,sales_rep,completed
1434,4919,6,2025-04-11,sales_rep,completed
1435,1334,5,2025-04-13,web,completed
1436,4582,6,2025-04-09,web,completed
1437,3558,3,2025-04-11,sales_rep,completed
1438,4779,1,2025-04-29,mobile,completed
1439,814,2,2025-04-07,partner,completed
1440,312,5,2025-04-19,web,completed
1441,4602,6,2025-04-17,web,completed
1442,1347,6,2025-04-04,web,completed
1443,2982,1,2025-04-22,sales_rep,completed
1444,4508,4,2025-04-11,sales_rep,completed
1445,1715,4,2025-04-27,mobile,completed
1446,448,6,2025-04-21,web,completed
1447,3957,4,2025-04-27,mobile,completed
1448,2258,4,2025-04-15,sales_rep,completed
1449,114,3,2025-04-26,sales_rep,completed
1450,1707,6,2025-04-15,mobile,completed
1451,2651,6,2025-04-25,sales_rep,completed
1452,4400,4,2025-04-23,partner,completed
1453,1132,5,2025-04-25,web,completed
1454,2591,1,2025-04-13,web,completed
1455,907,3,2025-04-26,sales_rep,completed
1456,1452,1,2025-04-27,partner,completed
1457,1320,3,2025-04-04,sales_rep,completed
1458,2622,3,2025-04-23,partner,completed
1459,3318,3,2025-04-09,sales_rep,completed
1460,563,3,2025-04-02,partner,completed
1461,380,2,2025-04-21,partner,completed
1462,3657,4,2025-04-01,web,completed
1463,1470,1,2025-04-08,mobile,completed
1464,3092,3,2025-04-20,sales_rep,completed
1465,384,2,2025-04-02,partner,completed
1466,3004,6,2025-04-03,web,completed
1467,4547,4,2025-04-15,partner,completed
1468,2190,4,2025-04-20,web,completed
1469,2890,2,2025-04-01,sales_rep,completed
1470,1472,5,2025-04-17,partner,completed
1471,1430,5,2025-04-22,mobile,completed
1472,327,2,2025-04-23,partner,completed
1473,2395,3,2025-04-15,mobile,completed
1474,4736,3,2025-04-20,sales_rep,completed
1475,581,1,2025-04-19,sales_rep,completed
1476,2083,2,2025-04-23,partner,completed
1477,4186,4,2025-04-14,web,completed
1478,2480,1,2025-04-19,mobile,completed
1479,3803,5,2025-04-02,partner,completed
1480,1879,5,2025-04-19,mobile,completed
1481,3013,1,2025-04-02,web,completed
1482,4940,3,2025-04-15,partner,completed
1483,2990,3,2025-04-19,mobile,completed
1484,3981,3,2025-04-02,mobile,completed
1485,3468,2,2025-04-15,web,completed
1486,479,4,2025-04-01,mobile,completed
1487,802,2,2025-04-20,sales_rep,completed
1488,3041,3,2025-04-16,sales_rep,completed
1489,1741,3,2025-04-03,partner,completed
1490,2424,5,2025-04-15,sales_rep,completed
1491,2417,4,2025-04-01,sales_rep,completed
1492,3967,5,2025-04-08,partner,completed
1493,4955,3,2025-04-15,web,completed
1494,4987,6,2025-04-09,partner,completed
1495,399,2,2025-04-14,web,completed
1496,3722,4,2025-04-14,partner,completed
1497,3627,5,2025-04-10,mobile,completed
1498,4325,6,2025-04-16,partner,completed
1499,2134,3,2025-04-25,partner,completed
1500,2514,5,2025-04-05,mobile,completed
1501,2259,1,2025-04-21,partner,completed
1502,1868,5,2025-04-14,sales_rep,completed
1503,1235,4,2025-04-15,partner,completed
1504,3217,1,2025-04-06,web,completed
1505,84,5,2025-04-08,web,completed
1506,3748,6,2025-04-20,web,completed
1507,4208,6,2025-04-22,mobile,completed
1508,1138,3,2025-04-29,sales_rep,completed
1509,1069,3,2025-04-26,mobile,completed
1510,2517,5,2025-04-29,partner,completed
1511,4232,6,2025-04-15,web,completed
1512,569,4,2025-04-26,mobile,completed
1513,2160,3,2025-04-27,sales_rep,completed
1514,1082,6,2025-04-11,sales_rep,completed
1515,4261,2,2025-04-03,partner,completed
1516,4410,2,2025-04-21,web,completed
1517,422,5,2025-04-01,partner,completed
1518,724,1,2025-04-22,sales_rep,completed
1519,787,1,2025-04-02,sales_rep,completed
1520,4057,6,2025-04-07,partner,completed
1521,4504,5,2025-04-15,web,completed
1522,1863,6,2025-04-22,web,completed
1523,788,5,2025-04-29,partner,completed
1524,3318,3,2025-04-15,partner,completed
1525,4453,3,2025-04-23,web,completed
1526,4552,1,2025-04-29,web,completed
1527,2226,4,2025-04-16,mobile,completed
1528,3905,6,2025-04-21,sales_rep,completed
1529,4780,1,2025-04-17,sales_rep,completed
1530,4130,3,2025-04-13,mobile,completed
1531,2374,3,2025-04-11,web,completed
1532,1306,5,2025-04-21,mobile,completed
1533,1860,5,2025-04-05,mobile,completed
1534,1809,1,2025-04-06,sales_rep,completed
1535,4938,4,2025-04-10,mobile,completed
1536,3664,6,2025-04-10,mobile,completed
1537,4293,3,2025-04-15,web,completed
1538,3887,1,2025-04-05,mobile,completed
1539,2383,6,2025-04-11,mobile,completed
1540,3951,3,2025-04-22,mobile,completed
1541,3200,2,2025-04-06,partner,completed
1542,3701,1,2025-04-28,web,completed
1543,1505,4,2025-04-20,sales_rep,completed
1544,1159,3,2025-04-02,partner,completed
1545,902,1,2025-04-02,partner,completed
1546,1446,1,2025-04-07,mobile,completed
1547,4893,1,2025-04-26,partner,completed
1548,4711,2,2025-04-11,mobile,completed
1549,732,3,2025-04-15,sales_rep,completed
1550,2770,6,2025-04-01,mobile,completed
1551,4702,1,2025-04-19,sales_rep,completed
1552,3773,4,2025-04-03,partner,completed
1553,3062,2,2025-04-21,mobile,completed
1554,2996,4,2025-04-16,sales_rep,completed
1555,1631,4,2025-04-12,sales_rep,completed
1556,4623,5,2025-04-14,web,completed
1557,416,5,2025-04-29,sales_rep,completed
1558,4344,2,2025-04-05,partner,completed
1559,4357,6,2025-04-09,sales_rep,completed
1560,1307,2,2025-04-20,mobile,completed
1561,2560,4,2025-04-05,web,completed
1562,4424,3,2025-04-07,mobile,completed
1563,2372,5,2025-04-28,mobile,completed
1564,1501,4,2025-04-25,sales_rep,completed
1565,351,4,2025-04-26,mobile,completed
1566,2205,3,2025-04-04,sales_rep,completed
1567,1389,6,2025-04-08,mobile,completed
1568,4257,2,2025-04-24,mobile,completed
1569,4306,5,2025-04-07,partner,completed
1570,1621,2,2025-04-28,sales_rep,completed
1571,1053,4,2025-04-12,mobile,completed
1572,1454,2,2025-04-26,sales_rep,completed
1573,2010,4,2025-04-20,mobile,completed
1574,3344,4,2025-04-11,web,completed
1575,762,4,2025-04-29,sales_rep,completed
1576,4999,5,2025-04-22,sales_rep,completed
1577,3502,4,2025-04-13,sales_rep,completed
1578,656,4,2025-04-21,mobile,completed
1579,1574,5,2025-04-04,mobile,completed
1580,3506,6,2025-04-12,web,completed
1581,2520,6,2025-04-26,partner,completed
1582,2635,1,2025-04-08,web,completed
1583,208,6,2025-04-20,web,completed
1584,2054,6,2025-04-01,partner,completed
1585,3073,2,2025-04-28,web,completed
1586,3750,6,2025-04-28,mobile,completed
1587,2235,4,2025-04-24,sales_rep,completed
1588,2775,4,2025-04-10,mobile,completed
1589,1111,4,2025-04-07,sales_rep,completed
1590,3990,3,2025-04-15,web,completed
1591,3490,5,2025-04-25,web,completed
1592,3720,2,2025-04-04,partner,completed
1593,3340,6,2025-04-06,web,completed
1594,4926,1,2025-04-29,mobile,completed
1595,4400,4,2025-04-22,partner,completed
1596,4055,1,2025-04-24,web,completed
1597,1677,1,2025-04-22,web,completed
1598,334,5,2025-04-25,mobile,completed
1599,4,3,2025-04-17,partner,completed
1600,3898,1,2025-04-25,web,completed
1601,4496,4,2025-04-13,sales_rep,completed
1602,3249,1,2025-04-08,sales_rep,completed
1603,3606,1,2025-04-21,partner,completed
1604,449,4,2025-04-12,sales_rep,completed
1605,2828,6,2025-04-16,partner,completed
1606,3028,5,2025-04-07,partner,completed
1607,784,1,2025-04-10,web,completed
1608,3755,1,2025-04-30,web,completed
1609,1677,1,2025-04-27,sales_rep,completed
1610,986,4,2025-04-21,sales_rep,completed
1611,3480,5,2025-04-25,sales_rep,completed
1612,2175,2,2025-04-04,mobile,completed
1613,2681,1,2025-04-02,partner,completed
1614,2713,6,2025-04-24,web,completed
1615,3114,6,2025-04-15,mobile,completed
1616,2066,4,2025-04-27,sales_rep,completed
1617,4074,6,2025-04-25,sales_rep,completed
1618,4381,6,2025-04-21,sales_rep,completed
1619,2419,2,2025-04-05,partner,completed
1620,845,1,2025-04-11,partner,completed
1621,1395,2,2025-04-28,web,completed
1622,3858,1,2025-04-07,mobile,completed
1623,1284,5,2025-04-08,sales_rep,completed
1624,3891,4,2025-04-14,sales_rep,completed
1625,3311,4,2025-04-03,sales_rep,completed
1626,2241,2,2025-04-10,sales_rep,completed
1627,633,3,2025-04-11,mobile,completed
1628,2698,3,2025-04-21,web,completed
1629,3464,1,2025-04-24,mobile,completed
1630,768,3,2025-04-14,partner,completed
1631,4125,5,2025-04-22,mobile,completed
1632,976,2,2025-04-23,sales_rep,completed
1633,2063,1,2025-04-07,sales_rep,completed
1634,2659,5,2025-04-09,web,completed
1635,3696,4,2025-04-22,partner,completed
1636,1124,2,2025-04-04,web,completed
1637,1680,4,2025-04-10,web,completed
1638,4033,2,2025-04-01,partner,completed
1639,1648,4,2025-04-10,mobile,completed
1640,3082,5,2025-04-14,sales_rep,completed
1641,1990,6,2025-04-01,sales_rep,completed
1642,283,5,2025-04-18,web,completed
1643,2573,5,2025-04-12,mobile,completed
1644,1790,5,2025-04-27,sales_rep,completed
1645,1325,6,2025-04-25,mobile,completed
1646,4293,3,2025-04-05,sales_rep,completed
1647,3872,1,2025-04-10,web,completed
1648,1388,2,2025-04-09,web,completed
1649,2620,6,2025-04-06,mobile,completed
1650,3599,2,2025-04-10,web,completed
1651,267,3,2025-04-17,partner,completed
1652,470,6,2025-04-08,web,completed
1653,2700,1,2025-04-17,mobile,completed
1654,4653,2,2025-04-17,sales_rep,completed
1655,4638,3,2025-04-09,sales_rep,completed
1656,2247,4,2025-04-26,partner,completed
1657,3521,5,2025-04-05,mobile,completed
1658,2458,6,2025-04-01,partner,completed
1659,4524,6,2025-04-06,web,completed
1660,2850,3,2025-04-08,partner,completed
1661,4457,4,2025-04-01,web,completed
1662,1818,2,2025-04-06,web,completed
1663,4656,2,2025-04-19,mobile,completed
1664,3627,5,2025-04-30,sales_rep,completed
1665,3839,6,2025-04-22,sales_rep,completed
1666,73,3,2025-04-16,partner,completed
1667,4032,4,2025-04-01,sales_rep,completed
1668,812,6,2025-04-28,partner,completed
1669,4682,2,2025-04-18,sales_rep,completed
1670,945,1,2025-04-18,partner,completed
1671,4130,3,2025-04-05,sales_rep,completed
1672,3177,4,2025-04-06,partner,completed
1673,1963,1,2025-04-07,web,completed
1674,4454,5,2025-04-24,web,completed
1675,1942,2,2025-04-10,mobile,completed
1676,319,6,2025-04-26,sales_rep,completed
1677,379,3,2025-04-21,partner,completed
1678,4263,2,2025-04-08,web,completed
1679,1923,5,2025-04-09,web,completed
1680,4098,1,2025-04-11,partner,completed
1681,101,5,2025-04-01,web,completed
1682,384,2,2025-04-06,mobile,completed
1683,4941,5,2025-04-30,web,completed
1684,717,4,2025-04-25,web,completed
1685,3439,6,2025-04-01,web,completed
1686,1751,6,2025-04-05,sales_rep,completed
1687,2501,5,2025-04-16,mobile,completed
1688,574,1,2025-04-03,partner,completed
1689,1335,4,2025-04-08,partner,completed
1690,3792,2,2025-04-28,web,completed
1691,2679,4,2025-04-13,partner,completed
1692,2521,3,2025-04-17,web,completed
1693,4725,2,2025-04-01,partner,completed
1694,2054,6,2025-04-14,sales_rep,completed
1695,4019,2,2025-04-14,mobile,completed
1696,3625,5,2025-04-15,sales_rep,completed
1697,2304,6,2025-04-12,web,completed
1698,1465,6,2025-04-16,sales_rep,completed
1699,1771,3,2025-04-30,sales_rep,completed
1700,4358,2,2025-04-25,partner,completed
1701,1530,6,2025-04-05,web,completed
1702,3270,6,2025-04-30,mobile,completed
1703,623,1,2025-04-07,partner,completed
1704,1733,5,2025-04-07,sales_rep,completed
1705,4673,2,2025-04-13,partner,completed
1706,2700,1,2025-04-26,mobile,completed
1707,4113,1,2025-04-21,web,completed
1708,1298,5,2025-04-23,sales_rep,completed
1709,3807,1,2025-04-08,web,completed
1710,4925,2,2025-04-02,mobile,completed
1711,4626,3,2025-04-29,partner,completed
1712,2179,4,2025-04-06,web,completed
1713,3409,4,2025-04-21,mobile,completed
1714,4484,1,2025-04-29,sales_rep,completed
1715,4069,5,2025-04-04,mobile,completed
1716,4891,6,2025-04-24,partner,completed
1717,157,1,2025-04-23,mobile,completed
1718,2679,4,2025-04-11,sales_rep,completed
1719,3958,5,2025-04-10,sales_rep,completed
1720,3650,5,2025-04-09,partner,completed
1721,768,3,2025-04-07,partner,completed
1722,2862,6,2025-04-16,sales_rep,completed
1723,827,5,2025-04-18,sales_rep,completed
1724,458,4,2025-04-23,mobile,completed
1725,558,6,2025-04-08,mobile,completed
1726,4763,1,2025-04-30,partner,completed
1727,1361,1,2025-04-03,web,completed
1728,2284,5,2025-04-14,sales_rep,completed
1729,1282,5,2025-04-08,mobile,completed
1730,4471,3,2025-04-14,mobile,completed
1731,4445,5,2025-04-07,sales_rep,completed
1732,3279,6,2025-04-18,sales_rep,completed
1733,4144,3,2025-04-20,sales_rep,completed
1734,526,2,2025-04-17,web,completed
1735,5000,3,2025-04-19,web,completed
1736,2086,4,2025-04-07,mobile,completed
1737,2003,3,2025-04-28,mobile,completed
1738,980,4,2025-04-23,mobile,completed
1739,4386,5,2025-04-01,partner,completed
1740,850,4,2025-04-06,web,completed
1741,4290,2,2025-04-28,web,completed
1742,3576,5,2025-04-27,sales_rep,completed
1743,3861,4,2025-04-13,web,completed
1744,151,6,2025-04-08,partner,completed
1745,3693,2,2025-04-17,mobile,completed
1746,4831,3,2025-04-11,web,completed
1747,1972,6,2025-04-26,sales_rep,completed
1748,2250,3,2025-04-19,web,completed
1749,561,4,2025-04-22,mobile,completed
1750,2449,5,2025-04-12,web,completed
1751,3368,2,2025-04-05,partner,completed
1752,1498,5,2025-04-30,mobile,completed
1753,3707,1,2025-04-04,web,completed
1754,429,1,2025-04-13,sales_rep,completed
1755,3371,6,2025-04-17,partner,completed
1756,2942,6,2025-04-15,web,completed
1757,1149,5,2025-04-02,sales_rep,completed
1758,1724,5,2025-04-02,sales_rep,completed
1759,1200,4,2025-04-13,partner,completed
1760,3121,4,2025-04-01,web,completed
1761,3184,1,2025-04-14,sales_rep,completed
1762,2779,3,2025-04-09,mobile,completed
1763,971,2,2025-04-20,web,completed
1764,1085,2,2025-04-16,web,completed
1765,4055,1,2025-04-26,mobile,completed
1766,2309,2,2025-04-23,mobile,completed
1767,2179,4,2025-04-17,partner,completed
1768,1541,3,2025-04-30,sales_rep,completed
1769,4651,3,2025-04-10,mobile,completed
1770,1199,5,2025-04-17,sales_rep,completed
1771,3845,6,2025-04-10,partner,completed
1772,3849,5,2025-04-21,web,completed
1773,1218,5,2025-04-01,web,completed
1774,60,5,2025-04-08,mobile,completed
1775,1250,6,2025-04-28,sales_rep,completed
1776,1345,2,2025-04-10,web,completed
1777,3725,1,2025-04-29,web,completed
1778,2656,4,2025-04-28,partner,completed
1779,2153,6,2025-04-30,sales_rep,completed
1780,2381,2,2025-04-19,sales_rep,completed
1781,4764,2,2025-04-05,mobile,completed
1782,4701,6,2025-04-14,partner,completed
1783,128,5,2025-04-22,mobile,completed
1784,4219,4,2025-04-04,web,completed
1785,1807,1,2025-04-15,web,completed
1786,3759,1,2025-04-09,sales_rep,completed
1787,4925,2,2025-04-30,mobile,completed
1788,2571,5,2025-04-23,web,completed
1789,3121,4,2025-04-02,mobile,completed
1790,2145,3,2025-04-20,web,completed
1791,374,3,2025-04-16,web,completed
1792,183,3,2025-04-09,partner,completed
1793,1802,3,2025-04-05,sales_rep,completed
1794,4109,4,2025-04-15,mobile,completed
1795,1708,6,2025-04-03,mobile,completed
1796,2154,4,2025-04-22,partner,completed
1797,2657,1,2025-04-29,mobile,completed
1798,1605,1,2025-04-25,partner,completed
1799,2450,2,2025-04-17,partner,completed
1800,3034,1,2025-04-14,partner,completed
1801,4256,2,2025-04-17,sales_rep,completed
1802,3771,3,2025-04-09,web,completed
1803,4089,6,2025-04-17,sales_rep,completed
1804,2616,5,2025-04-08,mobile,completed
1805,3494,5,2025-04-08,mobile,completed
1806,748,2,2025-04-24,mobile,completed
1807,739,5,2025-04-15,mobile,completed
1808,4609,6,2025-04-30,web,completed
1809,3021,3,2025-04-28,mobile,completed
1810,565,6,2025-04-15,partner,completed
1811,2040,3,2025-04-15,web,completed
1812,4848,1,2025-04-05,mobile,completed
1813,106,5,2025-04-03,mobile,completed
1814,2213,4,2025-04-17,mobile,completed
1815,4185,1,2025-04-26,web,completed
1816,4734,2,2025-04-19,web,completed
1817,1844,6,2025-04-14,partner,completed
1818,4574,6,2025-04-12,sales_rep,completed
1819,3581,6,2025-04-04,sales_rep,completed
1820,2032,2,2025-04-01,sales_rep,completed
1821,3898,1,2025-04-28,sales_rep,completed
1822,4001,2,2025-04-17,mobile,completed
1823,1376,6,2025-04-08,sales_rep,completed
1824,449,4,2025-04-03,sales_rep,completed
1825,3905,6,2025-04-20,web,completed
1826,414,1,2025-04-13,sales_rep,completed
1827,3893,3,2025-04-19,partner,completed
1828,1780,5,2025-04-18,web,completed
1829,3515,2,2025-04-26,sales_rep,completed
1830,3049,2,2025-04-26,mobile,completed
1831,193,4,2025-04-20,partner,completed
1832,47,3,2025-04-17,web,completed
1833,3148,6,2025-04-24,mobile,completed
1834,2576,2,2025-04-15,sales_rep,completed
1835,219,3,2025-04-02,partner,completed
1836,4879,5,2025-04-23,mobile,completed
1837,1193,2,2025-04-29,web,completed
1838,4293,3,2025-04-24,mobile,completed
1839,584,1,2025-04-22,web,completed
1840,1163,6,2025-04-30,web,completed
1841,2645,3,2025-04-02,partner,completed
1842,2641,2,2025-04-25,sales_rep,completed
1843,3019,4,2025-04-09,sales_rep,completed
1844,858,1,2025-04-06,sales_rep,completed
1845,1322,2,2025-04-17,web,completed
1846,1317,5,2025-04-25,web,completed
1847,2203,1,2025-04-02,web,completed
1848,4616,3,2025-04-22,mobile,completed
1849,2313,4,2025-04-21,web,completed
1850,4989,6,2025-04-01,sales_rep,completed
1851,1258,4,2025-04-05,web,completed
1852,1213,3,2025-04-25,partner,completed
1853,506,3,2025-04-29,mobile,completed
1854,1061,5,2025-04-19,mobile,completed
1855,1559,6,2025-04-25,web,completed
1856,1920,4,2025-04-22,partner,completed
1857,3568,1,2025-04-07,partner,completed
1858,2230,6,2025-04-29,sales_rep,completed
1859,3432,5,2025-04-12,mobile,completed
1860,447,2,2025-04-23,mobile,completed
1861,4735,5,2025-04-13,mobile,completed
1862,739,5,2025-04-05,web,completed
1863,168,2,2025-04-25,partner,completed
1864,2125,5,2025-04-24,mobile,completed
1865,3257,2,2025-04-06,web,completed
1866,1178,2,2025-04-18,partner,completed
1867,816,6,2025-04-08,web,completed
1868,4225,5,2025-04-07,mobile,completed
1869,4124,2,2025-04-14,mobile,completed
1870,3758,4,2025-04-21,web,completed
1871,1104,1,2025-04-19,sales_rep,completed
1872,2682,1,2025-04-17,web,completed
1873,3448,4,2025-04-25,web,completed
1874,2164,6,2025-04-17,mobile,completed
1875,895,5,2025-04-17,partner,completed
1876,2962,3,2025-05-20,partner,completed
1877,4816,2,2025-05-12,web,completed
1878,422,5,2025-05-13,sales_rep,completed
1879,400,2,2025-05-06,sales_rep,completed
1880,4343,3,2025-05-07,web,completed
1881,1961,6,2025-05-16,mobile,completed
1882,3798,1,2025-05-16,mobile,completed
1883,950,2,2025-05-14,web,completed
1884,45,1,2025-05-17,partner,completed
1885,2490,3,2025-05-07,web,completed
1886,2867,2,2025-05-18,sales_rep,completed
1887,557,5,2025-05-05,mobile,completed
1888,52,2,2025-05-21,partner,completed
1889,1061,5,2025-05-14,partner,completed
1890,546,1,2025-05-25,partner,completed
1891,4981,6,2025-05-20,partner,completed
1892,4942,3,2025-05-24,web,completed
1893,80,5,2025-05-17,partner,completed
1894,2286,5,2025-05-10,web,completed
1895,1923,5,2025-05-24,mobile,completed
1896,137,4,2025-05-30,web,completed
1897,3334,6,2025-05-08,partner,completed
1898,4252,3,2025-05-11,web,completed
1899,3057,5,2025-05-07,sales_rep,completed
1900,4587,2,2025-05-02,sales_rep,completed
1901,3188,3,2025-05-30,mobile,completed
1902,2742,1,2025-05-10,sales_rep,completed
1903,4740,4,2025-05-07,partner,completed
1904,3530,1,2025-05-11,partner,completed
1905,3824,2,2025-05-31,sales_rep,completed
1906,3901,4,2025-05-14,mobile,completed
1907,159,4,2025-05-25,mobile,completed
1908,3674,1,2025-05-04,mobile,completed
1909,3743,6,2025-05-14,sales_rep,completed
1910,2473,3,2025-05-17,sales_rep,completed
1911,2822,5,2025-05-17,web,completed
1912,4164,2,2025-05-28,sales_rep,completed
1913,710,3,2025-05-12,partner,completed
1914,2637,3,2025-05-19,web,completed
1915,3853,1,2025-05-23,web,completed
1916,1298,5,2025-05-24,web,completed
1917,1319,3,2025-05-11,sales_rep,completed
1918,21,4,2025-05-31,web,completed
1919,1562,2,2025-05-06,sales_rep,completed
1920,1793,3,2025-05-25,web,completed
1921,4763,1,2025-05-30,partner,completed
1922,413,2,2025-05-06,partner,completed
1923,3232,2,2025-05-11,web,completed
1924,317,5,2025-05-16,web,completed
1925,3998,6,2025-05-24,sales_rep,completed
1926,2347,2,2025-05-15,partner,completed
1927,2130,2,2025-05-29,web,completed
1928,4719,3,2025-05-08,web,completed
1929,3746,6,2025-05-13,mobile,completed
1930,528,1,2025-05-14,mobile,completed
1931,1331,3,2025-05-18,partner,completed
1932,1369,6,2025-05-19,web,completed
1933,3049,2,2025-05-25,mobile,completed
1934,4151,2,2025-05-19,web,completed
1935,3189,1,2025-05-25,partner,completed
1936,2010,4,2025-05-19,web,completed
1937,3733,3,2025-05-10,web,completed
1938,3795,6,2025-05-06,partner,completed
1939,403,2,2025-05-21,web,completed
1940,2712,1,2025-05-13,mobile,completed
1941,3554,5,2025-05-14,web,completed
1942,3020,5,2025-05-19,sales_rep,completed
1943,1225,3,2025-05-04,sales_rep,completed
1944,806,5,2025-05-13,partner,completed
1945,1455,4,2025-05-07,partner,completed
1946,1762,3,2025-05-11,sales_rep,completed
1947,4608,3,2025-05-05,web,completed
1948,3109,6,2025-05-29,mobile,completed
1949,4179,3,2025-05-13,mobile,completed
1950,134,4,2025-05-08,web,completed
1951,3920,4,2025-05-24,sales_rep,completed
1952,942,3,2025-05-09,web,completed
1953,2829,4,2025-05-29,mobile,completed
1954,1933,6,2025-05-14,partner,completed
1955,4319,6,2025-05-24,mobile,completed
1956,3373,2,2025-05-15,web,completed
1957,2302,1,2025-05-10,sales_rep,completed
1958,2548,4,2025-05-04,partner,completed
1959,3535,1,2025-05-26,sales_rep,completed
1960,3594,4,2025-05-28,partner,completed
1961,2867,2,2025-05-26,mobile,completed
1962,3635,6,2025-05-02,mobile,completed
1963,3946,5,2025-05-28,sales_rep,completed
1964,156,4,2025-05-26,partner,completed
1965,1835,3,2025-05-22,partner,completed
1966,4509,2,2025-05-19,partner,completed
1967,1606,6,2025-05-03,partner,completed
1968,4122,6,2025-05-07,mobile,completed
1969,2747,2,2025-05-28,web,completed
1970,1356,3,2025-05-14,partner,completed
1971,1752,6,2025-05-19,web,completed
1972,2423,1,2025-05-20,sales_rep,completed
1973,625,4,2025-05-18,sales_rep,completed
1974,1541,3,2025-05-06,mobile,completed
1975,3406,3,2025-05-31,partner,completed
1976,4534,5,2025-05-24,partner,completed
1977,4752,1,2025-05-16,web,completed
1978,1915,2,2025-05-18,sales_rep,completed
1979,3971,3,2025-05-21,sales_rep,completed
1980,1981,4,2025-05-29,partner,completed
1981,4034,2,2025-05-05,mobile,completed
1982,4560,4,2025-05-05,mobile,completed
1983,2229,2,2025-05-06,sales_rep,completed
1984,3004,6,2025-05-20,mobile,completed
1985,4335,6,2025-05-04,web,completed
1986,690,5,2025-05-06,sales_rep,completed
1987,1234,5,2025-05-10,sales_rep,completed
1988,3131,3,2025-05-31,web,completed
1989,896,4,2025-05-29,sales_rep,completed
1990,3973,1,2025-05-12,web,completed
1991,1332,5,2025-05-28,partner,completed
1992,1690,1,2025-05-14,sales_rep,completed
1993,4054,5,2025-05-07,sales_rep,completed
1994,2636,1,2025-05-28,sales_rep,completed
1995,3955,4,2025-05-07,mobile,completed
1996,3135,5,2025-05-19,sales_rep,completed
1997,2572,6,2025-05-06,partner,completed
1998,2553,2,2025-05-10,partner,completed
1999,4015,2,2025-05-24,web,completed
2000,4996,2,2025-05-20,partner,completed
2001,122,5,2025-05-09,mobile,completed
2002,2534,2,2025-05-14,sales_rep,completed
2003,3917,1,2025-05-07,web,completed
2004,3217,1,2025-05-19,web,completed
2005,2420,3,2025-05-05,partner,completed
2006,3968,2,2025-05-14,web,completed
2007,2342,3,2025-05-30,web,completed
2008,683,6,2025-05-10,sales_rep,completed
2009,1362,1,2025-05-24,web,completed
2010,220,6,2025-05-26,partner,completed
2011,3511,6,2025-05-15,partner,completed
2012,4865,6,2025-05-08,web,completed
2013,1897,4,2025-05-06,partner,completed
2014,3662,3,2025-05-23,web,completed
2015,4913,1,2025-05-07,partner,completed
2016,1967,3,2025-05-18,sales_rep,completed
2017,4412,4,2025-05-11,partner,completed
2018,89,5,2025-05-13,mobile,completed
2019,3389,2,2025-05-21,web,completed
2020,832,2,2025-05-02,web,completed
2021,3908,6,2025-05-10,sales_rep,completed
2022,49,5,2025-05-26,mobile,completed
2023,4165,5,2025-05-28,sales_rep,completed
2024,1983,1,2025-05-31,mobile,completed
2025,1185,3,2025-05-15,sales_rep,completed
2026,2775,4,2025-05-02,web,completed
2027,4949,2,2025-05-07,web,completed
2028,803,4,2025-05-16,sales_rep,completed
2029,1551,2,2025-05-06,web,completed
2030,3200,2,2025-05-25,sales_rep,completed
2031,469,2,2025-05-20,mobile,completed
2032,4772,5,2025-05-29,sales_rep,completed
2033,2619,4,2025-05-07,sales_rep,completed
2034,4953,5,2025-05-22,partner,completed
2035,2076,3,2025-05-16,partner,completed
2036,4166,5,2025-05-23,web,completed
2037,1655,1,2025-05-24,mobile,completed
2038,2220,2,2025-05-20,web,completed
2039,1735,6,2025-05-21,sales_rep,completed
2040,2738,2,2025-05-21,web,completed
2041,1117,6,2025-05-05,mobile,completed
2042,2517,5,2025-05-06,partner,completed
2043,4200,2,2025-05-31,web,completed
2044,779,2,2025-05-27,web,completed
2045,3965,2,2025-05-26,partner,completed
2046,4273,6,2025-05-05,partner,completed
2047,175,5,2025-05-16,partner,completed
2048,3379,6,2025-05-28,mobile,completed
2049,2426,4,2025-05-22,mobile,completed
2050,3190,6,2025-05-11,mobile,completed
2051,1474,2,2025-05-12,mobile,completed
2052,1102,3,2025-05-17,sales_rep,completed
2053,1436,1,2025-05-11,mobile,completed
2054,766,5,2025-05-24,web,completed
2055,2028,6,2025-05-14,sales_rep,completed
2056,4366,6,2025-05-05,sales_rep,completed
2057,3894,2,2025-05-12,sales_rep,completed
2058,898,1,2025-05-01,web,completed
2059,2791,6,2025-05-30,web,completed
2060,369,1,2025-05-10,partner,completed
2061,298,3,2025-05-16,web,completed
2062,3129,4,2025-05-14,partner,completed
2063,1513,5,2025-05-09,mobile,completed
2064,3522,2,2025-05-16,partner,completed
2065,780,6,2025-05-21,mobile,completed
2066,599,4,2025-05-11,partner,completed
2067,3576,5,2025-05-23,sales_rep,completed
2068,1035,1,2025-05-10,partner,completed
2069,291,5,2025-05-08,partner,completed
2070,3944,6,2025-05-21,sales_rep,completed
2071,3527,1,2025-05-24,mobile,completed
2072,4648,1,2025-05-27,mobile,completed
2073,2996,4,2025-05-14,sales_rep,completed
2074,2383,6,2025-05-30,sales_rep,completed
2075,3353,1,2025-05-03,partner,completed
2076,3961,6,2025-05-12,web,completed
2077,3146,4,2025-05-18,mobile,completed
2078,1598,5,2025-05-01,web,completed
2079,4449,4,2025-05-28,web,completed
2080,3517,2,2025-05-25,partner,completed
2081,4387,2,2025-05-17,mobile,completed
2082,2787,2,2025-05-06,web,completed
2083,2250,3,2025-05-12,partner,completed
2084,4217,3,2025-05-05,sales_rep,completed
2085,3059,3,2025-05-22,sales_rep,completed
2086,3880,1,2025-05-15,web,completed
2087,4450,6,2025-05-31,partner,completed
2088,1421,6,2025-05-24,mobile,completed
2089,966,4,2025-05-04,sales_rep,completed
2090,748,2,2025-05-17,mobile,completed
2091,3000,4,2025-05-02,mobile,completed
2092,4039,2,2025-05-30,sales_rep,completed
2093,4882,6,2025-05-12,partner,completed
2094,164,3,2025-05-20,mobile,completed
2095,9,2,2025-05-02,mobile,completed
2096,3396,5,2025-05-10,web,completed
2097,1348,5,2025-05-17,sales_rep,completed
2098,2380,4,2025-05-29,web,completed
2099,394,4,2025-05-29,sales_rep,completed
2100,377,5,2025-05-31,sales_rep,completed
2101,2641,2,2025-05-07,partner,completed
2102,3443,3,2025-05-08,sales_rep,completed
2103,4432,1,2025-05-27,mobile,completed
2104,2415,3,2025-05-18,partner,completed
2105,3228,3,2025-05-26,web,completed
2106,4301,2,2025-05-10,web,completed
2107,2160,3,2025-05-27,sales_rep,completed
2108,1044,3,2025-05-18,partner,completed
2109,4128,1,2025-05-26,partner,completed
2110,12,6,2025-05-08,partner,completed
2111,1380,4,2025-05-08,mobile,completed
2112,653,2,2025-05-19,sales_rep,completed
2113,3218,3,2025-05-24,mobile,completed
2114,1349,5,2025-05-06,mobile,completed
2115,1722,5,2025-05-21,partner,completed
2116,3262,3,2025-05-01,mobile,completed
2117,1482,1,2025-05-17,mobile,completed
2118,1814,3,2025-05-03,partner,completed
2119,2496,2,2025-05-09,partner,completed
2120,592,6,2025-05-20,partner,completed
2121,4676,3,2025-05-09,sales_rep,completed
2122,4908,5,2025-05-22,partner,completed
2123,3566,2,2025-05-15,mobile,completed
2124,542,1,2025-05-19,mobile,completed
2125,2363,6,2025-05-23,mobile,completed
2126,1776,1,2025-05-21,sales_rep,completed
2127,832,2,2025-05-21,web,completed
2128,4384,4,2025-05-04,partner,completed
2129,2076,3,2025-05-18,partner,completed
2130,3264,6,2025-05-19,web,completed
2131,3456,6,2025-05-13,sales_rep,completed
2132,1599,6,2025-05-08,mobile,completed
2133,1744,1,2025-05-24,sales_rep,completed
2134,4852,5,2025-05-13,web,completed
2135,4123,6,2025-05-17,web,completed
2136,2506,1,2025-05-03,partner,completed
2137,2668,6,2025-05-18,web,completed
2138,41,1,2025-05-01,web,completed
2139,1022,1,2025-05-22,mobile,completed
2140,31,3,2025-05-31,web,completed
2141,4030,3,2025-05-27,partner,completed
2142,4706,2,2025-05-25,web,completed
2143,811,1,2025-05-30,mobile,completed
2144,1406,1,2025-05-28,partner,completed
2145,1762,3,2025-05-23,mobile,completed
2146,4061,1,2025-05-20,web,completed
2147,2037,4,2025-05-11,sales_rep,completed
2148,218,1,2025-05-25,sales_rep,completed
2149,2930,4,2025-05-26,mobile,completed
2150,735,2,2025-05-22,partner,completed
2151,3226,5,2025-05-21,mobile,completed
2152,4284,3,2025-05-13,web,completed
2153,339,2,2025-05-23,partner,completed
2154,4971,6,2025-05-22,partner,completed
2155,3316,6,2025-05-22,sales_rep,completed
2156,260,4,2025-05-22,partner,completed
2157,1101,3,2025-05-12,partner,completed
2158,839,1,2025-05-05,web,completed
2159,4419,5,2025-05-03,sales_rep,completed
2160,3615,5,2025-05-11,sales_rep,completed
2161,1865,6,2025-05-04,partner,completed
2162,2648,5,2025-05-09,sales_rep,completed
2163,1742,5,2025-05-08,mobile,completed
2164,2030,3,2025-05-19,mobile,completed
2165,3191,1,2025-05-20,partner,completed
2166,973,3,2025-05-01,mobile,completed
2167,3799,1,2025-05-11,partner,completed
2168,4728,6,2025-05-30,mobile,completed
2169,4871,2,2025-05-17,sales_rep,completed
2170,862,6,2025-05-23,web,completed
2171,2059,3,2025-05-17,mobile,completed
2172,1327,5,2025-05-13,sales_rep,completed
2173,3175,6,2025-05-14,sales_rep,completed
2174,1622,1,2025-05-17,partner,completed
2175,1974,3,2025-05-31,web,completed
2176,693,6,2025-05-09,sales_rep,completed
2177,2800,3,2025-05-03,sales_rep,completed
2178,2682,1,2025-05-23,web,completed
2179,2758,4,2025-05-30,mobile,completed
2180,1707,6,2025-05-12,mobile,completed
2181,3780,3,2025-05-10,mobile,completed
2182,3040,2,2025-05-30,partner,completed
2183,883,3,2025-05-07,mobile,completed
2184,1840,4,2025-05-25,web,completed
2185,3304,2,2025-05-21,mobile,completed
2186,583,1,2025-05-21,sales_rep,completed
2187,1762,3,2025-05-03,partner,completed
2188,4363,3,2025-05-15,web,completed
2189,2209,2,2025-05-22,sales_rep,completed
2190,2549,3,2025-05-28,sales_rep,completed
2191,3408,4,2025-05-14,mobile,completed
2192,1610,1,2025-05-29,web,completed
2193,4133,5,2025-05-27,partner,completed
2194,82,3,2025-05-05,web,completed
2195,2364,1,2025-05-23,partner,completed
2196,2990,3,2025-05-21,partner,completed
2197,1196,4,2025-05-21,web,completed
2198,3913,2,2025-05-02,sales_rep,completed
2199,398,2,2025-05-07,sales_rep,completed
2200,3251,3,2025-05-01,web,completed
2201,3167,5,2025-05-23,sales_rep,completed
2202,3939,5,2025-05-04,sales_rep,completed
2203,1036,5,2025-05-26,mobile,completed
2204,775,6,2025-05-29,sales_rep,completed
2205,2903,6,2025-05-05,mobile,completed
2206,4859,2,2025-05-16,web,completed
2207,3925,4,2025-05-16,partner,completed
2208,1057,3,2025-05-11,sales_rep,completed
2209,2040,3,2025-05-05,web,completed
2210,1334,5,2025-05-16,sales_rep,completed
2211,3900,6,2025-05-04,mobile,completed
2212,2562,3,2025-05-15,sales_rep,completed
2213,2188,2,2025-05-18,web,completed
2214,26,4,2025-05-18,partner,completed
2215,3169,5,2025-05-29,sales_rep,completed
2216,2213,4,2025-05-19,web,completed
2217,199,3,2025-05-02,web,completed
2218,979,3,2025-05-25,web,completed
2219,3633,1,2025-05-09,sales_rep,completed
2220,3746,6,2025-05-28,web,completed
2221,2469,1,2025-05-08,mobile,completed
2222,3789,6,2025-05-29,web,completed
2223,3692,4,2025-05-30,mobile,completed
2224,3079,2,2025-05-17,sales_rep,completed
2225,1043,3,2025-05-18,partner,completed
2226,2109,2,2025-05-09,partner,completed
2227,4082,2,2025-05-12,sales_rep,completed
2228,1552,6,2025-05-03,partner,completed
2229,3301,4,2025-05-24,sales_rep,completed
2230,4138,2,2025-05-06,web,completed
2231,2667,2,2025-05-14,sales_rep,completed
2232,2536,6,2025-05-14,web,completed
2233,939,3,2025-05-19,web,completed
2234,2483,2,2025-05-29,web,completed
2235,210,5,2025-05-15,mobile,completed
2236,568,2,2025-05-12,sales_rep,completed
2237,2710,6,2025-05-14,mobile,completed
2238,1092,3,2025-05-04,mobile,completed
2239,1738,1,2025-05-04,mobile,completed
2240,1803,3,2025-05-15,sales_rep,completed
2241,2367,3,2025-05-31,mobile,completed
2242,3495,6,2025-05-13,mobile,completed
2243,2231,4,2025-05-16,sales_rep,completed
2244,4227,3,2025-05-06,partner,completed
2245,2411,4,2025-05-01,partner,completed
2246,4965,6,2025-05-03,sales_rep,completed
2247,4998,5,2025-05-09,partner,completed
2248,2138,1,2025-05-16,web,completed
2249,3828,4,2025-05-11,web,completed
2250,2267,5,2025-05-04,sales_rep,completed
2251,4376,4,2025-05-20,partner,completed
2252,3831,6,2025-05-12,mobile,completed
2253,1693,4,2025-05-05,sales_rep,completed
2254,1607,1,2025-05-02,sales_rep,completed
2255,4404,6,2025-05-01,partner,completed
2256,2703,2,2025-05-27,sales_rep,completed
2257,3474,6,2025-05-17,sales_rep,completed
2258,3386,2,2025-05-14,web,completed
2259,830,1,2025-05-01,mobile,completed
2260,1182,6,2025-05-01,partner,completed
2261,4502,4,2025-05-07,web,completed
2262,1398,4,2025-05-14,mobile,completed
2263,4343,3,2025-05-31,sales_rep,completed
2264,1781,1,2025-05-05,mobile,completed
2265,4234,2,2025-05-03,partner,completed
2266,2889,1,2025-05-25,mobile,completed
2267,497,1,2025-05-20,sales_rep,completed
2268,1353,3,2025-05-30,partner,completed
2269,4764,2,2025-05-01,sales_rep,completed
2270,1041,5,2025-05-07,web,completed
2271,1138,3,2025-05-31,partner,completed
2272,748,2,2025-05-20,mobile,completed
2273,3049,2,2025-05-31,sales_rep,completed
2274,4047,3,2025-05-30,partner,completed
2275,4682,2,2025-05-27,mobile,completed
2276,4430,6,2025-05-21,sales_rep,completed
2277,4420,1,2025-05-18,sales_rep,completed
2278,4524,6,2025-05-01,sales_rep,completed
2279,2839,2,2025-05-14,sales_rep,completed
2280,4109,4,2025-05-24,mobile,completed
2281,3174,3,2025-05-04,partner,completed
2282,687,3,2025-05-08,mobile,completed
2283,122,5,2025-05-27,partner,completed
2284,489,5,2025-05-21,sales_rep,completed
2285,1729,3,2025-05-06,mobile,completed
2286,2496,2,2025-05-26,sales_rep,completed
2287,3193,5,2025-05-18,web,completed
2288,2608,2,2025-05-10,mobile,completed
2289,1832,6,2025-05-26,partner,completed
2290,3665,4,2025-05-08,sales_rep,completed
2291,4307,5,2025-05-20,partner,completed
2292,1115,2,2025-05-12,web,completed
2293,1309,3,2025-05-18,mobile,completed
2294,4655,1,2025-05-17,partner,completed
2295,4853,1,2025-05-28,web,completed
2296,1550,1,2025-05-23,partner,completed
2297,2548,4,2025-05-18,web,completed
2298,2890,2,2025-05-28,sales_rep,completed
2299,3174,3,2025-05-13,partner,completed
2300,4322,3,2025-05-20,mobile,completed
2301,529,6,2025-05-21,sales_rep,completed
2302,2618,1,2025-05-17,mobile,completed
2303,1083,6,2025-05-02,partner,completed
2304,3768,5,2025-05-03,web,completed
2305,2983,5,2025-05-29,mobile,completed
2306,3746,6,2025-05-01,web,completed
2307,4527,1,2025-05-09,partner,completed
2308,3951,3,2025-05-16,web,completed
2309,4271,5,2025-05-13,partner,completed
2310,4056,3,2025-05-08,sales_rep,completed
2311,3128,6,2025-05-05,web,completed
2312,1963,1,2025-05-15,partner,completed
2313,1682,1,2025-05-15,partner,completed
2314,1818,2,2025-05-16,web,completed
2315,3037,5,2025-05-12,mobile,completed
2316,4018,1,2025-05-19,web,completed
2317,1836,1,2025-05-09,mobile,completed
2318,2899,5,2025-05-18,partner,completed
2319,2070,3,2025-05-29,mobile,completed
2320,3039,2,2025-05-08,web,completed
2321,4094,3,2025-05-04,web,completed
2322,2060,3,2025-05-15,mobile,completed
2323,1985,4,2025-05-06,sales_rep,completed
2324,1009,5,2025-05-25,mobile,completed
2325,2494,4,2025-05-09,web,completed
2326,2285,5,2025-05-21,mobile,completed
2327,801,1,2025-05-16,web,completed
2328,4849,1,2025-05-22,sales_rep,completed
2329,4299,1,2025-05-21,sales_rep,completed
2330,1455,4,2025-05-20,partner,completed
2331,4722,5,2025-05-30,web,completed
2332,1361,1,2025-05-07,sales_rep,completed
2333,2095,1,2025-05-13,partner,completed
2334,654,5,2025-05-16,mobile,completed
2335,3061,2,2025-05-09,web,completed
2336,2406,5,2025-05-20,web,completed
2337,1337,4,2025-05-23,sales_rep,completed
2338,1443,6,2025-05-27,sales_rep,completed
2339,4677,4,2025-05-11,sales_rep,completed
2340,3436,4,2025-05-13,web,completed
2341,765,3,2025-05-15,mobile,completed
2342,676,5,2025-05-10,sales_rep,completed
2343,351,4,2025-05-03,sales_rep,completed
2344,1237,1,2025-05-28,sales_rep,completed
2345,3691,3,2025-05-19,mobile,completed
2346,310,1,2025-05-10,mobile,completed
2347,1247,6,2025-05-17,sales_rep,completed
2348,208,6,2025-05-30,web,completed
2349,3248,1,2025-05-19,sales_rep,completed
2350,4071,1,2025-05-22,sales_rep,completed
2351,2646,1,2025-05-02,partner,completed
2352,4530,4,2025-05-03,partner,completed
2353,3443,3,2025-05-11,sales_rep,completed
2354,3820,6,2025-05-20,mobile,completed
2355,1569,6,2025-05-06,sales_rep,completed
2356,4326,3,2025-05-09,sales_rep,completed
2357,3156,6,2025-05-08,mobile,completed
2358,433,5,2025-05-14,web,completed
2359,414,1,2025-05-28,sales_rep,completed
2360,4491,2,2025-05-16,web,completed
2361,1376,6,2025-05-23,partner,completed
2362,2331,1,2025-05-23,sales_rep,completed
2363,3803,5,2025-05-31,partner,completed
2364,3844,2,2025-05-19,mobile,completed
2365,136,2,2025-05-03,sales_rep,completed
2366,3079,2,2025-05-27,mobile,completed
2367,4566,3,2025-05-25,partner,completed
2368,1750,5,2025-05-07,sales_rep,completed
2369,2714,4,2025-05-14,partner,completed
2370,1324,6,2025-05-30,web,completed
2371,3607,2,2025-05-20,web,completed
2372,591,5,2025-05-27,web,completed
2373,2598,5,2025-05-02,mobile,completed
2374,2064,5,2025-05-15,web,completed
2375,3206,5,2025-05-24,sales_rep,completed
2376,2471,6,2025-05-20,partner,completed
2377,4909,5,2025-05-30,sales_rep,completed
2378,4916,1,2025-05-06,sales_rep,completed
2379,1421,6,2025-05-16,sales_rep,completed
2380,187,1,2025-05-25,partner,completed
2381,2464,4,2025-05-05,partner,completed
2382,2951,1,2025-05-27,sales_rep,completed
2383,3759,1,2025-05-08,mobile,completed
2384,2625,6,2025-05-25,web,completed
2385,2933,1,2025-05-18,mobile,completed
2386,115,4,2025-05-08,web,completed
2387,3814,3,2025-05-09,web,completed
2388,1649,6,2025-05-08,web,completed
2389,1923,5,2025-05-21,sales_rep,completed
2390,2115,5,2025-05-05,partner,completed
2391,359,1,2025-05-24,mobile,completed
2392,2472,1,2025-05-27,mobile,completed
2393,1906,2,2025-05-14,web,completed
2394,1168,3,2025-05-21,mobile,completed
2395,1230,2,2025-05-20,partner,completed
2396,171,1,2025-05-07,sales_rep,completed
2397,4439,3,2025-05-07,sales_rep,completed
2398,1470,1,2025-05-16,web,completed
2399,4373,2,2025-05-23,mobile,completed
2400,4182,3,2025-05-28,partner,completed
2401,2288,5,2025-05-04,sales_rep,completed
2402,4040,3,2025-05-10,partner,completed
2403,1057,3,2025-05-12,web,completed
2404,904,6,2025-05-17,mobile,completed
2405,4496,4,2025-05-20,partner,completed
2406,3232,2,2025-05-09,sales_rep,completed
2407,3446,5,2025-05-14,mobile,completed
2408,4619,4,2025-05-23,mobile,completed
2409,70,3,2025-05-19,mobile,completed
2410,861,6,2025-05-01,sales_rep,completed
2411,4809,3,2025-05-26,web,completed
2412,644,3,2025-05-06,partner,completed
2413,2243,3,2025-05-27,sales_rep,completed
2414,111,2,2025-05-17,web,completed
2415,1629,3,2025-05-23,mobile,completed
2416,863,1,2025-05-25,mobile,completed
2417,1279,1,2025-05-07,web,completed
2418,4070,1,2025-05-04,mobile,completed
2419,1379,4,2025-05-29,sales_rep,completed
2420,4070,1,2025-05-10,sales_rep,completed
2421,4475,6,2025-05-31,sales_rep,completed
2422,2703,2,2025-05-19,sales_rep,completed
2423,2693,6,2025-05-11,mobile,completed
2424,1668,5,2025-05-12,partner,completed
2425,3334,6,2025-05-04,mobile,completed
2426,4034,2,2025-05-28,mobile,completed
2427,4316,2,2025-05-29,sales_rep,completed
2428,976,2,2025-05-26,mobile,completed
2429,3431,2,2025-05-08,web,completed
2430,700,1,2025-05-04,sales_rep,completed
2431,2452,6,2025-05-02,mobile,completed
2432,447,2,2025-05-13,web,completed
2433,2751,2,2025-05-06,mobile,completed
2434,4257,2,2025-05-10,sales_rep,completed
2435,4086,4,2025-05-04,sales_rep,completed
2436,3575,6,2025-05-26,partner,completed
2437,2888,1,2025-05-04,sales_rep,completed
2438,3123,3,2025-05-29,sales_rep,completed
2439,500,3,2025-05-08,partner,completed
2440,3638,3,2025-05-13,sales_rep,completed
2441,3408,4,2025-05-07,mobile,completed
2442,718,3,2025-05-05,mobile,completed
2443,3162,6,2025-05-18,sales_rep,completed
2444,1924,3,2025-05-05,sales_rep,completed
2445,2547,5,2025-05-21,mobile,completed
2446,4071,1,2025-05-12,sales_rep,completed
2447,1611,5,2025-05-09,mobile,completed
2448,4584,5,2025-05-04,sales_rep,completed
2449,2085,1,2025-05-23,web,completed
2450,2566,3,2025-05-30,partner,completed
2451,145,6,2025-05-11,web,completed
2452,611,6,2025-05-10,mobile,completed
2453,1409,1,2025-05-21,mobile,completed
2454,4893,1,2025-05-16,web,completed
2455,1300,1,2025-05-25,partner,completed
2456,1976,1,2025-05-23,sales_rep,completed
2457,4271,5,2025-05-04,sales_rep,completed
2458,1595,5,2025-05-30,web,completed
2459,4065,5,2025-05-04,partner,completed
2460,600,4,2025-05-24,web,completed
2461,666,5,2025-05-26,mobile,completed
2462,64,6,2025-05-28,partner,completed
2463,625,4,2025-05-17,sales_rep,completed
2464,3019,4,2025-05-15,partner,completed
2465,454,1,2025-05-30,web,completed
2466,3063,3,2025-05-07,partner,completed
2467,2996,4,2025-05-15,mobile,completed
2468,1172,4,2025-05-28,web,completed
2469,186,3,2025-05-15,web,completed
2470,810,6,2025-05-10,partner,completed
2471,716,5,2025-05-07,web,completed
2472,2641,2,2025-05-11,mobile,completed
2473,4655,1,2025-05-25,sales_rep,completed
2474,2178,3,2025-05-15,mobile,completed
2475,3169,5,2025-05-21,partner,completed
2476,1519,3,2025-05-01,sales_rep,completed
2477,459,6,2025-05-02,mobile,completed
2478,1092,3,2025-05-15,mobile,completed
2479,2397,6,2025-05-17,sales_rep,completed
2480,4297,3,2025-05-24,sales_rep,completed
2481,1243,6,2025-05-25,sales_rep,completed
2482,4920,4,2025-05-15,web,completed
2483,3195,5,2025-05-18,mobile,completed
2484,1778,1,2025-05-31,mobile,completed
2485,3112,5,2025-05-19,web,completed
2486,3491,1,2025-05-06,sales_rep,completed
2487,3430,2,2025-05-07,sales_rep,completed
2488,4328,3,2025-05-22,mobile,completed
2489,3310,6,2025-05-27,web,completed
2490,135,5,2025-05-18,partner,completed
2491,1887,4,2025-05-31,partner,completed
2492,4541,4,2025-05-01,web,completed
2493,1036,5,2025-05-31,mobile,completed
2494,2496,2,2025-05-30,web,completed
2495,2502,1,2025-05-29,web,completed
2496,2784,6,2025-05-18,partner,completed
2497,4345,3,2025-05-27,partner,completed
2498,2700,1,2025-05-10,sales_rep,completed
2499,3,4,2025-05-05,sales_rep,completed
2500,1215,1,2025-05-18,sales_rep,completed
2501,2079,2,2025-06-10,partner,completed
2502,1906,2,2025-06-06,partner,completed
2503,3617,1,2025-06-08,mobile,completed
2504,1788,1,2025-06-18,mobile,completed
2505,765,3,2025-06-22,partner,completed
2506,1814,3,2025-06-03,sales_rep,completed
2507,3936,6,2025-06-08,partner,completed
2508,2024,4,2025-06-11,sales_rep,completed
2509,1428,6,2025-06-14,sales_rep,completed
2510,3867,4,2025-06-30,sales_rep,completed
2511,330,4,2025-06-05,mobile,completed
2512,2276,3,2025-06-29,partner,completed
2513,516,1,2025-06-20,web,completed
2514,3036,6,2025-06-18,web,completed
2515,4500,3,2025-06-28,mobile,completed
2516,2213,4,2025-06-27,partner,completed
2517,4909,5,2025-06-14,sales_rep,completed
2518,4370,4,2025-06-05,web,completed
2519,3639,1,2025-06-17,mobile,completed
2520,894,6,2025-06-09,sales_rep,completed
2521,165,3,2025-06-24,mobile,completed
2522,615,5,2025-06-13,sales_rep,completed
2523,1741,3,2025-06-04,partner,completed
2524,2039,6,2025-06-30,sales_rep,completed
2525,1051,4,2025-06-18,sales_rep,completed
2526,4872,6,2025-06-30,mobile,completed
2527,3715,5,2025-06-24,web,completed
2528,3499,1,2025-06-10,web,completed
2529,3256,2,2025-06-02,partner,completed
2530,3082,5,2025-06-10,sales_rep,completed
2531,4410,2,2025-06-27,mobile,completed
2532,1952,4,2025-06-06,sales_rep,completed
2533,703,2,2025-06-25,partner,completed
2534,1476,2,2025-06-01,web,completed
2535,1145,2,2025-06-26,mobile,completed
2536,4783,3,2025-06-29,web,completed
2537,2836,4,2025-06-03,web,completed
2538,2135,3,2025-06-14,web,completed
2539,129,4,2025-06-29,sales_rep,completed
2540,3556,3,2025-06-14,mobile,completed
2541,3234,1,2025-06-05,web,completed
2542,4053,5,2025-06-21,web,completed
2543,656,4,2025-06-08,web,completed
2544,3288,2,2025-06-15,mobile,completed
2545,1810,6,2025-06-24,web,completed
2546,1164,4,2025-06-26,web,completed
2547,1120,3,2025-06-20,mobile,completed
2548,1440,6,2025-06-08,mobile,completed
2549,3666,3,2025-06-19,mobile,completed
2550,115,4,2025-06-07,mobile,completed
2551,4737,1,2025-06-03,web,completed
2552,4847,6,2025-06-22,mobile,completed
2553,4840,6,2025-06-24,sales_rep,completed
2554,4174,3,2025-06-08,web,completed
2555,1619,1,2025-06-05,sales_rep,completed
2556,2021,2,2025-06-16,mobile,completed
2557,634,3,2025-06-16,mobile,completed
2558,4463,4,2025-06-16,partner,completed
2559,3853,1,2025-06-28,partner,completed
2560,769,1,2025-06-29,web,completed
2561,4951,2,2025-06-21,web,completed
2562,211,2,2025-06-10,partner,completed
2563,3838,4,2025-06-29,mobile,completed
2564,677,4,2025-06-14,sales_rep,completed
2565,3749,6,2025-06-29,sales_rep,completed
2566,4418,1,2025-06-29,partner,completed
2567,4752,1,2025-06-26,sales_rep,completed
2568,803,4,2025-06-23,sales_rep,completed
2569,823,1,2025-06-25,partner,completed
2570,341,4,2025-06-19,partner,completed
2571,4111,1,2025-06-26,mobile,completed
2572,928,2,2025-06-11,mobile,completed
2573,1954,3,2025-06-12,mobile,completed
2574,2076,3,2025-06-21,sales_rep,completed
2575,1754,3,2025-06-13,partner,completed
2576,2483,2,2025-06-09,partner,completed
2577,1745,2,2025-06-08,web,completed
2578,1180,1,2025-06-16,partner,completed
2579,1940,2,2025-06-04,partner,completed
2580,4029,5,2025-06-01,web,completed
2581,590,6,2025-06-02,web,completed
2582,4800,4,2025-06-05,sales_rep,completed
2583,2050,4,2025-06-26,mobile,completed
2584,1455,4,2025-06-09,web,completed
2585,2225,3,2025-06-26,web,completed
2586,4656,2,2025-06-22,web,completed
2587,4046,1,2025-06-27,mobile,completed
2588,4090,6,2025-06-21,web,completed
2589,1102,3,2025-06-11,sales_rep,completed
2590,4431,6,2025-06-23,web,completed
2591,3531,3,2025-06-20,sales_rep,completed
2592,299,2,2025-06-08,mobile,completed
2593,2136,5,2025-06-06,sales_rep,completed
2594,4171,3,2025-06-07,sales_rep,completed
2595,2663,1,2025-06-25,sales_rep,completed
2596,2930,4,2025-06-01,mobile,completed
2597,1874,6,2025-06-01,partner,completed
2598,192,4,2025-06-07,mobile,completed
2599,4428,3,2025-06-16,mobile,completed
2600,3769,5,2025-06-25,mobile,completed
2601,1359,1,2025-06-10,mobile,completed
2602,1209,2,2025-06-22,mobile,completed
2603,2591,1,2025-06-16,web,completed
2604,3986,3,2025-06-20,web,completed
2605,435,3,2025-06-15,web,completed
2606,3130,5,2025-06-04,sales_rep,completed
2607,4235,2,2025-06-30,mobile,completed
2608,2462,2,2025-06-19,mobile,completed
2609,265,6,2025-06-06,mobile,completed
2610,117,1,2025-06-04,mobile,completed
2611,811,1,2025-06-20,sales_rep,completed
2612,4449,4,2025-06-30,web,completed
2613,2290,3,2025-06-22,web,completed
2614,738,3,2025-06-15,web,completed
2615,4525,5,2025-06-01,partner,completed
2616,4149,6,2025-06-19,mobile,completed
2617,735,2,2025-06-03,web,completed
2618,3441,6,2025-06-24,sales_rep,completed
2619,1654,4,2025-06-16,mobile,completed
2620,348,6,2025-06-11,sales_rep,completed
2621,311,4,2025-06-05,web,completed
2622,2712,1,2025-06-28,partner,completed
2623,4218,3,2025-06-21,mobile,completed
2624,4809,3,2025-06-06,sales_rep,completed
2625,3528,1,2025-06-19,web,completed
2626,4615,4,2025-06-13,web,completed
2627,1179,2,2025-06-19,mobile,completed
2628,732,3,2025-06-28,web,completed
2629,554,2,2025-06-15,mobile,completed
2630,866,5,2025-06-05,web,completed
2631,3770,3,2025-06-29,sales_rep,completed
2632,769,1,2025-06-22,mobile,completed
2633,2163,3,2025-06-19,web,completed
2634,3781,1,2025-06-29,mobile,completed
2635,4635,1,2025-06-23,sales_rep,completed
2636,804,6,2025-06-23,sales_rep,completed
2637,934,4,2025-06-05,web,completed
2638,323,4,2025-06-27,sales_rep,completed
2639,562,1,2025-06-05,sales_rep,completed
2640,1952,4,2025-06-20,partner,completed
2641,1573,5,2025-06-21,mobile,completed
2642,4835,6,2025-06-15,sales_rep,completed
2643,2222,1,2025-06-09,mobile,completed
2644,1542,2,2025-06-10,partner,completed
2645,2347,2,2025-06-21,mobile,completed
2646,3622,2,2025-06-24,partner,completed
2647,1688,3,2025-06-30,partner,completed
2648,720,4,2025-06-23,partner,completed
2649,2104,1,2025-06-19,web,completed
2650,3106,2,2025-06-11,mobile,completed
2651,1582,2,2025-06-13,mobile,completed
2652,2906,6,2025-06-16,sales_rep,completed
2653,1623,6,2025-06-12,mobile,completed
2654,4521,6,2025-06-14,web,completed
2655,4439,3,2025-06-01,mobile,completed
2656,3583,2,2025-06-07,partner,completed
2657,4188,2,2025-06-04,web,completed
2658,604,1,2025-06-13,partner,completed
2659,3267,5,2025-06-04,mobile,completed
2660,2024,4,2025-06-14,partner,completed
2661,3888,2,2025-06-17,sales_rep,completed
2662,3,4,2025-06-04,mobile,completed
2663,939,3,2025-06-01,sales_rep,completed
2664,1205,4,2025-06-03,web,completed
2665,2786,1,2025-06-22,partner,completed
2666,4857,6,2025-06-23,web,completed
2667,4482,2,2025-06-24,mobile,completed
2668,2279,3,2025-06-12,web,completed
2669,6,6,2025-06-15,web,completed
2670,4338,2,2025-06-01,partner,completed
2671,2863,6,2025-06-18,web,completed
2672,119,2,2025-06-27,web,completed
2673,3226,5,2025-06-21,partner,completed
2674,4401,3,2025-06-29,web,completed
2675,4355,3,2025-06-07,web,completed
2676,4447,2,2025-06-02,mobile,completed
2677,4878,3,2025-06-09,mobile,completed
2678,3268,5,2025-06-06,web,completed
2679,3063,3,2025-06-17,mobile,completed
2680,582,6,2025-06-08,sales_rep,completed
2681,3162,6,2025-06-03,sales_rep,completed
2682,4381,6,2025-06-16,partner,completed
2683,4065,5,2025-06-30,mobile,completed
2684,4500,3,2025-06-15,sales_rep,completed
2685,851,6,2025-06-28,partner,completed
2686,1006,6,2025-06-15,partner,completed
2687,4292,6,2025-06-02,mobile,completed
2688,4701,6,2025-06-25,sales_rep,completed
2689,2631,6,2025-06-17,sales_rep,completed
2690,4406,6,2025-06-18,sales_rep,completed
2691,3411,1,2025-06-08,partner,completed
2692,1025,5,2025-06-10,partner,completed
2693,2534,2,2025-06-15,mobile,completed
2694,1970,1,2025-06-24,mobile,completed
2695,3950,2,2025-06-11,mobile,completed
2696,1684,5,2025-06-06,web,completed
2697,878,5,2025-06-19,partner,completed
2698,2492,2,2025-06-25,sales_rep,completed
2699,2474,2,2025-06-26,mobile,completed
2700,4446,3,2025-06-30,mobile,completed
2701,41,1,2025-06-20,partner,completed
2702,4372,2,2025-06-19,web,completed
2703,1056,6,2025-06-28,sales_rep,completed
2704,879,4,2025-06-15,sales_rep,completed
2705,2092,2,2025-06-08,web,completed
2706,2756,6,2025-06-28,mobile,completed
2707,4649,2,2025-06-16,sales_rep,completed
2708,2671,5,2025-06-16,sales_rep,completed
2709,728,1,2025-06-16,partner,completed
2710,2252,4,2025-06-11,partner,completed
2711,4603,2,2025-06-15,web,completed
2712,3574,2,2025-06-28,web,completed
2713,1089,4,2025-06-25,sales_rep,completed
2714,3230,6,2025-06-19,web,completed
2715,3669,3,2025-06-28,web,completed
2716,1376,6,2025-06-07,mobile,completed
2717,2640,6,2025-06-04,sales_rep,completed
2718,1741,3,2025-06-12,web,completed
2719,906,5,2025-06-08,mobile,completed
2720,4442,3,2025-06-19,web,completed
2721,1603,5,2025-06-26,mobile,completed
2722,1629,3,2025-06-02,partner,completed
2723,508,2,2025-06-07,partner,completed
2724,2221,6,2025-06-18,web,completed
2725,3219,6,2025-06-19,sales_rep,completed
2726,4865,6,2025-06-18,mobile,completed
2727,3879,2,2025-06-13,mobile,completed
2728,4287,5,2025-06-25,partner,completed
2729,4937,6,2025-06-04,sales_rep,completed
2730,3495,6,2025-06-22,web,completed
2731,4287,5,2025-06-21,web,completed
2732,1521,6,2025-06-22,mobile,completed
2733,3576,5,2025-06-15,web,completed
2734,3144,4,2025-06-19,sales_rep,completed
2735,2258,4,2025-06-06,web,completed
2736,3211,6,2025-06-04,sales_rep,completed
2737,3605,6,2025-06-09,partner,completed
2738,2058,5,2025-06-04,web,completed
2739,4213,3,2025-06-18,sales_rep,completed
2740,181,6,2025-06-29,sales_rep,completed
2741,1621,2,2025-06-07,mobile,completed
2742,1833,4,2025-06-01,mobile,completed
2743,4153,6,2025-06-16,web,completed
2744,2541,2,2025-06-13,sales_rep,completed
2745,4665,2,2025-06-18,partner,completed
2746,4751,1,2025-06-25,sales_rep,completed
2747,2293,2,2025-06-23,web,completed
2748,3638,3,2025-06-30,partner,completed
2749,1232,5,2025-06-01,partner,completed
2750,540,1,2025-06-03,mobile,completed
2751,2456,3,2025-06-03,mobile,completed
2752,1508,3,2025-06-20,sales_rep,completed
2753,3655,5,2025-06-16,web,completed
2754,2609,4,2025-06-23,partner,completed
2755,678,1,2025-06-07,partner,completed
2756,2256,5,2025-06-20,sales_rep,completed
2757,2009,5,2025-06-20,mobile,completed
2758,26,4,2025-06-12,web,completed
2759,2725,5,2025-06-07,web,completed
2760,4676,3,2025-06-23,mobile,completed
2761,4484,1,2025-06-16,web,completed
2762,4521,6,2025-06-26,web,completed
2763,4470,5,2025-06-12,partner,completed
2764,4619,4,2025-06-20,partner,completed
2765,488,4,2025-06-12,mobile,completed
2766,2143,6,2025-06-17,web,completed
2767,2726,4,2025-06-18,partner,completed
2768,4167,3,2025-06-02,web,completed
2769,1866,3,2025-06-27,sales_rep,completed
2770,3543,1,2025-06-06,partner,completed
2771,3906,5,2025-06-12,partner,completed
2772,2559,1,2025-06-16,sales_rep,completed
2773,1206,6,2025-06-15,mobile,completed
2774,386,1,2025-06-03,sales_rep,completed
2775,2225,3,2025-06-12,partner,completed
2776,840,6,2025-06-11,partner,completed
2777,3221,5,2025-06-07,mobile,completed
2778,1192,2,2025-06-21,web,completed
2779,4384,4,2025-06-29,sales_rep,completed
2780,4480,4,2025-06-01,sales_rep,completed
2781,4182,3,2025-06-19,web,completed
2782,3327,1,2025-06-20,partner,completed
2783,579,6,2025-06-26,web,completed
2784,4916,1,2025-06-02,sales_rep,completed
2785,330,4,2025-06-28,partner,completed
2786,2833,2,2025-06-15,web,completed
2787,4022,1,2025-06-07,mobile,completed
2788,424,4,2025-06-09,mobile,completed
2789,2485,3,2025-06-13,mobile,completed
2790,2389,6,2025-06-11,partner,completed
2791,986,4,2025-06-11,sales_rep,completed
2792,559,5,2025-06-23,mobile,completed
2793,4550,6,2025-06-09,web,completed
2794,4507,2,2025-06-13,web,completed
2795,469,2,2025-06-28,mobile,completed
2796,1393,6,2025-06-18,mobile,completed
2797,1962,6,2025-06-01,partner,completed
2798,987,4,2025-06-30,web,completed
2799,333,2,2025-06-04,mobile,completed
2800,2559,1,2025-06-25,mobile,completed
2801,2211,5,2025-06-01,mobile,completed
2802,4036,1,2025-06-04,partner,completed
2803,1483,2,2025-06-07,web,completed
2804,2552,2,2025-06-01,partner,completed
2805,1570,6,2025-06-14,sales_rep,completed
2806,192,4,2025-06-12,mobile,completed
2807,3639,1,2025-06-19,sales_rep,completed
2808,3715,5,2025-06-08,partner,completed
2809,3320,1,2025-06-24,partner,completed
2810,171,1,2025-06-13,partner,completed
2811,3483,5,2025-06-19,partner,completed
2812,3022,1,2025-06-04,web,completed
2813,2206,5,2025-06-29,sales_rep,completed
2814,3085,3,2025-06-21,partner,completed
2815,554,2,2025-06-08,mobile,completed
2816,1043,3,2025-06-26,mobile,completed
2817,646,2,2025-06-19,sales_rep,completed
2818,2233,6,2025-06-11,sales_rep,completed
2819,4477,6,2025-06-17,sales_rep,completed
2820,31,3,2025-06-12,sales_rep,completed
2821,2231,4,2025-06-19,mobile,completed
2822,1419,6,2025-06-09,sales_rep,completed
2823,4688,2,2025-06-07,mobile,completed
2824,3097,2,2025-06-10,web,completed
2825,1110,1,2025-06-24,partner,completed
2826,1421,6,2025-06-22,web,completed
2827,2904,4,2025-06-22,web,completed
2828,239,2,2025-06-22,web,completed
2829,336,5,2025-06-03,web,completed
2830,3372,2,2025-06-11,web,completed
2831,4012,6,2025-06-11,mobile,completed
2832,3712,6,2025-06-04,web,completed
2833,859,5,2025-06-22,web,completed
2834,4315,5,2025-06-14,sales_rep,completed
2835,1125,6,2025-06-20,mobile,completed
2836,4378,2,2025-06-05,partner,completed
2837,1480,3,2025-06-10,partner,completed
2838,2482,6,2025-06-05,mobile,completed
2839,4786,3,2025-06-05,mobile,completed
2840,2037,4,2025-06-06,web,completed
2841,3339,6,2025-06-07,sales_rep,completed
2842,2930,4,2025-06-21,partner,completed
2843,375,6,2025-06-23,partner,completed
2844,3964,3,2025-06-16,sales_rep,completed
2845,1792,6,2025-06-26,partner,completed
2846,2377,6,2025-06-06,mobile,completed
2847,1523,2,2025-06-11,partner,completed
2848,4976,5,2025-06-01,partner,completed
2849,2754,4,2025-06-23,sales_rep,completed
2850,3188,3,2025-06-14,partner,completed
2851,2615,1,2025-06-11,mobile,completed
2852,1541,3,2025-06-29,sales_rep,completed
2853,2931,2,2025-06-03,mobile,completed
2854,3969,4,2025-06-21,mobile,completed
2855,476,5,2025-06-29,mobile,completed
2856,754,6,2025-06-25,web,completed
2857,823,1,2025-06-04,web,completed
2858,4679,4,2025-06-20,partner,completed
2859,2884,1,2025-06-12,mobile,completed
2860,1702,2,2025-06-26,web,completed
2861,995,4,2025-06-16,web,completed
2862,3426,6,2025-06-15,web,completed
2863,2624,6,2025-06-11,partner,completed
2864,3127,5,2025-06-14,web,completed
2865,3578,6,2025-06-25,mobile,completed
2866,480,1,2025-06-04,sales_rep,completed
2867,3398,6,2025-06-28,sales_rep,completed
2868,3609,4,2025-06-17,web,completed
2869,1386,2,2025-06-04,partner,completed
2870,1560,6,2025-06-28,sales_rep,completed
2871,2961,6,2025-06-15,partner,completed
2872,1906,2,2025-06-29,mobile,completed
2873,4655,1,2025-06-22,sales_rep,completed
2874,483,2,2025-06-05,partner,completed
2875,845,1,2025-06-05,partner,completed
2876,4051,2,2025-06-09,web,completed
2877,3406,3,2025-06-03,web,completed
2878,4302,4,2025-06-07,web,completed
2879,120,1,2025-06-11,partner,completed
2880,672,4,2025-06-18,web,completed
2881,4185,1,2025-06-02,web,completed
2882,4064,4,2025-06-14,sales_rep,completed
2883,4130,3,2025-06-22,mobile,completed
2884,4490,3,2025-06-15,web,completed
2885,1153,3,2025-06-16,mobile,completed
2886,487,3,2025-06-25,mobile,completed
2887,1482,1,2025-06-26,mobile,completed
2888,4988,6,2025-06-26,sales_rep,completed
2889,2584,4,2025-06-01,mobile,completed
2890,23,2,2025-06-27,mobile,completed
2891,3718,2,2025-06-02,sales_rep,completed
2892,4213,3,2025-06-07,web,completed
2893,612,3,2025-06-22,web,completed
2894,2792,1,2025-06-16,sales_rep,completed
2895,3725,1,2025-06-08,web,completed
2896,4787,4,2025-06-18,web,completed
2897,3036,6,2025-06-16,mobile,completed
2898,1691,5,2025-06-15,partner,completed
2899,4551,1,2025-06-02,sales_rep,completed
2900,1805,1,2025-06-17,mobile,completed
2901,3167,5,2025-06-18,mobile,completed
2902,4202,5,2025-06-21,partner,completed
2903,2652,6,2025-06-08,mobile,completed
2904,3554,5,2025-06-14,partner,completed
2905,4209,2,2025-06-21,web,completed
2906,3003,6,2025-06-12,mobile,completed
2907,2101,6,2025-06-19,mobile,completed
2908,3222,2,2025-06-26,web,completed
2909,2006,1,2025-06-17,partner,completed
2910,3414,1,2025-06-12,sales_rep,completed
2911,408,1,2025-06-22,web,completed
2912,240,4,2025-06-08,web,completed
2913,2375,5,2025-06-16,partner,completed
2914,589,6,2025-06-06,partner,completed
2915,3654,4,2025-06-03,web,completed
2916,907,3,2025-06-19,mobile,completed
2917,2498,6,2025-06-10,partner,completed
2918,884,1,2025-06-06,sales_rep,completed
2919,4610,3,2025-06-04,mobile,completed
2920,4215,5,2025-06-22,partner,completed
2921,9,2,2025-06-03,web,completed
2922,1973,5,2025-06-16,web,completed
2923,4711,2,2025-06-08,web,completed
2924,2448,4,2025-06-01,web,completed
2925,4221,1,2025-06-30,mobile,completed
2926,447,2,2025-06-23,web,completed
2927,2146,3,2025-06-24,web,completed
2928,4353,4,2025-06-15,sales_rep,completed
2929,974,3,2025-06-01,sales_rep,completed
2930,52,2,2025-06-09,partner,completed
2931,3673,4,2025-06-19,partner,completed
2932,417,6,2025-06-10,web,completed
2933,1504,2,2025-06-05,sales_rep,completed
2934,4061,1,2025-06-17,sales_rep,completed
2935,4460,4,2025-06-03,partner,completed
2936,653,2,2025-06-14,partner,completed
2937,2485,3,2025-06-03,partner,completed
2938,3967,5,2025-06-02,web,completed
2939,1957,4,2025-06-09,mobile,completed
2940,1753,4,2025-06-07,mobile,completed
2941,2717,3,2025-06-21,sales_rep,completed
2942,3881,6,2025-06-23,partner,completed
2943,202,6,2025-06-16,web,completed
2944,252,3,2025-06-08,partner,completed
2945,534,2,2025-06-09,sales_rep,completed
2946,1707,6,2025-06-06,web,completed
2947,1391,2,2025-06-06,mobile,completed
2948,2407,3,2025-06-24,sales_rep,completed
2949,1505,4,2025-06-08,web,completed
2950,3129,4,2025-06-08,partner,completed
2951,1609,2,2025-06-03,partner,completed
2952,4182,3,2025-06-14,web,completed
2953,1549,3,2025-06-15,partner,completed
2954,1223,6,2025-06-07,mobile,completed
2955,4302,4,2025-06-07,partner,completed
2956,3295,2,2025-06-08,partner,completed
2957,240,4,2025-06-05,mobile,completed
2958,759,1,2025-06-23,web,completed
2959,244,4,2025-06-05,web,completed
2960,3976,5,2025-06-22,web,completed
2961,3138,3,2025-06-03,mobile,completed
2962,4667,2,2025-06-29,partner,completed
2963,1641,5,2025-06-20,mobile,completed
2964,237,4,2025-06-10,mobile,completed
2965,2295,5,2025-06-10,partner,completed
2966,400,2,2025-06-16,partner,completed
2967,723,6,2025-06-23,web,completed
2968,3938,3,2025-06-27,web,completed
2969,1895,1,2025-06-03,web,completed
2970,4402,1,2025-06-06,mobile,completed
2971,2569,3,2025-06-22,mobile,completed
2972,3242,2,2025-06-09,partner,completed
2973,4171,3,2025-06-30,partner,completed
2974,2306,1,2025-06-29,mobile,completed
2975,1600,5,2025-06-15,mobile,completed
2976,3846,3,2025-06-04,sales_rep,completed
2977,4154,6,2025-06-06,partner,completed
2978,1499,3,2025-06-07,web,completed
2979,4116,3,2025-06-06,sales_rep,completed
2980,4959,6,2025-06-03,sales_rep,completed
2981,969,6,2025-06-25,sales_rep,completed
2982,4240,2,2025-06-05,sales_rep,completed
2983,435,3,2025-06-14,web,completed
2984,4436,6,2025-06-19,partner,completed
2985,4455,4,2025-06-16,mobile,completed
2986,4275,1,2025-06-29,partner,completed
2987,1744,1,2025-06-23,sales_rep,completed
2988,4665,2,2025-06-19,sales_rep,completed
2989,2770,6,2025-06-06,web,completed
2990,323,4,2025-06-02,sales_rep,completed
2991,4247,2,2025-06-27,mobile,completed
2992,4544,4,2025-06-22,partner,completed
2993,1516,6,2025-06-03,partner,completed
2994,1244,3,2025-06-07,partner,completed
2995,2846,3,2025-06-16,sales_rep,completed
2996,1796,2,2025-06-01,partner,completed
2997,3196,2,2025-06-14,sales_rep,completed
2998,1853,3,2025-06-27,web,completed
2999,1089,4,2025-06-15,sales_rep,completed
3000,1163,6,2025-06-04,sales_rep,completed
3001,3289,2,2025-06-21,sales_rep,completed
3002,2193,2,2025-06-17,web,completed
3003,77,2,2025-06-25,sales_rep,completed
3004,2528,6,2025-06-04,web,completed
3005,3940,4,2025-06-01,mobile,completed
3006,744,2,2025-06-12,partner,completed
3007,1221,4,2025-06-06,mobile,completed
3008,1798,2,2025-06-29,partner,completed
3009,4636,5,2025-06-25,partner,completed
3010,1741,3,2025-06-11,partner,completed
3011,4189,1,2025-06-24,sales_rep,completed
3012,3374,4,2025-06-11,mobile,completed
3013,4961,3,2025-06-14,sales_rep,completed
3014,2904,4,2025-06-12,sales_rep,completed
3015,1585,4,2025-06-29,web,completed
3016,3581,6,2025-06-20,web,completed
3017,452,6,2025-06-23,mobile,completed
3018,3920,4,2025-06-28,web,completed
3019,1171,4,2025-06-01,mobile,completed
3020,3336,2,2025-06-06,web,completed
3021,2901,4,2025-06-19,partner,completed
3022,1207,4,2025-06-30,mobile,completed
3023,2407,3,2025-06-28,partner,completed
3024,2511,2,2025-06-03,partner,completed
3025,3836,5,2025-06-23,sales_rep,completed
3026,2333,2,2025-06-26,sales_rep,completed
3027,291,5,2025-06-21,partner,completed
3028,371,3,2025-06-16,mobile,completed
3029,3323,5,2025-06-04,partner,completed
3030,4473,3,2025-06-07,partner,completed
3031,2177,1,2025-06-07,web,completed
3032,458,4,2025-06-03,sales_rep,completed
3033,855,2,2025-06-24,sales_rep,completed
3034,4883,3,2025-06-08,sales_rep,completed
3035,3517,2,2025-06-18,sales_rep,completed
3036,159,4,2025-06-08,web,completed
3037,1298,5,2025-06-18,mobile,completed
3038,3649,6,2025-06-07,partner,completed
3039,3158,6,2025-06-27,mobile,completed
3040,1438,4,2025-06-20,sales_rep,completed
3041,3480,5,2025-06-16,partner,completed
3042,4524,6,2025-06-07,sales_rep,completed
3043,4501,5,2025-06-11,web,completed
3044,4121,5,2025-06-02,partner,completed
3045,1772,3,2025-06-27,partner,completed
3046,126,4,2025-06-16,web,completed
3047,1954,3,2025-06-13,mobile,completed
3048,110,5,2025-06-17,web,completed
3049,2851,2,2025-06-17,mobile,completed
3050,3016,3,2025-06-15,mobile,completed
3051,1709,2,2025-06-03,web,completed
3052,748,2,2025-06-11,web,completed
3053,2624,6,2025-06-29,mobile,completed
3054,71,5,2025-06-19,partner,completed
3055,1382,2,2025-06-26,web,completed
3056,4839,6,2025-06-05,web,completed
3057,4571,5,2025-06-03,partner,completed
3058,3165,1,2025-06-02,mobile,completed
3059,1871,1,2025-06-28,partner,completed
3060,55,3,2025-06-16,sales_rep,completed
3061,3251,3,2025-06-16,sales_rep,completed
3062,2453,1,2025-06-07,partner,completed
3063,3568,1,2025-06-05,partner,completed
3064,788,5,2025-06-19,partner,completed
3065,4152,4,2025-06-17,sales_rep,completed
3066,4026,1,2025-06-23,sales_rep,completed
3067,2141,5,2025-06-22,mobile,completed
3068,144,3,2025-06-29,sales_rep,completed
3069,2332,6,2025-06-08,mobile,completed
3070,1855,1,2025-06-28,web,completed
3071,3805,1,2025-06-28,sales_rep,completed
3072,1191,3,2025-06-17,web,completed
3073,91,3,2025-06-19,mobile,completed
3074,4905,2,2025-06-12,sales_rep,completed
3075,1207,4,2025-06-08,web,completed
3076,391,5,2025-06-24,web,completed
3077,4286,5,2025-06-17,web,completed
3078,3600,4,2025-06-01,mobile,completed
3079,1344,4,2025-06-23,web,completed
3080,2391,3,2025-06-20,partner,completed
3081,3442,1,2025-06-06,partner,completed
3082,4083,5,2025-06-17,sales_rep,completed
3083,1865,6,2025-06-18,mobile,completed
3084,1072,2,2025-06-23,web,completed
3085,74,1,2025-06-14,mobile,completed
3086,4277,1,2025-06-22,partner,completed
3087,4072,5,2025-06-10,sales_rep,completed
3088,4752,1,2025-06-15,sales_rep,completed
3089,3739,5,2025-06-09,web,completed
3090,1066,3,2025-06-09,partner,completed
3091,1202,3,2025-06-22,partner,completed
3092,1214,6,2025-06-08,sales_rep,completed
3093,2292,2,2025-06-16,web,completed
3094,4819,4,2025-06-15,mobile,completed
3095,3455,5,2025-06-02,mobile,completed
3096,2171,1,2025-06-05,mobile,completed
3097,3688,6,2025-06-19,mobile,completed
3098,4177,2,2025-06-19,sales_rep,completed
3099,2018,5,2025-06-26,web,completed
3100,4213,3,2025-06-27,mobile,completed
3101,92,5,2025-06-16,mobile,completed
3102,1555,3,2025-06-26,partner,completed
3103,850,4,2025-06-06,partner,completed
3104,894,6,2025-06-27,web,completed
3105,1014,2,2025-06-22,web,completed
3106,1833,4,2025-06-23,sales_rep,completed
3107,3625,5,2025-06-20,partner,completed
3108,2960,3,2025-06-04,partner,completed
3109,2206,5,2025-06-13,partner,completed
3110,2486,3,2025-06-16,mobile,completed
3111,917,4,2025-06-23,web,completed
3112,3684,4,2025-06-05,sales_rep,completed
3113,3776,2,2025-06-13,partner,completed
3114,2745,2,2025-06-06,web,completed
3115,4072,5,2025-06-02,mobile,completed
3116,4028,3,2025-06-01,sales_rep,completed
3117,4022,1,2025-06-03,sales_rep,completed
3118,520,4,2025-06-20,sales_rep,completed
3119,431,1,2025-06-24,mobile,completed
3120,2196,5,2025-06-17,mobile,completed
3121,285,3,2025-06-04,mobile,completed
3122,81,6,2025-06-01,sales_rep,completed
3123,655,4,2025-06-04,web,completed
3124,605,5,2025-06-05,partner,completed
3125,1630,1,2025-06-19,partner,completed
3126,708,4,2025-07-20,web,completed
3127,2137,4,2025-07-20,partner,completed
3128,4162,3,2025-07-30,web,completed
3129,1766,6,2025-07-17,mobile,completed
3130,2061,6,2025-07-12,partner,completed
3131,4796,2,2025-07-12,partner,completed
3132,1333,3,2025-07-01,sales_rep,completed
3133,1833,4,2025-07-07,partner,completed
3134,4218,3,2025-07-14,sales_rep,completed
3135,2592,3,2025-07-02,web,completed
3136,556,4,2025-07-24,web,completed
3137,1075,3,2025-07-07,mobile,completed
3138,4875,2,2025-07-15,mobile,completed
3139,4054,5,2025-07-19,sales_rep,completed
3140,4753,5,2025-07-27,mobile,completed
3141,2401,1,2025-07-21,mobile,completed
3142,3044,4,2025-07-25,web,completed
3143,688,4,2025-07-03,web,completed
3144,3561,1,2025-07-16,web,completed
3145,2848,3,2025-07-26,web,completed
3146,186,3,2025-07-11,partner,completed
3147,4236,1,2025-07-07,mobile,completed
3148,2186,2,2025-07-04,mobile,completed
3149,4967,2,2025-07-19,web,completed
3150,4424,3,2025-07-19,mobile,completed
3151,2103,2,2025-07-06,web,completed
3152,58,1,2025-07-31,partner,completed
3153,733,6,2025-07-21,partner,completed
3154,1454,2,2025-07-09,sales_rep,completed
3155,1488,1,2025-07-13,sales_rep,completed
3156,1770,2,2025-07-26,web,completed
3157,4776,1,2025-07-19,partner,completed
3158,3376,4,2025-07-28,mobile,completed
3159,956,4,2025-07-31,mobile,completed
3160,3525,2,2025-07-28,mobile,completed
3161,284,3,2025-07-20,sales_rep,completed
3162,326,2,2025-07-05,sales_rep,completed
3163,3223,5,2025-07-19,partner,completed
3164,1088,6,2025-07-25,partner,completed
3165,2187,2,2025-07-08,web,completed
3166,4128,1,2025-07-14,sales_rep,completed
3167,1944,1,2025-07-21,sales_rep,completed
3168,960,3,2025-07-27,partner,completed
3169,4997,5,2025-07-21,mobile,completed
3170,1433,2,2025-07-17,partner,completed
3171,3295,2,2025-07-26,partner,completed
3172,812,6,2025-07-22,mobile,completed
3173,811,1,2025-07-11,web,completed
3174,3772,2,2025-07-09,sales_rep,completed
3175,4490,3,2025-07-21,mobile,completed
3176,136,2,2025-07-22,web,completed
3177,4876,4,2025-07-09,sales_rep,completed
3178,1510,5,2025-07-04,web,completed
3179,4931,1,2025-07-26,partner,completed
3180,2662,5,2025-07-04,sales_rep,completed
3181,3829,5,2025-07-06,mobile,completed
3182,31,3,2025-07-13,sales_rep,completed
3183,789,4,2025-07-07,partner,completed
3184,4770,1,2025-07-30,sales_rep,completed
3185,825,4,2025-07-13,web,completed
3186,4347,1,2025-07-19,partner,completed
3187,592,6,2025-07-25,partner,completed
3188,3237,3,2025-07-08,mobile,completed
3189,1860,5,2025-07-08,mobile,completed
3190,2196,5,2025-07-29,mobile,completed
3191,3555,3,2025-07-18,partner,completed
3192,777,3,2025-07-30,partner,completed
3193,1722,5,2025-07-20,sales_rep,completed
3194,2769,3,2025-07-16,mobile,completed
3195,1801,1,2025-07-12,partner,completed
3196,1197,5,2025-07-26,partner,completed
3197,221,1,2025-07-17,partner,completed
3198,3191,1,2025-07-10,mobile,completed
3199,311,4,2025-07-02,web,completed
3200,728,1,2025-07-20,mobile,completed
3201,1188,4,2025-07-10,web,completed
3202,3586,2,2025-07-10,mobile,completed
3203,611,6,2025-07-28,web,completed
3204,1615,1,2025-07-23,sales_rep,completed
3205,370,5,2025-07-12,web,completed
3206,2510,1,2025-07-30,web,completed
3207,904,6,2025-07-13,sales_rep,completed
3208,810,6,2025-07-30,partner,completed
3209,1602,5,2025-07-23,web,completed
3210,1282,5,2025-07-07,web,completed
3211,245,4,2025-07-26,partner,completed
3212,2252,4,2025-07-12,web,completed
3213,2515,1,2025-07-23,partner,completed
3214,2291,3,2025-07-08,sales_rep,completed
3215,2211,5,2025-07-26,mobile,completed
3216,4999,5,2025-07-17,web,completed
3217,1375,6,2025-07-25,partner,completed
3218,1678,3,2025-07-19,web,completed
3219,2554,2,2025-07-29,sales_rep,completed
3220,422,5,2025-07-03,partner,completed
3221,4944,6,2025-07-25,web,completed
3222,2622,3,2025-07-23,partner,completed
3223,3483,5,2025-07-03,web,completed
3224,1610,1,2025-07-22,sales_rep,completed
3225,3459,6,2025-07-23,partner,completed
3226,4389,3,2025-07-28,web,completed
3227,2894,6,2025-07-26,sales_rep,completed
3228,1052,3,2025-07-12,sales_rep,completed
3229,3421,4,2025-07-24,sales_rep,completed
3230,4279,5,2025-07-17,web,completed
3231,3468,2,2025-07-20,partner,completed
3232,3318,3,2025-07-28,web,completed
3233,2319,6,2025-07-14,partner,completed
3234,940,4,2025-07-28,sales_rep,completed
3235,3595,2,2025-07-18,sales_rep,completed
3236,2027,4,2025-07-19,sales_rep,completed
3237,1154,6,2025-07-22,mobile,completed
3238,2463,3,2025-07-29,web,completed
3239,112,5,2025-07-08,web,completed
3240,2609,4,2025-07-03,web,completed
3241,2736,1,2025-07-20,mobile,completed
3242,1986,5,2025-07-02,sales_rep,completed
3243,3518,6,2025-07-04,partner,completed
3244,2924,4,2025-07-27,sales_rep,completed
3245,1830,6,2025-07-01,partner,completed
3246,3584,2,2025-07-29,partner,completed
3247,584,1,2025-07-25,web,completed
3248,2531,6,2025-07-26,partner,completed
3249,702,4,2025-07-25,partner,completed
3250,3013,1,2025-07-15,partner,completed
3251,89,5,2025-07-14,sales_rep,completed
3252,4298,5,2025-07-09,mobile,completed
3253,157,1,2025-07-29,mobile,completed
3254,2489,4,2025-07-22,mobile,completed
3255,3332,6,2025-07-07,sales_rep,completed
3256,2082,1,2025-07-22,mobile,completed
3257,1077,5,2025-07-02,sales_rep,completed
3258,1239,2,2025-07-24,web,completed
3259,4214,5,2025-07-15,sales_rep,completed
3260,657,5,2025-07-12,partner,completed
3261,3555,3,2025-07-04,partner,completed
3262,1462,2,2025-07-13,mobile,completed
3263,61,6,2025-07-01,partner,completed
3264,2031,4,2025-07-26,partner,completed
3265,474,3,2025-07-26,web,completed
3266,3822,1,2025-07-10,sales_rep,completed
3267,3846,3,2025-07-04,web,completed
3268,1088,6,2025-07-21,web,completed
3269,3867,4,2025-07-08,mobile,completed
3270,3511,6,2025-07-05,mobile,completed
3271,3382,5,2025-07-24,web,completed
3272,396,6,2025-07-15,sales_rep,completed
3273,640,6,2025-07-11,sales_rep,completed
3274,792,3,2025-07-08,partner,completed
3275,4091,5,2025-07-11,mobile,completed
3276,1632,6,2025-07-27,web,completed
3277,2649,6,2025-07-12,sales_rep,completed
3278,2350,4,2025-07-22,web,completed
3279,5000,3,2025-07-12,sales_rep,completed
3280,905,3,2025-07-21,sales_rep,completed
3281,3891,4,2025-07-21,sales_rep,completed
3282,561,4,2025-07-14,web,completed
3283,4890,3,2025-07-22,mobile,completed
3284,2830,1,2025-07-27,mobile,completed
3285,1319,3,2025-07-30,web,completed
3286,2060,3,2025-07-15,web,completed
3287,3642,6,2025-07-13,web,completed
3288,2080,1,2025-07-30,mobile,completed
3289,339,2,2025-07-30,partner,completed
3290,1540,4,2025-07-11,partner,completed
3291,4578,2,2025-07-16,partner,completed
3292,1857,3,2025-07-13,web,completed
3293,2454,3,2025-07-24,mobile,completed
3294,921,6,2025-07-24,partner,completed
3295,135,5,2025-07-28,web,completed
3296,1353,3,2025-07-15,partner,completed
3297,4341,1,2025-07-23,web,completed
3298,2712,1,2025-07-13,sales_rep,completed
3299,1886,2,2025-07-25,partner,completed
3300,2612,6,2025-07-17,sales_rep,completed
3301,4063,4,2025-07-20,sales_rep,completed
3302,4530,4,2025-07-26,partner,completed
3303,1589,6,2025-07-07,partner,completed
3304,4163,4,2025-07-18,sales_rep,completed
3305,4008,4,2025-07-07,web,completed
3306,36,1,2025-07-03,mobile,completed
3307,4471,3,2025-07-24,mobile,completed
3308,1149,5,2025-07-11,web,completed
3309,3830,1,2025-07-10,web,completed
3310,4439,3,2025-07-02,partner,completed
3311,2868,1,2025-07-22,partner,completed
3312,1574,5,2025-07-27,web,completed
3313,4277,1,2025-07-09,sales_rep,completed
3314,2389,6,2025-07-06,mobile,completed
3315,3841,6,2025-07-26,sales_rep,completed
3316,3375,5,2025-07-28,partner,completed
3317,1605,1,2025-07-29,partner,completed
3318,2717,3,2025-07-06,partner,completed
3319,1005,1,2025-07-15,web,completed
3320,25,5,2025-07-31,partner,completed
3321,3448,4,2025-07-01,mobile,completed
3322,1033,5,2025-07-14,web,completed
3323,2598,5,2025-07-12,web,completed
3324,503,6,2025-07-08,sales_rep,completed
3325,3274,3,2025-07-07,mobile,completed
3326,839,1,2025-07-30,partner,completed
3327,1244,3,2025-07-30,web,completed
3328,737,5,2025-07-28,partner,completed
3329,4586,4,2025-07-27,mobile,completed
3330,3114,6,2025-07-01,mobile,completed
3331,3329,3,2025-07-20,partner,completed
3332,2033,1,2025-07-15,mobile,completed
3333,4293,3,2025-07-10,partner,completed
3334,333,2,2025-07-10,sales_rep,completed
3335,2069,2,2025-07-17,web,completed
3336,412,2,2025-07-09,partner,completed
3337,3486,1,2025-07-19,partner,completed
3338,4752,1,2025-07-15,mobile,completed
3339,3832,2,2025-07-21,sales_rep,completed
3340,774,5,2025-07-20,partner,completed
3341,3941,4,2025-07-11,partner,completed
3342,1270,1,2025-07-14,web,completed
3343,1744,1,2025-07-15,mobile,completed
3344,2872,6,2025-07-21,web,completed
3345,2267,5,2025-07-23,mobile,completed
3346,936,6,2025-07-15,partner,completed
3347,2650,2,2025-07-08,web,completed
3348,988,2,2025-07-24,mobile,completed
3349,3591,1,2025-07-18,partner,completed
3350,363,2,2025-07-19,partner,completed
3351,4051,2,2025-07-17,mobile,completed
3352,4905,2,2025-07-02,partner,completed
3353,3733,3,2025-07-21,partner,completed
3354,3031,5,2025-07-01,sales_rep,completed
3355,2206,5,2025-07-02,sales_rep,completed
3356,2649,6,2025-07-05,web,completed
3357,2561,4,2025-07-29,sales_rep,completed
3358,4444,3,2025-07-08,partner,completed
3359,638,2,2025-07-06,mobile,completed
3360,2973,4,2025-07-06,partner,completed
3361,2750,6,2025-07-04,sales_rep,completed
3362,1316,2,2025-07-25,mobile,completed
3363,2065,4,2025-07-29,sales_rep,completed
3364,2362,5,2025-07-18,mobile,completed
3365,174,5,2025-07-29,partner,completed
3366,2388,6,2025-07-29,web,completed
3367,854,2,2025-07-06,sales_rep,completed
3368,1991,4,2025-07-29,web,completed
3369,1392,4,2025-07-27,sales_rep,completed
3370,3769,5,2025-07-27,mobile,completed
3371,4802,4,2025-07-22,partner,completed
3372,549,4,2025-07-05,web,completed
3373,1285,3,2025-07-21,mobile,completed
3374,797,6,2025-07-10,sales_rep,completed
3375,2418,2,2025-07-20,sales_rep,completed
3376,1861,5,2025-07-15,sales_rep,completed
3377,2276,3,2025-07-12,partner,completed
3378,356,6,2025-07-08,mobile,completed
3379,4355,3,2025-07-13,partner,completed
3380,4937,6,2025-07-21,mobile,completed
3381,4559,5,2025-07-31,sales_rep,completed
3382,2479,1,2025-07-11,sales_rep,completed
3383,3334,6,2025-07-13,sales_rep,completed
3384,251,2,2025-07-22,web,completed
3385,3054,3,2025-07-02,mobile,completed
3386,3040,2,2025-07-19,mobile,completed
3387,3674,1,2025-07-07,mobile,completed
3388,3906,5,2025-07-30,sales_rep,completed
3389,1,1,2025-07-16,sales_rep,completed
3390,2039,6,2025-07-14,partner,completed
3391,2427,1,2025-07-13,sales_rep,completed
3392,2403,5,2025-07-28,partner,completed
3393,2746,3,2025-07-18,sales_rep,completed
3394,3504,2,2025-07-13,web,completed
3395,2936,2,2025-07-26,web,completed
3396,1170,6,2025-07-26,mobile,completed
3397,3321,1,2025-07-31,sales_rep,completed
3398,2989,6,2025-07-21,partner,completed
3399,1000,4,2025-07-12,sales_rep,completed
3400,3155,1,2025-07-23,mobile,completed
3401,2607,4,2025-07-18,sales_rep,completed
3402,4024,2,2025-07-21,web,completed
3403,1960,2,2025-07-27,mobile,completed
3404,4456,1,2025-07-23,partner,completed
3405,2683,3,2025-07-27,sales_rep,completed
3406,4705,5,2025-07-30,sales_rep,completed
3407,509,2,2025-07-19,partner,completed
3408,632,2,2025-07-11,mobile,completed
3409,1092,3,2025-07-26,web,completed
3410,4082,2,2025-07-15,partner,completed
3411,2534,2,2025-07-08,mobile,completed
3412,3378,4,2025-07-14,partner,completed
3413,98,5,2025-07-09,sales_rep,completed
3414,1854,1,2025-07-21,sales_rep,completed
3415,1767,4,2025-07-31,mobile,completed
3416,4615,4,2025-07-21,web,completed
3417,524,5,2025-07-23,partner,completed
3418,4301,2,2025-07-22,sales_rep,completed
3419,1842,1,2025-07-08,sales_rep,completed
3420,3872,1,2025-07-18,partner,completed
3421,1455,4,2025-07-11,web,completed
3422,288,4,2025-07-19,mobile,completed
3423,3398,6,2025-07-09,partner,completed
3424,886,5,2025-07-27,sales_rep,completed
3425,740,6,2025-07-08,sales_rep,completed
3426,4592,1,2025-07-27,web,completed
3427,1134,5,2025-07-17,sales_rep,completed
3428,4912,4,2025-07-27,web,completed
3429,1742,5,2025-07-11,web,completed
3430,1387,4,2025-07-07,web,completed
3431,2272,2,2025-07-02,partner,completed
3432,1387,4,2025-07-08,mobile,completed
3433,4638,3,2025-07-05,mobile,completed
3434,3052,2,2025-07-10,web,completed
3435,3716,2,2025-07-25,web,completed
3436,381,1,2025-07-16,sales_rep,completed
3437,1196,4,2025-07-15,web,completed
3438,2977,3,2025-07-27,partner,completed
3439,2434,2,2025-07-15,partner,completed
3440,4844,2,2025-07-25,mobile,completed
3441,3615,5,2025-07-30,mobile,completed
3442,1485,3,2025-07-19,sales_rep,completed
3443,2270,6,2025-07-24,mobile,completed
3444,3714,2,2025-07-27,mobile,completed
3445,2049,5,2025-07-19,sales_rep,completed
3446,2625,6,2025-07-23,mobile,completed
3447,3997,1,2025-07-04,mobile,completed
3448,1437,3,2025-07-06,web,completed
3449,499,6,2025-07-25,web,completed
3450,2063,1,2025-07-18,web,completed
3451,1097,6,2025-07-22,partner,completed
3452,2756,6,2025-07-02,sales_rep,completed
3453,4266,6,2025-07-01,mobile,completed
3454,3808,1,2025-07-30,web,completed
3455,3647,4,2025-07-09,partner,completed
3456,2704,6,2025-07-27,sales_rep,completed
3457,4441,2,2025-07-15,sales_rep,completed
3458,4626,3,2025-07-18,web,completed
3459,3790,2,2025-07-16,partner,completed
3460,585,3,2025-07-21,sales_rep,completed
3461,1489,1,2025-07-22,sales_rep,completed
3462,4789,2,2025-07-18,mobile,completed
3463,364,6,2025-07-07,sales_rep,completed
3464,2754,4,2025-07-28,partner,completed
3465,3196,2,2025-07-07,sales_rep,completed
3466,1960,2,2025-07-19,web,completed
3467,3519,5,2025-07-11,mobile,completed
3468,381,1,2025-07-15,sales_rep,completed
3469,1096,1,2025-07-01,mobile,completed
3470,1482,1,2025-07-04,sales_rep,completed
3471,855,2,2025-07-26,sales_rep,completed
3472,2190,4,2025-07-11,partner,completed
3473,2343,4,2025-07-29,sales_rep,completed
3474,4686,5,2025-07-28,sales_rep,completed
3475,2428,3,2025-07-04,web,completed
3476,3783,1,2025-07-01,web,completed
3477,441,6,2025-07-02,sales_rep,completed
3478,296,4,2025-07-13,web,completed
3479,1975,4,2025-07-15,web,completed
3480,1640,2,2025-07-22,mobile,completed
3481,4617,2,2025-07-25,partner,completed
3482,2458,6,2025-07-11,mobile,completed
3483,2437,4,2025-07-17,web,completed
3484,4251,3,2025-07-22,sales_rep,completed
3485,4328,3,2025-07-15,mobile,completed
3486,3883,4,2025-07-13,partner,completed
3487,2190,4,2025-07-09,web,completed
3488,1081,6,2025-07-09,sales_rep,completed
3489,178,1,2025-07-22,sales_rep,completed
3490,253,2,2025-07-21,mobile,completed
3491,4078,4,2025-07-19,partner,completed
3492,662,5,2025-07-30,partner,completed
3493,2075,5,2025-07-19,web,completed
3494,2517,5,2025-07-07,mobile,completed
3495,2780,1,2025-07-28,mobile,completed
3496,450,2,2025-07-24,partner,completed
3497,2618,1,2025-07-24,partner,completed
3498,1249,2,2025-07-04,mobile,completed
3499,1704,2,2025-07-26,sales_rep,completed
3500,4107,1,2025-07-12,partner,completed
3501,2302,1,2025-07-12,mobile,completed
3502,2010,4,2025-07-11,sales_rep,completed
3503,81,6,2025-07-28,sales_rep,completed
3504,4981,6,2025-07-13,web,completed
3505,2969,5,2025-07-13,mobile,completed
3506,3780,3,2025-07-01,partner,completed
3507,2169,6,2025-07-04,sales_rep,completed
3508,1325,6,2025-07-09,sales_rep,completed
3509,1367,2,2025-07-25,web,completed
3510,38,5,2025-07-17,partner,completed
3511,4444,3,2025-07-08,web,completed
3512,2637,3,2025-07-25,sales_rep,completed
3513,1763,1,2025-07-23,partner,completed
3514,3530,1,2025-07-15,partner,completed
3515,648,4,2025-07-24,mobile,completed
3516,2349,2,2025-07-30,web,completed
3517,2184,4,2025-07-31,mobile,completed
3518,4533,5,2025-07-15,web,completed
3519,3990,3,2025-07-02,sales_rep,completed
3520,3840,6,2025-07-19,web,completed
3521,1300,1,2025-07-22,mobile,completed
3522,2602,2,2025-07-18,sales_rep,completed
3523,4903,4,2025-07-19,partner,completed
3524,95,6,2025-07-08,mobile,completed
3525,3258,2,2025-07-23,partner,completed
3526,1692,6,2025-07-09,sales_rep,completed
3527,3709,3,2025-07-15,partner,completed
3528,2473,3,2025-07-15,sales_rep,completed
3529,3503,2,2025-07-05,sales_rep,completed
3530,1252,3,2025-07-11,web,completed
3531,4412,4,2025-07-13,web,completed
3532,4189,1,2025-07-25,mobile,completed
3533,3188,3,2025-07-14,sales_rep,completed
3534,2123,4,2025-07-10,mobile,completed
3535,760,5,2025-07-22,partner,completed
3536,1020,1,2025-07-08,sales_rep,completed
3537,1995,5,2025-07-04,partner,completed
3538,3896,6,2025-07-22,web,completed
3539,4734,2,2025-07-19,sales_rep,completed
3540,3042,2,2025-07-16,mobile,completed
3541,4692,1,2025-07-02,partner,completed
3542,986,4,2025-07-11,web,completed
3543,3715,5,2025-07-14,sales_rep,completed
3544,2664,3,2025-07-22,mobile,completed
3545,703,2,2025-07-27,sales_rep,completed
3546,3473,5,2025-07-30,web,completed
3547,4518,1,2025-07-03,web,completed
3548,2243,3,2025-07-08,partner,completed
3549,1278,5,2025-07-06,partner,completed
3550,1512,2,2025-07-06,partner,completed
3551,3006,3,2025-07-11,mobile,completed
3552,3449,4,2025-07-08,mobile,completed
3553,1085,2,2025-07-11,sales_rep,completed
3554,3437,2,2025-07-11,sales_rep,completed
3555,3736,2,2025-07-20,partner,completed
3556,85,4,2025-07-01,web,completed
3557,1920,4,2025-07-13,sales_rep,completed
3558,1171,4,2025-07-18,web,completed
3559,3966,6,2025-07-30,sales_rep,completed
3560,3232,2,2025-07-01,sales_rep,completed
3561,2668,6,2025-07-13,mobile,completed
3562,1121,1,2025-07-07,mobile,completed
3563,2408,5,2025-07-12,web,completed
3564,4814,4,2025-07-31,web,completed
3565,4974,5,2025-07-10,partner,completed
3566,814,2,2025-07-11,sales_rep,completed
3567,2423,1,2025-07-07,sales_rep,completed
3568,3742,2,2025-07-07,mobile,completed
3569,1489,1,2025-07-20,mobile,completed
3570,4992,4,2025-07-11,sales_rep,completed
3571,2333,2,2025-07-22,partner,completed
3572,1733,5,2025-07-02,mobile,completed
3573,4709,5,2025-07-12,mobile,completed
3574,3016,3,2025-07-15,sales_rep,completed
3575,312,5,2025-07-30,sales_rep,completed
3576,529,6,2025-07-22,mobile,completed
3577,4902,4,2025-07-20,sales_rep,completed
3578,3110,2,2025-07-01,web,completed
3579,4350,3,2025-07-11,web,completed
3580,4938,4,2025-07-09,sales_rep,completed
3581,3723,5,2025-07-01,sales_rep,completed
3582,4865,6,2025-07-27,mobile,completed
3583,4773,2,2025-07-31,sales_rep,completed
3584,2059,3,2025-07-05,sales_rep,completed
3585,3194,2,2025-07-23,partner,completed
3586,4104,1,2025-07-31,partner,completed
3587,4738,3,2025-07-08,sales_rep,completed
3588,4133,5,2025-07-09,mobile,completed
3589,4037,5,2025-07-24,web,completed
3590,1637,1,2025-07-03,mobile,completed
3591,2144,4,2025-07-22,partner,completed
3592,4114,6,2025-07-10,partner,completed
3593,634,3,2025-07-01,partner,completed
3594,813,5,2025-07-03,web,completed
3595,3940,4,2025-07-04,mobile,completed
3596,4895,3,2025-07-11,partner,completed
3597,2092,2,2025-07-26,web,completed
3598,4321,4,2025-07-03,web,completed
3599,1777,2,2025-07-29,sales_rep,completed
3600,2553,2,2025-07-14,sales_rep,completed
3601,4870,5,2025-07-21,mobile,completed
3602,1927,3,2025-07-09,partner,completed
3603,4421,5,2025-07-03,sales_rep,completed
3604,4730,4,2025-07-04,web,completed
3605,3692,4,2025-07-05,mobile,completed
3606,356,6,2025-07-19,partner,completed
3607,4804,5,2025-07-22,web,completed
3608,2492,2,2025-07-22,partner,completed
3609,1449,5,2025-07-16,sales_rep,completed
3610,2435,3,2025-07-06,sales_rep,completed
3611,2203,1,2025-07-20,sales_rep,completed
3612,1907,2,2025-07-16,mobile,completed
3613,3388,5,2025-07-07,mobile,completed
3614,564,2,2025-07-09,web,completed
3615,3166,3,2025-07-13,partner,completed
3616,1257,2,2025-07-03,web,completed
3617,3959,1,2025-07-18,partner,completed
3618,4916,1,2025-07-07,mobile,completed
3619,2364,1,2025-07-07,sales_rep,completed
3620,4040,3,2025-07-21,partner,completed
3621,1603,5,2025-07-12,sales_rep,completed
3622,4192,3,2025-07-03,partner,completed
3623,2668,6,2025-07-03,sales_rep,completed
3624,2548,4,2025-07-30,sales_rep,completed
3625,509,2,2025-07-22,web,completed
3626,3310,6,2025-07-02,partner,completed
3627,3956,6,2025-07-06,sales_rep,completed
3628,2526,2,2025-07-16,web,completed
3629,798,3,2025-07-31,partner,completed
3630,3387,5,2025-07-07,mobile,completed
3631,3128,6,2025-07-14,partner,completed
3632,4318,3,2025-07-01,partner,completed
3633,4776,1,2025-07-09,web,completed
3634,1213,3,2025-07-26,web,completed
3635,1462,2,2025-07-01,partner,completed
3636,4755,2,2025-07-22,sales_rep,completed
3637,592,6,2025-07-13,web,completed
3638,4569,2,2025-07-06,sales_rep,completed
3639,772,6,2025-07-18,web,completed
3640,2097,6,2025-07-19,partner,completed
3641,692,5,2025-07-01,web,completed
3642,4885,1,2025-07-07,sales_rep,completed
3643,2503,5,2025-07-13,partner,completed
3644,4413,3,2025-07-22,web,completed
3645,157,1,2025-07-17,partner,completed
3646,201,3,2025-07-09,sales_rep,completed
3647,2662,5,2025-07-16,mobile,completed
3648,211,2,2025-07-17,sales_rep,completed
3649,2720,1,2025-07-26,mobile,completed
3650,3537,1,2025-07-02,partner,completed
3651,2443,1,2025-07-09,sales_rep,completed
3652,3919,1,2025-07-01,sales_rep,completed
3653,510,2,2025-07-13,sales_rep,completed
3654,1244,3,2025-07-08,partner,completed
3655,801,1,2025-07-06,mobile,completed
3656,2494,4,2025-07-19,sales_rep,completed
3657,1982,4,2025-07-22,web,completed
3658,2697,1,2025-07-05,mobile,completed
3659,766,5,2025-07-02,mobile,completed
3660,2228,6,2025-07-29,web,completed
3661,3827,3,2025-07-15,sales_rep,completed
3662,346,2,2025-07-30,partner,completed
3663,3936,6,2025-07-27,web,completed
3664,1095,2,2025-07-31,sales_rep,completed
3665,4343,3,2025-07-18,mobile,completed
3666,4073,6,2025-07-13,mobile,completed
3667,2236,5,2025-07-16,mobile,completed
3668,366,4,2025-07-15,sales_rep,completed
3669,1926,1,2025-07-28,partner,completed
3670,3111,4,2025-07-28,web,completed
3671,1698,1,2025-07-23,partner,completed
3672,3171,4,2025-07-28,mobile,completed
3673,4116,3,2025-07-05,sales_rep,completed
3674,4783,3,2025-07-30,web,completed
3675,1990,6,2025-07-18,web,completed
3676,4938,4,2025-07-09,sales_rep,completed
3677,1244,3,2025-07-25,web,completed
3678,4726,3,2025-07-24,mobile,completed
3679,714,5,2025-07-24,sales_rep,completed
3680,2707,5,2025-07-15,mobile,completed
3681,3365,1,2025-07-03,sales_rep,completed
3682,209,2,2025-07-11,mobile,completed
3683,2219,2,2025-07-05,web,completed
3684,1387,4,2025-07-14,mobile,completed
3685,4079,2,2025-07-11,web,completed
3686,2378,1,2025-07-13,web,completed
3687,520,4,2025-07-20,mobile,completed
3688,196,1,2025-07-27,mobile,completed
3689,119,2,2025-07-05,partner,completed
3690,186,3,2025-07-26,sales_rep,completed
3691,2425,3,2025-07-14,sales_rep,completed
3692,1621,2,2025-07-21,partner,completed
3693,1043,3,2025-07-22,partner,completed
3694,1937,3,2025-07-07,partner,completed
3695,2187,2,2025-07-15,sales_rep,completed
3696,2905,4,2025-07-25,mobile,completed
3697,2490,3,2025-07-23,mobile,completed
3698,4665,2,2025-07-13,sales_rep,completed
3699,1871,1,2025-07-10,web,completed
3700,1956,3,2025-07-02,web,completed
3701,2061,6,2025-07-10,web,completed
3702,241,1,2025-07-19,web,completed
3703,3747,3,2025-07-30,sales_rep,completed
3704,2701,6,2025-07-22,sales_rep,completed
3705,1994,4,2025-07-13,mobile,completed
3706,1790,5,2025-07-31,partner,completed
3707,2594,1,2025-07-01,partner,completed
3708,4506,3,2025-07-21,web,completed
3709,1992,3,2025-07-19,mobile,completed
3710,2158,4,2025-07-29,web,completed
3711,669,6,2025-07-15,web,completed
3712,1609,2,2025-07-21,sales_rep,completed
3713,3747,3,2025-07-02,web,completed
3714,3620,1,2025-07-09,web,completed
3715,4028,3,2025-07-21,partner,completed
3716,2467,2,2025-07-20,sales_rep,completed
3717,4501,5,2025-07-25,web,completed
3718,2776,2,2025-07-21,mobile,completed
3719,654,5,2025-07-22,partner,completed
3720,761,2,2025-07-17,mobile,completed
3721,2482,6,2025-07-14,sales_rep,completed
3722,1876,1,2025-07-26,sales_rep,completed
3723,537,3,2025-07-11,mobile,completed
3724,233,1,2025-07-06,web,completed
3725,3093,5,2025-07-06,partner,completed
3726,3775,3,2025-07-22,web,completed
3727,1101,3,2025-07-14,web,completed
3728,1228,6,2025-07-08,mobile,completed
3729,2674,2,2025-07-25,partner,completed
3730,603,5,2025-07-27,sales_rep,completed
3731,4189,1,2025-07-11,sales_rep,completed
3732,2948,3,2025-07-02,partner,completed
3733,1808,3,2025-07-18,mobile,completed
3734,2898,4,2025-07-12,web,completed
3735,815,5,2025-07-31,web,completed
3736,1579,1,2025-07-02,sales_rep,completed
3737,2660,1,2025-07-02,mobile,completed
3738,4812,2,2025-07-20,partner,completed
3739,4220,1,2025-07-13,partner,completed
3740,3178,2,2025-07-27,mobile,completed
3741,1677,1,2025-07-11,mobile,completed
3742,4632,2,2025-07-08,web,completed
3743,644,3,2025-07-25,web,completed
3744,1503,2,2025-07-17,sales_rep,completed
3745,2150,6,2025-07-09,mobile,completed
3746,2760,3,2025-07-03,mobile,completed
3747,3371,6,2025-07-04,web,completed
3748,2068,6,2025-07-16,sales_rep,completed
3749,4714,3,2025-07-21,mobile,completed
3750,2067,5,2025-07-10,partner,completed
3751,3785,6,2025-08-17,web,completed
3752,1331,3,2025-08-09,web,completed
3753,394,4,2025-08-26,sales_rep,completed
3754,2003,3,2025-08-19,sales_rep,completed
3755,4820,6,2025-08-01,mobile,completed
3756,2314,1,2025-08-04,web,completed
3757,930,4,2025-08-08,partner,completed
3758,1613,5,2025-08-23,web,completed
3759,3474,6,2025-08-25,web,completed
3760,1424,5,2025-08-13,web,completed
3761,1158,6,2025-08-30,sales_rep,completed
3762,1234,5,2025-08-03,mobile,completed
3763,410,1,2025-08-07,sales_rep,completed
3764,3451,3,2025-08-05,partner,completed
3765,1603,5,2025-08-02,web,completed
3766,1530,6,2025-08-29,mobile,completed
3767,1643,3,2025-08-25,mobile,completed
3768,3472,5,2025-08-20,web,completed
3769,4371,4,2025-08-28,partner,completed
3770,3715,5,2025-08-31,partner,completed
3771,2839,2,2025-08-02,mobile,completed
3772,3572,6,2025-08-01,sales_rep,completed
3773,1135,4,2025-08-04,mobile,completed
3774,4573,3,2025-08-21,partner,completed
3775,3063,3,2025-08-14,sales_rep,completed
3776,4773,2,2025-08-17,partner,completed
3777,1340,3,2025-08-13,mobile,completed
3778,735,2,2025-08-27,web,completed
3779,3574,2,2025-08-16,web,completed
3780,1603,5,2025-08-01,web,completed
3781,1040,5,2025-08-17,sales_rep,completed
3782,3939,5,2025-08-11,web,completed
3783,2665,2,2025-08-19,sales_rep,completed
3784,3910,6,2025-08-15,sales_rep,completed
3785,1219,5,2025-08-27,mobile,completed
3786,355,6,2025-08-04,mobile,completed
3787,2049,5,2025-08-30,web,completed
3788,4811,2,2025-08-30,partner,completed
3789,2929,2,2025-08-09,sales_rep,completed
3790,4282,6,2025-08-09,mobile,completed
3791,4216,6,2025-08-10,sales_rep,completed
3792,4497,2,2025-08-28,partner,completed
3793,2295,5,2025-08-24,mobile,completed
3794,1022,1,2025-08-31,web,completed
3795,4499,2,2025-08-23,web,completed
3796,2505,1,2025-08-10,web,completed
3797,1601,2,2025-08-23,partner,completed
3798,2203,1,2025-08-31,web,completed
3799,3913,2,2025-08-06,sales_rep,completed
3800,1802,3,2025-08-24,mobile,completed
3801,4158,2,2025-08-18,mobile,completed
3802,1137,5,2025-08-30,sales_rep,completed
3803,1589,6,2025-08-13,sales_rep,completed
3804,699,1,2025-08-25,partner,completed
3805,4357,6,2025-08-19,partner,completed
3806,4353,4,2025-08-16,mobile,completed
3807,1036,5,2025-08-27,web,completed
3808,2653,6,2025-08-16,web,completed
3809,3958,5,2025-08-27,partner,completed
3810,3005,5,2025-08-25,sales_rep,completed
3811,3227,4,2025-08-02,mobile,completed
3812,1309,3,2025-08-27,mobile,completed
3813,147,1,2025-08-29,mobile,completed
3814,4676,3,2025-08-24,web,completed
3815,4566,3,2025-08-04,partner,completed
3816,4682,2,2025-08-23,mobile,completed
3817,216,2,2025-08-17,partner,completed
3818,3358,6,2025-08-31,partner,completed
3819,1255,4,2025-08-02,partner,completed
3820,1603,5,2025-08-08,web,completed
3821,2064,5,2025-08-02,partner,completed
3822,1165,4,2025-08-30,mobile,completed
3823,2975,1,2025-08-20,sales_rep,completed
3824,2977,3,2025-08-06,mobile,completed
3825,4641,6,2025-08-03,sales_rep,completed
3826,4165,5,2025-08-03,partner,completed
3827,3512,4,2025-08-17,partner,completed
3828,4835,6,2025-08-06,web,completed
3829,2142,6,2025-08-03,mobile,completed
3830,341,4,2025-08-12,mobile,completed
3831,4396,4,2025-08-06,sales_rep,completed
3832,1671,5,2025-08-24,mobile,completed
3833,2232,1,2025-08-12,mobile,completed
3834,1956,3,2025-08-14,web,completed
3835,4556,2,2025-08-13,partner,completed
3836,1846,4,2025-08-17,sales_rep,completed
3837,3420,2,2025-08-06,web,completed
3838,3339,6,2025-08-26,web,completed
3839,2780,1,2025-08-01,mobile,completed
3840,2737,4,2025-08-06,sales_rep,completed
3841,362,6,2025-08-12,partner,completed
3842,4457,4,2025-08-27,web,completed
3843,1668,5,2025-08-21,mobile,completed
3844,1113,2,2025-08-18,partner,completed
3845,1098,5,2025-08-25,web,completed
3846,1997,4,2025-08-16,web,completed
3847,3120,6,2025-08-15,sales_rep,completed
3848,2706,2,2025-08-10,mobile,completed
3849,4176,3,2025-08-27,web,completed
3850,4084,5,2025-08-21,partner,completed
3851,1678,3,2025-08-29,mobile,completed
3852,4117,1,2025-08-28,partner,completed
3853,3410,3,2025-08-30,partner,completed
3854,4297,3,2025-08-05,sales_rep,completed
3855,2,5,2025-08-05,partner,completed
3856,2596,1,2025-08-01,web,completed
3857,3128,6,2025-08-27,web,completed
3858,1208,5,2025-08-09,sales_rep,completed
3859,3278,2,2025-08-07,sales_rep,completed
3860,3632,4,2025-08-23,partner,completed
3861,695,1,2025-08-03,mobile,completed
3862,4774,6,2025-08-09,sales_rep,completed
3863,4729,1,2025-08-12,partner,completed
3864,1427,5,2025-08-17,web,completed
3865,999,6,2025-08-27,partner,completed
3866,992,4,2025-08-19,mobile,completed
3867,183,3,2025-08-05,sales_rep,completed
3868,113,4,2025-08-03,partner,completed
3869,1562,2,2025-08-20,web,completed
3870,3333,2,2025-08-25,sales_rep,completed
3871,3406,3,2025-08-25,mobile,completed
3872,2726,4,2025-08-17,mobile,completed
3873,3251,3,2025-08-05,sales_rep,completed
3874,674,1,2025-08-09,web,completed
3875,4975,5,2025-08-16,mobile,completed
3876,998,3,2025-08-12,mobile,completed
3877,1835,3,2025-08-05,partner,completed
3878,3312,3,2025-08-17,mobile,completed
3879,637,2,2025-08-01,sales_rep,completed
3880,2181,5,2025-08-17,sales_rep,completed
3881,4670,3,2025-08-27,partner,completed
3882,1167,1,2025-08-19,sales_rep,completed
3883,3099,2,2025-08-28,partner,completed
3884,3030,6,2025-08-05,web,completed
3885,386,1,2025-08-02,partner,completed
3886,264,6,2025-08-09,sales_rep,completed
3887,732,3,2025-08-20,sales_rep,completed
3888,82,3,2025-08-11,web,completed
3889,2659,5,2025-08-29,web,completed
3890,1305,4,2025-08-24,web,completed
3891,2992,4,2025-08-11,mobile,completed
3892,1448,6,2025-08-20,mobile,completed
3893,1751,6,2025-08-16,partner,completed
3894,522,1,2025-08-28,sales_rep,completed
3895,3977,4,2025-08-06,partner,completed
3896,575,1,2025-08-08,mobile,completed
3897,4564,2,2025-08-06,mobile,completed
3898,840,6,2025-08-22,partner,completed
3899,4953,5,2025-08-23,web,completed
3900,3624,3,2025-08-02,sales_rep,completed
3901,4117,1,2025-08-29,partner,completed
3902,4031,4,2025-08-25,sales_rep,completed
3903,2228,6,2025-08-12,sales_rep,completed
3904,909,3,2025-08-19,mobile,completed
3905,3383,6,2025-08-14,sales_rep,completed
3906,3284,1,2025-08-11,partner,completed
3907,4037,5,2025-08-30,partner,completed
3908,1169,6,2025-08-11,mobile,completed
3909,4096,4,2025-08-31,sales_rep,completed
3910,4401,3,2025-08-24,partner,completed
3911,3656,3,2025-08-07,mobile,completed
3912,1345,2,2025-08-31,sales_rep,completed
3913,1235,4,2025-08-02,partner,completed
3914,649,6,2025-08-18,partner,completed
3915,4148,6,2025-08-26,mobile,completed
3916,2196,5,2025-08-27,mobile,completed
3917,1534,2,2025-08-24,mobile,completed
3918,772,6,2025-08-05,sales_rep,completed
3919,2471,6,2025-08-22,sales_rep,completed
3920,992,4,2025-08-01,sales_rep,completed
3921,4180,3,2025-08-01,sales_rep,completed
3922,1696,5,2025-08-21,mobile,completed
3923,2230,6,2025-08-30,sales_rep,completed
3924,3304,2,2025-08-30,sales_rep,completed
3925,3497,1,2025-08-09,web,completed
3926,585,3,2025-08-13,sales_rep,completed
3927,382,6,2025-08-25,partner,completed
3928,1421,6,2025-08-21,partner,completed
3929,3735,2,2025-08-15,partner,completed
3930,4292,6,2025-08-30,partner,completed
3931,4862,5,2025-08-01,partner,completed
3932,1369,6,2025-08-08,mobile,completed
3933,3818,5,2025-08-14,sales_rep,completed
3934,843,6,2025-08-01,sales_rep,completed
3935,947,6,2025-08-16,sales_rep,completed
3936,2669,1,2025-08-06,web,completed
3937,489,5,2025-08-06,mobile,completed
3938,167,2,2025-08-13,mobile,completed
3939,4977,4,2025-08-25,partner,completed
3940,4020,5,2025-08-25,partner,completed
3941,3380,3,2025-08-22,mobile,completed
3942,1113,2,2025-08-01,sales_rep,completed
3943,382,6,2025-08-21,web,completed
3944,665,4,2025-08-27,partner,completed
3945,2108,1,2025-08-23,partner,completed
3946,4042,4,2025-08-05,sales_rep,completed
3947,2969,5,2025-08-15,mobile,completed
3948,4214,5,2025-08-24,web,completed
3949,4546,5,2025-08-31,partner,completed
3950,3674,1,2025-08-12,partner,completed
3951,500,3,2025-08-05,sales_rep,completed
3952,1173,3,2025-08-15,mobile,completed
3953,1687,3,2025-08-14,web,completed
3954,2635,1,2025-08-04,mobile,completed
3955,3965,2,2025-08-09,web,completed
3956,4846,5,2025-08-10,partner,completed
3957,4917,1,2025-08-30,partner,completed
3958,2389,6,2025-08-25,web,completed
3959,4958,3,2025-08-13,mobile,completed
3960,4749,6,2025-08-29,sales_rep,completed
3961,834,1,2025-08-28,web,completed
3962,3382,5,2025-08-07,partner,completed
3963,2195,4,2025-08-04,partner,completed
3964,4225,5,2025-08-18,web,completed
3965,4341,1,2025-08-13,mobile,completed
3966,963,6,2025-08-16,sales_rep,completed
3967,3019,4,2025-08-13,partner,completed
3968,4634,2,2025-08-21,sales_rep,completed
3969,3337,4,2025-08-04,mobile,completed
3970,4267,3,2025-08-17,web,completed
3971,3617,1,2025-08-14,sales_rep,completed
3972,3926,4,2025-08-22,partner,completed
3973,4237,6,2025-08-27,mobile,completed
3974,4707,3,2025-08-09,mobile,completed
3975,991,3,2025-08-24,mobile,completed
3976,3945,1,2025-08-04,web,completed
3977,1920,4,2025-08-22,web,completed
3978,2884,1,2025-08-09,web,completed
3979,3286,3,2025-08-26,sales_rep,completed
3980,3244,4,2025-08-08,partner,completed
3981,985,4,2025-08-18,sales_rep,completed
3982,4105,1,2025-08-19,sales_rep,completed
3983,3576,5,2025-08-31,partner,completed
3984,3746,6,2025-08-14,web,completed
3985,3083,2,2025-08-10,web,completed
3986,2959,4,2025-08-16,sales_rep,completed
3987,1388,2,2025-08-20,sales_rep,completed
3988,2991,3,2025-08-24,web,completed
3989,1404,2,2025-08-21,partner,completed
3990,4402,1,2025-08-02,partner,completed
3991,251,2,2025-08-10,mobile,completed
3992,50,5,2025-08-28,sales_rep,completed
3993,3644,3,2025-08-08,sales_rep,completed
3994,3590,6,2025-08-15,partner,completed
3995,2798,4,2025-08-22,sales_rep,completed
3996,2829,4,2025-08-30,partner,completed
3997,175,5,2025-08-26,web,completed
3998,4192,3,2025-08-16,partner,completed
3999,4236,1,2025-08-10,web,completed
4000,1028,2,2025-08-23,partner,completed
4001,78,2,2025-08-17,sales_rep,completed
4002,2627,6,2025-08-22,mobile,completed
4003,1264,5,2025-08-13,partner,completed
4004,639,5,2025-08-27,sales_rep,completed
4005,564,2,2025-08-04,sales_rep,completed
4006,3297,2,2025-08-01,mobile,completed
4007,1796,2,2025-08-28,sales_rep,completed
4008,3819,4,2025-08-31,sales_rep,completed
4009,1572,3,2025-08-05,web,completed
4010,3118,4,2025-08-11,web,completed
4011,1361,1,2025-08-14,web,completed
4012,2774,5,2025-08-07,sales_rep,completed
4013,3495,6,2025-08-20,mobile,completed
4014,1717,4,2025-08-29,web,completed
4015,4440,2,2025-08-24,mobile,completed
4016,3199,6,2025-08-25,partner,completed
4017,1008,4,2025-08-23,web,completed
4018,4498,3,2025-08-20,partner,completed
4019,2494,4,2025-08-30,mobile,completed
4020,3608,5,2025-08-29,partner,completed
4021,1729,3,2025-08-19,mobile,completed
4022,115,4,2025-08-09,sales_rep,completed
4023,2817,5,2025-08-30,web,completed
4024,2544,3,2025-08-31,web,completed
4025,3620,1,2025-08-06,sales_rep,completed
4026,3683,2,2025-08-26,mobile,completed
4027,3442,1,2025-08-22,sales_rep,completed
4028,2521,3,2025-08-30,mobile,completed
4029,31,3,2025-08-15,partner,completed
4030,2957,1,2025-08-04,partner,completed
4031,4749,6,2025-08-15,web,completed
4032,4558,6,2025-08-25,partner,completed
4033,407,3,2025-08-24,sales_rep,completed
4034,4370,4,2025-08-20,mobile,completed
4035,723,6,2025-08-03,sales_rep,completed
4036,407,3,2025-08-22,mobile,completed
4037,133,1,2025-08-24,web,completed
4038,2553,2,2025-08-24,sales_rep,completed
4039,884,1,2025-08-14,partner,completed
4040,3112,5,2025-08-03,web,completed
4041,2335,4,2025-08-16,web,completed
4042,4261,2,2025-08-04,sales_rep,completed
4043,1053,4,2025-08-07,web,completed
4044,1328,1,2025-08-06,web,completed
4045,2589,6,2025-08-16,partner,completed
4046,700,1,2025-08-29,web,completed
4047,2292,2,2025-08-15,partner,completed
4048,2986,4,2025-08-07,web,completed
4049,3087,2,2025-08-05,partner,completed
4050,2339,1,2025-08-07,partner,completed
4051,506,3,2025-08-16,partner,completed
4052,1289,1,2025-08-29,sales_rep,completed
4053,358,6,2025-08-30,sales_rep,completed
4054,4715,1,2025-08-09,web,completed
4055,2907,4,2025-08-21,partner,completed
4056,1588,1,2025-08-03,partner,completed
4057,1510,5,2025-08-08,mobile,completed
4058,277,3,2025-08-15,partner,completed
4059,2365,5,2025-08-14,sales_rep,completed
4060,294,2,2025-08-09,sales_rep,completed
4061,3510,3,2025-08-20,mobile,completed
4062,1006,6,2025-08-19,web,completed
4063,502,4,2025-08-03,web,completed
4064,584,1,2025-08-07,mobile,completed
4065,143,2,2025-08-31,partner,completed
4066,1974,3,2025-08-17,partner,completed
4067,295,4,2025-08-07,web,completed
4068,403,2,2025-08-17,partner,completed
4069,1095,2,2025-08-31,sales_rep,completed
4070,2806,6,2025-08-17,partner,completed
4071,1101,3,2025-08-15,sales_rep,completed
4072,2042,6,2025-08-22,sales_rep,completed
4073,2147,2,2025-08-17,mobile,completed
4074,2990,3,2025-08-11,partner,completed
4075,234,5,2025-08-26,mobile,completed
4076,4947,3,2025-08-28,partner,completed
4077,463,5,2025-08-01,mobile,completed
4078,4960,6,2025-08-26,web,completed
4079,1426,5,2025-08-01,mobile,completed
4080,2086,4,2025-08-08,mobile,completed
4081,335,3,2025-08-26,partner,completed
4082,1836,1,2025-08-14,partner,completed
4083,4495,2,2025-08-17,partner,completed
4084,3408,4,2025-08-23,mobile,completed
4085,3116,3,2025-08-27,sales_rep,completed
4086,1839,2,2025-08-10,mobile,completed
4087,4630,3,2025-08-31,web,completed
4088,3892,6,2025-08-22,web,completed
4089,1261,2,2025-08-07,sales_rep,completed
4090,3009,4,2025-08-28,web,completed
4091,1983,1,2025-08-18,mobile,completed
4092,998,3,2025-08-24,sales_rep,completed
4093,3279,6,2025-08-26,sales_rep,completed
4094,2075,5,2025-08-20,mobile,completed
4095,490,4,2025-08-12,mobile,completed
4096,4319,6,2025-08-11,partner,completed
4097,3031,5,2025-08-04,sales_rep,completed
4098,2767,3,2025-08-08,partner,completed
4099,4998,5,2025-08-27,web,completed
4100,3550,4,2025-08-19,web,completed
4101,4896,3,2025-08-30,mobile,completed
4102,3550,4,2025-08-08,partner,completed
4103,847,1,2025-08-30,mobile,completed
4104,2411,4,2025-08-20,sales_rep,completed
4105,2546,3,2025-08-22,partner,completed
4106,1478,3,2025-08-28,partner,completed
4107,1547,5,2025-08-16,sales_rep,completed
4108,2982,1,2025-08-05,mobile,completed
4109,2059,3,2025-08-27,partner,completed
4110,566,2,2025-08-02,partner,completed
4111,2907,4,2025-08-30,web,completed
4112,2987,5,2025-08-24,sales_rep,completed
4113,4084,5,2025-08-06,web,completed
4114,514,5,2025-08-25,partner,completed
4115,2287,6,2025-08-17,partner,completed
4116,4509,2,2025-08-13,web,completed
4117,1325,6,2025-08-01,partner,completed
4118,3720,2,2025-08-13,partner,completed
4119,1719,3,2025-08-01,web,completed
4120,907,3,2025-08-22,partner,completed
4121,3555,3,2025-08-14,mobile,completed
4122,3924,3,2025-08-29,mobile,completed
4123,4575,5,2025-08-29,mobile,completed
4124,3630,5,2025-08-06,mobile,completed
4125,1534,2,2025-08-01,sales_rep,completed
4126,3643,6,2025-08-18,sales_rep,completed
4127,163,3,2025-08-29,sales_rep,completed
4128,1677,1,2025-08-07,partner,completed
4129,1066,3,2025-08-07,mobile,completed
4130,2614,4,2025-08-28,mobile,completed
4131,3451,3,2025-08-28,partner,completed
4132,2929,2,2025-08-28,partner,completed
4133,906,5,2025-08-28,web,completed
4134,1885,4,2025-08-17,web,completed
4135,453,3,2025-08-12,sales_rep,completed
4136,2802,3,2025-08-23,partner,completed
4137,3716,2,2025-08-08,sales_rep,completed
4138,1221,4,2025-08-08,partner,completed
4139,2640,6,2025-08-14,web,completed
4140,4375,2,2025-08-03,partner,completed
4141,572,3,2025-08-16,sales_rep,completed
4142,4802,4,2025-08-13,partner,completed
4143,1660,2,2025-08-14,mobile,completed
4144,1634,6,2025-08-24,sales_rep,completed
4145,3572,6,2025-08-07,web,completed
4146,1712,3,2025-08-29,partner,completed
4147,2031,4,2025-08-28,partner,completed
4148,1082,6,2025-08-31,web,completed
4149,675,4,2025-08-17,mobile,completed
4150,4324,2,2025-08-06,web,completed
4151,487,3,2025-08-24,partner,completed
4152,817,1,2025-08-21,sales_rep,completed
4153,4125,5,2025-08-10,partner,completed
4154,3995,4,2025-08-26,web,completed
4155,1079,3,2025-08-11,sales_rep,completed
4156,4162,3,2025-08-23,partner,completed
4157,3626,5,2025-08-29,sales_rep,completed
4158,1582,2,2025-08-04,sales_rep,completed
4159,396,6,2025-08-15,mobile,completed
4160,3884,3,2025-08-16,web,completed
4161,3404,6,2025-08-22,web,completed
4162,2265,1,2025-08-06,mobile,completed
4163,1371,6,2025-08-05,sales_rep,completed
4164,1743,3,2025-08-02,partner,completed
4165,1365,4,2025-08-06,sales_rep,completed
4166,4467,5,2025-08-14,partner,completed
4167,1020,1,2025-08-02,mobile,completed
4168,2268,5,2025-08-08,web,completed
4169,3205,2,2025-08-20,sales_rep,completed
4170,277,3,2025-08-13,partner,completed
4171,2510,1,2025-08-23,partner,completed
4172,3173,3,2025-08-11,sales_rep,completed
4173,2639,1,2025-08-23,partner,completed
4174,3291,3,2025-08-30,sales_rep,completed
4175,2441,3,2025-08-03,partner,completed
4176,3174,3,2025-08-25,partner,completed
4177,4888,4,2025-08-25,sales_rep,completed
4178,1802,3,2025-08-28,partner,completed
4179,1785,5,2025-08-22,partner,completed
4180,3394,2,2025-08-04,mobile,completed
4181,448,6,2025-08-13,mobile,completed
4182,1456,1,2025-08-26,sales_rep,completed
4183,834,1,2025-08-10,web,completed
4184,2322,1,2025-08-22,partner,completed
4185,609,6,2025-08-09,sales_rep,completed
4186,1084,4,2025-08-01,web,completed
4187,2126,2,2025-08-31,mobile,completed
4188,3067,5,2025-08-09,mobile,completed
4189,2152,2,2025-08-22,partner,completed
4190,4053,5,2025-08-25,partner,completed
4191,4000,4,2025-08-08,sales_rep,completed
4192,489,5,2025-08-04,mobile,completed
4193,3478,4,2025-08-11,partner,completed
4194,136,2,2025-08-19,web,completed
4195,868,6,2025-08-21,partner,completed
4196,3806,6,2025-08-04,partner,completed
4197,2914,2,2025-08-03,mobile,completed
4198,1615,1,2025-08-25,partner,completed
4199,768,3,2025-08-03,sales_rep,completed
4200,1620,6,2025-08-25,mobile,completed
4201,3897,4,2025-08-24,sales_rep,completed
4202,2824,6,2025-08-20,web,completed
4203,651,3,2025-08-25,sales_rep,completed
4204,2434,2,2025-08-08,partner,completed
4205,1006,6,2025-08-04,partner,completed
4206,608,4,2025-08-15,sales_rep,completed
4207,433,5,2025-08-07,web,completed
4208,3803,5,2025-08-06,sales_rep,completed
4209,802,2,2025-08-19,mobile,completed
4210,882,6,2025-08-21,sales_rep,completed
4211,4331,2,2025-08-01,partner,completed
4212,4131,1,2025-08-12,mobile,completed
4213,2512,6,2025-08-13,mobile,completed
4214,3822,1,2025-08-31,web,completed
4215,115,4,2025-08-29,sales_rep,completed
4216,837,5,2025-08-08,mobile,completed
4217,1768,3,2025-08-28,partner,completed
4218,3792,2,2025-08-27,mobile,completed
4219,453,3,2025-08-22,partner,completed
4220,3305,1,2025-08-31,partner,completed
4221,351,4,2025-08-31,mobile,completed
4222,4910,4,2025-08-17,partner,completed
4223,1044,3,2025-08-01,web,completed
4224,3560,3,2025-08-09,sales_rep,completed
4225,3114,6,2025-08-05,web,completed
4226,1952,4,2025-08-06,partner,completed
4227,3817,3,2025-08-20,sales_rep,completed
4228,3101,3,2025-08-21,web,completed
4229,2253,2,2025-08-28,mobile,completed
4230,3310,6,2025-08-14,web,completed
4231,1435,2,2025-08-11,sales_rep,completed
4232,3729,3,2025-08-24,mobile,completed
4233,3504,2,2025-08-25,sales_rep,completed
4234,2344,5,2025-08-08,web,completed
4235,3290,2,2025-08-22,sales_rep,completed
4236,4139,6,2025-08-22,partner,completed
4237,3211,6,2025-08-25,mobile,completed
4238,1435,2,2025-08-16,sales_rep,completed
4239,1384,6,2025-08-15,web,completed
4240,4817,6,2025-08-20,web,completed
4241,4043,5,2025-08-24,web,completed
4242,1553,4,2025-08-26,sales_rep,completed
4243,3584,2,2025-08-31,partner,completed
4244,188,3,2025-08-25,web,completed
4245,3463,6,2025-08-06,web,completed
4246,1001,5,2025-08-23,mobile,completed
4247,1557,6,2025-08-01,web,completed
4248,4638,3,2025-08-25,mobile,completed
4249,696,2,2025-08-09,mobile,completed
4250,3951,3,2025-08-13,web,completed
4251,2016,2,2025-08-10,web,completed
4252,2197,2,2025-08-14,web,completed
4253,2309,2,2025-08-06,web,completed
4254,4526,3,2025-08-04,sales_rep,completed
4255,2501,5,2025-08-06,partner,completed
4256,1234,5,2025-08-22,partner,completed
4257,37,6,2025-08-10,partner,completed
4258,1168,3,2025-08-25,web,completed
4259,793,5,2025-08-29,sales_rep,completed
4260,645,5,2025-08-30,mobile,completed
4261,4965,6,2025-08-10,sales_rep,completed
4262,2213,4,2025-08-18,mobile,completed
4263,4996,2,2025-08-22,mobile,completed
4264,2571,5,2025-08-12,web,completed
4265,1097,6,2025-08-22,web,completed
4266,726,1,2025-08-16,web,completed
4267,3799,1,2025-08-12,mobile,completed
4268,574,1,2025-08-11,web,completed
4269,260,4,2025-08-26,partner,completed
4270,1953,1,2025-08-02,mobile,completed
4271,1577,4,2025-08-19,web,completed
4272,1164,4,2025-08-10,partner,completed
4273,2570,6,2025-08-18,mobile,completed
4274,2872,6,2025-08-29,sales_rep,completed
4275,2171,1,2025-08-02,mobile,completed
4276,2622,3,2025-08-01,web,completed
4277,3342,2,2025-08-15,mobile,completed
4278,813,5,2025-08-28,mobile,completed
4279,1849,4,2025-08-21,partner,completed
4280,67,6,2025-08-20,web,completed
4281,4844,2,2025-08-17,sales_rep,completed
4282,3224,5,2025-08-07,mobile,completed
4283,4015,2,2025-08-01,partner,completed
4284,3865,4,2025-08-17,mobile,completed
4285,31,3,2025-08-27,partner,completed
4286,2442,1,2025-08-10,web,completed
4287,4350,3,2025-08-29,web,completed
4288,2878,6,2025-08-28,mobile,completed
4289,2990,3,2025-08-28,mobile,completed
4290,4809,3,2025-08-20,partner,completed
4291,3748,6,2025-08-12,web,completed
4292,3839,6,2025-08-20,web,completed
4293,3995,4,2025-08-22,partner,completed
4294,1670,5,2025-08-14,partner,completed
4295,4867,3,2025-08-04,mobile,completed
4296,4252,3,2025-08-28,sales_rep,completed
4297,165,3,2025-08-16,web,completed
4298,2743,4,2025-08-29,web,completed
4299,1238,1,2025-08-07,sales_rep,completed
4300,2610,5,2025-08-06,partner,completed
4301,4042,4,2025-08-21,web,completed
4302,3460,3,2025-08-03,partner,completed
4303,3999,5,2025-08-18,mobile,completed
4304,2148,6,2025-08-08,mobile,completed
4305,388,5,2025-08-04,web,completed
4306,4404,6,2025-08-07,web,completed
4307,396,6,2025-08-12,web,completed
4308,837,5,2025-08-21,mobile,completed
4309,3613,4,2025-08-24,partner,completed
4310,2110,2,2025-08-26,partner,completed
4311,2383,6,2025-08-27,sales_rep,completed
4312,325,6,2025-08-25,web,completed
4313,855,2,2025-08-09,partner,completed
4314,3527,1,2025-08-26,sales_rep,completed
4315,2832,5,2025-08-09,web,completed
4316,1352,3,2025-08-09,partner,completed
4317,2001,6,2025-08-09,sales_rep,completed
4318,2128,4,2025-08-29,sales_rep,completed
4319,4615,4,2025-08-27,web,completed
4320,4432,1,2025-08-04,sales_rep,completed
4321,2400,5,2025-08-03,partner,completed
4322,932,5,2025-08-24,sales_rep,completed
4323,2838,6,2025-08-02,mobile,completed
4324,12,6,2025-08-23,mobile,completed
4325,3235,4,2025-08-28,sales_rep,completed
4326,2891,1,2025-08-31,mobile,completed
4327,4495,2,2025-08-23,mobile,completed
4328,2188,2,2025-08-01,web,completed
4329,2810,2,2025-08-19,mobile,completed
4330,275,3,2025-08-21,web,completed
4331,4124,2,2025-08-10,sales_rep,completed
4332,1482,1,2025-08-01,partner,completed
4333,3787,2,2025-08-06,partner,completed
4334,1196,4,2025-08-03,web,completed
4335,1738,1,2025-08-25,sales_rep,completed
4336,1304,6,2025-08-03,partner,completed
4337,4494,2,2025-08-25,partner,completed
4338,3949,6,2025-08-28,partner,completed
4339,3521,5,2025-08-18,web,completed
4340,1524,1,2025-08-02,mobile,completed
4341,3669,3,2025-08-26,mobile,completed
4342,2449,5,2025-08-06,web,completed
4343,3575,6,2025-08-10,sales_rep,completed
4344,1328,1,2025-08-03,sales_rep,completed
4345,2697,1,2025-08-18,sales_rep,completed
4346,4753,5,2025-08-02,web,completed
4347,393,3,2025-08-29,sales_rep,completed
4348,3872,1,2025-08-29,sales_rep,completed
4349,3490,5,2025-08-10,mobile,completed
4350,2117,6,2025-08-03,mobile,completed
4351,4550,6,2025-08-04,partner,completed
4352,3635,6,2025-08-21,sales_rep,completed
4353,2638,5,2025-08-17,partner,completed
4354,1575,1,2025-08-02,web,completed
4355,3433,2,2025-08-05,partner,completed
4356,412,2,2025-08-03,sales_rep,completed
4357,1286,1,2025-08-17,partner,completed
4358,2153,6,2025-08-16,partner,completed
4359,1123,2,2025-08-23,sales_rep,completed
4360,2823,1,2025-08-10,partner,completed
4361,4359,5,2025-08-02,sales_rep,completed
4362,1747,6,2025-08-26,web,completed
4363,2036,6,2025-08-26,partner,completed
4364,2008,1,2025-08-04,partner,completed
4365,3624,3,2025-08-29,mobile,completed
4366,3573,5,2025-08-12,partner,completed
4367,1172,4,2025-08-08,mobile,completed
4368,4478,3,2025-08-13,sales_rep,completed
4369,3238,6,2025-08-22,web,completed
4370,4471,3,2025-08-15,partner,completed
4371,4377,2,2025-08-09,mobile,completed
4372,2879,6,2025-08-11,partner,completed
4373,3519,5,2025-08-19,web,completed
4374,3148,6,2025-08-13,partner,completed
4375,3048,5,2025-08-24,sales_rep,completed
4376,3910,6,2025-09-07,partner,completed
4377,2229,2,2025-09-22,partner,completed
4378,2469,1,2025-09-06,web,completed
4379,4761,6,2025-09-18,mobile,completed
4380,3155,1,2025-09-20,partner,completed
4381,2204,3,2025-09-20,web,completed
4382,1708,6,2025-09-21,sales_rep,completed
4383,3007,4,2025-09-02,mobile,completed
4384,2123,4,2025-09-08,mobile,completed
4385,1129,4,2025-09-10,sales_rep,completed
4386,1824,6,2025-09-14,mobile,completed
4387,1434,4,2025-09-28,partner,completed
4388,3703,2,2025-09-27,sales_rep,completed
4389,2513,6,2025-09-28,sales_rep,completed
4390,1003,4,2025-09-06,partner,completed
4391,750,1,2025-09-22,partner,completed
4392,4653,2,2025-09-14,partner,completed
4393,4445,5,2025-09-17,mobile,completed
4394,4147,3,2025-09-19,mobile,completed
4395,3675,4,2025-09-18,mobile,completed
4396,4309,5,2025-09-08,mobile,completed
4397,3236,4,2025-09-03,mobile,completed
4398,4570,2,2025-09-10,mobile,completed
4399,4594,5,2025-09-18,web,completed
4400,2181,5,2025-09-04,partner,completed
4401,1244,3,2025-09-02,mobile,completed
4402,4460,4,2025-09-24,web,completed
4403,4134,4,2025-09-28,web,completed
4404,2221,6,2025-09-28,sales_rep,completed
4405,4544,4,2025-09-17,mobile,completed
4406,509,2,2025-09-10,partner,completed
4407,4108,6,2025-09-15,sales_rep,completed
4408,248,3,2025-09-12,sales_rep,completed
4409,513,6,2025-09-05,sales_rep,completed
4410,318,5,2025-09-27,sales_rep,completed
4411,400,2,2025-09-27,web,completed
4412,941,5,2025-09-08,partner,completed
4413,1810,6,2025-09-15,mobile,completed
4414,1800,4,2025-09-28,sales_rep,completed
4415,2105,6,2025-09-20,web,completed
4416,4897,6,2025-09-06,web,completed
4417,2556,1,2025-09-29,partner,completed
4418,1206,6,2025-09-04,sales_rep,completed
4419,688,4,2025-09-27,mobile,completed
4420,4565,6,2025-09-03,partner,completed
4421,1380,4,2025-09-05,sales_rep,completed
4422,4053,5,2025-09-28,web,completed
4423,3949,6,2025-09-08,sales_rep,completed
4424,4306,5,2025-09-06,sales_rep,completed
4425,732,3,2025-09-01,web,completed
4426,3924,3,2025-09-06,partner,completed
4427,3911,2,2025-09-01,sales_rep,completed
4428,4866,4,2025-09-14,mobile,completed
4429,3542,4,2025-09-14,web,completed
4430,600,4,2025-09-16,sales_rep,completed
4431,2291,3,2025-09-03,web,completed
4432,2395,3,2025-09-14,partner,completed
4433,2369,1,2025-09-27,partner,completed
4434,1715,4,2025-09-19,partner,completed
4435,4008,4,2025-09-17,mobile,completed
4436,1422,6,2025-09-12,partner,completed
4437,2225,3,2025-09-13,partner,completed
4438,2235,4,2025-09-17,sales_rep,completed
4439,3217,1,2025-09-25,partner,completed
4440,2405,3,2025-09-19,sales_rep,completed
4441,4855,1,2025-09-16,partner,completed
4442,4930,2,2025-09-15,web,completed
4443,2323,3,2025-09-20,partner,completed
4444,1324,6,2025-09-21,mobile,completed
4445,3806,6,2025-09-15,mobile,completed
4446,4559,5,2025-09-02,partner,completed
4447,4435,4,2025-09-19,web,completed
4448,835,6,2025-09-16,web,completed
4449,266,4,2025-09-05,partner,completed
4450,3326,5,2025-09-07,web,completed
4451,1503,2,2025-09-03,mobile,completed
4452,1528,1,2025-09-06,partner,completed
4453,150,1,2025-09-27,partner,completed
4454,4802,4,2025-09-23,partner,completed
4455,7,1,2025-09-05,partner,completed
4456,3174,3,2025-09-21,web,completed
4457,4627,1,2025-09-12,mobile,completed
4458,322,1,2025-09-27,sales_rep,completed
4459,3081,3,2025-09-13,web,completed
4460,4618,4,2025-09-22,mobile,completed
4461,2054,6,2025-09-02,sales_rep,completed
4462,1470,1,2025-09-14,mobile,completed
4463,3522,2,2025-09-13,mobile,completed
4464,4637,5,2025-09-29,web,completed
4465,2795,1,2025-09-23,web,completed
4466,68,3,2025-09-09,partner,completed
4467,3423,4,2025-09-01,sales_rep,completed
4468,1094,3,2025-09-15,partner,completed
4469,4946,5,2025-09-12,sales_rep,completed
4470,1392,4,2025-09-19,mobile,completed
4471,3183,5,2025-09-20,mobile,completed
4472,3440,5,2025-09-29,sales_rep,completed
4473,2227,6,2025-09-10,sales_rep,completed
4474,3990,3,2025-09-01,partner,completed
4475,4482,2,2025-09-25,web,completed
4476,3151,5,2025-09-18,partner,completed
4477,3772,2,2025-09-17,partner,completed
4478,311,4,2025-09-06,web,completed
4479,1209,2,2025-09-04,sales_rep,completed
4480,2169,6,2025-09-02,partner,completed
4481,652,4,2025-09-15,web,completed
4482,2470,2,2025-09-28,sales_rep,completed
4483,367,3,2025-09-07,partner,completed
4484,1794,2,2025-09-03,web,completed
4485,308,4,2025-09-27,web,completed
4486,2098,6,2025-09-11,web,completed
4487,2030,3,2025-09-02,web,completed
4488,2414,4,2025-09-07,partner,completed
4489,4952,1,2025-09-12,web,completed
4490,2771,4,2025-09-06,web,completed
4491,739,5,2025-09-11,mobile,completed
4492,3155,1,2025-09-29,mobile,completed
4493,4896,3,2025-09-28,sales_rep,completed
4494,1051,4,2025-09-14,web,completed
4495,402,5,2025-09-02,mobile,completed
4496,4509,2,2025-09-09,web,completed
4497,862,6,2025-09-21,mobile,completed
4498,4140,4,2025-09-08,web,completed
4499,2141,5,2025-09-20,partner,completed
4500,3934,5,2025-09-01,web,completed
4501,3563,3,2025-09-13,mobile,completed
4502,4030,3,2025-09-19,partner,completed
4503,3805,1,2025-09-07,sales_rep,completed
4504,2628,1,2025-09-24,partner,completed
4505,1221,4,2025-09-12,web,completed
4506,4766,1,2025-09-24,mobile,completed
4507,943,6,2025-09-08,web,completed
4508,1830,6,2025-09-11,partner,completed
4509,1407,3,2025-09-05,web,completed
4510,2100,2,2025-09-13,sales_rep,completed
4511,1247,6,2025-09-16,sales_rep,completed
4512,4082,2,2025-09-30,mobile,completed
4513,2187,2,2025-09-21,mobile,completed
4514,4346,4,2025-09-20,web,completed
4515,156,4,2025-09-03,web,completed
4516,2245,5,2025-09-14,sales_rep,completed
4517,2924,4,2025-09-24,partner,completed
4518,4241,3,2025-09-07,partner,completed
4519,3655,5,2025-09-14,partner,completed
4520,3167,5,2025-09-22,partner,completed
4521,4225,5,2025-09-14,mobile,completed
4522,1941,1,2025-09-01,sales_rep,completed
4523,4782,4,2025-09-07,sales_rep,completed
4524,4528,1,2025-09-05,sales_rep,completed
4525,4543,6,2025-09-18,mobile,completed
4526,2516,5,2025-09-23,web,completed
4527,467,1,2025-09-08,mobile,completed
4528,4246,2,2025-09-17,mobile,completed
4529,2082,1,2025-09-03,partner,completed
4530,4063,4,2025-09-21,web,completed
4531,277,3,2025-09-22,web,completed
4532,484,5,2025-09-12,partner,completed
4533,1745,2,2025-09-10,partner,completed
4534,4356,5,2025-09-02,web,completed
4535,154,2,2025-09-06,partner,completed
4536,813,5,2025-09-19,web,completed
4537,2477,4,2025-09-12,sales_rep,completed
4538,4070,1,2025-09-07,mobile,completed
4539,777,3,2025-09-04,sales_rep,completed
4540,3778,6,2025-09-10,mobile,completed
4541,2447,5,2025-09-13,sales_rep,completed
4542,3686,1,2025-09-04,sales_rep,completed
4543,3590,6,2025-09-01,sales_rep,completed
4544,4605,2,2025-09-13,partner,completed
4545,291,5,2025-09-10,sales_rep,completed
4546,3003,6,2025-09-10,web,completed
4547,2281,5,2025-09-29,mobile,completed
4548,1694,3,2025-09-26,sales_rep,completed
4549,3704,6,2025-09-23,mobile,completed
4550,2966,4,2025-09-28,web,completed
4551,2222,1,2025-09-07,sales_rep,completed
4552,3481,5,2025-09-11,mobile,completed
4553,2873,5,2025-09-12,partner,completed
4554,1824,6,2025-09-22,partner,completed
4555,1679,6,2025-09-09,mobile,completed
4556,1272,1,2025-09-12,mobile,completed
4557,1485,3,2025-09-30,partner,completed
4558,2449,5,2025-09-14,partner,completed
4559,904,6,2025-09-09,web,completed
4560,4492,2,2025-09-02,web,completed
4561,2909,1,2025-09-01,web,completed
4562,3153,2,2025-09-19,mobile,completed
4563,2871,2,2025-09-04,partner,completed
4564,4487,4,2025-09-27,web,completed
4565,4096,4,2025-09-20,sales_rep,completed
4566,2376,6,2025-09-20,partner,completed
4567,1722,5,2025-09-29,sales_rep,completed
4568,4735,5,2025-09-20,sales_rep,completed
4569,3000,4,2025-09-14,partner,completed
4570,3958,5,2025-09-20,web,completed
4571,697,5,2025-09-20,web,completed
4572,1773,3,2025-09-06,partner,completed
4573,1325,6,2025-09-17,sales_rep,completed
4574,2242,4,2025-09-05,partner,completed
4575,2517,5,2025-09-22,sales_rep,completed
4576,4989,6,2025-09-29,web,completed
4577,526,2,2025-09-11,mobile,completed
4578,4769,1,2025-09-18,sales_rep,completed
4579,4060,4,2025-09-21,sales_rep,completed
4580,2052,2,2025-09-08,sales_rep,completed
4581,1406,1,2025-09-10,sales_rep,completed
4582,4168,2,2025-09-25,mobile,completed
4583,683,6,2025-09-27,web,completed
4584,4549,4,2025-09-06,web,completed
4585,4716,4,2025-09-21,web,completed
4586,1259,4,2025-09-11,partner,completed
4587,2804,1,2025-09-08,web,completed
4588,2589,6,2025-09-30,web,completed
4589,3834,4,2025-09-11,partner,completed
4590,3786,4,2025-09-20,mobile,completed
4591,4975,5,2025-09-29,sales_rep,completed
4592,385,1,2025-09-10,partner,completed
4593,4089,6,2025-09-14,web,completed
4594,4029,5,2025-09-03,partner,completed
4595,3707,1,2025-09-03,web,completed
4596,1056,6,2025-09-10,sales_rep,completed
4597,3715,5,2025-09-16,web,completed
4598,2395,3,2025-09-25,partner,completed
4599,1396,4,2025-09-27,sales_rep,completed
4600,1877,2,2025-09-25,sales_rep,completed
4601,2072,4,2025-09-22,mobile,completed
4602,3701,1,2025-09-26,mobile,completed
4603,1004,6,2025-09-25,mobile,completed
4604,1166,1,2025-09-05,sales_rep,completed
4605,1853,3,2025-09-10,mobile,completed
4606,2332,6,2025-09-17,sales_rep,completed
4607,4731,6,2025-09-21,partner,completed
4608,1328,1,2025-09-20,sales_rep,completed
4609,4532,1,2025-09-30,partner,completed
4610,275,3,2025-09-30,web,completed
4611,2553,2,2025-09-29,web,completed
4612,4218,3,2025-09-14,web,completed
4613,1555,3,2025-09-06,mobile,completed
4614,1123,2,2025-09-24,sales_rep,completed
4615,3028,5,2025-09-07,sales_rep,completed
4616,1163,6,2025-09-27,sales_rep,completed
4617,78,2,2025-09-25,sales_rep,completed
4618,234,5,2025-09-28,sales_rep,completed
4619,2395,3,2025-09-29,web,completed
4620,2514,5,2025-09-15,web,completed
4621,131,4,2025-09-04,mobile,completed
4622,1345,2,2025-09-30,mobile,completed
4623,3784,5,2025-09-13,mobile,completed
4624,2828,6,2025-09-20,web,completed
4625,3059,3,2025-09-21,web,completed
4626,3618,3,2025-09-13,sales_rep,completed
4627,4520,3,2025-09-12,sales_rep,completed
4628,230,2,2025-09-21,sales_rep,completed
4629,2414,4,2025-09-29,sales_rep,completed
4630,1003,4,2025-09-20,partner,completed
4631,3337,4,2025-09-08,sales_rep,completed
4632,1955,6,2025-09-15,partner,completed
4633,770,3,2025-09-25,sales_rep,completed
4634,4399,1,2025-09-09,web,completed
4635,2581,3,2025-09-11,sales_rep,completed
4636,549,4,2025-09-19,partner,completed
4637,1127,6,2025-09-18,mobile,completed
4638,3720,2,2025-09-26,web,completed
4639,2353,5,2025-09-01,partner,completed
4640,4768,1,2025-09-20,mobile,completed
4641,251,2,2025-09-06,partner,completed
4642,389,6,2025-09-19,mobile,completed
4643,3449,4,2025-09-03,partner,completed
4644,1666,3,2025-09-25,sales_rep,completed
4645,4372,2,2025-09-30,web,completed
4646,3848,3,2025-09-07,partner,completed
4647,114,3,2025-09-10,sales_rep,completed
4648,4676,3,2025-09-29,web,completed
4649,4768,1,2025-09-16,partner,completed
4650,1234,5,2025-09-30,web,completed
4651,3063,3,2025-09-22,partner,completed
4652,3210,2,2025-09-09,web,completed
4653,188,3,2025-09-27,sales_rep,completed
4654,3658,6,2025-09-13,web,completed
4655,4843,1,2025-09-26,partner,completed
4656,2021,2,2025-09-25,web,completed
4657,4931,1,2025-09-13,web,completed
4658,3348,1,2025-09-13,web,completed
4659,3676,3,2025-09-24,web,completed
4660,2746,3,2025-09-10,sales_rep,completed
4661,3458,1,2025-09-16,web,completed
4662,4686,5,2025-09-15,sales_rep,completed
4663,2952,4,2025-09-26,partner,completed
4664,2694,3,2025-09-05,mobile,completed
4665,849,5,2025-09-23,sales_rep,completed
4666,2584,4,2025-09-11,sales_rep,completed
4667,4319,6,2025-09-19,partner,completed
4668,3347,4,2025-09-19,partner,completed
4669,3581,6,2025-09-27,web,completed
4670,762,4,2025-09-07,sales_rep,completed
4671,4235,2,2025-09-24,mobile,completed
4672,2655,6,2025-09-09,mobile,completed
4673,2281,5,2025-09-24,partner,completed
4674,254,2,2025-09-24,mobile,completed
4675,4466,1,2025-09-06,sales_rep,completed
4676,3136,1,2025-09-02,mobile,completed
4677,1561,2,2025-09-03,partner,completed
4678,2674,2,2025-09-28,partner,completed
4679,4547,4,2025-09-26,sales_rep,completed
4680,4198,1,2025-09-03,web,completed
4681,1489,1,2025-09-27,mobile,completed
4682,3989,3,2025-09-18,partner,completed
4683,40,4,2025-09-05,web,completed
4684,2163,3,2025-09-07,web,completed
4685,2743,4,2025-09-25,web,completed
4686,3295,2,2025-09-14,partner,completed
4687,5,3,2025-09-08,partner,completed
4688,1517,3,2025-09-27,sales_rep,completed
4689,1286,1,2025-09-14,sales_rep,completed
4690,1940,2,2025-09-23,sales_rep,completed
4691,3459,6,2025-09-08,sales_rep,completed
4692,391,5,2025-09-28,mobile,completed
4693,3750,6,2025-09-14,sales_rep,completed
4694,504,6,2025-09-23,sales_rep,completed
4695,2535,5,2025-09-16,mobile,completed
4696,4094,3,2025-09-30,sales_rep,completed
4697,4395,4,2025-09-04,sales_rep,completed
4698,4860,5,2025-09-03,partner,completed
4699,2158,4,2025-09-10,mobile,completed
4700,2447,5,2025-09-13,sales_rep,completed
4701,4506,3,2025-09-25,web,completed
4702,640,6,2025-09-12,partner,completed
4703,4547,4,2025-09-11,web,completed
4704,442,2,2025-09-18,sales_rep,completed
4705,456,4,2025-09-28,sales_rep,completed
4706,228,4,2025-09-23,sales_rep,completed
4707,1153,3,2025-09-07,mobile,completed
4708,4394,1,2025-09-08,web,completed
4709,1038,1,2025-09-30,sales_rep,completed
4710,2211,5,2025-09-18,mobile,completed
4711,4028,3,2025-09-21,partner,completed
4712,4402,1,2025-09-14,mobile,completed
4713,2194,2,2025-09-16,partner,completed
4714,1815,6,2025-09-24,mobile,completed
4715,2323,3,2025-09-27,sales_rep,completed
4716,2941,5,2025-09-12,partner,completed
4717,1611,5,2025-09-05,web,completed
4718,3370,1,2025-09-11,partner,completed
4719,4038,4,2025-09-26,sales_rep,completed
4720,251,2,2025-09-19,mobile,completed
4721,4108,6,2025-09-02,partner,completed
4722,3408,4,2025-09-22,mobile,completed
4723,293,6,2025-09-20,web,completed
4724,3999,5,2025-09-23,mobile,completed
4725,2478,2,2025-09-04,sales_rep,completed
4726,111,2,2025-09-12,sales_rep,completed
4727,409,6,2025-09-11,partner,completed
4728,295,4,2025-09-16,web,completed
4729,2035,6,2025-09-15,web,completed
4730,2611,6,2025-09-26,sales_rep,completed
4731,1202,3,2025-09-27,mobile,completed
4732,4857,6,2025-09-15,sales_rep,completed
4733,157,1,2025-09-16,sales_rep,completed
4734,4867,3,2025-09-13,mobile,completed
4735,756,3,2025-09-06,web,completed
4736,548,4,2025-09-30,mobile,completed
4737,2459,3,2025-09-08,web,completed
4738,3805,1,2025-09-21,mobile,completed
4739,3305,1,2025-09-22,mobile,completed
4740,3967,5,2025-09-26,mobile,completed
4741,2266,1,2025-09-14,partner,completed
4742,4385,3,2025-09-21,mobile,completed
4743,3821,1,2025-09-30,mobile,completed
4744,218,1,2025-09-24,web,completed
4745,2510,1,2025-09-27,partner,completed
4746,4863,6,2025-09-16,mobile,completed
4747,3632,4,2025-09-08,sales_rep,completed
4748,4109,4,2025-09-28,partner,completed
4749,3600,4,2025-09-08,mobile,completed
4750,3039,2,2025-09-19,partner,completed
4751,1675,5,2025-09-23,partner,completed
4752,335,3,2025-09-20,sales_rep,completed
4753,1508,3,2025-09-05,web,completed
4754,1201,6,2025-09-13,sales_rep,completed
4755,3623,2,2025-09-05,sales_rep,completed
4756,1734,6,2025-09-25,web,completed
4757,1769,1,2025-09-07,mobile,completed
4758,4287,5,2025-09-21,partner,completed
4759,979,3,2025-09-24,web,completed
4760,3806,6,2025-09-25,web,completed
4761,1762,3,2025-09-18,partner,completed
4762,4704,6,2025-09-19,sales_rep,completed
4763,4777,3,2025-09-27,web,completed
4764,2113,6,2025-09-11,partner,completed
4765,3910,6,2025-09-25,partner,completed
4766,4584,5,2025-09-03,mobile,completed
4767,3017,4,2025-09-07,mobile,completed
4768,4479,6,2025-09-20,sales_rep,completed
4769,3417,4,2025-09-21,mobile,completed
4770,93,6,2025-09-02,web,completed
4771,3041,3,2025-09-25,partner,completed
4772,1197,5,2025-09-03,mobile,completed
4773,2955,2,2025-09-03,sales_rep,completed
4774,4000,4,2025-09-19,mobile,completed
4775,991,3,2025-09-20,web,completed
4776,3326,5,2025-09-10,sales_rep,completed
4777,2708,2,2025-09-22,sales_rep,completed
4778,1115,2,2025-09-28,web,completed
4779,3798,1,2025-09-10,mobile,completed
4780,3908,6,2025-09-27,sales_rep,completed
4781,34,4,2025-09-01,mobile,completed
4782,1583,4,2025-09-29,web,completed
4783,367,3,2025-09-01,sales_rep,completed
4784,3011,3,2025-09-17,mobile,completed
4785,4408,2,2025-09-28,mobile,completed
4786,4674,6,2025-09-22,partner,completed
4787,1982,4,2025-09-29,sales_rep,completed
4788,1199,5,2025-09-05,web,completed
4789,1569,6,2025-09-10,sales_rep,completed
4790,277,3,2025-09-10,mobile,completed
4791,1749,5,2025-09-24,partner,completed
4792,3301,4,2025-09-10,partner,completed
4793,92,5,2025-09-14,web,completed
4794,3643,6,2025-09-15,mobile,completed
4795,4219,4,2025-09-25,sales_rep,completed
4796,1563,2,2025-09-20,web,completed
4797,3840,6,2025-09-26,mobile,completed
4798,2343,4,2025-09-17,sales_rep,completed
4799,4942,3,2025-09-30,web,completed
4800,2506,1,2025-09-24,web,completed
4801,2999,3,2025-09-06,web,completed
4802,4080,5,2025-09-07,sales_rep,completed
4803,1370,4,2025-09-21,web,completed
4804,3466,5,2025-09-21,sales_rep,completed
4805,4256,2,2025-09-24,mobile,completed
4806,1365,4,2025-09-15,partner,completed
4807,4034,2,2025-09-01,web,completed
4808,1366,1,2025-09-14,mobile,completed
4809,3050,5,2025-09-30,mobile,completed
4810,1625,4,2025-09-12,partner,completed
4811,3145,5,2025-09-23,partner,completed
4812,730,4,2025-09-24,mobile,completed
4813,4049,3,2025-09-10,web,completed
4814,672,4,2025-09-16,mobile,completed
4815,1676,6,2025-09-24,web,completed
4816,4088,6,2025-09-24,sales_rep,completed
4817,482,5,2025-09-30,web,completed
4818,4159,2,2025-09-19,partner,completed
4819,2004,3,2025-09-15,partner,completed
4820,1301,5,2025-09-14,partner,completed
4821,4157,5,2025-09-11,sales_rep,completed
4822,4252,3,2025-09-20,partner,completed
4823,4309,5,2025-09-06,mobile,completed
4824,2854,1,2025-09-23,partner,completed
4825,990,5,2025-09-06,mobile,completed
4826,3561,1,2025-09-28,web,completed
4827,3517,2,2025-09-21,sales_rep,completed
4828,4403,3,2025-09-20,web,completed
4829,3686,1,2025-09-11,mobile,completed
4830,1542,2,2025-09-30,sales_rep,completed
4831,2238,2,2025-09-07,web,completed
4832,3312,3,2025-09-28,web,completed
4833,3886,3,2025-09-09,partner,completed
4834,1543,1,2025-09-14,web,completed
4835,1300,1,2025-09-22,partner,completed
4836,4515,6,2025-09-16,mobile,completed
4837,4961,3,2025-09-08,mobile,completed
4838,1498,5,2025-09-30,partner,completed
4839,327,2,2025-09-07,web,completed
4840,3127,5,2025-09-30,sales_rep,completed
4841,80,5,2025-09-01,mobile,completed
4842,956,4,2025-09-26,partner,completed
4843,2633,6,2025-09-22,partner,completed
4844,1849,4,2025-09-05,web,completed
4845,245,4,2025-09-04,sales_rep,completed
4846,1757,3,2025-09-28,sales_rep,completed
4847,3373,2,2025-09-20,web,completed
4848,3752,5,2025-09-20,sales_rep,completed
4849,3762,4,2025-09-01,web,completed
4850,1433,2,2025-09-13,sales_rep,completed
4851,3316,6,2025-09-25,partner,completed
4852,1638,4,2025-09-14,partner,completed
4853,3255,2,2025-09-03,sales_rep,completed
4854,48,6,2025-09-05,mobile,completed
4855,2048,4,2025-09-07,mobile,completed
4856,1580,4,2025-09-01,mobile,completed
4857,3337,4,2025-09-22,mobile,completed
4858,1361,1,2025-09-24,partner,completed
4859,1500,6,2025-09-27,sales_rep,completed
4860,2724,3,2025-09-14,partner,completed
4861,3269,1,2025-09-02,mobile,completed
4862,2009,5,2025-09-11,mobile,completed
4863,4461,1,2025-09-27,partner,completed
4864,4903,4,2025-09-17,mobile,completed
4865,3032,2,2025-09-26,sales_rep,completed
4866,2731,6,2025-09-05,sales_rep,completed
4867,2604,4,2025-09-12,sales_rep,completed
4868,364,6,2025-09-13,mobile,completed
4869,2058,5,2025-09-21,partner,completed
4870,4048,2,2025-09-16,web,completed
4871,3466,5,2025-09-10,mobile,completed
4872,267,3,2025-09-14,mobile,completed
4873,693,6,2025-09-21,sales_rep,completed
4874,4187,2,2025-09-26,mobile,completed
4875,3674,1,2025-09-14,partner,completed
4876,2028,6,2025-09-04,mobile,completed
4877,4709,5,2025-09-26,partner,completed
4878,309,2,2025-09-06,partner,completed
4879,3808,1,2025-09-21,mobile,completed
4880,4887,5,2025-09-14,mobile,completed
4881,2187,2,2025-09-20,sales_rep,completed
4882,2478,2,2025-09-25,sales_rep,completed
4883,1063,1,2025-09-04,partner,completed
4884,4275,1,2025-09-08,partner,completed
4885,3629,6,2025-09-10,web,completed
4886,2103,2,2025-09-25,web,completed
4887,1174,2,2025-09-05,web,completed
4888,2309,2,2025-09-17,partner,completed
4889,2260,6,2025-09-21,web,completed
4890,1812,4,2025-09-26,web,completed
4891,4197,4,2025-09-05,sales_rep,completed
4892,1845,5,2025-09-24,sales_rep,completed
4893,571,6,2025-09-03,partner,completed
4894,3968,2,2025-09-22,web,completed
4895,3651,1,2025-09-03,sales_rep,completed
4896,154,2,2025-09-28,mobile,completed
4897,3478,4,2025-09-05,mobile,completed
4898,2450,2,2025-09-25,mobile,completed
4899,3368,2,2025-09-22,sales_rep,completed
4900,1328,1,2025-09-15,web,completed
4901,891,1,2025-09-27,web,completed
4902,2784,6,2025-09-15,sales_rep,completed
4903,272,1,2025-09-19,sales_rep,completed
4904,1077,5,2025-09-28,sales_rep,completed
4905,222,3,2025-09-27,sales_rep,completed
4906,1744,1,2025-09-29,web,completed
4907,4532,1,2025-09-05,sales_rep,completed
4908,2667,2,2025-09-23,mobile,completed
4909,3693,2,2025-09-09,partner,completed
4910,3710,6,2025-09-10,partner,completed
4911,633,3,2025-09-06,partner,completed
4912,4730,4,2025-09-09,mobile,completed
4913,772,6,2025-09-07,mobile,completed
4914,1216,1,2025-09-07,partner,completed
4915,3279,6,2025-09-19,sales_rep,completed
4916,2415,3,2025-09-28,sales_rep,completed
4917,1075,3,2025-09-12,web,completed
4918,1744,1,2025-09-28,partner,completed
4919,2043,5,2025-09-14,mobile,completed
4920,3031,5,2025-09-30,sales_rep,completed
4921,3954,3,2025-09-15,partner,completed
4922,1833,4,2025-09-30,mobile,completed
4923,1963,1,2025-09-26,sales_rep,completed
4924,485,3,2025-09-02,sales_rep,completed
4925,4776,1,2025-09-01,mobile,completed
4926,3072,3,2025-09-03,web,completed
4927,1300,1,2025-09-16,partner,completed
4928,178,1,2025-09-12,web,completed
4929,4748,2,2025-09-22,partner,completed
4930,216,2,2025-09-08,web,completed
4931,911,5,2025-09-26,partner,completed
4932,4422,6,2025-09-08,web,completed
4933,1691,5,2025-09-28,web,completed
4934,4352,4,2025-09-30,mobile,completed
4935,2753,4,2025-09-19,mobile,completed
4936,2814,6,2025-09-06,sales_rep,completed
4937,4661,5,2025-09-09,web,completed
4938,91,3,2025-09-29,web,completed
4939,1739,1,2025-09-21,mobile,completed
4940,1716,6,2025-09-07,partner,completed
4941,3664,6,2025-09-01,web,completed
4942,1732,6,2025-09-15,web,completed
4943,4403,3,2025-09-02,mobile,completed
4944,3605,6,2025-09-14,web,completed
4945,4539,6,2025-09-22,mobile,completed
4946,4060,4,2025-09-13,mobile,completed
4947,3736,2,2025-09-21,mobile,completed
4948,1772,3,2025-09-23,web,completed
4949,3638,3,2025-09-11,mobile,completed
4950,2109,2,2025-09-28,partner,completed
4951,1717,4,2025-09-21,sales_rep,completed
4952,1124,2,2025-09-11,partner,completed
4953,4480,4,2025-09-17,mobile,completed
4954,3640,4,2025-09-22,sales_rep,completed
4955,247,5,2025-09-22,web,completed
4956,1746,6,2025-09-04,web,completed
4957,2901,4,2025-09-09,sales_rep,completed
4958,3528,1,2025-09-09,web,completed
4959,1535,5,2025-09-25,partner,completed
4960,3535,1,2025-09-23,partner,completed
4961,1363,3,2025-09-20,partner,completed
4962,782,4,2025-09-14,mobile,completed
4963,437,4,2025-09-27,mobile,completed
4964,4428,3,2025-09-01,web,completed
4965,3288,2,2025-09-28,mobile,completed
4966,4123,6,2025-09-04,sales_rep,completed
4967,2682,1,2025-09-12,web,completed
4968,2916,3,2025-09-08,web,completed
4969,1456,1,2025-09-08,mobile,completed
4970,432,5,2025-09-20,sales_rep,completed
4971,3576,5,2025-09-06,sales_rep,completed
4972,837,5,2025-09-13,web,completed
4973,4374,5,2025-09-04,partner,completed
4974,461,5,2025-09-09,web,completed
4975,4885,1,2025-09-17,mobile,completed
4976,2319,6,2025-09-15,sales_rep,completed
4977,1415,4,2025-09-11,mobile,completed
4978,1328,1,2025-09-05,mobile,completed
4979,3389,2,2025-09-10,mobile,completed
4980,4154,6,2025-09-03,partner,completed
4981,2377,6,2025-09-30,mobile,completed
4982,2180,3,2025-09-23,sales_rep,completed
4983,4394,1,2025-09-05,web,completed
4984,2261,1,2025-09-04,mobile,completed
4985,1654,4,2025-09-21,sales_rep,completed
4986,4610,3,2025-09-17,sales_rep,completed
4987,4013,5,2025-09-20,partner,completed
4988,2889,1,2025-09-06,sales_rep,completed
4989,56,1,2025-09-22,mobile,completed
4990,1937,3,2025-09-27,web,completed
4991,4888,4,2025-09-13,sales_rep,completed
4992,4918,2,2025-09-16,mobile,completed
4993,3367,4,2025-09-08,web,completed
4994,2313,4,2025-09-16,sales_rep,completed
4995,4298,5,2025-09-17,partner,completed
4996,2899,5,2025-09-25,web,completed
4997,300,1,2025-09-01,web,completed
4998,1911,1,2025-09-14,web,completed
4999,1620,6,2025-09-02,sales_rep,completed
5000,3347,4,2025-09-22,web,completed
5001,4135,6,2025-10-08,mobile,completed
5002,2044,5,2025-10-02,sales_rep,completed
5003,4459,1,2025-10-14,sales_rep,completed
5004,306,1,2025-10-03,web,completed
5005,681,5,2025-10-16,partner,completed
5006,2325,5,2025-10-28,web,completed
5007,3941,4,2025-10-10,mobile,completed
5008,1519,3,2025-10-23,partner,completed
5009,599,4,2025-10-03,mobile,completed
5010,850,4,2025-10-30,sales_rep,completed
5011,1449,5,2025-10-26,sales_rep,completed
5012,1932,3,2025-10-02,partner,completed
5013,2873,5,2025-10-05,web,completed
5014,3851,5,2025-10-11,mobile,completed
5015,643,6,2025-10-10,sales_rep,completed
5016,3819,4,2025-10-15,mobile,completed
5017,4935,3,2025-10-05,mobile,completed
5018,1803,3,2025-10-08,partner,completed
5019,1029,4,2025-10-06,sales_rep,completed
5020,4872,6,2025-10-23,mobile,completed
5021,4556,2,2025-10-25,partner,completed
5022,630,3,2025-10-11,partner,completed
5023,4225,5,2025-10-12,web,completed
5024,4274,2,2025-10-31,sales_rep,completed
5025,1518,1,2025-10-20,sales_rep,completed
5026,4895,3,2025-10-26,web,completed
5027,951,1,2025-10-04,web,completed
5028,2865,1,2025-10-23,sales_rep,completed
5029,3516,6,2025-10-25,partner,completed
5030,301,3,2025-10-21,sales_rep,completed
5031,4600,5,2025-10-29,sales_rep,completed
5032,4606,3,2025-10-04,web,completed
5033,1885,4,2025-10-11,mobile,completed
5034,2185,4,2025-10-17,mobile,completed
5035,1848,4,2025-10-13,partner,completed
5036,860,5,2025-10-18,partner,completed
5037,4422,6,2025-10-17,mobile,completed
5038,4458,1,2025-10-29,partner,completed
5039,2867,2,2025-10-21,mobile,completed
5040,2135,3,2025-10-02,sales_rep,completed
5041,3389,2,2025-10-08,web,completed
5042,2497,5,2025-10-11,partner,completed
5043,3767,5,2025-10-06,sales_rep,completed
5044,2856,1,2025-10-26,sales_rep,completed
5045,872,2,2025-10-16,web,completed
5046,4534,5,2025-10-01,mobile,completed
5047,2136,5,2025-10-02,web,completed
5048,2519,1,2025-10-09,sales_rep,completed
5049,3313,6,2025-10-12,partner,completed
5050,4442,3,2025-10-14,mobile,completed
5051,2096,5,2025-10-20,mobile,completed
5052,852,5,2025-10-08,sales_rep,completed
5053,529,6,2025-10-27,partner,completed
5054,3084,2,2025-10-17,sales_rep,completed
5055,2097,6,2025-10-24,web,completed
5056,2628,1,2025-10-06,sales_rep,completed
5057,4240,2,2025-10-14,sales_rep,completed
5058,1626,6,2025-10-25,partner,completed
5059,3237,3,2025-10-01,mobile,completed
5060,1063,1,2025-10-11,mobile,completed
5061,3478,4,2025-10-06,web,completed
5062,350,1,2025-10-28,partner,completed
5063,1031,3,2025-10-31,partner,completed
5064,1309,3,2025-10-11,sales_rep,completed
5065,942,3,2025-10-31,web,completed
5066,3403,1,2025-10-05,sales_rep,completed
5067,1982,4,2025-10-10,partner,completed
5068,1392,4,2025-10-23,web,completed
5069,1340,3,2025-10-08,partner,completed
5070,3641,5,2025-10-20,sales_rep,completed
5071,2740,3,2025-10-24,sales_rep,completed
5072,4376,4,2025-10-23,web,completed
5073,2525,1,2025-10-18,mobile,completed
5074,3472,5,2025-10-17,partner,completed
5075,4596,1,2025-10-19,partner,completed
5076,4026,1,2025-10-04,mobile,completed
5077,3784,5,2025-10-10,sales_rep,completed
5078,2867,2,2025-10-29,mobile,completed
5079,4355,3,2025-10-20,sales_rep,completed
5080,4734,2,2025-10-29,partner,completed
5081,597,4,2025-10-26,mobile,completed
5082,3815,3,2025-10-29,web,completed
5083,69,1,2025-10-14,sales_rep,completed
5084,1614,5,2025-10-11,web,completed
5085,4052,3,2025-10-19,web,completed
5086,3617,1,2025-10-08,partner,completed
5087,3075,4,2025-10-14,web,completed
5088,3360,4,2025-10-08,web,completed
5089,785,3,2025-10-14,web,completed
5090,3758,4,2025-10-02,mobile,completed
5091,502,4,2025-10-08,partner,completed
5092,1597,4,2025-10-29,mobile,completed
5093,425,3,2025-10-28,mobile,completed
5094,2548,4,2025-10-26,mobile,completed
5095,4303,1,2025-10-12,web,completed
5096,4402,1,2025-10-20,mobile,completed
5097,51,5,2025-10-29,mobile,completed
5098,4879,5,2025-10-23,sales_rep,completed
5099,1032,2,2025-10-17,partner,completed
5100,1800,4,2025-10-08,mobile,completed
5101,1408,6,2025-10-28,web,completed
5102,2434,2,2025-10-15,web,completed
5103,39,2,2025-10-11,sales_rep,completed
5104,1655,1,2025-10-29,web,completed
5105,1522,5,2025-10-12,web,completed
5106,3590,6,2025-10-05,web,completed
5107,4295,6,2025-10-11,sales_rep,completed
5108,194,3,2025-10-19,sales_rep,completed
5109,2051,2,2025-10-22,sales_rep,completed
5110,4770,1,2025-10-14,mobile,completed
5111,4634,2,2025-10-25,web,completed
5112,2747,2,2025-10-19,mobile,completed
5113,3756,2,2025-10-09,mobile,completed
5114,1355,2,2025-10-15,web,completed
5115,4019,2,2025-10-21,mobile,completed
5116,187,1,2025-10-17,sales_rep,completed
5117,2568,4,2025-10-04,partner,completed
5118,2804,1,2025-10-31,web,completed
5119,863,1,2025-10-12,sales_rep,completed
5120,2931,2,2025-10-25,partner,completed
5121,4695,5,2025-10-11,mobile,completed
5122,3477,4,2025-10-27,mobile,completed
5123,719,2,2025-10-22,web,completed
5124,2627,6,2025-10-14,mobile,completed
5125,3529,2,2025-10-04,sales_rep,completed
5126,2579,6,2025-10-31,sales_rep,completed
5127,770,3,2025-10-16,partner,completed
5128,1521,6,2025-10-08,partner,completed
5129,2292,2,2025-10-14,partner,completed
5130,971,2,2025-10-19,partner,completed
5131,2121,5,2025-10-04,partner,completed
5132,1256,1,2025-10-14,sales_rep,completed
5133,700,1,2025-10-21,web,completed
5134,1874,6,2025-10-27,sales_rep,completed
5135,87,1,2025-10-06,web,completed
5136,3867,4,2025-10-31,mobile,completed
5137,201,3,2025-10-12,web,completed
5138,592,6,2025-10-03,partner,completed
5139,1511,3,2025-10-29,partner,completed
5140,3219,6,2025-10-18,sales_rep,completed
5141,2223,1,2025-10-11,partner,completed
5142,190,2,2025-10-23,sales_rep,completed
5143,1677,1,2025-10-26,sales_rep,completed
5144,216,2,2025-10-13,mobile,completed
5145,2132,6,2025-10-27,web,completed
5146,1369,6,2025-10-01,web,completed
5147,4486,3,2025-10-28,sales_rep,completed
5148,1786,2,2025-10-09,mobile,completed
5149,2948,3,2025-10-22,web,completed
5150,950,2,2025-10-15,sales_rep,completed
5151,2404,4,2025-10-04,partner,completed
5152,4432,1,2025-10-22,web,completed
5153,126,4,2025-10-24,sales_rep,completed
5154,1524,1,2025-10-25,web,completed
5155,1786,2,2025-10-16,sales_rep,completed
5156,2342,3,2025-10-15,sales_rep,completed
5157,2066,4,2025-10-25,sales_rep,completed
5158,4971,6,2025-10-10,mobile,completed
5159,712,4,2025-10-06,mobile,completed
5160,1270,1,2025-10-06,partner,completed
5161,2356,3,2025-10-14,partner,completed
5162,3094,2,2025-10-22,web,completed
5163,408,1,2025-10-22,partner,completed
5164,3733,3,2025-10-06,sales_rep,completed
5165,2637,3,2025-10-24,web,completed
5166,1356,3,2025-10-25,mobile,completed
5167,1902,4,2025-10-26,partner,completed
5168,288,4,2025-10-16,partner,completed
5169,3323,5,2025-10-13,sales_rep,completed
5170,3957,4,2025-10-05,web,completed
5171,4992,4,2025-10-24,partner,completed
5172,1446,1,2025-10-18,partner,completed
5173,1361,1,2025-10-29,web,completed
5174,1607,1,2025-10-14,web,completed
5175,659,1,2025-10-21,mobile,completed
5176,2074,3,2025-10-08,mobile,completed
5177,625,4,2025-10-24,web,completed
5178,196,1,2025-10-27,mobile,completed
5179,1699,3,2025-10-29,web,completed
5180,4258,1,2025-10-22,mobile,completed
5181,4855,1,2025-10-17,sales_rep,completed
5182,4317,6,2025-10-28,web,completed
5183,4790,4,2025-10-04,partner,completed
5184,4357,6,2025-10-27,sales_rep,completed
5185,3270,6,2025-10-15,partner,completed
5186,914,6,2025-10-30,sales_rep,completed
5187,4057,6,2025-10-12,partner,completed
5188,4882,6,2025-10-10,mobile,completed
5189,2484,2,2025-10-27,partner,completed
5190,3308,1,2025-10-14,web,completed
5191,1920,4,2025-10-23,sales_rep,completed
5192,2965,5,2025-10-27,partner,completed
5193,105,5,2025-10-11,web,completed
5194,3612,5,2025-10-12,sales_rep,completed
5195,2604,4,2025-10-16,sales_rep,completed
5196,3780,3,2025-10-24,partner,completed
5197,1873,4,2025-10-02,web,completed
5198,2081,5,2025-10-12,web,completed
5199,731,5,2025-10-02,partner,completed
5200,2920,3,2025-10-09,mobile,completed
5201,4603,2,2025-10-21,web,completed
5202,2926,2,2025-10-01,mobile,completed
5203,4482,2,2025-10-10,mobile,completed
5204,40,4,2025-10-02,sales_rep,completed
5205,3689,6,2025-10-29,mobile,completed
5206,49,5,2025-10-27,mobile,completed
5207,2151,2,2025-10-23,web,completed
5208,2354,3,2025-10-11,partner,completed
5209,2342,3,2025-10-28,web,completed
5210,2793,5,2025-10-14,mobile,completed
5211,3838,4,2025-10-07,web,completed
5212,3537,1,2025-10-08,web,completed
5213,261,5,2025-10-29,partner,completed
5214,3764,4,2025-10-21,sales_rep,completed
5215,1990,6,2025-10-14,partner,completed
5216,2929,2,2025-10-06,web,completed
5217,4595,4,2025-10-29,web,completed
5218,1422,6,2025-10-18,mobile,completed
5219,3042,2,2025-10-28,mobile,completed
5220,3097,2,2025-10-25,mobile,completed
5221,2517,5,2025-10-14,sales_rep,completed
5222,1300,1,2025-10-06,sales_rep,completed
5223,3740,5,2025-10-18,sales_rep,completed
5224,4088,6,2025-10-01,sales_rep,completed
5225,4725,2,2025-10-13,sales_rep,completed
5226,2117,6,2025-10-12,web,completed
5227,660,2,2025-10-25,sales_rep,completed
5228,4475,6,2025-10-24,partner,completed
5229,3050,5,2025-10-30,web,completed
5230,640,6,2025-10-02,mobile,completed
5231,3888,2,2025-10-11,mobile,completed
5232,3528,1,2025-10-19,mobile,completed
5233,4163,4,2025-10-11,sales_rep,completed
5234,2147,2,2025-10-30,partner,completed
5235,2367,3,2025-10-05,sales_rep,completed
5236,637,2,2025-10-19,sales_rep,completed
5237,2147,2,2025-10-23,web,completed
5238,2796,6,2025-10-29,web,completed
5239,4336,3,2025-10-20,mobile,completed
5240,1060,2,2025-10-11,sales_rep,completed
5241,222,3,2025-10-10,mobile,completed
5242,1462,2,2025-10-02,sales_rep,completed
5243,1007,6,2025-10-07,mobile,completed
5244,2282,3,2025-10-22,web,completed
5245,3533,1,2025-10-19,partner,completed
5246,1822,5,2025-10-02,mobile,completed
5247,1712,3,2025-10-08,partner,completed
5248,1944,1,2025-10-09,mobile,completed
5249,4888,4,2025-10-23,partner,completed
5250,1986,5,2025-10-27,mobile,completed
5251,3583,2,2025-10-11,sales_rep,completed
5252,85,4,2025-10-15,web,completed
5253,556,4,2025-10-10,mobile,completed
5254,1837,6,2025-10-17,mobile,completed
5255,2666,4,2025-10-06,partner,completed
5256,1968,3,2025-10-25,sales_rep,completed
5257,1339,5,2025-10-31,web,completed
5258,2964,1,2025-10-30,sales_rep,completed
5259,1301,5,2025-10-19,mobile,completed
5260,2405,3,2025-10-09,mobile,completed
5261,554,2,2025-10-07,partner,completed
5262,863,1,2025-10-09,mobile,completed
5263,4531,1,2025-10-17,web,completed
5264,2940,2,2025-10-07,web,completed
5265,1531,1,2025-10-26,partner,completed
5266,176,3,2025-10-11,sales_rep,completed
5267,3901,4,2025-10-13,mobile,completed
5268,1667,5,2025-10-30,web,completed
5269,2279,3,2025-10-12,web,completed
5270,3101,3,2025-10-25,web,completed
5271,374,3,2025-10-02,sales_rep,completed
5272,3120,6,2025-10-09,web,completed
5273,4989,6,2025-10-14,mobile,completed
5274,903,2,2025-10-31,web,completed
5275,4682,2,2025-10-27,sales_rep,completed
5276,1696,5,2025-10-28,sales_rep,completed
5277,40,4,2025-10-17,mobile,completed
5278,2289,6,2025-10-17,partner,completed
5279,1013,2,2025-10-06,web,completed
5280,2058,5,2025-10-12,sales_rep,completed
5281,854,2,2025-10-29,sales_rep,completed
5282,3428,6,2025-10-16,partner,completed
5283,1825,5,2025-10-08,sales_rep,completed
5284,3701,1,2025-10-05,sales_rep,completed
5285,1052,3,2025-10-29,web,completed
5286,205,3,2025-10-18,sales_rep,completed
5287,1626,6,2025-10-13,partner,completed
5288,3727,1,2025-10-05,mobile,completed
5289,4917,1,2025-10-26,sales_rep,completed
5290,4393,1,2025-10-19,web,completed
5291,42,5,2025-10-06,sales_rep,completed
5292,4570,2,2025-10-02,mobile,completed
5293,1995,5,2025-10-30,mobile,completed
5294,280,1,2025-10-04,sales_rep,completed
5295,1191,3,2025-10-21,sales_rep,completed
5296,4419,5,2025-10-25,partner,completed
5297,3000,4,2025-10-15,mobile,completed
5298,819,4,2025-10-06,web,completed
5299,3992,5,2025-10-05,web,completed
5300,1692,6,2025-10-09,web,completed
5301,598,5,2025-10-11,mobile,completed
5302,1909,1,2025-10-19,sales_rep,completed
5303,3836,5,2025-10-24,sales_rep,completed
5304,1495,3,2025-10-28,web,completed
5305,804,6,2025-10-04,sales_rep,completed
5306,1474,2,2025-10-02,web,completed
5307,3976,5,2025-10-11,web,completed
5308,848,1,2025-10-07,sales_rep,completed
5309,2308,1,2025-10-25,web,completed
5310,3296,5,2025-10-29,web,completed
5311,313,1,2025-10-31,web,completed
5312,2903,6,2025-10-04,sales_rep,completed
5313,3908,6,2025-10-17,mobile,completed
5314,3068,5,2025-10-01,web,completed
5315,926,6,2025-10-13,web,completed
5316,2607,4,2025-10-09,partner,completed
5317,4513,1,2025-10-09,web,completed
5318,1105,2,2025-10-02,mobile,completed
5319,804,6,2025-10-29,sales_rep,completed
5320,2932,5,2025-10-20,web,completed
5321,2090,1,2025-10-06,sales_rep,completed
5322,3269,1,2025-10-04,sales_rep,completed
5323,3018,2,2025-10-12,web,completed
5324,260,4,2025-10-02,partner,completed
5325,3626,5,2025-10-13,web,completed
5326,4939,2,2025-10-01,sales_rep,completed
5327,692,5,2025-10-02,partner,completed
5328,2899,5,2025-10-01,mobile,completed
5329,1870,5,2025-10-06,partner,completed
5330,3192,5,2025-10-17,partner,completed
5331,2950,4,2025-10-19,partner,completed
5332,2849,2,2025-10-19,sales_rep,completed
5333,698,4,2025-10-03,sales_rep,completed
5334,3454,3,2025-10-05,sales_rep,completed
5335,3360,4,2025-10-13,web,completed
5336,3285,3,2025-10-14,mobile,completed
5337,961,1,2025-10-02,sales_rep,completed
5338,3996,3,2025-10-31,sales_rep,completed
5339,1075,3,2025-10-02,mobile,completed
5340,808,1,2025-10-31,web,completed
5341,1640,2,2025-10-30,partner,completed
5342,819,4,2025-10-15,mobile,completed
5343,1670,5,2025-10-02,partner,completed
5344,1098,5,2025-10-02,sales_rep,completed
5345,398,2,2025-10-19,mobile,completed
5346,4818,2,2025-10-30,web,completed
5347,3390,5,2025-10-13,partner,completed
5348,1786,2,2025-10-31,partner,completed
5349,1909,1,2025-10-26,partner,completed
5350,1581,2,2025-10-12,partner,completed
5351,3745,2,2025-10-04,web,completed
5352,1147,4,2025-10-14,sales_rep,completed
5353,455,4,2025-10-10,partner,completed
5354,2408,5,2025-10-07,web,completed
5355,1111,4,2025-10-24,sales_rep,completed
5356,4527,1,2025-10-17,web,completed
5357,1793,3,2025-10-12,sales_rep,completed
5358,3371,6,2025-10-03,partner,completed
5359,1977,6,2025-10-05,mobile,completed
5360,939,3,2025-10-07,partner,completed
5361,1589,6,2025-10-08,partner,completed
5362,4187,2,2025-10-01,web,completed
5363,396,6,2025-10-15,partner,completed
5364,4728,6,2025-10-14,mobile,completed
5365,107,5,2025-10-08,web,completed
5366,3566,2,2025-10-13,web,completed
5367,3455,5,2025-10-10,web,completed
5368,2969,5,2025-10-28,mobile,completed
5369,336,5,2025-10-06,mobile,completed
5370,3359,2,2025-10-28,web,completed
5371,347,6,2025-10-07,web,completed
5372,3680,5,2025-10-07,mobile,completed
5373,3879,2,2025-10-24,partner,completed
5374,4298,5,2025-10-12,mobile,completed
5375,1943,6,2025-10-28,mobile,completed
5376,3294,2,2025-10-06,sales_rep,completed
5377,925,2,2025-10-31,sales_rep,completed
5378,2658,2,2025-10-05,sales_rep,completed
5379,3603,1,2025-10-23,mobile,completed
5380,913,3,2025-10-10,mobile,completed
5381,4157,5,2025-10-31,sales_rep,completed
5382,1872,2,2025-10-12,web,completed
5383,4627,1,2025-10-25,web,completed
5384,423,5,2025-10-18,partner,completed
5385,1120,3,2025-10-05,web,completed
5386,3643,6,2025-10-06,web,completed
5387,975,1,2025-10-14,partner,completed
5388,4962,4,2025-10-20,partner,completed
5389,4704,6,2025-10-26,mobile,completed
5390,480,1,2025-10-20,partner,completed
5391,4229,3,2025-10-02,mobile,completed
5392,2201,3,2025-10-22,sales_rep,completed
5393,4209,2,2025-10-25,mobile,completed
5394,3501,1,2025-10-25,web,completed
5395,1566,3,2025-10-22,web,completed
5396,150,1,2025-10-31,sales_rep,completed
5397,1586,2,2025-10-13,sales_rep,completed
5398,2198,6,2025-10-17,web,completed
5399,2675,6,2025-10-25,web,completed
5400,3974,2,2025-10-28,web,completed
5401,4085,4,2025-10-13,sales_rep,completed
5402,1467,4,2025-10-08,partner,completed
5403,972,3,2025-10-22,mobile,completed
5404,3299,4,2025-10-10,partner,completed
5405,3715,5,2025-10-31,partner,completed
5406,3037,5,2025-10-08,sales_rep,completed
5407,3084,2,2025-10-26,mobile,completed
5408,3501,1,2025-10-04,mobile,completed
5409,2045,2,2025-10-04,sales_rep,completed
5410,1201,6,2025-10-01,partner,completed
5411,3948,3,2025-10-27,partner,completed
5412,842,4,2025-10-01,sales_rep,completed
5413,286,6,2025-10-21,web,completed
5414,85,4,2025-10-08,web,completed
5415,1976,1,2025-10-17,partner,completed
5416,2402,4,2025-10-06,sales_rep,completed
5417,2712,1,2025-10-23,partner,completed
5418,935,3,2025-10-15,sales_rep,completed
5419,2136,5,2025-10-09,web,completed
5420,3257,2,2025-10-16,web,completed
5421,1451,2,2025-10-08,sales_rep,completed
5422,2746,3,2025-10-19,sales_rep,completed
5423,1373,3,2025-10-15,web,completed
5424,4169,4,2025-10-02,web,completed
5425,2218,6,2025-10-06,mobile,completed
5426,4010,1,2025-10-14,partner,completed
5427,1691,5,2025-10-14,mobile,completed
5428,1807,1,2025-10-19,sales_rep,completed
5429,3791,1,2025-10-11,sales_rep,completed
5430,1482,1,2025-10-03,mobile,completed
5431,3596,2,2025-10-18,partner,completed
5432,411,2,2025-10-14,mobile,completed
5433,4208,6,2025-10-16,sales_rep,completed
5434,3782,2,2025-10-05,partner,completed
5435,2813,2,2025-10-27,sales_rep,completed
5436,2482,6,2025-10-05,sales_rep,completed
5437,1867,1,2025-10-31,web,completed
5438,1682,1,2025-10-09,partner,completed
5439,1552,6,2025-10-16,mobile,completed
5440,3518,6,2025-10-15,web,completed
5441,1010,4,2025-10-17,web,completed
5442,1371,6,2025-10-15,sales_rep,completed
5443,1951,6,2025-10-18,mobile,completed
5444,2391,3,2025-10-11,web,completed
5445,1341,4,2025-10-31,partner,completed
5446,2180,3,2025-10-18,web,completed
5447,4035,3,2025-10-14,sales_rep,completed
5448,1352,3,2025-10-05,partner,completed
5449,868,6,2025-10-02,sales_rep,completed
5450,3953,5,2025-10-01,partner,completed
5451,1351,1,2025-10-26,sales_rep,completed
5452,3537,1,2025-10-28,web,completed
5453,4762,6,2025-10-19,sales_rep,completed
5454,2598,5,2025-10-21,sales_rep,completed
5455,2732,4,2025-10-14,sales_rep,completed
5456,3457,5,2025-10-30,sales_rep,completed
5457,627,3,2025-10-02,web,completed
5458,447,2,2025-10-09,sales_rep,completed
5459,909,3,2025-10-16,web,completed
5460,2150,6,2025-10-16,web,completed
5461,4200,2,2025-10-29,web,completed
5462,3001,5,2025-10-25,sales_rep,completed
5463,4297,3,2025-10-28,partner,completed
5464,1970,1,2025-10-13,partner,completed
5465,4031,4,2025-10-25,mobile,completed
5466,3571,5,2025-10-23,sales_rep,completed
5467,503,6,2025-10-20,web,completed
5468,2612,6,2025-10-03,web,completed
5469,3171,4,2025-10-26,partner,completed
5470,1915,2,2025-10-27,sales_rep,completed
5471,3855,3,2025-10-27,partner,completed
5472,2077,3,2025-10-30,sales_rep,completed
5473,3549,2,2025-10-20,sales_rep,completed
5474,3582,5,2025-10-01,mobile,completed
5475,1104,1,2025-10-23,mobile,completed
5476,330,4,2025-10-21,partner,completed
5477,4389,3,2025-10-21,sales_rep,completed
5478,4191,3,2025-10-19,mobile,completed
5479,4767,4,2025-10-26,web,completed
5480,287,1,2025-10-12,sales_rep,completed
5481,3495,6,2025-10-14,partner,completed
5482,664,2,2025-10-22,partner,completed
5483,2422,5,2025-10-16,mobile,completed
5484,4052,3,2025-10-30,mobile,completed
5485,1269,6,2025-10-07,web,completed
5486,1873,4,2025-10-24,mobile,completed
5487,2456,3,2025-10-26,mobile,completed
5488,2298,3,2025-10-14,web,completed
5489,101,5,2025-10-10,mobile,completed
5490,1864,3,2025-10-10,partner,completed
5491,4227,3,2025-10-07,mobile,completed
5492,466,6,2025-10-22,partner,completed
5493,1741,3,2025-10-23,web,completed
5494,3043,2,2025-10-31,sales_rep,completed
5495,1918,3,2025-10-10,mobile,completed
5496,3446,5,2025-10-06,partner,completed
5497,1337,4,2025-10-23,partner,completed
5498,950,2,2025-10-30,partner,completed
5499,4617,2,2025-10-17,sales_rep,completed
5500,3761,2,2025-10-18,partner,completed
5501,1497,4,2025-10-25,partner,completed
5502,500,3,2025-10-10,mobile,completed
5503,2197,2,2025-10-03,sales_rep,completed
5504,3875,4,2025-10-11,sales_rep,completed
5505,3065,5,2025-10-21,partner,completed
5506,3507,6,2025-10-01,sales_rep,completed
5507,2630,1,2025-10-26,web,completed
5508,4561,3,2025-10-02,partner,completed
5509,599,4,2025-10-23,partner,completed
5510,4068,3,2025-10-31,sales_rep,completed
5511,4834,2,2025-10-31,mobile,completed
5512,4223,5,2025-10-21,mobile,completed
5513,1402,2,2025-10-08,sales_rep,completed
5514,4789,2,2025-10-22,mobile,completed
5515,4822,5,2025-10-12,sales_rep,completed
5516,4222,4,2025-10-31,partner,completed
5517,1590,1,2025-10-26,sales_rep,completed
5518,3983,5,2025-10-04,partner,completed
5519,4286,5,2025-10-19,sales_rep,completed
5520,981,4,2025-10-09,web,completed
5521,1295,6,2025-10-15,web,completed
5522,3776,2,2025-10-06,web,completed
5523,4048,2,2025-10-10,partner,completed
5524,3164,2,2025-10-03,mobile,completed
5525,2707,5,2025-10-10,web,completed
5526,4808,6,2025-10-25,sales_rep,completed
5527,1703,5,2025-10-30,web,completed
5528,3601,3,2025-10-06,mobile,completed
5529,4773,2,2025-10-16,sales_rep,completed
5530,1298,5,2025-10-10,partner,completed
5531,358,6,2025-10-29,partner,completed
5532,821,1,2025-10-08,partner,completed
5533,3335,1,2025-10-10,partner,completed
5534,1407,3,2025-10-08,sales_rep,completed
5535,3569,5,2025-10-21,mobile,completed
5536,2401,1,2025-10-12,partner,completed
5537,4304,1,2025-10-26,mobile,completed
5538,3263,5,2025-10-09,mobile,completed
5539,2959,4,2025-10-18,sales_rep,completed
5540,1076,1,2025-10-09,sales_rep,completed
5541,1627,4,2025-10-06,partner,completed
5542,1165,4,2025-10-19,web,completed
5543,309,2,2025-10-25,mobile,completed
5544,1510,5,2025-10-02,web,completed
5545,4749,6,2025-10-22,sales_rep,completed
5546,4037,5,2025-10-22,mobile,completed
5547,1179,2,2025-10-12,sales_rep,completed
5548,1828,6,2025-10-02,partner,completed
5549,3621,6,2025-10-18,sales_rep,completed
5550,392,2,2025-10-03,partner,completed
5551,3605,6,2025-10-06,partner,completed
5552,2726,4,2025-10-04,mobile,completed
5553,3561,1,2025-10-21,web,completed
5554,30,3,2025-10-17,partner,completed
5555,4673,2,2025-10-05,sales_rep,completed
5556,3369,3,2025-10-04,mobile,completed
5557,859,5,2025-10-14,web,completed
5558,4211,1,2025-10-08,sales_rep,completed
5559,147,1,2025-10-19,sales_rep,completed
5560,832,2,2025-10-20,mobile,completed
5561,3953,5,2025-10-07,sales_rep,completed
5562,4223,5,2025-10-30,web,completed
5563,489,5,2025-10-10,sales_rep,completed
5564,3396,5,2025-10-20,web,completed
5565,4044,1,2025-10-12,web,completed
5566,493,5,2025-10-29,sales_rep,completed
5567,374,3,2025-10-05,sales_rep,completed
5568,1140,4,2025-10-01,sales_rep,completed
5569,1107,2,2025-10-21,sales_rep,completed
5570,1137,5,2025-10-18,mobile,completed
5571,3966,6,2025-10-09,partner,completed
5572,1029,4,2025-10-12,sales_rep,completed
5573,2656,4,2025-10-25,sales_rep,completed
5574,1673,2,2025-10-24,web,completed
5575,1599,6,2025-10-05,mobile,completed
5576,4539,6,2025-10-26,partner,completed
5577,1596,1,2025-10-27,sales_rep,completed
5578,1121,1,2025-10-02,sales_rep,completed
5579,1139,5,2025-10-31,mobile,completed
5580,4634,2,2025-10-18,mobile,completed
5581,4179,3,2025-10-03,partner,completed
5582,2749,3,2025-10-22,partner,completed
5583,2752,1,2025-10-08,mobile,completed
5584,2586,4,2025-10-26,partner,completed
5585,2934,3,2025-10-07,web,completed
5586,3369,3,2025-10-10,web,completed
5587,296,4,2025-10-06,sales_rep,completed
5588,4029,5,2025-10-05,partner,completed
5589,3778,6,2025-10-11,partner,completed
5590,4789,2,2025-10-31,web,completed
5591,2139,4,2025-10-07,sales_rep,completed
5592,14,5,2025-10-29,partner,completed
5593,1864,3,2025-10-07,sales_rep,completed
5594,1991,4,2025-10-24,web,completed
5595,3057,5,2025-10-13,partner,completed
5596,896,4,2025-10-18,sales_rep,completed
5597,396,6,2025-10-14,web,completed
5598,759,1,2025-10-20,mobile,completed
5599,3422,5,2025-10-16,web,completed
5600,736,5,2025-10-07,partner,completed
5601,3172,6,2025-10-08,web,completed
5602,3549,2,2025-10-06,partner,completed
5603,2844,3,2025-10-23,mobile,completed
5604,256,1,2025-10-14,partner,completed
5605,571,6,2025-10-26,web,completed
5606,4184,6,2025-10-29,mobile,completed
5607,3108,3,2025-10-28,mobile,completed
5608,3763,4,2025-10-13,sales_rep,completed
5609,4703,4,2025-10-29,web,completed
5610,2047,3,2025-10-14,partner,completed
5611,4487,4,2025-10-17,sales_rep,completed
5612,2128,4,2025-10-02,web,completed
5613,4522,5,2025-10-03,web,completed
5614,3392,4,2025-10-06,partner,completed
5615,1114,2,2025-10-04,mobile,completed
5616,54,3,2025-10-10,mobile,completed
5617,4578,2,2025-10-29,partner,completed
5618,1936,1,2025-10-28,web,completed
5619,4313,3,2025-10-06,sales_rep,completed
5620,901,1,2025-10-27,partner,completed
5621,2295,5,2025-10-14,partner,completed
5622,904,6,2025-10-19,mobile,completed
5623,597,4,2025-10-08,web,completed
5624,2753,4,2025-10-13,sales_rep,completed
5625,2211,5,2025-10-01,web,completed
5626,1836,1,2025-11-24,mobile,completed
5627,2568,4,2025-11-12,partner,completed
5628,1610,1,2025-11-06,web,completed
5629,255,4,2025-11-06,web,completed
5630,2235,4,2025-11-24,partner,completed
5631,1812,4,2025-11-09,web,completed
5632,2478,2,2025-11-10,web,completed
5633,2574,3,2025-11-03,mobile,completed
5634,1364,2,2025-11-23,partner,completed
5635,2274,3,2025-11-20,web,completed
5636,3000,4,2025-11-23,sales_rep,completed
5637,1208,5,2025-11-25,web,completed
5638,145,6,2025-11-06,mobile,completed
5639,927,4,2025-11-23,partner,completed
5640,2431,1,2025-11-16,web,completed
5641,3455,5,2025-11-12,sales_rep,completed
5642,3246,5,2025-11-25,mobile,completed
5643,3871,1,2025-11-05,mobile,completed
5644,2332,6,2025-11-18,partner,completed
5645,4390,4,2025-11-29,sales_rep,completed
5646,4892,4,2025-11-16,mobile,completed
5647,87,1,2025-11-03,web,completed
5648,776,6,2025-11-20,mobile,completed
5649,1996,1,2025-11-18,sales_rep,completed
5650,2266,1,2025-11-24,sales_rep,completed
5651,1030,3,2025-11-09,sales_rep,completed
5652,1459,2,2025-11-01,web,completed
5653,225,5,2025-11-22,web,completed
5654,4517,3,2025-11-02,mobile,completed
5655,3935,2,2025-11-04,mobile,completed
5656,899,1,2025-11-17,sales_rep,completed
5657,2004,3,2025-11-11,partner,completed
5658,2608,2,2025-11-03,sales_rep,completed
5659,2232,1,2025-11-06,mobile,completed
5660,2122,6,2025-11-29,sales_rep,completed
5661,2762,3,2025-11-14,mobile,completed
5662,4587,2,2025-11-02,partner,completed
5663,2627,6,2025-11-16,mobile,completed
5664,2789,1,2025-11-23,partner,completed
5665,1298,5,2025-11-16,web,completed
5666,2329,1,2025-11-03,web,completed
5667,3376,4,2025-11-07,partner,completed
5668,2933,1,2025-11-21,sales_rep,completed
5669,2432,4,2025-11-06,web,completed
5670,3558,3,2025-11-18,web,completed
5671,1091,4,2025-11-23,mobile,completed
5672,160,5,2025-11-26,partner,completed
5673,1560,6,2025-11-11,web,completed
5674,1234,5,2025-11-08,web,completed
5675,4566,3,2025-11-04,web,completed
5676,1179,2,2025-11-12,mobile,completed
5677,4556,2,2025-11-06,sales_rep,completed
5678,2078,3,2025-11-24,sales_rep,completed
5679,3574,2,2025-11-19,sales_rep,completed
5680,2882,2,2025-11-04,sales_rep,completed
5681,27,3,2025-11-28,mobile,completed
5682,4580,2,2025-11-11,web,completed
5683,2378,1,2025-11-04,mobile,completed
5684,2829,4,2025-11-08,partner,completed
5685,1320,3,2025-11-29,mobile,completed
5686,908,2,2025-11-13,partner,completed
5687,195,6,2025-11-02,mobile,completed
5688,2630,1,2025-11-25,sales_rep,completed
5689,1565,4,2025-11-10,web,completed
5690,2143,6,2025-11-28,mobile,completed
5691,4910,4,2025-11-30,web,completed
5692,3229,5,2025-11-04,web,completed
5693,3687,1,2025-11-29,mobile,completed
5694,3185,4,2025-11-24,web,completed
5695,875,5,2025-11-29,sales_rep,completed
5696,3301,4,2025-11-30,sales_rep,completed
5697,4437,4,2025-11-16,mobile,completed
5698,4987,6,2025-11-30,partner,completed
5699,238,3,2025-11-18,sales_rep,completed
5700,139,3,2025-11-25,mobile,completed
5701,4895,3,2025-11-22,mobile,completed
5702,3812,3,2025-11-16,sales_rep,completed
5703,81,6,2025-11-14,sales_rep,completed
5704,4275,1,2025-11-10,mobile,completed
5705,4705,5,2025-11-27,mobile,completed
5706,1226,6,2025-11-01,partner,completed
5707,1069,3,2025-11-21,web,completed
5708,3787,2,2025-11-01,partner,completed
5709,1513,5,2025-11-13,partner,completed
5710,525,2,2025-11-05,mobile,completed
5711,3476,2,2025-11-16,partner,completed
5712,2713,6,2025-11-07,sales_rep,completed
5713,1385,3,2025-11-23,partner,completed
5714,1612,1,2025-11-06,mobile,completed
5715,2347,2,2025-11-05,web,completed
5716,1140,4,2025-11-12,web,completed
5717,262,2,2025-11-06,mobile,completed
5718,3236,4,2025-11-07,mobile,completed
5719,1463,1,2025-11-28,sales_rep,completed
5720,2014,6,2025-11-26,sales_rep,completed
5721,1548,6,2025-11-29,mobile,completed
5722,831,2,2025-11-22,partner,completed
5723,2719,4,2025-11-28,partner,completed
5724,3033,4,2025-11-06,mobile,completed
5725,2505,1,2025-11-10,partner,completed
5726,2535,5,2025-11-05,partner,completed
5727,3575,6,2025-11-14,sales_rep,completed
5728,212,5,2025-11-25,web,completed
5729,3869,2,2025-11-29,web,completed
5730,4104,1,2025-11-20,partner,completed
5731,760,5,2025-11-01,partner,completed
5732,4934,5,2025-11-02,mobile,completed
5733,2283,2,2025-11-13,web,completed
5734,1712,3,2025-11-23,mobile,completed
5735,1484,1,2025-11-12,mobile,completed
5736,4937,6,2025-11-16,sales_rep,completed
5737,2746,3,2025-11-04,web,completed
5738,4980,4,2025-11-10,sales_rep,completed
5739,3584,2,2025-11-30,sales_rep,completed
5740,2322,1,2025-11-24,mobile,completed
5741,144,3,2025-11-04,mobile,completed
5742,4604,5,2025-11-22,web,completed
5743,1139,5,2025-11-01,mobile,completed
5744,3912,6,2025-11-28,web,completed
5745,640,6,2025-11-29,partner,completed
5746,4173,4,2025-11-05,web,completed
5747,136,2,2025-11-17,web,completed
5748,613,5,2025-11-10,web,completed
5749,1486,6,2025-11-13,web,completed
5750,3902,6,2025-11-27,sales_rep,completed
5751,4986,1,2025-11-14,sales_rep,completed
5752,1183,5,2025-11-01,sales_rep,completed
5753,2882,2,2025-11-24,partner,completed
5754,3738,4,2025-11-19,sales_rep,completed
5755,4453,3,2025-11-22,web,completed
5756,1180,1,2025-11-04,sales_rep,completed
5757,558,6,2025-11-20,sales_rep,completed
5758,3920,4,2025-11-21,partner,completed
5759,168,2,2025-11-20,partner,completed
5760,4469,6,2025-11-07,mobile,completed
5761,2011,3,2025-11-15,sales_rep,completed
5762,2509,3,2025-11-13,sales_rep,completed
5763,2481,4,2025-11-04,sales_rep,completed
5764,2167,2,2025-11-27,web,completed
5765,63,3,2025-11-12,partner,completed
5766,729,3,2025-11-20,partner,completed
5767,1766,6,2025-11-24,mobile,completed
5768,1180,1,2025-11-10,web,completed
5769,4081,6,2025-11-27,partner,completed
5770,4962,4,2025-11-16,partner,completed
5771,1030,3,2025-11-26,mobile,completed
5772,3655,5,2025-11-06,sales_rep,completed
5773,2531,6,2025-11-10,mobile,completed
5774,3846,3,2025-11-06,sales_rep,completed
5775,3816,1,2025-11-10,mobile,completed
5776,4071,1,2025-11-08,mobile,completed
5777,4811,2,2025-11-13,web,completed
5778,2919,6,2025-11-01,partner,completed
5779,4621,4,2025-11-05,partner,completed
5780,2206,5,2025-11-04,web,completed
5781,242,4,2025-11-15,mobile,completed
5782,1741,3,2025-11-06,mobile,completed
5783,3464,1,2025-11-24,web,completed
5784,137,4,2025-11-25,sales_rep,completed
5785,4137,6,2025-11-07,mobile,completed
5786,4049,3,2025-11-30,partner,completed
5787,1162,3,2025-11-10,sales_rep,completed
5788,4325,6,2025-11-06,partner,completed
5789,3879,2,2025-11-30,web,completed
5790,1715,4,2025-11-05,sales_rep,completed
5791,4625,3,2025-11-26,mobile,completed
5792,2576,2,2025-11-08,web,completed
5793,2233,6,2025-11-15,mobile,completed
5794,2891,1,2025-11-19,web,completed
5795,4929,2,2025-11-06,partner,completed
5796,3288,2,2025-11-24,sales_rep,completed
5797,2568,4,2025-11-06,mobile,completed
5798,3250,3,2025-11-09,partner,completed
5799,3683,2,2025-11-19,web,completed
5800,984,4,2025-11-11,web,completed
5801,2654,3,2025-11-28,partner,completed
5802,3434,3,2025-11-10,partner,completed
5803,961,1,2025-11-07,mobile,completed
5804,3763,4,2025-11-19,partner,completed
5805,53,3,2025-11-11,web,completed
5806,87,1,2025-11-12,web,completed
5807,1958,4,2025-11-10,mobile,completed
5808,3090,3,2025-11-28,web,completed
5809,594,6,2025-11-21,mobile,completed
5810,2084,5,2025-11-04,web,completed
5811,929,3,2025-11-08,partner,completed
5812,4426,6,2025-11-12,sales_rep,completed
5813,3668,2,2025-11-26,mobile,completed
5814,4719,3,2025-11-02,partner,completed
5815,1859,4,2025-11-03,mobile,completed
5816,2919,6,2025-11-19,mobile,completed
5817,1794,2,2025-11-23,sales_rep,completed
5818,1999,2,2025-11-21,mobile,completed
5819,2738,2,2025-11-11,web,completed
5820,4691,1,2025-11-05,web,completed
5821,4357,6,2025-11-08,sales_rep,completed
5822,1349,5,2025-11-18,web,completed
5823,1542,2,2025-11-14,sales_rep,completed
5824,2463,3,2025-11-19,mobile,completed
5825,3799,1,2025-11-09,sales_rep,completed
5826,1766,6,2025-11-14,mobile,completed
5827,333,2,2025-11-12,mobile,completed
5828,769,1,2025-11-19,web,completed
5829,1997,4,2025-11-24,partner,completed
5830,4472,6,2025-11-24,partner,completed
5831,3471,2,2025-11-26,mobile,completed
5832,1253,1,2025-11-26,partner,completed
5833,2964,1,2025-11-14,mobile,completed
5834,3977,4,2025-11-16,partner,completed
5835,1399,1,2025-11-19,partner,completed
5836,3766,3,2025-11-17,web,completed
5837,3222,2,2025-11-21,sales_rep,completed
5838,3335,1,2025-11-25,partner,completed
5839,666,5,2025-11-10,web,completed
5840,545,5,2025-11-07,partner,completed
5841,2278,1,2025-11-20,partner,completed
5842,2004,3,2025-11-03,web,completed
5843,1539,5,2025-11-20,partner,completed
5844,4635,1,2025-11-05,mobile,completed
5845,1234,5,2025-11-21,sales_rep,completed
5846,1830,6,2025-11-25,mobile,completed
5847,243,1,2025-11-18,partner,completed
5848,102,2,2025-11-17,partner,completed
5849,1633,1,2025-11-06,partner,completed
5850,3628,2,2025-11-22,web,completed
5851,2982,1,2025-11-10,partner,completed
5852,3438,4,2025-11-10,web,completed
5853,3757,4,2025-11-20,partner,completed
5854,2901,4,2025-11-30,partner,completed
5855,2239,3,2025-11-01,sales_rep,completed
5856,1815,6,2025-11-03,web,completed
5857,198,1,2025-11-24,web,completed
5858,1615,1,2025-11-13,mobile,completed
5859,2494,4,2025-11-30,sales_rep,completed
5860,1148,5,2025-11-08,partner,completed
5861,714,5,2025-11-30,mobile,completed
5862,2959,4,2025-11-19,partner,completed
5863,2413,6,2025-11-26,web,completed
5864,4981,6,2025-11-17,sales_rep,completed
5865,4099,5,2025-11-02,partner,completed
5866,3918,6,2025-11-03,web,completed
5867,2492,2,2025-11-05,mobile,completed
5868,3275,2,2025-11-05,sales_rep,completed
5869,4424,3,2025-11-27,partner,completed
5870,2848,3,2025-11-12,sales_rep,completed
5871,1270,1,2025-11-20,mobile,completed
5872,3527,1,2025-11-07,web,completed
5873,599,4,2025-11-29,web,completed
5874,2510,1,2025-11-23,sales_rep,completed
5875,4275,1,2025-11-09,partner,completed
5876,4238,1,2025-11-12,sales_rep,completed
5877,3872,1,2025-11-29,partner,completed
5878,2910,3,2025-11-25,sales_rep,completed
5879,1739,1,2025-11-27,web,completed
5880,1238,1,2025-11-28,mobile,completed
5881,2497,5,2025-11-24,sales_rep,completed
5882,2817,5,2025-11-26,mobile,completed
5883,1599,6,2025-11-29,sales_rep,completed
5884,1228,6,2025-11-23,web,completed
5885,3845,6,2025-11-28,mobile,completed
5886,2679,4,2025-11-28,partner,completed
5887,2422,5,2025-11-12,mobile,completed
5888,4024,2,2025-11-19,sales_rep,completed
5889,4849,1,2025-11-07,mobile,completed
5890,3638,3,2025-11-29,sales_rep,completed
5891,3902,6,2025-11-07,web,completed
5892,1352,3,2025-11-06,partner,completed
5893,4301,2,2025-11-27,web,completed
5894,3647,4,2025-11-17,sales_rep,completed
5895,2808,2,2025-11-03,partner,completed
5896,619,1,2025-11-29,partner,completed
5897,2606,5,2025-11-29,partner,completed
5898,3227,4,2025-11-28,web,completed
5899,997,4,2025-11-02,web,completed
5900,1575,1,2025-11-05,partner,completed
5901,3915,5,2025-11-12,mobile,completed
5902,3086,3,2025-11-02,mobile,completed
5903,1190,1,2025-11-20,mobile,completed
5904,4312,6,2025-11-22,partner,completed
5905,4223,5,2025-11-21,web,completed
5906,669,6,2025-11-18,mobile,completed
5907,330,4,2025-11-07,web,completed
5908,3483,5,2025-11-07,web,completed
5909,368,2,2025-11-11,mobile,completed
5910,3417,4,2025-11-19,partner,completed
5911,2697,1,2025-11-07,sales_rep,completed
5912,3785,6,2025-11-02,web,completed
5913,159,4,2025-11-22,sales_rep,completed
5914,4847,6,2025-11-07,mobile,completed
5915,462,1,2025-11-23,mobile,completed
5916,2415,3,2025-11-30,mobile,completed
5917,4062,1,2025-11-09,sales_rep,completed
5918,682,1,2025-11-04,mobile,completed
5919,3750,6,2025-11-07,partner,completed
5920,3480,5,2025-11-09,sales_rep,completed
5921,4387,2,2025-11-26,partner,completed
5922,2727,1,2025-11-23,partner,completed
5923,1547,5,2025-11-23,web,completed
5924,4060,4,2025-11-05,sales_rep,completed
5925,767,4,2025-11-15,sales_rep,completed
5926,3965,2,2025-11-10,web,completed
5927,830,1,2025-11-18,sales_rep,completed
5928,3666,3,2025-11-11,mobile,completed
5929,208,6,2025-11-10,partner,completed
5930,1986,5,2025-11-16,mobile,completed
5931,4416,3,2025-11-06,sales_rep,completed
5932,2379,6,2025-11-11,partner,completed
5933,139,3,2025-11-24,partner,completed
5934,4581,2,2025-11-21,mobile,completed
5935,2995,5,2025-11-30,sales_rep,completed
5936,2180,3,2025-11-26,partner,completed
5937,4433,6,2025-11-19,mobile,completed
5938,2934,3,2025-11-27,partner,completed
5939,2995,5,2025-11-25,partner,completed
5940,3418,6,2025-11-14,mobile,completed
5941,873,1,2025-11-11,sales_rep,completed
5942,579,6,2025-11-07,mobile,completed
5943,3038,1,2025-11-06,sales_rep,completed
5944,3848,3,2025-11-18,web,completed
5945,4805,5,2025-11-16,sales_rep,completed
5946,75,5,2025-11-15,partner,completed
5947,387,1,2025-11-14,partner,completed
5948,4911,6,2025-11-25,mobile,completed
5949,869,3,2025-11-25,sales_rep,completed
5950,2843,5,2025-11-30,partner,completed
5951,2362,5,2025-11-07,web,completed
5952,841,2,2025-11-22,sales_rep,completed
5953,3844,2,2025-11-16,partner,completed
5954,3921,6,2025-11-06,partner,completed
5955,1408,6,2025-11-13,web,completed
5956,4223,5,2025-11-22,mobile,completed
5957,3026,4,2025-11-22,web,completed
5958,1024,6,2025-11-05,web,completed
5959,1336,6,2025-11-07,mobile,completed
5960,207,5,2025-11-15,mobile,completed
5961,2821,4,2025-11-16,partner,completed
5962,2623,1,2025-11-04,sales_rep,completed
5963,901,1,2025-11-19,mobile,completed
5964,3203,5,2025-11-19,partner,completed
5965,1520,3,2025-11-28,web,completed
5966,842,4,2025-11-18,partner,completed
5967,922,4,2025-11-14,mobile,completed
5968,2809,5,2025-11-21,web,completed
5969,4629,5,2025-11-12,mobile,completed
5970,2632,5,2025-11-05,mobile,completed
5971,3104,3,2025-11-29,partner,completed
5972,4318,3,2025-11-18,partner,completed
5973,3257,2,2025-11-02,mobile,completed
5974,4080,5,2025-11-17,sales_rep,completed
5975,2686,3,2025-11-10,mobile,completed
5976,660,2,2025-11-20,sales_rep,completed
5977,3298,6,2025-11-23,sales_rep,completed
5978,3536,1,2025-11-04,mobile,completed
5979,2238,2,2025-11-11,mobile,completed
5980,2515,1,2025-11-29,sales_rep,completed
5981,465,1,2025-11-24,partner,completed
5982,2332,6,2025-11-16,mobile,completed
5983,4612,2,2025-11-20,partner,completed
5984,812,6,2025-11-07,web,completed
5985,3203,5,2025-11-26,web,completed
5986,3739,5,2025-11-07,sales_rep,completed
5987,3573,5,2025-11-28,mobile,completed
5988,4342,3,2025-11-05,web,completed
5989,999,6,2025-11-02,web,completed
5990,1028,2,2025-11-02,mobile,completed
5991,1677,1,2025-11-23,sales_rep,completed
5992,148,2,2025-11-06,mobile,completed
5993,30,3,2025-11-05,mobile,completed
5994,3046,6,2025-11-22,sales_rep,completed
5995,1493,1,2025-11-25,partner,completed
5996,4907,2,2025-11-13,web,completed
5997,4276,5,2025-11-17,partner,completed
5998,3395,3,2025-11-20,partner,completed
5999,4101,1,2025-11-17,partner,completed
6000,1264,5,2025-11-04,web,completed
6001,3503,2,2025-11-10,mobile,completed
6002,4364,6,2025-11-12,mobile,completed
6003,791,1,2025-11-07,partner,completed
6004,2691,5,2025-11-01,sales_rep,completed
6005,4951,2,2025-11-02,partner,completed
6006,2549,3,2025-11-28,mobile,completed
6007,4083,5,2025-11-15,web,completed
6008,287,1,2025-11-05,sales_rep,completed
6009,1730,1,2025-11-24,partner,completed
6010,304,6,2025-11-14,sales_rep,completed
6011,3583,2,2025-11-27,sales_rep,completed
6012,2897,4,2025-11-15,sales_rep,completed
6013,983,4,2025-11-04,web,completed
6014,4034,2,2025-11-15,partner,completed
6015,2708,2,2025-11-08,web,completed
6016,3766,3,2025-11-12,partner,completed
6017,3567,3,2025-11-06,sales_rep,completed
6018,4704,6,2025-11-27,partner,completed
6019,1149,5,2025-11-05,partner,completed
6020,2514,5,2025-11-21,sales_rep,completed
6021,811,1,2025-11-29,mobile,completed
6022,3104,3,2025-11-15,web,completed
6023,1817,2,2025-11-19,mobile,completed
6024,3136,1,2025-11-28,mobile,completed
6025,373,3,2025-11-11,web,completed
6026,1901,4,2025-11-05,partner,completed
6027,2312,1,2025-11-29,web,completed
6028,15,5,2025-11-06,mobile,completed
6029,669,6,2025-11-15,web,completed
6030,4195,4,2025-11-15,partner,completed
6031,2443,1,2025-11-19,sales_rep,completed
6032,336,5,2025-11-25,partner,completed
6033,701,4,2025-11-15,web,completed
6034,4797,4,2025-11-12,sales_rep,completed
6035,855,2,2025-11-28,partner,completed
6036,4220,1,2025-11-09,mobile,completed
6037,1232,5,2025-11-06,sales_rep,completed
6038,519,3,2025-11-16,web,completed
6039,4193,5,2025-11-11,web,completed
6040,611,6,2025-11-13,partner,completed
6041,4081,6,2025-11-23,partner,completed
6042,3686,1,2025-11-12,mobile,completed
6043,4950,3,2025-11-01,sales_rep,completed
6044,2719,4,2025-11-30,partner,completed
6045,4643,6,2025-11-22,mobile,completed
6046,3245,5,2025-11-08,partner,completed
6047,92,5,2025-11-19,partner,completed
6048,1450,1,2025-11-06,mobile,completed
6049,72,2,2025-11-08,mobile,completed
6050,4419,5,2025-11-13,mobile,completed
6051,2034,5,2025-11-01,sales_rep,completed
6052,2715,4,2025-11-29,sales_rep,completed
6053,4021,1,2025-11-12,mobile,completed
6054,2828,6,2025-11-04,mobile,completed
6055,4612,2,2025-11-28,partner,completed
6056,4953,5,2025-11-06,web,completed
6057,1009,5,2025-11-03,sales_rep,completed
6058,3858,1,2025-11-24,mobile,completed
6059,946,1,2025-11-19,mobile,completed
6060,3445,6,2025-11-07,partner,completed
6061,2689,4,2025-11-16,partner,completed
6062,4334,6,2025-11-26,partner,completed
6063,897,4,2025-11-15,web,completed
6064,4955,3,2025-11-02,mobile,completed
6065,2537,2,2025-11-01,web,completed
6066,4063,4,2025-11-02,sales_rep,completed
6067,4062,1,2025-11-25,web,completed
6068,4032,4,2025-11-16,partner,completed
6069,1216,1,2025-11-15,sales_rep,completed
6070,957,3,2025-11-22,web,completed
6071,460,1,2025-11-29,mobile,completed
6072,4367,1,2025-11-03,partner,completed
6073,3034,1,2025-11-14,mobile,completed
6074,4407,2,2025-11-23,partner,completed
6075,1681,6,2025-11-21,partner,completed
6076,2986,4,2025-11-24,web,completed
6077,285,3,2025-11-16,web,completed
6078,3254,3,2025-11-22,web,completed
6079,4512,4,2025-11-23,mobile,completed
6080,3119,1,2025-11-20,sales_rep,completed
6081,4254,3,2025-11-17,web,completed
6082,2725,5,2025-11-24,mobile,completed
6083,2185,4,2025-11-08,partner,completed
6084,917,4,2025-11-28,partner,completed
6085,1215,1,2025-11-08,mobile,completed
6086,3289,2,2025-11-22,mobile,completed
6087,1993,2,2025-11-20,sales_rep,completed
6088,1898,6,2025-11-18,web,completed
6089,2794,4,2025-11-08,sales_rep,completed
6090,2683,3,2025-11-20,web,completed
6091,4015,2,2025-11-14,sales_rep,completed
6092,4506,3,2025-11-26,partner,completed
6093,635,2,2025-11-30,partner,completed
6094,546,1,2025-11-07,sales_rep,completed
6095,4124,2,2025-11-10,mobile,completed
6096,4778,5,2025-11-28,web,completed
6097,2692,4,2025-11-06,web,completed
6098,2841,3,2025-11-16,sales_rep,completed
6099,3618,3,2025-11-01,sales_rep,completed
6100,4750,3,2025-11-07,web,completed
6101,1787,2,2025-11-27,partner,completed
6102,1004,6,2025-11-07,web,completed
6103,4087,2,2025-11-01,partner,completed
6104,272,1,2025-11-25,sales_rep,completed
6105,517,6,2025-11-20,web,completed
6106,3106,2,2025-11-08,mobile,completed
6107,1581,2,2025-11-04,partner,completed
6108,2635,1,2025-11-19,sales_rep,completed
6109,2495,3,2025-11-06,partner,completed
6110,3675,4,2025-11-27,sales_rep,completed
6111,855,2,2025-11-07,web,completed
6112,3008,3,2025-11-06,mobile,completed
6113,3747,3,2025-11-25,partner,completed
6114,2572,6,2025-11-28,sales_rep,completed
6115,1540,4,2025-11-15,sales_rep,completed
6116,4513,1,2025-11-07,sales_rep,completed
6117,653,2,2025-11-20,sales_rep,completed
6118,1618,4,2025-11-16,sales_rep,completed
6119,2749,3,2025-11-08,mobile,completed
6120,1358,1,2025-11-30,web,completed
6121,3260,3,2025-11-07,partner,completed
6122,4020,5,2025-11-07,web,completed
6123,2650,2,2025-11-27,sales_rep,completed
6124,1759,4,2025-11-13,partner,completed
6125,3019,4,2025-11-12,mobile,completed
6126,2816,1,2025-11-25,partner,completed
6127,4062,1,2025-11-17,web,completed
6128,3071,3,2025-11-30,sales_rep,completed
6129,31,3,2025-11-18,mobile,completed
6130,1473,3,2025-11-25,mobile,completed
6131,1823,2,2025-11-26,web,completed
6132,1779,2,2025-11-04,mobile,completed
6133,4299,1,2025-11-10,mobile,completed
6134,204,5,2025-11-09,mobile,completed
6135,3720,2,2025-11-04,web,completed
6136,1398,4,2025-11-28,web,completed
6137,2754,4,2025-11-19,partner,completed
6138,1631,4,2025-11-02,mobile,completed
6139,349,2,2025-11-12,web,completed
6140,85,4,2025-11-30,sales_rep,completed
6141,1957,4,2025-11-20,web,completed
6142,4116,3,2025-11-03,web,completed
6143,1737,4,2025-11-30,sales_rep,completed
6144,4427,2,2025-11-23,sales_rep,completed
6145,4583,1,2025-11-15,partner,completed
6146,887,1,2025-11-01,web,completed
6147,4173,4,2025-11-23,web,completed
6148,3028,5,2025-11-23,partner,completed
6149,2789,1,2025-11-03,web,completed
6150,2210,1,2025-11-13,partner,completed
6151,4766,1,2025-11-23,web,completed
6152,640,6,2025-11-01,partner,completed
6153,29,4,2025-11-06,mobile,completed
6154,125,6,2025-11-05,mobile,completed
6155,4425,2,2025-11-23,web,completed
6156,3318,3,2025-11-27,partner,completed
6157,2553,2,2025-11-07,web,completed
6158,399,2,2025-11-12,sales_rep,completed
6159,668,6,2025-11-30,mobile,completed
6160,4456,1,2025-11-19,partner,completed
6161,4366,6,2025-11-26,mobile,completed
6162,3949,6,2025-11-14,partner,completed
6163,4382,1,2025-11-06,partner,completed
6164,3622,2,2025-11-22,web,completed
6165,3775,3,2025-11-13,sales_rep,completed
6166,4214,5,2025-11-09,mobile,completed
6167,2264,4,2025-11-25,web,completed
6168,534,2,2025-11-01,sales_rep,completed
6169,595,2,2025-11-18,partner,completed
6170,3135,5,2025-11-26,mobile,completed
6171,968,2,2025-11-21,web,completed
6172,1032,2,2025-11-12,sales_rep,completed
6173,4415,3,2025-11-18,partner,completed
6174,2599,6,2025-11-12,web,completed
6175,2365,5,2025-11-29,sales_rep,completed
6176,1793,3,2025-11-30,sales_rep,completed
6177,1340,3,2025-11-22,web,completed
6178,612,3,2025-11-13,partner,completed
6179,4690,5,2025-11-13,web,completed
6180,3673,4,2025-11-21,mobile,completed
6181,4301,2,2025-11-02,web,completed
6182,1510,5,2025-11-12,sales_rep,completed
6183,529,6,2025-11-10,partner,completed
6184,615,5,2025-11-10,web,completed
6185,4883,3,2025-11-28,web,completed
6186,4398,2,2025-11-10,partner,completed
6187,4648,1,2025-11-25,sales_rep,completed
6188,674,1,2025-11-14,partner,completed
6189,2088,4,2025-11-30,partner,completed
6190,1028,2,2025-11-16,sales_rep,completed
6191,2918,6,2025-11-11,web,completed
6192,119,2,2025-11-07,mobile,completed
6193,1977,6,2025-11-05,web,completed
6194,2593,4,2025-11-19,web,completed
6195,1363,3,2025-11-04,web,completed
6196,4127,1,2025-11-25,sales_rep,completed
6197,370,5,2025-11-10,web,completed
6198,4257,2,2025-11-25,partner,completed
6199,51,5,2025-11-08,web,completed
6200,3719,5,2025-11-30,partner,completed
6201,3318,3,2025-11-29,mobile,completed
6202,2357,3,2025-11-13,partner,completed
6203,241,1,2025-11-26,partner,completed
6204,4448,2,2025-11-02,web,completed
6205,4554,4,2025-11-05,mobile,completed
6206,3836,5,2025-11-10,sales_rep,completed
6207,4760,5,2025-11-21,sales_rep,completed
6208,4447,2,2025-11-12,web,completed
6209,4131,1,2025-11-14,web,completed
6210,1198,6,2025-11-23,sales_rep,completed
6211,4155,2,2025-11-16,web,completed
6212,3007,4,2025-11-27,partner,completed
6213,392,2,2025-11-11,web,completed
6214,108,4,2025-11-01,web,completed
6215,1276,5,2025-11-19,web,completed
6216,2608,2,2025-11-03,partner,completed
6217,4838,1,2025-11-02,partner,completed
6218,4385,3,2025-11-26,partner,completed
6219,4853,1,2025-11-24,mobile,completed
6220,3693,2,2025-11-11,sales_rep,completed
6221,638,2,2025-11-15,partner,completed
6222,3881,6,2025-11-26,sales_rep,completed
6223,1924,3,2025-11-24,sales_rep,completed
6224,1586,2,2025-11-05,web,completed
6225,2653,6,2025-11-18,sales_rep,completed
6226,1991,4,2025-11-26,partner,completed
6227,3153,2,2025-11-10,web,completed
6228,4932,5,2025-11-17,partner,completed
6229,1601,2,2025-11-02,partner,completed
6230,1337,4,2025-11-17,partner,completed
6231,4852,5,2025-11-21,partner,completed
6232,432,5,2025-11-21,mobile,completed
6233,4213,3,2025-11-29,sales_rep,completed
6234,1946,1,2025-11-25,partner,completed
6235,4817,6,2025-11-30,partner,completed
6236,3837,2,2025-11-17,sales_rep,completed
6237,714,5,2025-11-22,web,completed
6238,2619,4,2025-11-25,partner,completed
6239,1323,4,2025-11-08,sales_rep,completed
6240,219,3,2025-11-04,web,completed
6241,3075,4,2025-11-29,mobile,completed
6242,3324,4,2025-11-28,sales_rep,completed
6243,4080,5,2025-11-04,mobile,completed
6244,3679,4,2025-11-20,sales_rep,completed
6245,3044,4,2025-11-28,partner,completed
6246,3014,5,2025-11-17,mobile,completed
6247,3069,1,2025-11-11,web,completed
6248,857,2,2025-11-08,sales_rep,completed
6249,3194,2,2025-11-28,partner,completed
6250,956,4,2025-11-07,sales_rep,completed
6251,2890,2,2025-11-12,web,completed
6252,2037,4,2025-11-04,sales_rep,completed
6253,4232,6,2025-11-19,web,completed
6254,1792,6,2025-11-13,mobile,completed
6255,36,1,2025-11-01,web,completed
6256,510,2,2025-11-03,partner,completed
6257,1025,5,2025-11-08,mobile,completed
6258,4297,3,2025-11-18,mobile,completed
6259,3789,6,2025-11-19,sales_rep,completed
6260,4624,1,2025-11-17,web,completed
6261,3667,4,2025-11-13,mobile,completed
6262,720,4,2025-11-08,sales_rep,completed
6263,235,3,2025-11-19,web,completed
6264,2812,2,2025-11-26,web,completed
6265,2671,5,2025-11-05,partner,completed
6266,2149,6,2025-11-11,web,completed
6267,2952,4,2025-11-27,partner,completed
6268,2046,6,2025-11-07,web,completed
6269,1177,2,2025-11-18,web,completed
6270,2902,5,2025-11-09,sales_rep,completed
6271,1979,1,2025-11-11,mobile,completed
6272,2275,2,2025-11-06,sales_rep,completed
6273,4135,6,2025-11-30,mobile,completed
6274,2258,4,2025-11-16,sales_rep,completed
6275,4698,1,2025-11-28,mobile,completed
6276,719,2,2025-11-27,partner,completed
6277,3253,1,2025-11-15,partner,completed
6278,3554,5,2025-11-08,sales_rep,completed
6279,483,2,2025-11-10,mobile,completed
6280,2900,2,2025-11-16,sales_rep,completed
6281,3590,6,2025-11-22,partner,completed
6282,281,2,2025-11-25,sales_rep,completed
6283,4108,6,2025-11-21,mobile,completed
6284,1878,6,2025-11-14,partner,completed
6285,3220,3,2025-11-04,partner,completed
6286,1089,4,2025-11-23,sales_rep,completed
6287,703,2,2025-11-26,mobile,completed
6288,1950,2,2025-11-25,web,completed
6289,760,5,2025-11-09,sales_rep,completed
6290,595,2,2025-11-14,mobile,completed
6291,2859,5,2025-11-05,partner,completed
6292,3053,5,2025-11-05,mobile,completed
6293,4628,2,2025-11-12,partner,completed
6294,2908,6,2025-11-06,mobile,completed
6295,2739,3,2025-11-14,web,completed
6296,2964,1,2025-11-30,web,completed
6297,4962,4,2025-11-04,web,completed
6298,1831,3,2025-11-30,web,completed
6299,3431,2,2025-11-25,sales_rep,completed
6300,3611,4,2025-11-11,partner,completed
6301,870,1,2025-11-09,sales_rep,completed
6302,4214,5,2025-11-06,sales_rep,completed
6303,2104,1,2025-11-03,web,completed
6304,2082,1,2025-11-11,sales_rep,completed
6305,1120,3,2025-11-02,sales_rep,completed
6306,2166,6,2025-11-06,sales_rep,completed
6307,2904,4,2025-11-14,partner,completed
6308,4493,5,2025-11-18,mobile,completed
6309,1577,4,2025-11-12,sales_rep,completed
6310,3026,4,2025-11-11,partner,completed
6311,4361,1,2025-11-12,partner,completed
6312,2549,3,2025-11-15,web,completed
6313,998,3,2025-11-07,web,completed
6314,3686,1,2025-11-23,web,completed
6315,2851,2,2025-11-04,mobile,completed
6316,1551,2,2025-11-22,sales_rep,completed
6317,4309,5,2025-11-04,mobile,completed
6318,164,3,2025-11-12,sales_rep,completed
6319,4851,6,2025-11-12,partner,completed
6320,3510,3,2025-11-19,sales_rep,completed
6321,3420,2,2025-11-24,web,completed
6322,3231,6,2025-11-30,web,completed
6323,4940,3,2025-11-08,web,completed
6324,2143,6,2025-11-30,web,completed
6325,4931,1,2025-11-10,partner,completed
6326,230,2,2025-11-21,web,completed
6327,4646,3,2025-11-10,partner,completed
6328,4701,6,2025-11-04,web,completed
6329,1355,2,2025-11-25,web,completed
6330,3654,4,2025-11-20,web,completed
6331,1943,6,2025-11-04,mobile,completed
6332,1928,1,2025-11-02,partner,completed
6333,2624,6,2025-11-14,sales_rep,completed
6334,1006,6,2025-11-16,sales_rep,completed
6335,1156,4,2025-11-03,web,completed
6336,2777,4,2025-11-06,partner,completed
6337,4961,3,2025-11-22,sales_rep,completed
6338,107,5,2025-11-14,partner,completed
6339,2305,6,2025-11-20,sales_rep,completed
6340,2287,6,2025-11-19,sales_rep,completed
6341,3741,2,2025-11-06,web,completed
6342,4942,3,2025-11-08,sales_rep,completed
6343,2799,5,2025-11-10,web,completed
6344,3696,4,2025-11-28,mobile,completed
6345,684,6,2025-11-17,mobile,completed
6346,4925,2,2025-11-01,sales_rep,completed
6347,4758,1,2025-11-22,web,completed
6348,1981,4,2025-11-04,partner,completed
6349,3591,1,2025-11-23,mobile,completed
6350,436,1,2025-11-06,mobile,completed
6351,2916,3,2025-11-27,partner,completed
6352,4826,3,2025-11-15,sales_rep,completed
6353,777,3,2025-11-19,sales_rep,completed
6354,4327,6,2025-11-24,sales_rep,completed
6355,4887,5,2025-11-28,sales_rep,completed
6356,2813,2,2025-11-17,mobile,completed
6357,3923,3,2025-11-28,sales_rep,completed
6358,1150,6,2025-11-27,web,completed
6359,2230,6,2025-11-14,web,completed
6360,3694,2,2025-11-15,sales_rep,completed
6361,2149,6,2025-11-10,web,completed
6362,97,2,2025-11-24,mobile,completed
6363,4101,1,2025-11-19,partner,completed
6364,4573,3,2025-11-18,partner,completed
6365,2944,2,2025-11-10,sales_rep,completed
6366,3486,1,2025-11-25,web,completed
6367,770,3,2025-11-21,web,completed
6368,879,4,2025-11-21,mobile,completed
6369,4591,5,2025-11-25,sales_rep,completed
6370,823,1,2025-11-29,partner,completed
6371,4689,1,2025-11-12,mobile,completed
6372,290,3,2025-11-02,web,completed
6373,2368,2,2025-11-11,web,completed
6374,3853,1,2025-11-10,mobile,completed
6375,475,4,2025-11-27,mobile,completed
6376,640,6,2025-11-01,web,completed
6377,3695,3,2025-11-05,sales_rep,completed
6378,2601,6,2025-11-06,partner,completed
6379,4020,5,2025-11-19,sales_rep,completed
6380,1791,4,2025-11-04,web,completed
6381,3709,3,2025-11-14,mobile,completed
6382,2746,3,2025-11-07,sales_rep,completed
6383,328,1,2025-11-21,partner,completed
6384,3475,2,2025-11-23,mobile,completed
6385,4600,5,2025-11-11,mobile,completed
6386,1050,1,2025-11-01,partner,completed
6387,3982,1,2025-11-23,partner,completed
6388,1003,4,2025-11-16,web,completed
6389,4625,3,2025-11-01,partner,completed
6390,1688,3,2025-11-15,sales_rep,completed
6391,3233,5,2025-11-08,sales_rep,completed
6392,4676,3,2025-11-24,partner,completed
6393,2785,6,2025-11-08,web,completed
6394,2221,6,2025-11-15,sales_rep,completed
6395,2450,2,2025-11-27,mobile,completed
6396,1285,3,2025-11-26,partner,completed
6397,225,5,2025-11-27,mobile,completed
6398,2598,5,2025-11-18,partner,completed
6399,3947,1,2025-11-09,web,completed
6400,902,1,2025-11-10,sales_rep,completed
6401,4612,2,2025-11-11,partner,completed
6402,3826,6,2025-11-30,partner,completed
6403,3296,5,2025-11-27,mobile,completed
6404,1597,4,2025-11-05,mobile,completed
6405,3589,4,2025-11-22,mobile,completed
6406,4914,4,2025-11-03,web,completed
6407,1435,2,2025-11-16,sales_rep,completed
6408,3150,1,2025-11-30,partner,completed
6409,2108,1,2025-11-13,web,completed
6410,3058,1,2025-11-13,web,completed
6411,1265,2,2025-11-26,mobile,completed
6412,1453,1,2025-11-07,web,completed
6413,4383,3,2025-11-29,partner,completed
6414,893,4,2025-11-21,partner,completed
6415,4193,5,2025-11-25,partner,completed
6416,389,6,2025-11-13,mobile,completed
6417,4493,5,2025-11-30,partner,completed
6418,4279,5,2025-11-14,web,completed
6419,4651,3,2025-11-03,partner,completed
6420,4899,5,2025-11-07,web,completed
6421,4764,2,2025-11-14,partner,completed
6422,1077,5,2025-11-08,mobile,completed
6423,4403,3,2025-11-20,partner,completed
6424,4968,3,2025-11-13,web,completed
6425,2730,3,2025-11-27,mobile,completed
6426,3080,3,2025-11-20,sales_rep,completed
6427,4415,3,2025-11-29,sales_rep,completed
6428,3934,5,2025-11-17,sales_rep,completed
6429,3987,2,2025-11-03,web,completed
6430,4942,3,2025-11-11,web,completed
6431,4196,3,2025-11-28,partner,completed
6432,4877,3,2025-11-04,sales_rep,completed
6433,4616,3,2025-11-22,mobile,completed
6434,2841,3,2025-11-07,web,completed
6435,2929,2,2025-11-19,mobile,completed
6436,2636,1,2025-11-09,partner,completed
6437,1595,5,2025-11-28,mobile,completed
6438,3379,6,2025-11-05,web,completed
6439,3017,4,2025-11-24,sales_rep,completed
6440,1099,1,2025-11-02,mobile,completed
6441,4295,6,2025-11-23,partner,completed
6442,1945,3,2025-11-24,web,completed
6443,2323,3,2025-11-18,mobile,completed
6444,4138,2,2025-11-28,mobile,completed
6445,3051,6,2025-11-11,partner,completed
6446,549,4,2025-11-27,mobile,completed
6447,1572,3,2025-11-13,web,completed
6448,2296,5,2025-11-17,mobile,completed
6449,3659,3,2025-11-07,sales_rep,completed
6450,1579,1,2025-11-30,mobile,completed
6451,2350,4,2025-11-18,mobile,completed
6452,2913,3,2025-11-27,partner,completed
6453,2693,6,2025-11-30,web,completed
6454,947,6,2025-11-17,mobile,completed
6455,2515,1,2025-11-18,mobile,completed
6456,4641,6,2025-11-10,sales_rep,completed
6457,3292,3,2025-11-27,sales_rep,completed
6458,3959,1,2025-11-26,partner,completed
6459,3639,1,2025-11-21,mobile,completed
6460,407,3,2025-11-07,web,completed
6461,2298,3,2025-11-13,mobile,completed
6462,1630,1,2025-11-11,web,completed
6463,2507,3,2025-11-16,web,completed
6464,216,2,2025-11-24,mobile,completed
6465,1141,6,2025-11-03,sales_rep,completed
6466,616,4,2025-11-06,web,completed
6467,266,4,2025-11-28,mobile,completed
6468,2119,4,2025-11-26,partner,completed
6469,2318,3,2025-12-11,partner,completed
6470,3675,4,2025-12-29,partner,completed
6471,4947,3,2025-12-20,sales_rep,completed
6472,888,2,2025-12-27,partner,completed
6473,3044,4,2025-12-24,partner,completed
6474,160,5,2025-12-30,mobile,completed
6475,2506,1,2025-12-07,web,completed
6476,183,3,2025-12-26,web,completed
6477,4082,2,2025-12-06,mobile,completed
6478,2824,6,2025-12-01,mobile,completed
6479,1282,5,2025-12-24,mobile,completed
6480,1152,4,2025-12-23,sales_rep,completed
6481,3272,3,2025-12-16,sales_rep,completed
6482,1290,4,2025-12-12,partner,completed
6483,1930,6,2025-12-17,partner,completed
6484,76,3,2025-12-28,mobile,completed
6485,1745,2,2025-12-24,sales_rep,completed
6486,3630,5,2025-12-23,mobile,completed
6487,286,6,2025-12-26,mobile,completed
6488,4219,4,2025-12-29,mobile,completed
6489,1348,5,2025-12-20,web,completed
6490,3668,2,2025-12-20,sales_rep,completed
6491,699,1,2025-12-31,partner,completed
6492,682,1,2025-12-05,partner,completed
6493,4349,5,2025-12-18,sales_rep,completed
6494,4787,4,2025-12-07,partner,completed
6495,1338,2,2025-12-20,sales_rep,completed
6496,4811,2,2025-12-13,sales_rep,completed
6497,4087,2,2025-12-11,sales_rep,completed
6498,1296,4,2025-12-05,web,completed
6499,4023,4,2025-12-13,mobile,completed
6500,4916,1,2025-12-05,web,completed
6501,1511,3,2025-12-07,sales_rep,completed
6502,2221,6,2025-12-04,sales_rep,completed
6503,1442,4,2025-12-30,mobile,completed
6504,209,2,2025-12-14,mobile,completed
6505,4673,2,2025-12-11,partner,completed
6506,2878,6,2025-12-15,web,completed
6507,912,2,2025-12-09,partner,completed
6508,2634,4,2025-12-18,sales_rep,completed
6509,3902,6,2025-12-11,mobile,completed
6510,4292,6,2025-12-02,sales_rep,completed
6511,3900,6,2025-12-28,web,completed
6512,1779,2,2025-12-04,mobile,completed
6513,4621,4,2025-12-22,mobile,completed
6514,3834,4,2025-12-26,sales_rep,completed
6515,2236,5,2025-12-19,partner,completed
6516,3934,5,2025-12-20,web,completed
6517,4963,6,2025-12-26,mobile,completed
6518,175,5,2025-12-28,mobile,completed
6519,3045,2,2025-12-21,web,completed
6520,3366,5,2025-12-07,partner,completed
6521,4364,6,2025-12-19,partner,completed
6522,2398,2,2025-12-13,mobile,completed
6523,1716,6,2025-12-08,sales_rep,completed
6524,1013,2,2025-12-24,sales_rep,completed
6525,2065,4,2025-12-30,sales_rep,completed
6526,2085,1,2025-12-08,partner,completed
6527,4152,4,2025-12-05,web,completed
6528,4287,5,2025-12-05,sales_rep,completed
6529,2531,6,2025-12-24,partner,completed
6530,3449,4,2025-12-17,web,completed
6531,3673,4,2025-12-25,web,completed
6532,3136,1,2025-12-14,partner,completed
6533,3752,5,2025-12-19,web,completed
6534,408,1,2025-12-30,web,completed
6535,2313,4,2025-12-28,mobile,completed
6536,3334,6,2025-12-31,web,completed
6537,2591,1,2025-12-10,partner,completed
6538,3793,2,2025-12-21,sales_rep,completed
6539,1581,2,2025-12-09,web,completed
6540,4750,3,2025-12-15,mobile,completed
6541,621,3,2025-12-16,web,completed
6542,3991,5,2025-12-26,partner,completed
6543,3631,3,2025-12-25,mobile,completed
6544,400,2,2025-12-09,web,completed
6545,1228,6,2025-12-15,partner,completed
6546,4718,6,2025-12-18,sales_rep,completed
6547,3410,3,2025-12-08,mobile,completed
6548,3960,2,2025-12-29,sales_rep,completed
6549,4222,4,2025-12-15,mobile,completed
6550,17,4,2025-12-09,mobile,completed
6551,4251,3,2025-12-07,partner,completed
6552,3564,5,2025-12-31,partner,completed
6553,1223,6,2025-12-04,sales_rep,completed
6554,1520,3,2025-12-18,sales_rep,completed
6555,1971,5,2025-12-29,partner,completed
6556,3026,4,2025-12-29,sales_rep,completed
6557,1344,4,2025-12-02,mobile,completed
6558,1414,5,2025-12-21,partner,completed
6559,2705,1,2025-12-11,mobile,completed
6560,3651,1,2025-12-16,partner,completed
6561,2151,2,2025-12-03,web,completed
6562,934,4,2025-12-02,web,completed
6563,561,4,2025-12-09,mobile,completed
6564,4173,4,2025-12-23,web,completed
6565,2445,4,2025-12-01,web,completed
6566,365,1,2025-12-04,mobile,completed
6567,1866,3,2025-12-27,sales_rep,completed
6568,121,3,2025-12-26,partner,completed
6569,1007,6,2025-12-08,sales_rep,completed
6570,660,2,2025-12-08,sales_rep,completed
6571,4639,4,2025-12-05,mobile,completed
6572,1923,5,2025-12-04,partner,completed
6573,868,6,2025-12-15,partner,completed
6574,3284,1,2025-12-28,partner,completed
6575,4973,6,2025-12-22,web,completed
6576,2403,5,2025-12-02,partner,completed
6577,914,6,2025-12-13,web,completed
6578,2379,6,2025-12-01,partner,completed
6579,3119,1,2025-12-24,web,completed
6580,4328,3,2025-12-20,partner,completed
6581,701,4,2025-12-12,partner,completed
6582,2797,6,2025-12-05,sales_rep,completed
6583,210,5,2025-12-29,partner,completed
6584,2539,4,2025-12-13,sales_rep,completed
6585,75,5,2025-12-08,mobile,completed
6586,2098,6,2025-12-05,web,completed
6587,2476,3,2025-12-07,partner,completed
6588,4893,1,2025-12-29,sales_rep,completed
6589,964,2,2025-12-24,sales_rep,completed
6590,1215,1,2025-12-10,sales_rep,completed
6591,2897,4,2025-12-08,sales_rep,completed
6592,778,1,2025-12-30,partner,completed
6593,292,2,2025-12-15,web,completed
6594,2462,2,2025-12-13,mobile,completed
6595,1197,5,2025-12-02,web,completed
6596,3389,2,2025-12-09,mobile,completed
6597,465,1,2025-12-24,partner,completed
6598,109,3,2025-12-30,sales_rep,completed
6599,1111,4,2025-12-05,mobile,completed
6600,4285,1,2025-12-27,mobile,completed
6601,2764,1,2025-12-28,partner,completed
6602,1416,5,2025-12-17,web,completed
6603,2983,5,2025-12-01,partner,completed
6604,3227,4,2025-12-12,mobile,completed
6605,2212,5,2025-12-09,sales_rep,completed
6606,867,5,2025-12-18,mobile,completed
6607,1847,3,2025-12-12,mobile,completed
6608,4360,6,2025-12-19,sales_rep,completed
6609,3510,3,2025-12-23,mobile,completed
6610,1795,3,2025-12-15,partner,completed
6611,4491,2,2025-12-04,web,completed
6612,935,3,2025-12-01,partner,completed
6613,835,6,2025-12-10,web,completed
6614,99,4,2025-12-02,partner,completed
6615,457,1,2025-12-24,partner,completed
6616,1544,4,2025-12-02,sales_rep,completed
6617,274,6,2025-12-25,sales_rep,completed
6618,1897,4,2025-12-05,partner,completed
6619,349,2,2025-12-09,partner,completed
6620,176,3,2025-12-19,web,completed
6621,2914,2,2025-12-22,sales_rep,completed
6622,2777,4,2025-12-26,web,completed
6623,3975,1,2025-12-19,partner,completed
6624,2274,3,2025-12-15,partner,completed
6625,4321,4,2025-12-13,sales_rep,completed
6626,2466,2,2025-12-04,sales_rep,completed
6627,1359,1,2025-12-24,web,completed
6628,668,6,2025-12-22,web,completed
6629,2451,6,2025-12-27,partner,completed
6630,1916,4,2025-12-26,partner,completed
6631,2570,6,2025-12-01,web,completed
6632,4840,6,2025-12-01,partner,completed
6633,265,6,2025-12-13,web,completed
6634,1788,1,2025-12-30,partner,completed
6635,683,6,2025-12-15,partner,completed
6636,3965,2,2025-12-05,sales_rep,completed
6637,2687,2,2025-12-12,web,completed
6638,621,3,2025-12-02,partner,completed
6639,3983,5,2025-12-30,sales_rep,completed
6640,615,5,2025-12-28,sales_rep,completed
6641,3860,3,2025-12-31,partner,completed
6642,4995,4,2025-12-16,sales_rep,completed
6643,2562,3,2025-12-25,partner,completed
6644,3242,2,2025-12-08,mobile,completed
6645,119,2,2025-12-15,web,completed
6646,3325,3,2025-12-14,web,completed
6647,757,5,2025-12-05,web,completed
6648,2130,2,2025-12-09,mobile,completed
6649,2572,6,2025-12-05,web,completed
6650,3806,6,2025-12-19,sales_rep,completed
6651,3920,4,2025-12-27,web,completed
6652,4641,6,2025-12-03,partner,completed
6653,3765,3,2025-12-07,web,completed
6654,411,2,2025-12-15,partner,completed
6655,3421,4,2025-12-29,partner,completed
6656,863,1,2025-12-07,web,completed
6657,4737,1,2025-12-28,mobile,completed
6658,4331,2,2025-12-12,web,completed
6659,1547,5,2025-12-02,mobile,completed
6660,396,6,2025-12-14,mobile,completed
6661,4523,4,2025-12-16,web,completed
6662,1796,2,2025-12-05,mobile,completed
6663,4254,3,2025-12-25,web,completed
6664,417,6,2025-12-12,mobile,completed
6665,1268,3,2025-12-25,web,completed
6666,2040,3,2025-12-30,web,completed
6667,639,5,2025-12-04,sales_rep,completed
6668,2236,5,2025-12-21,partner,completed
6669,4622,6,2025-12-23,sales_rep,completed
6670,901,1,2025-12-23,web,completed
6671,2100,2,2025-12-16,partner,completed
6672,409,6,2025-12-12,web,completed
6673,3291,3,2025-12-10,web,completed
6674,2087,5,2025-12-16,partner,completed
6675,2549,3,2025-12-09,web,completed
6676,2573,5,2025-12-26,partner,completed
6677,3289,2,2025-12-25,web,completed
6678,3686,1,2025-12-04,web,completed
6679,4843,1,2025-12-02,sales_rep,completed
6680,3630,5,2025-12-31,sales_rep,completed
6681,4228,4,2025-12-31,web,completed
6682,350,1,2025-12-05,mobile,completed
6683,611,6,2025-12-08,web,completed
6684,2190,4,2025-12-09,web,completed
6685,695,1,2025-12-05,partner,completed
6686,4219,4,2025-12-05,partner,completed
6687,4292,6,2025-12-06,partner,completed
6688,2985,5,2025-12-06,partner,completed
6689,2436,4,2025-12-09,sales_rep,completed
6690,4275,1,2025-12-11,sales_rep,completed
6691,2840,6,2025-12-30,sales_rep,completed
6692,4755,2,2025-12-20,mobile,completed
6693,4029,5,2025-12-02,partner,completed
6694,1672,4,2025-12-19,partner,completed
6695,3234,1,2025-12-15,sales_rep,completed
6696,665,4,2025-12-25,sales_rep,completed
6697,234,5,2025-12-07,partner,completed
6698,420,4,2025-12-04,sales_rep,completed
6699,4933,6,2025-12-28,mobile,completed
6700,633,3,2025-12-30,web,completed
6701,1031,3,2025-12-19,web,completed
6702,3413,2,2025-12-05,mobile,completed
6703,868,6,2025-12-15,web,completed
6704,598,5,2025-12-26,partner,completed
6705,3479,3,2025-12-30,web,completed
6706,4763,1,2025-12-23,mobile,completed
6707,644,3,2025-12-04,partner,completed
6708,3295,2,2025-12-04,web,completed
6709,2674,2,2025-12-12,partner,completed
6710,4778,5,2025-12-08,sales_rep,completed
6711,4771,2,2025-12-01,partner,completed
6712,2818,6,2025-12-17,partner,completed
6713,4426,6,2025-12-20,web,completed
6714,1012,5,2025-12-22,web,completed
6715,2956,6,2025-12-31,mobile,completed
6716,841,2,2025-12-13,mobile,completed
6717,125,6,2025-12-22,web,completed
6718,3840,6,2025-12-25,partner,completed
6719,2826,6,2025-12-22,partner,completed
6720,1,1,2025-12-30,sales_rep,completed
6721,4036,1,2025-12-09,sales_rep,completed
6722,4377,2,2025-12-27,web,completed
6723,1991,4,2025-12-14,sales_rep,completed
6724,148,2,2025-12-18,mobile,completed
6725,1478,3,2025-12-29,web,completed
6726,3023,3,2025-12-11,web,completed
6727,269,4,2025-12-10,mobile,completed
6728,1945,3,2025-12-01,mobile,completed
6729,1100,3,2025-12-07,sales_rep,completed
6730,3058,1,2025-12-23,mobile,completed
6731,1035,1,2025-12-11,sales_rep,completed
6732,3911,2,2025-12-13,mobile,completed
6733,1517,3,2025-12-03,sales_rep,completed
6734,560,6,2025-12-04,partner,completed
6735,1356,3,2025-12-02,partner,completed
6736,4732,5,2025-12-24,sales_rep,completed
6737,3986,3,2025-12-16,mobile,completed
6738,2979,2,2025-12-02,partner,completed
6739,1040,5,2025-12-22,mobile,completed
6740,1910,6,2025-12-02,mobile,completed
6741,2332,6,2025-12-31,partner,completed
6742,4896,3,2025-12-27,web,completed
6743,1621,2,2025-12-08,partner,completed
6744,4059,2,2025-12-01,mobile,completed
6745,1430,5,2025-12-02,mobile,completed
6746,811,1,2025-12-21,partner,completed
6747,3860,3,2025-12-02,mobile,completed
6748,443,1,2025-12-12,partner,completed
6749,3837,2,2025-12-01,mobile,completed
6750,4615,4,2025-12-09,mobile,completed
6751,737,5,2025-12-04,web,completed
6752,2925,3,2025-12-07,mobile,completed
6753,829,6,2025-12-10,mobile,completed
6754,2318,3,2025-12-15,web,completed
6755,2311,2,2025-12-19,partner,completed
6756,387,1,2025-12-24,partner,completed
6757,930,4,2025-12-25,sales_rep,completed
6758,2709,5,2025-12-15,mobile,completed
6759,4199,6,2025-12-16,sales_rep,completed
6760,1358,1,2025-12-15,sales_rep,completed
6761,4197,4,2025-12-24,mobile,completed
6762,966,4,2025-12-11,partner,completed
6763,123,4,2025-12-12,web,completed
6764,1956,3,2025-12-20,web,completed
6765,11,4,2025-12-03,partner,completed
6766,179,6,2025-12-04,partner,completed
6767,1525,4,2025-12-24,mobile,completed
6768,2990,3,2025-12-23,sales_rep,completed
6769,4814,4,2025-12-02,sales_rep,completed
6770,3106,2,2025-12-11,mobile,completed
6771,3369,3,2025-12-05,sales_rep,completed
6772,3475,2,2025-12-24,sales_rep,completed
6773,2620,6,2025-12-31,sales_rep,completed
6774,115,4,2025-12-12,sales_rep,completed
6775,1707,6,2025-12-17,partner,completed
6776,878,5,2025-12-29,partner,completed
6777,2802,3,2025-12-11,partner,completed
6778,3862,4,2025-12-25,mobile,completed
6779,2129,1,2025-12-11,web,completed
6780,2874,2,2025-12-06,sales_rep,completed
6781,3194,2,2025-12-07,sales_rep,completed
6782,46,6,2025-12-28,sales_rep,completed
6783,3748,6,2025-12-17,sales_rep,completed
6784,3654,4,2025-12-03,mobile,completed
6785,4826,3,2025-12-28,mobile,completed
6786,2084,5,2025-12-02,mobile,completed
6787,4858,4,2025-12-16,web,completed
6788,1316,2,2025-12-26,web,completed
6789,2031,4,2025-12-21,sales_rep,completed
6790,3772,2,2025-12-01,partner,completed
6791,2487,2,2025-12-30,web,completed
6792,1802,3,2025-12-24,mobile,completed
6793,2885,3,2025-12-18,partner,completed
6794,2269,1,2025-12-05,partner,completed
6795,471,5,2025-12-29,sales_rep,completed
6796,4304,1,2025-12-07,web,completed
6797,3807,1,2025-12-30,mobile,completed
6798,749,2,2025-12-10,partner,completed
6799,1079,3,2025-12-26,sales_rep,completed
6800,2829,4,2025-12-02,web,completed
6801,2255,2,2025-12-17,web,completed
6802,520,4,2025-12-01,sales_rep,completed
6803,1791,4,2025-12-13,sales_rep,completed
6804,4890,3,2025-12-05,web,completed
6805,1417,4,2025-12-30,sales_rep,completed
6806,1560,6,2025-12-19,sales_rep,completed
6807,4098,1,2025-12-17,partner,completed
6808,4552,1,2025-12-04,sales_rep,completed
6809,944,3,2025-12-20,partner,completed
6810,1836,1,2025-12-31,partner,completed
6811,4230,1,2025-12-30,sales_rep,completed
6812,4231,1,2025-12-27,sales_rep,completed
6813,2014,6,2025-12-20,mobile,completed
6814,3824,2,2025-12-10,partner,completed
6815,1528,1,2025-12-27,partner,completed
6816,1163,6,2025-12-10,web,completed
6817,4725,2,2025-12-10,web,completed
6818,3235,4,2025-12-04,mobile,completed
6819,3905,6,2025-12-27,web,completed
6820,1167,1,2025-12-09,web,completed
6821,99,4,2025-12-28,sales_rep,completed
6822,95,6,2025-12-28,web,completed
6823,3485,3,2025-12-09,sales_rep,completed
6824,1503,2,2025-12-21,mobile,completed
6825,2589,6,2025-12-26,web,completed
6826,3553,6,2025-12-08,web,completed
6827,3838,4,2025-12-15,partner,completed
6828,893,4,2025-12-09,partner,completed
6829,2874,2,2025-12-07,partner,completed
6830,3140,3,2025-12-03,partner,completed
6831,2839,2,2025-12-10,web,completed
6832,3825,4,2025-12-08,web,completed
6833,1800,4,2025-12-13,partner,completed
6834,1552,6,2025-12-07,mobile,completed
6835,1591,5,2025-12-12,mobile,completed
6836,511,6,2025-12-18,partner,completed
6837,213,5,2025-12-26,mobile,completed
6838,2983,5,2025-12-18,partner,completed
6839,4987,6,2025-12-04,mobile,completed
6840,657,5,2025-12-13,partner,completed
6841,1257,2,2025-12-28,sales_rep,completed
6842,13,5,2025-12-09,web,completed
6843,1220,3,2025-12-13,web,completed
6844,654,5,2025-12-10,partner,completed
6845,4981,6,2025-12-22,web,completed
6846,1334,5,2025-12-06,mobile,completed
6847,4663,1,2025-12-20,sales_rep,completed
6848,3387,5,2025-12-27,sales_rep,completed
6849,1542,2,2025-12-07,mobile,completed
6850,1663,2,2025-12-02,sales_rep,completed
6851,468,4,2025-12-28,mobile,completed
6852,4593,1,2025-12-06,mobile,completed
6853,4017,2,2025-12-05,mobile,completed
6854,3712,6,2025-12-29,mobile,completed
6855,109,3,2025-12-16,mobile,completed
6856,4938,4,2025-12-09,mobile,completed
6857,1240,1,2025-12-06,web,completed
6858,3327,1,2025-12-31,partner,completed
6859,2870,2,2025-12-20,web,completed
6860,107,5,2025-12-11,partner,completed
6861,1976,1,2025-12-08,sales_rep,completed
6862,745,5,2025-12-14,sales_rep,completed
6863,860,5,2025-12-04,partner,completed
6864,1348,5,2025-12-29,web,completed
6865,28,5,2025-12-21,web,completed
6866,3517,2,2025-12-09,mobile,completed
6867,3718,2,2025-12-07,mobile,completed
6868,3227,4,2025-12-03,sales_rep,completed
6869,2282,3,2025-12-03,sales_rep,completed
6870,1027,1,2025-12-21,sales_rep,completed
6871,3076,5,2025-12-24,partner,completed
6872,3491,1,2025-12-29,partner,completed
6873,1070,1,2025-12-27,web,completed
6874,1396,4,2025-12-15,mobile,completed
6875,4290,2,2025-12-02,sales_rep,completed
6876,3343,1,2025-12-26,mobile,completed
6877,2470,2,2025-12-04,web,completed
6878,1554,4,2025-12-22,sales_rep,completed
6879,1100,3,2025-12-10,partner,completed
6880,1052,3,2025-12-22,mobile,completed
6881,4432,1,2025-12-06,partner,completed
6882,2475,1,2025-12-07,mobile,completed
6883,2809,5,2025-12-20,partner,completed
6884,4904,5,2025-12-23,web,completed
6885,3480,5,2025-12-22,mobile,completed
6886,3233,5,2025-12-17,partner,completed
6887,1128,4,2025-12-19,sales_rep,completed
6888,1759,4,2025-12-30,mobile,completed
6889,327,2,2025-12-26,sales_rep,completed
6890,2593,4,2025-12-21,sales_rep,completed
6891,1367,2,2025-12-10,web,completed
6892,2194,2,2025-12-15,partner,completed
6893,2122,6,2025-12-10,mobile,completed
6894,157,1,2025-12-01,sales_rep,completed
6895,2517,5,2025-12-04,mobile,completed
6896,3372,2,2025-12-21,mobile,completed
6897,4020,5,2025-12-31,sales_rep,completed
6898,1028,2,2025-12-29,sales_rep,completed
6899,1974,3,2025-12-17,partner,completed
6900,2672,6,2025-12-07,mobile,completed
6901,4140,4,2025-12-02,sales_rep,completed
6902,355,6,2025-12-06,web,completed
6903,2469,1,2025-12-26,mobile,completed
6904,3952,2,2025-12-29,partner,completed
6905,207,5,2025-12-04,partner,completed
6906,88,2,2025-12-06,mobile,completed
6907,436,1,2025-12-16,partner,completed
6908,1608,4,2025-12-30,partner,completed
6909,588,1,2025-12-30,sales_rep,completed
6910,1917,2,2025-12-18,web,completed
6911,1493,1,2025-12-21,partner,completed
6912,3862,4,2025-12-21,partner,completed
6913,1886,2,2025-12-03,mobile,completed
6914,4868,2,2025-12-28,web,completed
6915,783,1,2025-12-29,web,completed
6916,957,3,2025-12-19,web,completed
6917,4010,1,2025-12-13,sales_rep,completed
6918,696,2,2025-12-17,mobile,completed
6919,1877,2,2025-12-30,partner,completed
6920,3109,6,2025-12-30,mobile,completed
6921,4464,4,2025-12-24,mobile,completed
6922,1087,5,2025-12-04,partner,completed
6923,1383,3,2025-12-12,web,completed
6924,122,5,2025-12-28,mobile,completed
6925,2028,6,2025-12-31,web,completed
6926,1160,3,2025-12-13,mobile,completed
6927,1454,2,2025-12-22,partner,completed
6928,1173,3,2025-12-30,partner,completed
6929,4981,6,2025-12-17,mobile,completed
6930,2758,4,2025-12-15,sales_rep,completed
6931,2501,5,2025-12-29,web,completed
6932,2251,4,2025-12-24,web,completed
6933,2931,2,2025-12-01,web,completed
6934,1668,5,2025-12-29,web,completed
6935,752,1,2025-12-26,mobile,completed
6936,1446,1,2025-12-28,sales_rep,completed
6937,1604,2,2025-12-16,mobile,completed
6938,1340,3,2025-12-08,web,completed
6939,734,5,2025-12-22,partner,completed
6940,4309,5,2025-12-21,partner,completed
6941,2162,2,2025-12-18,mobile,completed
6942,2305,6,2025-12-20,sales_rep,completed
6943,4455,4,2025-12-27,web,completed
6944,4275,1,2025-12-20,sales_rep,completed
6945,1234,5,2025-12-30,sales_rep,completed
6946,4979,6,2025-12-07,web,completed
6947,2108,1,2025-12-28,mobile,completed
6948,2479,1,2025-12-21,sales_rep,completed
6949,4669,5,2025-12-02,web,completed
6950,4643,6,2025-12-22,mobile,completed
6951,4695,5,2025-12-12,web,completed
6952,873,1,2025-12-24,sales_rep,completed
6953,395,5,2025-12-12,partner,completed
6954,1549,3,2025-12-13,sales_rep,completed
6955,1419,6,2025-12-06,mobile,completed
6956,3295,2,2025-12-24,partner,completed
6957,803,4,2025-12-07,sales_rep,completed
6958,1191,3,2025-12-21,partner,completed
6959,3991,5,2025-12-26,mobile,completed
6960,2959,4,2025-12-25,partner,completed
6961,3973,1,2025-12-01,sales_rep,completed
6962,4495,2,2025-12-10,web,completed
6963,4684,1,2025-12-16,partner,completed
6964,4869,6,2025-12-09,sales_rep,completed
6965,3368,2,2025-12-22,web,completed
6966,2675,6,2025-12-01,mobile,completed
6967,3212,2,2025-12-26,web,completed
6968,3684,4,2025-12-24,partner,completed
6969,4363,3,2025-12-09,partner,completed
6970,3017,4,2025-12-09,sales_rep,completed
6971,2912,1,2025-12-31,sales_rep,completed
6972,2100,2,2025-12-28,partner,completed
6973,4070,1,2025-12-18,partner,completed
6974,1783,1,2025-12-30,web,completed
6975,1715,4,2025-12-24,mobile,completed
6976,3071,3,2025-12-04,partner,completed
6977,3162,6,2025-12-02,mobile,completed
6978,1729,3,2025-12-12,mobile,completed
6979,58,1,2025-12-31,web,completed
6980,3746,6,2025-12-30,partner,completed
6981,445,4,2025-12-03,web,completed
6982,631,5,2025-12-27,mobile,completed
6983,550,5,2025-12-12,web,completed
6984,3593,6,2025-12-02,mobile,completed
6985,3761,2,2025-12-24,mobile,completed
6986,2556,1,2025-12-26,sales_rep,completed
6987,463,5,2025-12-09,sales_rep,completed
6988,409,6,2025-12-16,mobile,completed
6989,2810,2,2025-12-28,mobile,completed
6990,4198,1,2025-12-25,partner,completed
6991,3540,5,2025-12-28,mobile,completed
6992,2750,6,2025-12-11,mobile,completed
6993,2516,5,2025-12-12,web,completed
6994,3675,4,2025-12-25,partner,completed
6995,1058,5,2025-12-09,web,completed
6996,619,1,2025-12-18,mobile,completed
6997,1776,1,2025-12-08,mobile,completed
6998,776,6,2025-12-20,partner,completed
6999,1349,5,2025-12-12,mobile,completed
7000,4394,1,2025-12-25,mobile,completed
7001,2402,4,2025-12-10,mobile,completed
7002,2335,4,2025-12-23,sales_rep,completed
7003,3749,6,2025-12-02,partner,completed
7004,1480,3,2025-12-19,mobile,completed
7005,3538,1,2025-12-07,web,completed
7006,2595,2,2025-12-28,partner,completed
7007,2864,4,2025-12-28,mobile,completed
7008,1858,4,2025-12-01,mobile,completed
7009,4654,2,2025-12-27,partner,completed
7010,4870,5,2025-12-06,partner,completed
7011,625,4,2025-12-17,mobile,completed
7012,985,4,2025-12-08,sales_rep,completed
7013,3743,6,2025-12-02,mobile,completed
7014,2651,6,2025-12-06,web,completed
7015,3854,3,2025-12-11,mobile,completed
7016,1663,2,2025-12-03,web,completed
7017,3234,1,2025-12-30,web,completed
7018,826,1,2025-12-29,mobile,completed
7019,4810,5,2025-12-04,partner,completed
7020,3408,4,2025-12-05,partner,completed
7021,3225,4,2025-12-11,mobile,completed
7022,685,2,2025-12-12,partner,completed
7023,4464,4,2025-12-26,mobile,completed
7024,1373,3,2025-12-18,mobile,completed
7025,613,5,2025-12-07,sales_rep,completed
7026,2437,4,2025-12-01,mobile,completed
7027,4835,6,2025-12-13,mobile,completed
7028,2119,4,2025-12-21,web,completed
7029,39,2,2025-12-07,partner,completed
7030,4553,1,2025-12-07,web,completed
7031,3270,6,2025-12-25,sales_rep,completed
7032,3255,2,2025-12-20,web,completed
7033,2785,6,2025-12-31,partner,completed
7034,348,6,2025-12-27,mobile,completed
7035,3499,1,2025-12-12,sales_rep,completed
7036,717,4,2025-12-01,partner,completed
7037,1038,1,2025-12-17,partner,completed
7038,2932,5,2025-12-14,sales_rep,completed
7039,2589,6,2025-12-09,partner,completed
7040,1128,4,2025-12-18,sales_rep,completed
7041,332,3,2025-12-28,web,completed
7042,979,3,2025-12-19,partner,completed
7043,222,3,2025-12-01,web,completed
7044,4938,4,2025-12-09,web,completed
7045,392,2,2025-12-22,sales_rep,completed
7046,3548,6,2025-12-31,sales_rep,completed
7047,1876,1,2025-12-17,web,completed
7048,1513,5,2025-12-03,sales_rep,completed
7049,17,4,2025-12-26,partner,completed
7050,140,3,2025-12-06,sales_rep,completed
7051,4986,1,2025-12-27,sales_rep,completed
7052,3976,5,2025-12-28,sales_rep,completed
7053,1408,6,2025-12-30,mobile,completed
7054,2887,6,2025-12-10,mobile,completed
7055,4484,1,2025-12-29,web,completed
7056,1557,6,2025-12-12,sales_rep,completed
7057,4808,6,2025-12-15,web,completed
7058,2637,3,2025-12-25,partner,completed
7059,2275,2,2025-12-07,partner,completed
7060,4483,6,2025-12-19,web,completed
7061,2286,5,2025-12-10,partner,completed
7062,318,5,2025-12-15,web,completed
7063,741,5,2025-12-14,partner,completed
7064,3660,3,2025-12-17,web,completed
7065,3157,5,2025-12-07,mobile,completed
7066,4314,1,2025-12-19,sales_rep,completed
7067,985,4,2025-12-26,web,completed
7068,2603,5,2025-12-29,partner,completed
7069,1875,3,2025-12-18,web,completed
7070,4805,5,2025-12-12,sales_rep,completed
7071,3998,6,2025-12-14,mobile,completed
7072,1159,3,2025-12-28,sales_rep,completed
7073,3717,3,2025-12-29,mobile,completed
7074,3607,2,2025-12-01,partner,completed
7075,1951,6,2025-12-03,partner,completed
7076,2125,5,2025-12-08,mobile,completed
7077,1185,3,2025-12-24,partner,completed
7078,1896,6,2025-12-25,mobile,completed
7079,507,4,2025-12-25,sales_rep,completed
7080,3182,2,2025-12-11,partner,completed
7081,2510,1,2025-12-09,web,completed
7082,3048,5,2025-12-31,partner,completed
7083,4812,2,2025-12-21,sales_rep,completed
7084,1836,1,2025-12-31,partner,completed
7085,634,3,2025-12-06,mobile,completed
7086,1878,6,2025-12-28,web,completed
7087,1763,1,2025-12-28,partner,completed
7088,2400,5,2025-12-11,partner,completed
7089,4221,1,2025-12-28,mobile,completed
7090,4965,6,2025-12-15,partner,completed
7091,3164,2,2025-12-17,sales_rep,completed
7092,3993,1,2025-12-20,partner,completed
7093,1441,5,2025-12-13,partner,completed
7094,1832,6,2025-12-07,partner,completed
7095,4385,3,2025-12-13,partner,completed
7096,1816,1,2025-12-13,sales_rep,completed
7097,1854,1,2025-12-16,partner,completed
7098,4484,1,2025-12-31,mobile,completed
7099,4009,2,2025-12-26,web,completed
7100,3897,4,2025-12-18,sales_rep,completed
7101,3627,5,2025-12-09,partner,completed
7102,3268,5,2025-12-25,web,completed
7103,2753,4,2025-12-08,web,completed
7104,3571,5,2025-12-07,partner,completed
7105,175,5,2025-12-13,web,completed
7106,285,3,2025-12-13,mobile,completed
7107,4350,3,2025-12-26,sales_rep,completed
7108,464,3,2025-12-26,sales_rep,completed
7109,3249,1,2025-12-28,partner,completed
7110,1579,1,2025-12-13,sales_rep,completed
7111,3732,6,2025-12-17,web,completed
7112,2363,6,2025-12-10,partner,completed
7113,1515,2,2025-12-01,mobile,completed
7114,3555,3,2025-12-04,sales_rep,completed
7115,4903,4,2025-12-20,mobile,completed
7116,3911,2,2025-12-02,mobile,completed
7117,1142,3,2025-12-09,sales_rep,completed
7118,4424,3,2025-12-27,partner,completed
7119,4994,4,2025-12-12,mobile,completed
7120,1355,2,2025-12-10,sales_rep,completed
7121,3250,3,2025-12-22,mobile,completed
7122,3741,2,2025-12-04,partner,completed
7123,3112,5,2025-12-07,web,completed
7124,4974,5,2025-12-10,sales_rep,completed
7125,1263,3,2025-12-04,mobile,completed
7126,1041,5,2025-12-10,web,completed
7127,4431,6,2025-12-13,partner,completed
7128,349,2,2025-12-05,sales_rep,completed
7129,158,4,2025-12-23,web,completed
7130,4483,6,2025-12-22,sales_rep,completed
7131,4244,1,2025-12-29,partner,completed
7132,675,4,2025-12-11,mobile,completed
7133,4131,1,2025-12-16,sales_rep,completed
7134,3599,2,2025-12-04,web,completed
7135,4531,1,2025-12-26,sales_rep,completed
7136,1937,3,2025-12-11,mobile,completed
7137,1620,6,2025-12-07,mobile,completed
7138,1778,1,2025-12-10,partner,completed
7139,3283,6,2025-12-23,sales_rep,completed
7140,4703,4,2025-12-16,sales_rep,completed
7141,4703,4,2025-12-16,web,completed
7142,1756,2,2025-12-12,web,completed
7143,338,2,2025-12-27,partner,completed
7144,2039,6,2025-12-21,mobile,completed
7145,2236,5,2025-12-12,web,completed
7146,79,4,2025-12-07,sales_rep,completed
7147,4888,4,2025-12-14,sales_rep,completed
7148,918,5,2025-12-30,web,completed
7149,2893,3,2025-12-20,sales_rep,completed
7150,1808,3,2025-12-26,web,completed
7151,3567,3,2025-12-29,web,completed
7152,3330,6,2025-12-28,mobile,completed
7153,4558,6,2025-12-06,web,completed
7154,320,5,2025-12-23,sales_rep,completed
7155,1397,4,2025-12-23,mobile,completed
7156,1748,3,2025-12-28,web,completed
7157,4492,2,2025-12-16,web,completed
7158,1827,1,2025-12-30,sales_rep,completed
7159,2554,2,2025-12-08,web,completed
7160,3956,6,2025-12-21,partner,completed
7161,4591,5,2025-12-18,partner,completed
7162,1375,6,2025-12-09,partner,completed
7163,3307,2,2025-12-09,sales_rep,completed
7164,4460,4,2025-12-03,sales_rep,completed
7165,1345,2,2025-12-29,mobile,completed
7166,4720,1,2025-12-22,web,completed
7167,1970,1,2025-12-06,web,completed
7168,1108,6,2025-12-06,mobile,completed
7169,3982,1,2025-12-06,mobile,completed
7170,1889,1,2025-12-01,partner,completed
7171,2077,3,2025-12-17,partner,completed
7172,3668,2,2025-12-01,mobile,completed
7173,1108,6,2025-12-31,web,completed
7174,1344,4,2025-12-07,sales_rep,completed
7175,3579,6,2025-12-12,mobile,completed
7176,4131,1,2025-12-31,web,completed
7177,901,1,2025-12-06,partner,completed
7178,4870,5,2025-12-16,partner,completed
7179,250,1,2025-12-30,partner,completed
7180,3157,5,2025-12-18,sales_rep,completed
7181,2098,6,2025-12-03,web,completed
7182,807,4,2025-12-31,sales_rep,completed
7183,3913,2,2025-12-09,partner,completed
7184,10,1,2025-12-24,partner,completed
7185,1401,6,2025-12-20,sales_rep,completed
7186,2050,4,2025-12-13,sales_rep,completed
7187,3463,6,2025-12-20,mobile,completed
7188,1135,4,2025-12-26,sales_rep,completed
7189,265,6,2025-12-19,web,completed
7190,3870,5,2025-12-11,web,completed
7191,413,2,2025-12-15,web,completed
7192,2350,4,2025-12-09,partner,completed
7193,3340,6,2025-12-12,partner,completed
7194,3162,6,2025-12-19,sales_rep,completed
7195,526,2,2025-12-15,sales_rep,completed
7196,3032,2,2025-12-01,mobile,completed
7197,63,3,2025-12-24,mobile,completed
7198,182,1,2025-12-29,sales_rep,completed
7199,1181,4,2025-12-14,mobile,completed
7200,3540,5,2025-12-25,partner,completed
7201,1060,2,2025-12-23,sales_rep,completed
7202,4129,4,2025-12-31,mobile,completed
7203,690,5,2025-12-10,sales_rep,completed
7204,2357,3,2025-12-03,mobile,completed
7205,2405,3,2025-12-28,partner,completed
7206,2911,1,2025-12-11,partner,completed
7207,1903,5,2025-12-10,partner,completed
7208,719,2,2025-12-05,web,completed
7209,3637,4,2025-12-23,web,completed
7210,3294,2,2025-12-10,sales_rep,completed
7211,3282,5,2025-12-11,mobile,completed
7212,4699,2,2025-12-17,partner,completed
7213,4431,6,2025-12-24,partner,completed
7214,3560,3,2025-12-05,web,completed
7215,2173,6,2025-12-25,web,completed
7216,73,3,2025-12-18,sales_rep,completed
7217,1087,5,2025-12-02,mobile,completed
7218,1548,6,2025-12-12,sales_rep,completed
7219,1482,1,2025-12-29,partner,completed
7220,4770,1,2025-12-25,partner,completed
7221,318,5,2025-12-15,mobile,completed
7222,3342,2,2025-12-01,sales_rep,completed
7223,2424,5,2025-12-04,sales_rep,completed
7224,1624,1,2025-12-18,partner,completed
7225,3672,1,2025-12-20,web,completed
7226,3003,6,2025-12-12,web,completed
7227,4217,3,2025-12-23,web,completed
7228,817,1,2025-12-09,partner,completed
7229,1355,2,2025-12-21,web,completed
7230,4624,1,2025-12-25,mobile,completed
7231,4355,3,2025-12-06,partner,completed
7232,1950,2,2025-12-14,partner,completed
7233,2025,1,2025-12-14,partner,completed
7234,961,1,2025-12-08,web,completed
7235,399,2,2025-12-13,web,completed
7236,375,6,2025-12-20,partner,completed
7237,32,2,2025-12-11,mobile,completed
7238,175,5,2025-12-14,web,completed
7239,1872,2,2025-12-27,mobile,completed
7240,3226,5,2025-12-19,mobile,completed
7241,3218,3,2025-12-29,partner,completed
7242,3408,4,2025-12-11,partner,completed
7243,3223,5,2025-12-31,mobile,completed
7244,3293,2,2025-12-21,sales_rep,completed
7245,1925,3,2025-12-28,mobile,completed
7246,1571,1,2025-12-25,mobile,completed
7247,2127,2,2025-12-29,mobile,completed
7248,3963,4,2025-12-01,web,completed
7249,2706,2,2025-12-10,partner,completed
7250,4200,2,2025-12-10,partner,completed
7251,1651,2,2025-12-27,mobile,completed
7252,3016,3,2025-12-22,web,completed
7253,3218,3,2025-12-28,sales_rep,completed
7254,3078,5,2025-12-31,mobile,completed
7255,533,1,2025-12-08,partner,completed
7256,963,6,2025-12-17,partner,completed
7257,3110,2,2025-12-14,sales_rep,completed
7258,4291,1,2025-12-14,sales_rep,completed
7259,2419,2,2025-12-16,web,completed
7260,424,4,2025-12-26,web,completed
7261,4350,3,2025-12-16,partner,completed
7262,4012,6,2025-12-25,partner,completed
7263,4054,5,2025-12-05,sales_rep,completed
7264,2094,2,2025-12-07,partner,completed
7265,3247,5,2025-12-19,web,completed
7266,491,6,2025-12-27,mobile,completed
7267,133,1,2025-12-16,web,completed
7268,308,4,2025-12-15,sales_rep,completed
7269,2129,1,2025-12-25,web,completed
7270,4943,6,2025-12-06,sales_rep,completed
7271,273,1,2025-12-20,web,completed
7272,2846,3,2025-12-02,partner,completed
7273,3781,1,2025-12-14,web,completed
7274,2222,1,2025-12-10,mobile,completed
7275,261,5,2025-12-28,web,completed
7276,4628,2,2025-12-22,partner,completed
7277,4495,2,2025-12-31,partner,completed
7278,2316,1,2025-12-05,partner,completed
7279,4205,2,2025-12-13,mobile,completed
7280,4235,2,2025-12-09,web,completed
7281,3257,2,2025-12-12,web,completed
7282,4269,1,2025-12-26,mobile,completed
7283,3498,3,2025-12-07,partner,completed
7284,3751,4,2025-12-31,partner,completed
7285,553,5,2025-12-12,sales_rep,completed
7286,476,5,2025-12-28,partner,completed
7287,787,1,2025-12-02,sales_rep,completed
7288,4774,6,2025-12-24,partner,completed
7289,2061,6,2025-12-24,web,completed
7290,3137,4,2025-12-20,sales_rep,completed
7291,2872,6,2025-12-12,mobile,completed
7292,2043,5,2025-12-23,partner,completed
7293,3548,6,2025-12-29,sales_rep,completed
7294,3833,5,2025-12-23,partner,completed
7295,4774,6,2025-12-29,mobile,completed
7296,370,5,2025-12-23,sales_rep,completed
7297,1792,6,2025-12-18,partner,completed
7298,893,4,2025-12-18,sales_rep,completed
7299,2733,6,2025-12-12,mobile,completed
7300,3389,2,2025-12-18,sales_rep,completed
7301,899,1,2025-12-31,sales_rep,completed
7302,3148,6,2025-12-27,partner,completed
7303,255,4,2025-12-03,partner,completed
7304,2622,3,2025-12-16,sales_rep,completed
7305,4875,2,2025-12-29,partner,completed
7306,3374,4,2025-12-31,partner,completed
7307,3912,6,2025-12-09,mobile,completed
7308,4750,3,2025-12-07,partner,completed
7309,2602,2,2025-12-13,sales_rep,completed
7310,652,4,2025-12-23,mobile,completed
7311,2922,5,2025-12-23,web,completed
7312,4278,5,2026-01-23,mobile,completed
7313,4677,4,2026-01-31,web,completed
7314,7,1,2026-01-22,web,completed
7315,4570,2,2026-01-12,partner,completed
7316,3803,5,2026-01-11,web,completed
7317,1413,2,2026-01-05,partner,completed
7318,3013,1,2026-01-02,sales_rep,completed
7319,210,5,2026-01-03,partner,completed
7320,3572,6,2026-01-18,sales_rep,completed
7321,1723,4,2026-01-18,sales_rep,completed
7322,1292,6,2026-01-08,sales_rep,completed
7323,3968,2,2026-01-22,mobile,completed
7324,3994,2,2026-01-02,web,completed
7325,1776,1,2026-01-18,partner,completed
7326,704,2,2026-01-15,web,completed
7327,3702,2,2026-01-03,partner,completed
7328,4495,2,2026-01-23,sales_rep,completed
7329,4381,6,2026-01-11,sales_rep,completed
7330,2173,6,2026-01-26,web,completed
7331,2595,2,2026-01-30,sales_rep,completed
7332,532,1,2026-01-21,mobile,completed
7333,1635,3,2026-01-29,sales_rep,completed
7334,3504,2,2026-01-15,partner,completed
7335,3826,6,2026-01-09,sales_rep,completed
7336,1934,6,2026-01-12,web,completed
7337,4608,3,2026-01-22,partner,completed
7338,1273,6,2026-01-09,partner,completed
7339,3508,5,2026-01-11,web,completed
7340,3346,5,2026-01-08,partner,completed
7341,2974,6,2026-01-14,mobile,completed
7342,1668,5,2026-01-09,partner,completed
7343,3551,3,2026-01-12,partner,completed
7344,1085,2,2026-01-14,sales_rep,completed
7345,4147,3,2026-01-13,mobile,completed
7346,3015,3,2026-01-07,sales_rep,completed
7347,2053,3,2026-01-01,sales_rep,completed
7348,1752,6,2026-01-16,web,completed
7349,628,3,2026-01-04,sales_rep,completed
7350,265,6,2026-01-12,mobile,completed
7351,1568,4,2026-01-24,sales_rep,completed
7352,1135,4,2026-01-04,sales_rep,completed
7353,3437,2,2026-01-07,mobile,completed
7354,2255,2,2026-01-10,web,completed
7355,769,1,2026-01-30,partner,completed
7356,2873,5,2026-01-24,web,completed
7357,3176,4,2026-01-04,partner,completed
7358,2433,1,2026-01-11,sales_rep,completed
7359,3266,4,2026-01-21,partner,completed
7360,4594,5,2026-01-02,partner,completed
7361,2989,6,2026-01-25,sales_rep,completed
7362,1709,2,2026-01-24,mobile,completed
7363,3133,5,2026-01-23,partner,completed
7364,4337,5,2026-01-16,sales_rep,completed
7365,3207,6,2026-01-30,mobile,completed
7366,2394,2,2026-01-13,partner,completed
7367,579,6,2026-01-18,web,completed
7368,3407,3,2026-01-28,mobile,completed
7369,3918,6,2026-01-29,sales_rep,completed
7370,2701,6,2026-01-03,partner,completed
7371,3158,6,2026-01-20,mobile,completed
7372,545,5,2026-01-14,web,completed
7373,4835,6,2026-01-18,partner,completed
7374,2113,6,2026-01-18,sales_rep,completed
7375,4415,3,2026-01-17,mobile,completed
7376,3377,4,2026-01-09,mobile,completed
7377,3603,1,2026-01-24,web,completed
7378,1381,6,2026-01-29,mobile,completed
7379,1314,6,2026-01-21,partner,completed
7380,1652,1,2026-01-20,web,completed
7381,1347,6,2026-01-15,sales_rep,completed
7382,3506,6,2026-01-25,web,completed
7383,767,4,2026-01-03,mobile,completed
7384,3669,3,2026-01-16,mobile,completed
7385,736,5,2026-01-01,web,completed
7386,2682,1,2026-01-11,sales_rep,completed
7387,1464,1,2026-01-29,sales_rep,completed
7388,3682,1,2026-01-25,sales_rep,completed
7389,1434,4,2026-01-27,sales_rep,completed
7390,4210,4,2026-01-22,web,completed
7391,4375,2,2026-01-09,mobile,completed
7392,2545,5,2026-01-27,partner,completed
7393,118,1,2026-01-26,mobile,completed
7394,3478,4,2026-01-21,mobile,completed
7395,3416,3,2026-01-10,mobile,completed
7396,62,5,2026-01-06,partner,completed
7397,2817,5,2026-01-03,web,completed
7398,147,1,2026-01-31,partner,completed
7399,1237,1,2026-01-25,sales_rep,completed
7400,3014,5,2026-01-28,partner,completed
7401,2318,3,2026-01-16,partner,completed
7402,3179,2,2026-01-27,sales_rep,completed
7403,2079,2,2026-01-26,partner,completed
7404,1469,5,2026-01-22,sales_rep,completed
7405,348,6,2026-01-15,mobile,completed
7406,3089,2,2026-01-20,sales_rep,completed
7407,2709,5,2026-01-11,mobile,completed
7408,509,2,2026-01-06,partner,completed
7409,577,6,2026-01-28,web,completed
7410,3847,5,2026-01-15,sales_rep,completed
7411,4134,4,2026-01-27,mobile,completed
7412,1766,6,2026-01-02,web,completed
7413,4896,3,2026-01-12,partner,completed
7414,2858,5,2026-01-15,web,completed
7415,2737,4,2026-01-19,partner,completed
7416,4897,6,2026-01-17,partner,completed
7417,3073,2,2026-01-03,sales_rep,completed
7418,2583,2,2026-01-24,sales_rep,completed
7419,620,1,2026-01-21,partner,completed
7420,2634,4,2026-01-03,web,completed
7421,1637,1,2026-01-07,sales_rep,completed
7422,516,1,2026-01-04,mobile,completed
7423,2667,2,2026-01-16,mobile,completed
7424,222,3,2026-01-09,web,completed
7425,4640,6,2026-01-16,partner,completed
7426,4614,4,2026-01-23,mobile,completed
7427,3619,3,2026-01-14,web,completed
7428,4333,6,2026-01-22,sales_rep,completed
7429,4132,6,2026-01-12,web,completed
7430,4053,5,2026-01-18,partner,completed
7431,628,3,2026-01-08,mobile,completed
7432,4972,3,2026-01-10,web,completed
7433,1176,3,2026-01-22,partner,completed
7434,485,3,2026-01-09,web,completed
7435,4391,2,2026-01-05,sales_rep,completed
7436,3829,5,2026-01-11,partner,completed
7437,2997,2,2026-01-30,web,completed
7438,560,6,2026-01-18,mobile,completed
7439,1593,3,2026-01-21,sales_rep,completed
7440,3174,3,2026-01-20,sales_rep,completed
7441,3519,5,2026-01-25,partner,completed
7442,3590,6,2026-01-14,partner,completed
7443,1248,3,2026-01-18,sales_rep,completed
7444,3468,2,2026-01-11,sales_rep,completed
7445,555,6,2026-01-21,sales_rep,completed
7446,1325,6,2026-01-19,web,completed
7447,88,2,2026-01-06,partner,completed
7448,4417,3,2026-01-09,partner,completed
7449,1840,4,2026-01-21,web,completed
7450,2831,6,2026-01-15,partner,completed
7451,51,5,2026-01-14,mobile,completed
7452,4568,5,2026-01-07,web,completed
7453,1998,6,2026-01-21,mobile,completed
7454,2224,3,2026-01-22,mobile,completed
7455,1792,6,2026-01-10,sales_rep,completed
7456,1715,4,2026-01-12,sales_rep,completed
7457,1535,5,2026-01-25,partner,completed
7458,4494,2,2026-01-20,partner,completed
7459,397,1,2026-01-10,partner,completed
7460,4079,2,2026-01-04,partner,completed
7461,1277,4,2026-01-21,mobile,completed
7462,431,1,2026-01-23,mobile,completed
7463,4363,3,2026-01-29,mobile,completed
7464,2194,2,2026-01-19,sales_rep,completed
7465,4521,6,2026-01-06,sales_rep,completed
7466,379,3,2026-01-02,web,completed
7467,362,6,2026-01-03,sales_rep,completed
7468,4351,4,2026-01-17,sales_rep,completed
7469,1267,1,2026-01-07,partner,completed
7470,2392,2,2026-01-05,web,completed
7471,821,1,2026-01-06,partner,completed
7472,1308,2,2026-01-25,web,completed
7473,2888,1,2026-01-03,web,completed
7474,352,1,2026-01-25,web,completed
7475,3854,3,2026-01-07,sales_rep,completed
7476,1466,1,2026-01-21,sales_rep,completed
7477,4550,6,2026-01-21,mobile,completed
7478,1824,6,2026-01-24,partner,completed
7479,3609,4,2026-01-21,sales_rep,completed
7480,4853,1,2026-01-24,partner,completed
7481,3271,1,2026-01-17,sales_rep,completed
7482,4951,2,2026-01-25,partner,completed
7483,3580,1,2026-01-25,sales_rep,completed
7484,2315,2,2026-01-19,web,completed
7485,4919,6,2026-01-01,web,completed
7486,4570,2,2026-01-06,sales_rep,completed
7487,4662,4,2026-01-28,mobile,completed
7488,3994,2,2026-01-21,mobile,completed
7489,489,5,2026-01-06,mobile,completed
7490,3848,3,2026-01-12,sales_rep,completed
7491,1140,4,2026-01-04,partner,completed
7492,1345,2,2026-01-07,mobile,completed
7493,3896,6,2026-01-17,web,completed
7494,3713,5,2026-01-07,partner,completed
7495,374,3,2026-01-16,web,completed
7496,4956,2,2026-01-14,partner,completed
7497,3442,1,2026-01-01,web,completed
7498,4200,2,2026-01-11,sales_rep,completed
7499,4520,3,2026-01-21,sales_rep,completed
7500,2711,1,2026-01-05,partner,completed
7501,1664,4,2026-01-31,partner,completed
7502,5,3,2026-01-26,sales_rep,completed
7503,3602,4,2026-01-24,mobile,completed
7504,1884,6,2026-01-06,web,completed
7505,2100,2,2026-01-06,web,completed
7506,3271,1,2026-01-07,web,completed
7507,2080,1,2026-01-20,mobile,completed
7508,693,6,2026-01-05,web,completed
7509,4352,4,2026-01-14,sales_rep,completed
7510,2029,4,2026-01-18,partner,completed
7511,3599,2,2026-01-29,web,completed
7512,3552,4,2026-01-03,sales_rep,completed
7513,1247,6,2026-01-16,sales_rep,completed
7514,4457,4,2026-01-12,partner,completed
7515,4944,6,2026-01-11,sales_rep,completed
7516,3508,5,2026-01-14,sales_rep,completed
7517,4251,3,2026-01-25,sales_rep,completed
7518,3054,3,2026-01-14,web,completed
7519,1542,2,2026-01-17,web,completed
7520,1130,4,2026-01-22,sales_rep,completed
7521,4715,1,2026-01-05,partner,completed
7522,3355,6,2026-01-29,mobile,completed
7523,2426,4,2026-01-12,sales_rep,completed
7524,4193,5,2026-01-16,web,completed
7525,2808,2,2026-01-16,web,completed
7526,2190,4,2026-01-05,partner,completed
7527,299,2,2026-01-15,sales_rep,completed
7528,4446,3,2026-01-23,partner,completed
7529,356,6,2026-01-25,partner,completed
7530,1694,3,2026-01-16,mobile,completed
7531,3013,1,2026-01-19,web,completed
7532,3164,2,2026-01-14,web,completed
7533,3246,5,2026-01-26,web,completed
7534,4207,6,2026-01-29,mobile,completed
7535,2558,6,2026-01-03,partner,completed
7536,4439,3,2026-01-09,sales_rep,completed
7537,2915,3,2026-01-08,sales_rep,completed
7538,2342,3,2026-01-20,web,completed
7539,1929,2,2026-01-15,sales_rep,completed
7540,2304,6,2026-01-18,mobile,completed
7541,2373,1,2026-01-06,web,completed
7542,4727,1,2026-01-03,partner,completed
7543,831,2,2026-01-01,partner,completed
7544,2333,2,2026-01-21,sales_rep,completed
7545,623,1,2026-01-23,mobile,completed
7546,17,4,2026-01-20,sales_rep,completed
7547,2273,2,2026-01-30,partner,completed
7548,2424,5,2026-01-13,mobile,completed
7549,1466,1,2026-01-07,sales_rep,completed
7550,3022,1,2026-01-23,web,completed
7551,82,3,2026-01-05,sales_rep,completed
7552,3719,5,2026-01-07,web,completed
7553,2083,2,2026-01-24,mobile,completed
7554,396,6,2026-01-23,sales_rep,completed
7555,4649,2,2026-01-27,web,completed
7556,2877,4,2026-01-25,mobile,completed
7557,2361,4,2026-01-23,partner,completed
7558,3056,3,2026-01-01,sales_rep,completed
7559,2757,6,2026-01-07,web,completed
7560,3399,1,2026-01-16,sales_rep,completed
7561,3635,6,2026-01-23,mobile,completed
7562,1362,1,2026-01-22,partner,completed
7563,3229,5,2026-01-05,partner,completed
7564,3834,4,2026-01-17,web,completed
7565,694,6,2026-01-01,mobile,completed
7566,3948,3,2026-01-05,sales_rep,completed
7567,1738,1,2026-01-14,mobile,completed
7568,686,5,2026-01-03,sales_rep,completed
7569,3552,4,2026-01-21,partner,completed
7570,3861,4,2026-01-28,mobile,completed
7571,2775,4,2026-01-20,sales_rep,completed
7572,3082,5,2026-01-31,web,completed
7573,2266,1,2026-01-10,partner,completed
7574,2183,4,2026-01-22,sales_rep,completed
7575,1631,4,2026-01-24,partner,completed
7576,3896,6,2026-01-29,mobile,completed
7577,2447,5,2026-01-17,partner,completed
7578,638,2,2026-01-03,mobile,completed
7579,1206,6,2026-01-04,partner,completed
7580,1787,2,2026-01-13,web,completed
7581,3729,3,2026-01-17,web,completed
7582,4465,3,2026-01-18,sales_rep,completed
7583,832,2,2026-01-13,web,completed
7584,717,4,2026-01-20,sales_rep,completed
7585,2601,6,2026-01-27,mobile,completed
7586,4640,6,2026-01-09,mobile,completed
7587,1444,3,2026-01-04,mobile,completed
7588,3147,4,2026-01-11,web,completed
7589,3613,4,2026-01-20,mobile,completed
7590,34,4,2026-01-03,mobile,completed
7591,1824,6,2026-01-07,sales_rep,completed
7592,778,1,2026-01-28,sales_rep,completed
7593,4943,6,2026-01-23,partner,completed
7594,261,5,2026-01-26,web,completed
7595,656,4,2026-01-25,sales_rep,completed
7596,3861,4,2026-01-27,partner,completed
7597,794,5,2026-01-16,partner,completed
7598,1272,1,2026-01-14,mobile,completed
7599,2772,1,2026-01-21,partner,completed
7600,2849,2,2026-01-29,mobile,completed
7601,4989,6,2026-01-01,sales_rep,completed
7602,4254,3,2026-01-28,web,completed
7603,4189,1,2026-01-07,mobile,completed
7604,4511,2,2026-01-06,sales_rep,completed
7605,2790,6,2026-01-13,mobile,completed
7606,4205,2,2026-01-24,sales_rep,completed
7607,3538,1,2026-01-22,sales_rep,completed
7608,2514,5,2026-01-07,mobile,completed
7609,4687,6,2026-01-10,partner,completed
7610,714,5,2026-01-16,web,completed
7611,1919,3,2026-01-01,web,completed
7612,1738,1,2026-01-13,sales_rep,completed
7613,2715,4,2026-01-27,web,completed
7614,1675,5,2026-01-17,partner,completed
7615,2122,6,2026-01-16,web,completed
7616,4954,1,2026-01-15,partner,completed
7617,3758,4,2026-01-27,sales_rep,completed
7618,4035,3,2026-01-02,partner,completed
7619,1760,4,2026-01-14,sales_rep,completed
7620,1613,5,2026-01-16,partner,completed
7621,2575,5,2026-01-12,web,completed
7622,2064,5,2026-01-11,sales_rep,completed
7623,3257,2,2026-01-03,mobile,completed
7624,1359,1,2026-01-04,partner,completed
7625,708,4,2026-01-01,sales_rep,completed
7626,2018,5,2026-01-28,partner,completed
7627,4104,1,2026-01-02,web,completed
7628,402,5,2026-01-31,mobile,completed
7629,418,1,2026-01-03,mobile,completed
7630,4176,3,2026-01-13,sales_rep,completed
7631,1905,2,2026-01-19,sales_rep,completed
7632,2663,1,2026-01-24,partner,completed
7633,3830,1,2026-01-17,partner,completed
7634,3026,4,2026-01-07,partner,completed
7635,4857,6,2026-01-13,web,completed
7636,984,4,2026-01-20,mobile,completed
7637,4134,4,2026-01-30,sales_rep,completed
7638,2260,6,2026-01-04,sales_rep,completed
7639,632,2,2026-01-13,sales_rep,completed
7640,2312,1,2026-01-18,web,completed
7641,2506,1,2026-01-16,mobile,completed
7642,483,2,2026-01-26,partner,completed
7643,2417,4,2026-01-09,partner,completed
7644,153,6,2026-01-27,partner,completed
7645,3328,2,2026-01-02,web,completed
7646,3090,3,2026-01-06,web,completed
7647,612,3,2026-01-07,partner,completed
7648,2859,5,2026-01-05,sales_rep,completed
7649,1331,3,2026-01-05,web,completed
7650,3230,6,2026-01-25,mobile,completed
7651,1183,5,2026-01-10,sales_rep,completed
7652,4481,3,2026-01-12,partner,completed
7653,2558,6,2026-01-02,sales_rep,completed
7654,4992,4,2026-01-09,web,completed
7655,400,2,2026-01-11,sales_rep,completed
7656,4197,4,2026-01-16,sales_rep,completed
7657,283,5,2026-01-18,web,completed
7658,116,4,2026-01-10,partner,completed
7659,845,1,2026-01-01,web,completed
7660,1535,5,2026-01-17,sales_rep,completed
7661,4488,2,2026-01-13,partner,completed
7662,3888,2,2026-01-26,mobile,completed
7663,376,1,2026-01-17,partner,completed
7664,4506,3,2026-01-16,partner,completed
7665,1182,6,2026-01-20,partner,completed
7666,4560,4,2026-01-05,partner,completed
7667,1013,2,2026-01-03,mobile,completed
7668,3356,3,2026-01-17,mobile,completed
7669,3135,5,2026-01-08,partner,completed
7670,4235,2,2026-01-13,web,completed
7671,3101,3,2026-01-10,web,completed
7672,801,1,2026-01-03,web,completed
7673,4981,6,2026-01-27,mobile,completed
7674,1963,1,2026-01-12,mobile,completed
7675,4719,3,2026-01-14,web,completed
7676,418,1,2026-01-29,partner,completed
7677,4530,4,2026-01-16,sales_rep,completed
7678,1451,2,2026-01-17,web,completed
7679,4828,4,2026-01-10,web,completed
7680,3882,2,2026-01-07,partner,completed
7681,4871,2,2026-01-31,sales_rep,completed
7682,932,5,2026-01-24,sales_rep,completed
7683,3688,6,2026-01-17,web,completed
7684,3713,5,2026-01-27,sales_rep,completed
7685,4502,4,2026-01-14,web,completed
7686,3842,3,2026-01-26,mobile,completed
7687,455,4,2026-01-16,sales_rep,completed
7688,4400,4,2026-01-04,partner,completed
7689,1359,1,2026-01-11,sales_rep,completed
7690,4837,1,2026-01-14,mobile,completed
7691,3857,3,2026-01-29,partner,completed
7692,3736,2,2026-01-14,partner,completed
7693,3210,2,2026-01-24,sales_rep,completed
7694,3378,4,2026-01-10,web,completed
7695,2829,4,2026-01-23,web,completed
7696,3919,1,2026-01-28,partner,completed
7697,4610,3,2026-01-16,mobile,completed
7698,947,6,2026-01-19,partner,completed
7699,4166,5,2026-01-11,web,completed
7700,3695,3,2026-01-25,sales_rep,completed
7701,2918,6,2026-01-28,mobile,completed
7702,4548,6,2026-01-02,web,completed
7703,4682,2,2026-01-24,web,completed
7704,2267,5,2026-01-26,sales_rep,completed
7705,341,4,2026-01-15,mobile,completed
7706,111,2,2026-01-14,sales_rep,completed
7707,3072,3,2026-01-01,partner,completed
7708,1684,5,2026-01-22,sales_rep,completed
7709,1121,1,2026-01-18,mobile,completed
7710,483,2,2026-01-21,sales_rep,completed
7711,1331,3,2026-01-04,web,completed
7712,3132,3,2026-01-05,mobile,completed
7713,3974,2,2026-01-21,partner,completed
7714,4174,3,2026-01-09,web,completed
7715,3304,2,2026-01-01,partner,completed
7716,457,1,2026-01-15,sales_rep,completed
7717,3506,6,2026-01-27,mobile,completed
7718,2138,1,2026-01-23,partner,completed
7719,650,6,2026-01-26,mobile,completed
7720,3364,5,2026-01-16,partner,completed
7721,4783,3,2026-01-01,mobile,completed
7722,4538,5,2026-01-22,sales_rep,completed
7723,3909,2,2026-01-02,mobile,completed
7724,1103,6,2026-01-04,sales_rep,completed
7725,2482,6,2026-01-08,partner,completed
7726,2641,2,2026-01-18,mobile,completed
7727,2061,6,2026-01-30,web,completed
7728,87,1,2026-01-24,mobile,completed
7729,2853,1,2026-01-18,mobile,completed
7730,1951,6,2026-01-15,sales_rep,completed
7731,1724,5,2026-01-05,mobile,completed
7732,1726,5,2026-01-05,partner,completed
7733,3716,2,2026-01-18,web,completed
7734,887,1,2026-01-04,sales_rep,completed
7735,2741,2,2026-01-01,mobile,completed
7736,717,4,2026-01-18,web,completed
7737,4678,4,2026-01-22,partner,completed
7738,1846,4,2026-01-04,mobile,completed
7739,4558,6,2026-01-19,partner,completed
7740,306,1,2026-01-10,sales_rep,completed
7741,3638,3,2026-01-21,partner,completed
7742,4532,1,2026-01-10,web,completed
7743,769,1,2026-01-02,mobile,completed
7744,4769,1,2026-01-15,mobile,completed
7745,4721,4,2026-01-16,web,completed
7746,4316,2,2026-01-23,mobile,completed
7747,3612,5,2026-01-20,sales_rep,completed
7748,19,6,2026-01-23,sales_rep,completed
7749,576,3,2026-01-21,mobile,completed
7750,1725,4,2026-01-01,sales_rep,completed
7751,3904,1,2026-01-26,sales_rep,completed
7752,2183,4,2026-01-20,web,completed
7753,231,3,2026-01-18,mobile,completed
7754,1646,2,2026-01-26,mobile,completed
7755,4188,2,2026-01-19,sales_rep,completed
7756,4001,2,2026-01-24,partner,completed
7757,4115,2,2026-01-15,sales_rep,completed
7758,3377,4,2026-01-26,sales_rep,completed
7759,908,2,2026-01-19,partner,completed
7760,976,2,2026-01-08,mobile,completed
7761,4946,5,2026-01-11,partner,completed
7762,434,1,2026-01-11,sales_rep,completed
7763,3915,5,2026-01-06,web,completed
7764,3000,4,2026-01-14,partner,completed
7765,216,2,2026-01-13,web,completed
7766,4218,3,2026-01-24,sales_rep,completed
7767,4524,6,2026-01-04,partner,completed
7768,3171,4,2026-01-23,web,completed
7769,4945,1,2026-01-01,partner,completed
7770,1227,1,2026-01-06,web,completed
7771,4775,2,2026-01-28,mobile,completed
7772,2787,2,2026-01-03,mobile,completed
7773,3320,1,2026-01-14,partner,completed
7774,2655,6,2026-01-05,mobile,completed
7775,4450,6,2026-01-25,web,completed
7776,3935,2,2026-01-14,web,completed
7777,4054,5,2026-01-18,sales_rep,completed
7778,2130,2,2026-01-23,partner,completed
7779,4677,4,2026-01-03,partner,completed
7780,1442,4,2026-02-06,web,completed
7781,4437,4,2026-02-26,mobile,completed
7782,1681,6,2026-02-06,web,completed
7783,3920,4,2026-02-20,web,completed
7784,3549,2,2026-02-25,mobile,completed
7785,237,4,2026-02-22,partner,completed
7786,4677,4,2026-02-13,sales_rep,completed
7787,1042,6,2026-02-19,partner,completed
7788,3017,4,2026-02-05,web,completed
7789,3004,6,2026-02-22,partner,completed
7790,144,3,2026-02-15,web,completed
7791,4857,6,2026-02-12,sales_rep,completed
7792,201,3,2026-02-01,web,completed
7793,2164,6,2026-02-15,mobile,completed
7794,1158,6,2026-02-01,sales_rep,completed
7795,1040,5,2026-02-07,sales_rep,completed
7796,46,6,2026-02-23,mobile,completed
7797,628,3,2026-02-03,web,completed
7798,693,6,2026-02-26,web,completed
7799,3339,6,2026-02-11,partner,completed
7800,266,4,2026-02-01,partner,completed
7801,2705,1,2026-02-25,partner,completed
7802,1388,2,2026-02-05,partner,completed
7803,180,4,2026-02-25,sales_rep,completed
7804,229,4,2026-02-11,mobile,completed
7805,4180,3,2026-02-17,web,completed
7806,4557,1,2026-02-02,mobile,completed
7807,3098,2,2026-02-08,partner,completed
7808,2616,5,2026-02-22,partner,completed
7809,1181,4,2026-02-10,partner,completed
7810,4309,5,2026-02-10,mobile,completed
7811,2451,6,2026-02-27,web,completed
7812,3393,5,2026-02-10,sales_rep,completed
7813,3928,1,2026-02-14,sales_rep,completed
7814,2302,1,2026-02-24,sales_rep,completed
7815,1647,3,2026-02-22,partner,completed
7816,2328,2,2026-02-15,sales_rep,completed
7817,4470,5,2026-02-11,mobile,completed
7818,3604,4,2026-02-18,mobile,completed
7819,3453,3,2026-02-06,sales_rep,completed
7820,1605,1,2026-02-09,sales_rep,completed
7821,1611,5,2026-02-03,web,completed
7822,2656,4,2026-02-28,sales_rep,completed
7823,137,4,2026-02-05,mobile,completed
7824,588,1,2026-02-05,partner,completed
7825,2781,2,2026-02-13,partner,completed
7826,3925,4,2026-02-01,partner,completed
7827,1914,5,2026-02-06,web,completed
7828,1642,1,2026-02-28,web,completed
7829,3510,3,2026-02-27,sales_rep,completed
7830,894,6,2026-02-17,sales_rep,completed
7831,498,3,2026-02-06,web,completed
7832,3705,6,2026-02-21,partner,completed
7833,2477,4,2026-02-21,sales_rep,completed
7834,467,1,2026-02-07,sales_rep,completed
7835,3186,6,2026-02-15,sales_rep,completed
7836,4760,5,2026-02-16,sales_rep,completed
7837,1772,3,2026-02-18,sales_rep,completed
7838,3448,4,2026-02-17,web,completed
7839,3504,2,2026-02-11,sales_rep,completed
7840,3703,2,2026-02-24,mobile,completed
7841,2372,5,2026-02-08,web,completed
7842,410,1,2026-02-04,web,completed
7843,629,4,2026-02-17,web,completed
7844,2819,1,2026-02-22,mobile,completed
7845,2576,2,2026-02-20,mobile,completed
7846,150,1,2026-02-03,mobile,completed
7847,1181,4,2026-02-25,web,completed
7848,1636,4,2026-02-24,partner,completed
7849,4081,6,2026-02-02,mobile,completed
7850,3621,6,2026-02-20,partner,completed
7851,4299,1,2026-02-09,partner,completed
7852,1079,3,2026-02-23,mobile,completed
7853,4357,6,2026-02-16,web,completed
7854,3486,1,2026-02-23,mobile,completed
7855,244,4,2026-02-24,partner,completed
7856,2753,4,2026-02-28,sales_rep,completed
7857,1304,6,2026-02-18,mobile,completed
7858,4553,1,2026-02-02,partner,completed
7859,2213,4,2026-02-24,web,completed
7860,2485,3,2026-02-05,web,completed
7861,4696,6,2026-02-24,partner,completed
7862,1506,2,2026-02-19,mobile,completed
7863,3112,5,2026-02-14,web,completed
7864,4375,2,2026-02-12,web,completed
7865,2844,3,2026-02-25,mobile,completed
7866,2390,6,2026-02-05,sales_rep,completed
7867,1523,2,2026-02-11,sales_rep,completed
7868,1441,5,2026-02-11,mobile,completed
7869,4173,4,2026-02-20,mobile,completed
7870,2079,2,2026-02-15,mobile,completed
7871,1659,6,2026-02-21,partner,completed
7872,2215,1,2026-02-08,mobile,completed
7873,303,1,2026-02-02,web,completed
7874,1112,2,2026-02-01,mobile,completed
7875,4531,1,2026-02-10,sales_rep,completed
7876,3988,1,2026-02-13,mobile,completed
7877,4472,6,2026-02-10,partner,completed
7878,4103,2,2026-02-09,partner,completed
7879,184,5,2026-02-06,partner,completed
7880,2226,4,2026-02-22,partner,completed
7881,664,2,2026-02-11,web,completed
7882,85,4,2026-02-07,sales_rep,completed
7883,1214,6,2026-02-23,web,completed
7884,515,6,2026-02-15,sales_rep,completed
7885,4506,3,2026-02-23,partner,completed
7886,2546,3,2026-02-26,web,completed
7887,4699,2,2026-02-05,partner,completed
7888,1305,4,2026-02-03,mobile,completed
7889,2532,5,2026-02-01,partner,completed
7890,1654,4,2026-02-02,partner,completed
7891,2566,3,2026-02-26,partner,completed
7892,2653,6,2026-02-21,mobile,completed
7893,219,3,2026-02-20,partner,completed
7894,3314,2,2026-02-03,mobile,completed
7895,1044,3,2026-02-24,mobile,completed
7896,936,6,2026-02-28,sales_rep,completed
7897,4980,4,2026-02-24,sales_rep,completed
7898,3436,4,2026-02-03,web,completed
7899,480,1,2026-02-17,partner,completed
7900,546,1,2026-02-24,sales_rep,completed
7901,391,5,2026-02-20,web,completed
7902,2824,6,2026-02-20,web,completed
7903,3376,4,2026-02-12,sales_rep,completed
7904,3350,5,2026-02-21,sales_rep,completed
7905,19,6,2026-02-15,web,completed
7906,1461,5,2026-02-24,mobile,completed
7907,919,2,2026-02-11,sales_rep,completed
7908,4182,3,2026-02-07,partner,completed
7909,727,5,2026-02-11,partner,completed
7910,3941,4,2026-02-12,partner,completed
7911,1201,6,2026-02-24,sales_rep,completed
7912,4410,2,2026-02-27,mobile,completed
7913,1597,4,2026-02-21,partner,completed
7914,1709,2,2026-02-08,partner,completed
7915,2684,5,2026-02-13,sales_rep,completed
7916,4667,2,2026-02-03,sales_rep,completed
7917,2239,3,2026-02-12,partner,completed
7918,2421,2,2026-02-28,web,completed
7919,1918,3,2026-02-16,web,completed
7920,1556,1,2026-02-08,web,completed
7921,4922,6,2026-02-27,mobile,completed
7922,3116,3,2026-02-17,web,completed
7923,4837,1,2026-02-24,web,completed
7924,4419,5,2026-02-22,partner,completed
7925,2151,2,2026-02-17,web,completed
7926,4446,3,2026-02-21,web,completed
7927,642,6,2026-02-21,sales_rep,completed
7928,1214,6,2026-02-19,mobile,completed
7929,2313,4,2026-02-24,mobile,completed
7930,763,6,2026-02-07,partner,completed
7931,80,5,2026-02-24,partner,completed
7932,2239,3,2026-02-16,mobile,completed
7933,334,5,2026-02-16,web,completed
7934,4693,6,2026-02-22,web,completed
7935,2683,3,2026-02-12,mobile,completed
7936,4826,3,2026-02-14,partner,completed
7937,3206,5,2026-02-01,partner,completed
7938,1380,4,2026-02-27,partner,completed
7939,3323,5,2026-02-18,sales_rep,completed
7940,338,2,2026-02-25,sales_rep,completed
7941,2501,5,2026-02-18,sales_rep,completed
7942,3547,3,2026-02-14,sales_rep,completed
7943,2231,4,2026-02-18,partner,completed
7944,1159,3,2026-02-15,sales_rep,completed
7945,4611,1,2026-02-13,partner,completed
7946,1056,6,2026-02-14,partner,completed
7947,1385,3,2026-02-17,partner,completed
7948,3679,4,2026-02-03,mobile,completed
7949,1297,2,2026-02-28,sales_rep,completed
7950,1006,6,2026-02-15,sales_rep,completed
7951,726,1,2026-02-26,web,completed
7952,3918,6,2026-02-17,mobile,completed
7953,610,6,2026-02-10,sales_rep,completed
7954,4631,1,2026-02-26,mobile,completed
7955,746,3,2026-02-01,partner,completed
7956,768,3,2026-02-03,sales_rep,completed
7957,4806,5,2026-02-20,web,completed
7958,2736,1,2026-02-13,web,completed
7959,3584,2,2026-02-25,mobile,completed
7960,3501,1,2026-02-26,sales_rep,completed
7961,1446,1,2026-02-05,partner,completed
7962,2676,4,2026-02-17,mobile,completed
7963,2367,3,2026-02-22,mobile,completed
7964,4549,4,2026-02-14,partner,completed
7965,4240,2,2026-02-27,sales_rep,completed
7966,339,2,2026-02-03,web,completed
7967,3228,3,2026-02-19,sales_rep,completed
7968,4974,5,2026-02-13,partner,completed
7969,2254,4,2026-02-01,mobile,completed
7970,2804,1,2026-02-22,sales_rep,completed
7971,3827,3,2026-02-27,sales_rep,completed
7972,1067,6,2026-02-15,mobile,completed
7973,1419,6,2026-02-11,web,completed
7974,3165,1,2026-02-04,web,completed
7975,4834,2,2026-02-22,web,completed
7976,3323,5,2026-02-28,sales_rep,completed
7977,3872,1,2026-02-19,web,completed
7978,26,4,2026-02-25,mobile,completed
7979,471,5,2026-02-02,sales_rep,completed
7980,4185,1,2026-02-13,web,completed
7981,3881,6,2026-02-23,sales_rep,completed
7982,356,6,2026-02-09,web,completed
7983,1957,4,2026-02-06,sales_rep,completed
7984,1075,3,2026-02-14,sales_rep,completed
7985,3034,1,2026-02-11,sales_rep,completed
7986,2981,5,2026-02-20,sales_rep,completed
7987,110,5,2026-02-01,partner,completed
7988,3873,6,2026-02-01,sales_rep,completed
7989,866,5,2026-02-19,partner,completed
7990,3196,2,2026-02-04,partner,completed
7991,4161,3,2026-02-28,partner,completed
7992,3104,3,2026-02-12,mobile,completed
7993,4925,2,2026-02-03,mobile,completed
7994,2465,3,2026-02-27,sales_rep,completed
7995,1375,6,2026-02-11,web,completed
7996,2568,4,2026-02-24,web,completed
7997,3662,3,2026-02-17,mobile,completed
7998,2152,2,2026-02-13,mobile,completed
7999,473,3,2026-02-23,partner,completed
8000,1389,6,2026-02-22,mobile,completed
8001,2609,4,2026-02-12,web,completed
8002,1814,3,2026-02-24,web,completed
8003,4582,6,2026-02-09,web,completed
8004,4391,2,2026-02-02,partner,completed
8005,3231,6,2026-02-06,mobile,completed
8006,1915,2,2026-02-07,web,completed
8007,856,6,2026-02-27,mobile,completed
8008,3805,1,2026-02-22,partner,completed
8009,4763,1,2026-02-06,web,completed
8010,3063,3,2026-02-16,mobile,completed
8011,76,3,2026-02-17,mobile,completed
8012,1121,1,2026-02-03,partner,completed
8013,2751,2,2026-02-18,sales_rep,completed
8014,770,3,2026-02-17,sales_rep,completed
8015,2876,4,2026-02-08,sales_rep,completed
8016,615,5,2026-02-12,mobile,completed
8017,2234,1,2026-02-21,sales_rep,completed
8018,2478,2,2026-02-06,partner,completed
8019,3232,2,2026-02-09,partner,completed
8020,1018,3,2026-02-12,sales_rep,completed
8021,2965,5,2026-02-01,web,completed
8022,1299,4,2026-02-05,partner,completed
8023,2157,3,2026-02-16,web,completed
8024,4189,1,2026-02-24,sales_rep,completed
8025,326,2,2026-02-26,mobile,completed
8026,2444,2,2026-02-13,sales_rep,completed
8027,4712,5,2026-02-28,mobile,completed
8028,1664,4,2026-02-17,web,completed
8029,2122,6,2026-02-18,web,completed
8030,928,2,2026-02-18,mobile,completed
8031,818,1,2026-02-12,web,completed
8032,2186,2,2026-02-09,mobile,completed
8033,2855,5,2026-02-25,web,completed
8034,1318,4,2026-02-10,sales_rep,completed
8035,2811,4,2026-02-24,mobile,completed
8036,196,1,2026-02-15,mobile,completed
8037,2621,6,2026-02-21,partner,completed
8038,4337,5,2026-02-21,partner,completed
8039,3559,2,2026-02-15,web,completed
8040,2844,3,2026-02-05,web,completed
8041,4819,4,2026-02-12,mobile,completed
8042,4154,6,2026-02-11,sales_rep,completed
8043,283,5,2026-02-09,sales_rep,completed
8044,3705,6,2026-02-06,sales_rep,completed
8045,3625,5,2026-02-04,partner,completed
8046,74,1,2026-02-09,web,completed
8047,2019,5,2026-02-19,sales_rep,completed
8048,3268,5,2026-02-20,mobile,completed
8049,3329,3,2026-02-25,partner,completed
8050,702,4,2026-02-05,partner,completed
8051,1201,6,2026-02-23,web,completed
8052,365,1,2026-02-13,sales_rep,completed
8053,2551,4,2026-02-20,sales_rep,completed
8054,147,1,2026-02-08,mobile,completed
8055,3148,6,2026-02-18,mobile,completed
8056,4224,4,2026-02-16,web,completed
8057,3899,2,2026-02-18,partner,completed
8058,2854,1,2026-02-22,sales_rep,completed
8059,3357,1,2026-02-10,mobile,completed
8060,3864,4,2026-02-27,sales_rep,completed
8061,3861,4,2026-02-10,mobile,completed
8062,3192,5,2026-02-16,partner,completed
8063,4912,4,2026-02-12,sales_rep,completed
8064,694,6,2026-02-11,sales_rep,completed
8065,2405,3,2026-02-09,partner,completed
8066,3040,2,2026-02-05,partner,completed
8067,4198,1,2026-02-28,sales_rep,completed
8068,560,6,2026-02-25,web,completed
8069,1518,1,2026-02-09,mobile,completed
8070,263,2,2026-02-15,web,completed
8071,1503,2,2026-02-23,partner,completed
8072,1702,2,2026-02-20,web,completed
8073,1626,6,2026-02-13,web,completed
8074,500,3,2026-02-13,sales_rep,completed
8075,2941,5,2026-02-10,partner,completed
8076,3528,1,2026-02-17,partner,completed
8077,1014,2,2026-02-14,partner,completed
8078,3028,5,2026-02-13,web,completed
8079,1868,5,2026-02-06,sales_rep,completed
8080,3414,1,2026-02-17,sales_rep,completed
8081,2316,1,2026-02-04,mobile,completed
8082,4538,5,2026-02-05,web,completed
8083,3717,3,2026-02-27,sales_rep,completed
8084,1817,2,2026-02-24,sales_rep,completed
8085,2442,1,2026-02-07,sales_rep,completed
8086,2794,4,2026-02-07,mobile,completed
8087,604,1,2026-02-02,sales_rep,completed
8088,1871,1,2026-02-22,mobile,completed
8089,1374,3,2026-02-03,partner,completed
8090,702,4,2026-02-06,sales_rep,completed
8091,1242,5,2026-02-28,web,completed
8092,4208,6,2026-02-13,sales_rep,completed
8093,4039,2,2026-02-22,mobile,completed
8094,2863,6,2026-02-21,sales_rep,completed
8095,3100,2,2026-02-08,mobile,completed
8096,3117,4,2026-02-17,web,completed
8097,3496,4,2026-02-27,partner,completed
8098,1291,2,2026-02-17,partner,completed
8099,2821,4,2026-02-13,partner,completed
8100,4141,5,2026-02-09,sales_rep,completed
8101,178,1,2026-02-23,sales_rep,completed
8102,2548,4,2026-02-09,mobile,completed
8103,532,1,2026-02-16,mobile,completed
8104,348,6,2026-02-24,partner,completed
8105,3100,2,2026-02-13,partner,completed
8106,1603,5,2026-02-08,sales_rep,completed
8107,2532,5,2026-02-08,web,completed
8108,2272,2,2026-02-03,mobile,completed
8109,2793,5,2026-02-28,sales_rep,completed
8110,1671,5,2026-02-28,mobile,completed
8111,2590,3,2026-02-07,mobile,completed
8112,574,1,2026-02-19,mobile,completed
8113,1235,4,2026-02-13,web,completed
8114,1623,6,2026-02-06,partner,completed
8115,2667,2,2026-02-16,partner,completed
8116,15,5,2026-02-08,mobile,completed
8117,4452,2,2026-02-26,sales_rep,completed
8118,1059,3,2026-02-15,web,completed
8119,4176,3,2026-02-02,web,completed
8120,3195,5,2026-02-27,mobile,completed
8121,1543,1,2026-02-16,mobile,completed
8122,2700,1,2026-02-17,sales_rep,completed
8123,1389,6,2026-02-23,web,completed
8124,1877,2,2026-02-14,partner,completed
8125,4062,1,2026-02-24,web,completed
8126,4800,4,2026-02-28,mobile,completed
8127,2354,3,2026-02-07,mobile,completed
8128,230,2,2026-02-27,mobile,completed
8129,2197,2,2026-02-18,partner,completed
8130,3201,6,2026-02-09,partner,completed
8131,2528,6,2026-02-09,sales_rep,completed
8132,3107,6,2026-02-05,sales_rep,completed
8133,738,3,2026-02-24,mobile,completed
8134,2604,4,2026-02-13,partner,completed
8135,2067,5,2026-02-23,web,completed
8136,1319,3,2026-02-19,sales_rep,completed
8137,4799,3,2026-02-26,mobile,completed
8138,2521,3,2026-02-13,web,completed
8139,1754,3,2026-02-12,partner,completed
8140,2352,5,2026-02-03,mobile,completed
8141,3221,5,2026-02-14,web,completed
8142,730,4,2026-02-22,mobile,completed
8143,4906,4,2026-02-21,web,completed
8144,1184,3,2026-02-23,mobile,completed
8145,519,3,2026-02-28,mobile,completed
8146,2187,2,2026-02-09,web,completed
8147,4830,3,2026-02-10,mobile,completed
8148,1861,5,2026-02-18,sales_rep,completed
8149,2882,2,2026-02-18,partner,completed
8150,651,3,2026-02-24,web,completed
8151,2482,6,2026-02-01,web,completed
8152,1192,2,2026-02-03,sales_rep,completed
8153,24,6,2026-02-02,mobile,completed
8154,2959,4,2026-02-25,web,completed
8155,2624,6,2026-02-18,partner,completed
8156,3520,6,2026-02-03,mobile,completed
8157,4968,3,2026-02-07,web,completed
8158,3758,4,2026-02-24,web,completed
8159,4289,5,2026-02-21,web,completed
8160,2699,1,2026-02-03,mobile,completed
8161,4701,6,2026-02-09,web,completed
8162,276,3,2026-02-17,partner,completed
8163,3923,3,2026-02-09,partner,completed
8164,1156,4,2026-02-13,sales_rep,completed
8165,4839,6,2026-02-26,web,completed
8166,3641,5,2026-02-22,sales_rep,completed
8167,990,5,2026-02-23,web,completed
8168,1443,6,2026-02-01,mobile,completed
8169,343,4,2026-02-09,partner,completed
8170,3351,1,2026-02-13,partner,completed
8171,1028,2,2026-02-15,mobile,completed
8172,3238,6,2026-02-23,web,completed
8173,308,4,2026-02-13,sales_rep,completed
8174,2580,4,2026-02-20,sales_rep,completed
8175,1100,3,2026-02-28,web,completed
8176,1543,1,2026-02-11,mobile,completed
8177,2115,5,2026-02-03,web,completed
8178,400,2,2026-02-01,sales_rep,completed
8179,1882,2,2026-02-20,web,completed
8180,3648,4,2026-02-13,mobile,completed
8181,1728,4,2026-02-05,mobile,completed
8182,1237,1,2026-02-11,mobile,completed
8183,2444,2,2026-02-16,mobile,completed
8184,1416,5,2026-02-12,partner,completed
8185,4468,6,2026-02-01,partner,completed
8186,613,5,2026-02-02,mobile,completed
8187,2425,3,2026-02-17,sales_rep,completed
8188,3639,1,2026-02-03,web,completed
8189,1941,1,2026-02-17,mobile,completed
8190,4799,3,2026-02-25,web,completed
8191,4973,6,2026-02-22,web,completed
8192,2410,1,2026-02-21,web,completed
8193,3551,3,2026-02-27,sales_rep,completed
8194,1810,6,2026-02-18,web,completed
8195,4774,6,2026-02-25,web,completed
8196,2583,2,2026-02-15,web,completed
8197,3063,3,2026-02-14,mobile,completed
8198,1957,4,2026-02-03,partner,completed
8199,2138,1,2026-02-16,sales_rep,completed
8200,1543,1,2026-02-09,web,completed
8201,1263,3,2026-02-20,partner,completed
8202,4858,4,2026-02-07,web,completed
8203,1675,5,2026-02-11,mobile,completed
8204,4676,3,2026-02-14,partner,completed
8205,23,2,2026-02-02,web,completed
8206,3129,4,2026-02-04,partner,completed
8207,4070,1,2026-02-08,web,completed
8208,98,5,2026-02-08,mobile,completed
8209,329,1,2026-02-03,mobile,completed
8210,1857,3,2026-02-03,mobile,completed
8211,1580,4,2026-02-07,mobile,completed
8212,995,4,2026-02-13,partner,completed
8213,2510,1,2026-02-08,sales_rep,completed
8214,2917,4,2026-02-28,partner,completed
8215,4314,1,2026-02-08,mobile,completed
8216,1998,6,2026-02-15,mobile,completed
8217,3979,4,2026-02-19,web,completed
8218,2083,2,2026-02-16,mobile,completed
8219,3788,1,2026-02-24,web,completed
8220,4615,4,2026-02-26,web,completed
8221,2047,3,2026-02-05,partner,completed
8222,4520,3,2026-02-19,partner,completed
8223,2810,2,2026-02-16,web,completed
8224,1357,3,2026-02-08,sales_rep,completed
8225,4294,1,2026-02-17,partner,completed
8226,3118,4,2026-02-20,partner,completed
8227,2783,5,2026-02-13,mobile,completed
8228,4331,2,2026-02-20,partner,completed
8229,3258,2,2026-02-20,sales_rep,completed
8230,4800,4,2026-02-06,partner,completed
8231,35,6,2026-02-25,mobile,completed
8232,3720,2,2026-02-14,web,completed
8233,2434,2,2026-02-23,web,completed
8234,497,1,2026-02-11,web,completed
8235,1754,3,2026-02-11,mobile,completed
8236,3401,5,2026-02-11,web,completed
8237,318,5,2026-02-28,web,completed
8238,2457,6,2026-02-18,partner,completed
8239,3381,5,2026-02-09,web,completed
8240,1445,1,2026-02-06,web,completed
8241,4364,6,2026-02-07,mobile,completed
8242,4458,1,2026-02-18,partner,completed
8243,3217,1,2026-02-12,partner,completed
8244,3193,5,2026-02-23,web,completed
8245,1387,4,2026-02-16,web,completed
8246,4566,3,2026-02-25,partner,completed
8247,2473,3,2026-02-26,partner,completed
8248,337,6,2026-02-23,mobile,completed
8249,1746,6,2026-02-07,web,completed
8250,3921,6,2026-02-15,partner,completed
8251,2884,1,2026-02-08,web,completed
8252,2933,1,2026-02-23,sales_rep,completed
8253,3452,1,2026-02-03,web,completed
8254,1508,3,2026-02-22,mobile,completed
8255,1312,3,2026-02-14,partner,completed
8256,4384,4,2026-02-08,mobile,completed
8257,2444,2,2026-02-08,partner,completed
8258,3986,3,2026-02-18,mobile,completed
8259,3154,5,2026-02-17,mobile,completed
8260,2842,5,2026-02-11,web,completed
8261,2522,1,2026-02-18,partner,completed
8262,4860,5,2026-02-25,mobile,completed
8263,2895,2,2026-02-02,mobile,completed
8264,3991,5,2026-02-13,partner,completed
8265,1143,6,2026-02-06,partner,completed
8266,2337,3,2026-02-08,partner,completed
8267,2685,4,2026-02-15,web,completed
8268,274,6,2026-02-20,partner,completed
8269,4999,5,2026-02-02,web,completed
8270,3044,4,2026-02-14,mobile,completed
8271,536,1,2026-02-17,sales_rep,completed
8272,2168,6,2026-02-05,sales_rep,completed
8273,4936,4,2026-02-11,sales_rep,completed
8274,2897,4,2026-02-05,sales_rep,completed
8275,1110,1,2026-02-10,partner,completed
8276,237,4,2026-02-11,sales_rep,completed
8277,2028,6,2026-02-23,partner,completed
8278,4119,2,2026-02-11,web,completed
8279,1342,1,2026-02-23,web,completed
8280,4026,1,2026-02-05,sales_rep,completed
8281,2794,4,2026-02-13,sales_rep,completed
8282,3775,3,2026-02-20,web,completed
8283,4531,1,2026-02-22,sales_rep,completed
8284,3901,4,2026-02-23,web,completed
8285,3472,5,2026-02-01,mobile,completed
8286,908,2,2026-02-25,web,completed
8287,3668,2,2026-02-28,partner,completed
8288,2560,4,2026-02-01,mobile,completed
8289,1032,2,2026-02-16,partner,completed
8290,3789,6,2026-02-03,mobile,completed
8291,4553,1,2026-02-12,mobile,completed
8292,3117,4,2026-02-08,web,completed
8293,4375,2,2026-02-18,mobile,completed
8294,2588,2,2026-02-01,sales_rep,completed
8295,4462,3,2026-02-08,partner,completed
8296,1776,1,2026-02-12,mobile,completed
8297,123,4,2026-02-15,partner,completed
8298,3312,3,2026-02-06,web,completed
8299,1746,6,2026-02-25,mobile,completed
8300,197,3,2026-02-18,mobile,completed
8301,2688,4,2026-02-09,web,completed
8302,141,6,2026-02-18,partner,completed
8303,2571,5,2026-02-01,sales_rep,completed
8304,2181,5,2026-02-12,web,completed
8305,1374,3,2026-02-21,mobile,completed
8306,2742,1,2026-02-09,mobile,completed
8307,2040,3,2026-02-05,mobile,completed
8308,1622,1,2026-02-03,mobile,completed
8309,409,6,2026-02-15,partner,completed
8310,3412,6,2026-02-16,mobile,completed
8311,354,3,2026-02-24,sales_rep,completed
8312,4647,5,2026-02-28,web,completed
8313,4245,3,2026-02-25,sales_rep,completed
8314,640,6,2026-02-25,mobile,completed
8315,1776,1,2026-02-04,sales_rep,completed
8316,2372,5,2026-02-12,web,completed
8317,2871,2,2026-02-28,partner,completed
8318,4714,3,2026-02-12,partner,completed
8319,134,4,2026-02-19,web,completed
8320,4776,1,2026-02-09,web,completed
8321,3240,1,2026-02-11,web,completed
8322,2454,3,2026-02-18,partner,completed
8323,1604,2,2026-02-17,partner,completed
8324,3853,1,2026-02-23,mobile,completed
8325,198,1,2026-02-01,mobile,completed
8326,961,1,2026-02-18,partner,completed
8327,4305,5,2026-02-16,sales_rep,completed
8328,4025,3,2026-02-27,mobile,completed
8329,2292,2,2026-02-07,partner,completed
8330,4878,3,2026-02-09,web,completed
8331,1979,1,2026-02-17,sales_rep,completed
8332,1660,2,2026-02-28,sales_rep,completed
8333,675,4,2026-02-04,mobile,completed
8334,1175,1,2026-02-19,mobile,completed
8335,1216,1,2026-02-13,partner,completed
8336,589,6,2026-02-26,web,completed
8337,4858,4,2026-02-09,mobile,completed
8338,2237,2,2026-02-28,partner,completed
8339,4978,1,2026-02-05,partner,completed
8340,1633,1,2026-02-09,web,completed
8341,4500,3,2026-02-26,web,completed
8342,2495,3,2026-02-02,partner,completed
8343,1212,5,2026-02-09,partner,completed
8344,2590,3,2026-02-23,partner,completed
8345,1059,3,2026-02-12,mobile,completed
8346,4315,5,2026-02-25,partner,completed
8347,1552,6,2026-02-10,partner,completed
8348,4413,3,2026-02-04,partner,completed
8349,3745,2,2026-02-11,partner,completed
8350,2190,4,2026-02-15,partner,completed
8351,2302,1,2026-02-28,sales_rep,completed
8352,3795,6,2026-02-04,partner,completed
8353,160,5,2026-02-02,web,completed
8354,2792,1,2026-02-24,partner,completed
8355,3518,6,2026-02-08,sales_rep,completed
8356,3632,4,2026-02-08,partner,completed
8357,4459,1,2026-02-15,sales_rep,completed
8358,3503,2,2026-02-23,sales_rep,completed
8359,2220,2,2026-02-15,sales_rep,completed
8360,4140,4,2026-02-11,web,completed
8361,859,5,2026-02-02,sales_rep,completed
8362,817,1,2026-02-28,partner,completed
8363,48,6,2026-02-20,mobile,completed
8364,3980,1,2026-02-11,mobile,completed
8365,1554,4,2026-02-12,partner,completed
8366,1125,6,2026-02-04,sales_rep,completed
8367,936,6,2026-02-12,mobile,completed
8368,3439,6,2026-02-21,sales_rep,completed
8369,2372,5,2026-02-16,partner,completed
8370,4799,3,2026-02-03,mobile,completed
8371,3443,3,2026-02-25,partner,completed
8372,2924,4,2026-02-13,mobile,completed
8373,885,5,2026-02-17,mobile,completed
8374,4428,3,2026-02-18,partner,completed
8375,1548,6,2026-02-05,sales_rep,completed
8376,4054,5,2026-02-25,web,completed
8377,26,4,2026-02-12,web,completed
8378,3506,6,2026-02-19,web,completed
8379,3877,5,2026-02-14,mobile,completed
8380,374,3,2026-02-14,sales_rep,completed
8381,3531,3,2026-02-02,mobile,completed
8382,121,3,2026-02-02,sales_rep,completed
8383,2673,6,2026-02-15,web,completed
8384,4533,5,2026-02-25,web,completed
8385,1974,3,2026-02-01,web,completed
8386,3487,3,2026-02-19,sales_rep,completed
8387,960,3,2026-02-06,partner,completed
8388,2738,2,2026-02-26,web,completed
8389,2314,1,2026-02-07,web,completed
8390,14,5,2026-02-24,web,completed
8391,4196,3,2026-02-07,sales_rep,completed
8392,622,3,2026-02-25,partner,completed
8393,309,2,2026-02-18,web,completed
8394,3450,3,2026-02-17,mobile,completed
8395,4143,1,2026-02-25,mobile,completed
8396,1174,2,2026-02-08,sales_rep,completed
8397,3399,1,2026-02-19,web,completed
8398,1783,1,2026-02-18,mobile,completed
8399,3839,6,2026-02-18,web,completed
8400,4147,3,2026-02-28,mobile,completed
8401,2851,2,2026-02-08,web,completed
8402,1623,6,2026-02-17,partner,completed
8403,1830,6,2026-02-10,partner,completed
8404,2589,6,2026-02-02,partner,completed
8405,4844,2,2026-03-03,mobile,completed
8406,1981,4,2026-03-11,partner,completed
8407,2269,1,2026-03-16,sales_rep,completed
8408,2473,3,2026-03-10,partner,completed
8409,4397,2,2026-03-02,partner,completed
8410,2686,3,2026-03-19,web,completed
8411,3191,1,2026-03-01,web,completed
8412,4602,6,2026-03-28,partner,completed
8413,973,3,2026-03-09,sales_rep,completed
8414,1819,1,2026-03-26,web,completed
8415,3066,4,2026-03-18,sales_rep,completed
8416,3310,6,2026-03-10,web,completed
8417,998,3,2026-03-08,web,completed
8418,573,2,2026-03-02,sales_rep,completed
8419,2195,4,2026-03-31,sales_rep,completed
8420,2121,5,2026-03-14,web,completed
8421,1591,5,2026-03-03,web,completed
8422,4645,1,2026-03-17,sales_rep,completed
8423,1006,6,2026-03-22,mobile,completed
8424,3816,1,2026-03-20,partner,completed
8425,4545,3,2026-03-22,sales_rep,completed
8426,4647,5,2026-03-05,sales_rep,completed
8427,4357,6,2026-03-18,mobile,completed
8428,644,3,2026-03-02,mobile,completed
8429,3693,2,2026-03-30,sales_rep,completed
8430,2333,2,2026-03-27,web,completed
8431,4994,4,2026-03-15,mobile,completed
8432,2624,6,2026-03-14,partner,completed
8433,875,5,2026-03-08,mobile,completed
8434,471,5,2026-03-27,partner,completed
8435,3439,6,2026-03-15,sales_rep,completed
8436,2605,5,2026-03-27,sales_rep,completed
8437,1667,5,2026-03-12,web,completed
8438,1899,5,2026-03-20,sales_rep,completed
8439,3878,2,2026-03-03,web,completed
8440,45,1,2026-03-22,partner,completed
8441,878,5,2026-03-26,partner,completed
8442,546,1,2026-03-16,web,completed
8443,2652,6,2026-03-28,mobile,completed
8444,2443,1,2026-03-08,sales_rep,completed
8445,3895,4,2026-03-12,sales_rep,completed
8446,542,1,2026-03-22,partner,completed
8447,2434,2,2026-03-11,partner,completed
8448,1997,4,2026-03-26,sales_rep,completed
8449,3833,5,2026-03-15,partner,completed
8450,4938,4,2026-03-15,mobile,completed
8451,995,4,2026-03-01,sales_rep,completed
8452,2199,4,2026-03-26,mobile,completed
8453,2601,6,2026-03-07,sales_rep,completed
8454,2826,6,2026-03-12,web,completed
8455,1094,3,2026-03-31,sales_rep,completed
8456,2088,4,2026-03-01,web,completed
8457,3636,3,2026-03-06,partner,completed
8458,536,1,2026-03-01,sales_rep,completed
8459,3694,2,2026-03-28,mobile,completed
8460,4045,3,2026-03-15,mobile,completed
8461,4815,5,2026-03-11,partner,completed
8462,3670,2,2026-03-30,sales_rep,completed
8463,1274,5,2026-03-29,web,completed
8464,2222,1,2026-03-26,sales_rep,completed
8465,4008,4,2026-03-12,sales_rep,completed
8466,954,3,2026-03-05,mobile,completed
8467,3701,1,2026-03-17,mobile,completed
8468,3655,5,2026-03-10,mobile,completed
8469,376,1,2026-03-22,partner,completed
8470,1647,3,2026-03-07,sales_rep,completed
8471,1589,6,2026-03-27,sales_rep,completed
8472,2438,5,2026-03-05,mobile,completed
8473,3718,2,2026-03-18,sales_rep,completed
8474,1278,5,2026-03-26,partner,completed
8475,281,2,2026-03-16,mobile,completed
8476,2109,2,2026-03-29,sales_rep,completed
8477,4690,5,2026-03-03,web,completed
8478,4559,5,2026-03-28,partner,completed
8479,2111,2,2026-03-21,partner,completed
8480,1494,2,2026-03-18,partner,completed
8481,1858,4,2026-03-23,sales_rep,completed
8482,1939,6,2026-03-05,partner,completed
8483,1359,1,2026-03-27,mobile,completed
8484,2539,4,2026-03-15,sales_rep,completed
8485,2695,6,2026-03-20,mobile,completed
8486,1421,6,2026-03-20,sales_rep,completed
8487,3527,1,2026-03-07,sales_rep,completed
8488,4844,2,2026-03-16,sales_rep,completed
8489,3722,4,2026-03-30,web,completed
8490,524,5,2026-03-13,web,completed
8491,2166,6,2026-03-03,web,completed
8492,614,3,2026-03-18,mobile,completed
8493,1723,4,2026-03-18,sales_rep,completed
8494,3143,3,2026-03-23,web,completed
8495,4692,1,2026-03-04,sales_rep,completed
8496,3046,6,2026-03-11,mobile,completed
8497,1150,6,2026-03-03,partner,completed
8498,1423,4,2026-03-28,partner,completed
8499,2563,5,2026-03-06,sales_rep,completed
8500,381,1,2026-03-30,partner,completed
8501,1096,1,2026-03-20,partner,completed
8502,658,4,2026-03-23,partner,completed
8503,4979,6,2026-03-09,sales_rep,completed
8504,1112,2,2026-03-13,mobile,completed
8505,2495,3,2026-03-12,sales_rep,completed
8506,2000,2,2026-03-06,web,completed
8507,3632,4,2026-03-23,mobile,completed
8508,2801,5,2026-03-08,sales_rep,completed
8509,1343,1,2026-03-15,mobile,completed
8510,3099,2,2026-03-10,mobile,completed
8511,4134,4,2026-03-09,mobile,completed
8512,3478,4,2026-03-02,mobile,completed
8513,1266,1,2026-03-08,mobile,completed
8514,244,4,2026-03-20,mobile,completed
8515,3563,3,2026-03-07,mobile,completed
8516,2734,2,2026-03-15,sales_rep,completed
8517,345,6,2026-03-04,mobile,completed
8518,221,1,2026-03-11,sales_rep,completed
8519,690,5,2026-03-30,sales_rep,completed
8520,3258,2,2026-03-01,web,completed
8521,1267,1,2026-03-10,web,completed
8522,1594,1,2026-03-30,partner,completed
8523,4981,6,2026-03-08,partner,completed
8524,3039,2,2026-03-01,mobile,completed
8525,403,2,2026-03-08,sales_rep,completed
8526,2385,2,2026-03-11,sales_rep,completed
8527,1688,3,2026-03-27,sales_rep,completed
8528,4078,4,2026-03-01,mobile,completed
8529,2798,4,2026-03-15,web,completed
8530,489,5,2026-03-22,web,completed
8531,1586,2,2026-03-16,mobile,completed
8532,2671,5,2026-03-10,web,completed
8533,1595,5,2026-03-29,sales_rep,completed
8534,1559,6,2026-03-01,sales_rep,completed
8535,4947,3,2026-03-28,partner,completed
8536,64,6,2026-03-16,sales_rep,completed
8537,1584,3,2026-03-28,web,completed
8538,2691,5,2026-03-13,mobile,completed
8539,3861,4,2026-03-27,web,completed
8540,3911,2,2026-03-09,mobile,completed
8541,1133,5,2026-03-09,mobile,completed
8542,3070,1,2026-03-20,web,completed
8543,3510,3,2026-03-17,mobile,completed
8544,235,3,2026-03-13,partner,completed
8545,2800,3,2026-03-02,partner,completed
8546,3239,6,2026-03-07,mobile,completed
8547,852,5,2026-03-15,sales_rep,completed
8548,3585,5,2026-03-10,web,completed
8549,2029,4,2026-03-20,partner,completed
8550,361,6,2026-03-19,partner,completed
8551,2185,4,2026-03-16,partner,completed
8552,1929,2,2026-03-24,web,completed
8553,3704,6,2026-03-01,web,completed
8554,1493,1,2026-03-31,sales_rep,completed
8555,3809,4,2026-03-30,web,completed
8556,3748,6,2026-03-03,sales_rep,completed
8557,3128,6,2026-03-19,partner,completed
8558,1842,1,2026-03-13,partner,completed
8559,584,1,2026-03-19,partner,completed
8560,1040,5,2026-03-07,partner,completed
8561,1502,2,2026-03-07,web,completed
8562,2656,4,2026-03-11,sales_rep,completed
8563,4672,5,2026-03-12,sales_rep,completed
8564,3798,1,2026-03-15,web,completed
8565,4388,1,2026-03-09,sales_rep,completed
8566,1963,1,2026-03-02,partner,completed
8567,288,4,2026-03-12,mobile,completed
8568,4483,6,2026-03-11,partner,completed
8569,4692,1,2026-03-29,web,completed
8570,3254,3,2026-03-29,partner,completed
8571,2425,3,2026-03-14,web,completed
8572,581,1,2026-03-18,web,completed
8573,3908,6,2026-03-12,mobile,completed
8574,4882,6,2026-03-21,partner,completed
8575,2435,3,2026-03-29,partner,completed
8576,3618,3,2026-03-14,mobile,completed
8577,469,2,2026-03-23,mobile,completed
8578,1181,4,2026-03-11,partner,completed
8579,3114,6,2026-03-31,mobile,completed
8580,1549,3,2026-03-16,mobile,completed
8581,509,2,2026-03-01,sales_rep,completed
8582,2360,2,2026-03-02,web,completed
8583,3614,1,2026-03-18,sales_rep,completed
8584,109,3,2026-03-15,web,completed
8585,1802,3,2026-03-23,web,completed
8586,4475,6,2026-03-05,web,completed
8587,242,4,2026-03-09,partner,completed
8588,403,2,2026-03-09,partner,completed
8589,4609,6,2026-03-23,sales_rep,completed
8590,857,2,2026-03-19,web,completed
8591,2730,3,2026-03-25,partner,completed
8592,2681,1,2026-03-13,partner,completed
8593,3006,3,2026-03-15,partner,completed
8594,3985,6,2026-03-24,web,completed
8595,3235,4,2026-03-12,sales_rep,completed
8596,4693,6,2026-03-28,web,completed
8597,3197,2,2026-03-03,sales_rep,completed
8598,578,4,2026-03-22,partner,completed
8599,2994,6,2026-03-17,mobile,completed
8600,78,2,2026-03-19,sales_rep,completed
8601,1909,1,2026-03-30,mobile,completed
8602,3496,4,2026-03-19,mobile,completed
8603,4802,4,2026-03-22,web,completed
8604,1353,3,2026-03-04,mobile,completed
8605,483,2,2026-03-13,partner,completed
8606,662,5,2026-03-06,partner,completed
8607,2028,6,2026-03-27,sales_rep,completed
8608,22,3,2026-03-19,partner,completed
8609,1603,5,2026-03-13,sales_rep,completed
8610,4821,4,2026-03-10,web,completed
8611,1804,2,2026-03-05,mobile,completed
8612,3670,2,2026-03-21,sales_rep,completed
8613,760,5,2026-03-27,sales_rep,completed
8614,1717,4,2026-03-29,sales_rep,completed
8615,2362,5,2026-03-17,web,completed
8616,2990,3,2026-03-09,mobile,completed
8617,2702,5,2026-03-15,mobile,completed
8618,4452,2,2026-03-31,web,completed
8619,4832,1,2026-03-08,partner,completed
8620,4560,4,2026-03-11,mobile,completed
8621,3751,4,2026-03-13,sales_rep,completed
8622,2674,2,2026-03-08,web,completed
8623,3403,1,2026-03-09,sales_rep,completed
8624,4694,6,2026-03-13,web,completed
8625,3306,2,2026-03-24,sales_rep,completed
8626,3789,6,2026-03-29,web,completed
8627,3177,4,2026-03-25,partner,completed
8628,2736,1,2026-03-02,mobile,completed
8629,2073,3,2026-03-10,partner,completed
8630,1907,2,2026-03-01,web,completed
8631,1929,2,2026-03-20,web,completed
8632,4684,1,2026-03-12,sales_rep,completed
8633,741,5,2026-03-27,sales_rep,completed
8634,974,3,2026-03-28,web,completed
8635,2103,2,2026-03-22,web,completed
8636,2722,5,2026-03-01,web,completed
8637,656,4,2026-03-23,partner,completed
8638,665,4,2026-03-14,partner,completed
8639,1632,6,2026-03-17,mobile,completed
8640,668,6,2026-03-16,web,completed
8641,4013,5,2026-03-29,partner,completed
8642,300,1,2026-03-19,web,completed
8643,4182,3,2026-03-16,partner,completed
8644,1551,2,2026-03-18,mobile,completed
8645,3218,3,2026-03-11,partner,completed
8646,3996,3,2026-03-05,mobile,completed
8647,1821,2,2026-03-16,sales_rep,completed
8648,921,6,2026-03-28,partner,completed
8649,3831,6,2026-03-20,sales_rep,completed
8650,4163,4,2026-03-18,mobile,completed
8651,2574,3,2026-03-05,mobile,completed
8652,4969,1,2026-03-31,mobile,completed
8653,3714,2,2026-03-05,sales_rep,completed
8654,2628,1,2026-03-23,sales_rep,completed
8655,3932,1,2026-03-23,partner,completed
8656,3939,5,2026-03-16,mobile,completed
8657,3453,3,2026-03-31,mobile,completed
8658,3341,4,2026-03-18,web,completed
8659,4194,1,2026-03-30,web,completed
8660,2298,3,2026-03-13,partner,completed
8661,2661,3,2026-03-30,web,completed
8662,1425,2,2026-03-15,web,completed
8663,1745,2,2026-03-01,mobile,completed
8664,3358,6,2026-03-28,mobile,completed
8665,4134,4,2026-03-17,partner,completed
8666,1154,6,2026-03-05,partner,completed
8667,4937,6,2026-03-14,web,completed
8668,1843,5,2026-03-12,mobile,completed
8669,3424,3,2026-03-16,partner,completed
8670,774,5,2026-03-22,mobile,completed
8671,3833,5,2026-03-10,sales_rep,completed
8672,2889,1,2026-03-11,partner,completed
8673,3085,3,2026-03-10,partner,completed
8674,824,4,2026-03-04,mobile,completed
8675,2819,1,2026-03-25,partner,completed
8676,4011,3,2026-03-01,partner,completed
8677,1339,5,2026-03-21,partner,completed
8678,2379,6,2026-03-29,web,completed
8679,2753,4,2026-03-16,partner,completed
8680,3569,5,2026-03-04,web,completed
8681,3477,4,2026-03-02,mobile,completed
8682,2271,2,2026-03-26,partner,completed
8683,2325,5,2026-03-29,partner,completed
8684,3873,6,2026-03-16,web,completed
8685,69,1,2026-03-27,partner,completed
8686,4426,6,2026-03-01,web,completed
8687,1896,6,2026-03-08,partner,completed
8688,2342,3,2026-03-27,partner,completed
8689,706,4,2026-03-05,web,completed
8690,1847,3,2026-03-29,mobile,completed
8691,2365,5,2026-03-11,web,completed
8692,3597,3,2026-03-07,web,completed
8693,4198,1,2026-03-30,sales_rep,completed
8694,4828,4,2026-03-19,partner,completed
8695,4578,2,2026-03-09,mobile,completed
8696,881,1,2026-03-02,web,completed
8697,2350,4,2026-03-01,web,completed
8698,3733,3,2026-03-22,sales_rep,completed
8699,3558,3,2026-03-12,web,completed
8700,18,1,2026-03-17,sales_rep,completed
8701,4268,6,2026-03-11,partner,completed
8702,4907,2,2026-03-12,web,completed
8703,4872,6,2026-03-17,partner,completed
8704,3985,6,2026-03-03,partner,completed
8705,3251,3,2026-03-22,mobile,completed
8706,4731,6,2026-03-08,sales_rep,completed
8707,93,6,2026-03-29,mobile,completed
8708,536,1,2026-03-22,partner,completed
8709,3319,2,2026-03-07,sales_rep,completed
8710,256,1,2026-03-26,web,completed
8711,1595,5,2026-03-20,partner,completed
8712,2185,4,2026-03-22,partner,completed
8713,4055,1,2026-03-23,partner,completed
8714,297,6,2026-03-07,web,completed
8715,4235,2,2026-03-05,mobile,completed
8716,272,1,2026-03-15,mobile,completed
8717,3842,3,2026-03-21,web,completed
8718,459,6,2026-03-17,mobile,completed
8719,3986,3,2026-03-20,mobile,completed
8720,308,4,2026-03-22,partner,completed
8721,4629,5,2026-03-03,web,completed
8722,488,4,2026-03-21,web,completed
8723,2286,5,2026-03-22,web,completed
8724,1833,4,2026-03-07,mobile,completed
8725,2004,3,2026-03-16,mobile,completed
8726,2508,4,2026-03-13,sales_rep,completed
8727,3934,5,2026-03-02,mobile,completed
8728,519,3,2026-03-05,sales_rep,completed
8729,156,4,2026-03-21,web,completed
8730,3204,1,2026-03-14,sales_rep,completed
8731,108,4,2026-03-10,partner,completed
8732,3041,3,2026-03-24,web,completed
8733,593,2,2026-03-13,partner,completed
8734,1478,3,2026-03-10,sales_rep,completed
8735,2712,1,2026-03-22,web,completed
8736,1518,1,2026-03-05,mobile,completed
8737,2521,3,2026-03-17,partner,completed
8738,4924,5,2026-03-14,mobile,completed
8739,2121,5,2026-03-04,partner,completed
8740,1502,2,2026-03-15,partner,completed
8741,842,4,2026-03-20,web,completed
8742,4529,3,2026-03-15,web,completed
8743,4825,3,2026-03-04,partner,completed
8744,1022,1,2026-03-11,sales_rep,completed
8745,644,3,2026-03-05,sales_rep,completed
8746,898,1,2026-03-10,partner,completed
8747,3695,3,2026-03-27,web,completed
8748,4302,4,2026-03-04,mobile,completed
8749,130,4,2026-03-22,mobile,completed
8750,3036,6,2026-03-25,partner,completed
8751,2645,3,2026-03-04,mobile,completed
8752,3829,5,2026-03-22,sales_rep,completed
8753,3703,2,2026-03-10,mobile,completed
8754,2878,6,2026-03-20,sales_rep,completed
8755,2124,4,2026-03-15,mobile,completed
8756,4865,6,2026-03-16,mobile,completed
8757,1436,1,2026-03-21,sales_rep,completed
8758,146,6,2026-03-09,web,completed
8759,3937,4,2026-03-27,web,completed
8760,751,6,2026-03-05,web,completed
8761,3942,2,2026-03-10,web,completed
8762,556,4,2026-03-01,partner,completed
8763,4737,1,2026-03-07,partner,completed
8764,3357,1,2026-03-29,mobile,completed
8765,4799,3,2026-03-17,sales_rep,completed
8766,1570,6,2026-03-11,partner,completed
8767,2062,4,2026-03-01,sales_rep,completed
8768,3934,5,2026-03-28,sales_rep,completed
8769,4280,6,2026-03-26,partner,completed
8770,621,3,2026-03-03,mobile,completed
8771,2406,5,2026-03-07,partner,completed
8772,1151,3,2026-03-26,partner,completed
8773,1727,6,2026-03-06,partner,completed
8774,329,1,2026-03-26,sales_rep,completed
8775,2652,6,2026-03-19,web,completed
8776,4967,2,2026-03-18,partner,completed
8777,4044,1,2026-03-23,web,completed
8778,3588,5,2026-03-30,web,completed
8779,22,3,2026-03-09,web,completed
8780,545,5,2026-03-09,mobile,completed
8781,3342,2,2026-03-07,mobile,completed
8782,3235,4,2026-03-16,sales_rep,completed
8783,575,1,2026-03-05,partner,completed
8784,2199,4,2026-03-20,web,completed
8785,4758,1,2026-03-19,mobile,completed
8786,4581,2,2026-03-06,mobile,completed
8787,3369,3,2026-03-14,partner,completed
8788,671,6,2026-03-22,partner,completed
8789,1223,6,2026-03-01,partner,completed
8790,140,3,2026-03-18,mobile,completed
8791,692,5,2026-03-21,mobile,completed
8792,771,4,2026-03-14,partner,completed
8793,4536,4,2026-03-08,sales_rep,completed
8794,4688,2,2026-03-19,sales_rep,completed
8795,3949,6,2026-03-03,partner,completed
8796,4646,3,2026-03-27,web,completed
8797,2821,4,2026-03-01,partner,completed
8798,344,4,2026-03-31,mobile,completed
8799,3954,3,2026-03-26,sales_rep,completed
8800,2617,6,2026-03-18,web,completed
8801,647,3,2026-03-10,sales_rep,completed
8802,3423,4,2026-03-11,sales_rep,completed
8803,1278,5,2026-03-17,sales_rep,completed
8804,22,3,2026-03-11,partner,completed
8805,565,6,2026-03-05,mobile,completed
8806,83,1,2026-03-30,sales_rep,completed
8807,2270,6,2026-03-29,mobile,completed
8808,332,3,2026-03-22,web,completed
8809,2834,4,2026-03-20,mobile,completed
8810,3522,2,2026-03-20,sales_rep,completed
8811,3655,5,2026-03-27,partner,completed
8812,4701,6,2026-03-22,partner,completed
8813,4806,5,2026-03-04,partner,completed
8814,341,4,2026-03-21,mobile,completed
8815,1727,6,2026-03-02,web,completed
8816,720,4,2026-03-08,web,completed
8817,1512,2,2026-03-18,partner,completed
8818,2337,3,2026-03-09,sales_rep,completed
8819,4318,3,2026-03-12,partner,completed
8820,2214,1,2026-03-05,sales_rep,completed
8821,1239,2,2026-03-03,partner,completed
8822,1062,5,2026-03-04,web,completed
8823,3770,3,2026-03-09,sales_rep,completed
8824,1002,5,2026-03-02,sales_rep,completed
8825,3597,3,2026-03-12,partner,completed
8826,698,4,2026-03-13,partner,completed
8827,4936,4,2026-03-31,sales_rep,completed
8828,1253,1,2026-03-14,sales_rep,completed
8829,4947,3,2026-03-14,partner,completed
8830,4208,6,2026-03-28,mobile,completed
8831,2704,6,2026-03-08,partner,completed
8832,2288,5,2026-03-21,sales_rep,completed
8833,1413,2,2026-03-26,partner,completed
8834,4589,4,2026-03-29,mobile,completed
8835,4703,4,2026-03-24,mobile,completed
8836,4209,2,2026-03-21,mobile,completed
8837,4202,5,2026-03-31,mobile,completed
8838,2645,3,2026-03-30,partner,completed
8839,2621,6,2026-03-05,partner,completed
8840,4122,6,2026-03-26,mobile,completed
8841,2768,6,2026-03-14,sales_rep,completed
8842,822,4,2026-03-03,partner,completed
8843,152,2,2026-03-13,web,completed
8844,3204,1,2026-03-10,web,completed
8845,4633,2,2026-03-01,mobile,completed
8846,4703,4,2026-03-15,sales_rep,completed
8847,1805,1,2026-03-30,partner,completed
8848,3098,2,2026-03-28,partner,completed
8849,3036,6,2026-03-25,sales_rep,completed
8850,2454,3,2026-03-08,mobile,completed
8851,3003,6,2026-03-13,partner,completed
8852,3279,6,2026-03-10,sales_rep,completed
8853,537,3,2026-03-16,mobile,completed
8854,684,6,2026-03-27,partner,completed
8855,1208,5,2026-03-14,mobile,completed
8856,1473,3,2026-03-04,partner,completed
8857,3372,2,2026-03-02,web,completed
8858,1262,6,2026-03-18,partner,completed
8859,3657,4,2026-03-16,partner,completed
8860,592,6,2026-03-29,mobile,completed
8861,2814,6,2026-03-01,partner,completed
8862,3541,5,2026-03-13,sales_rep,completed
8863,3884,3,2026-03-07,partner,completed
8864,3171,4,2026-03-14,sales_rep,completed
8865,3843,4,2026-03-10,partner,completed
8866,4364,6,2026-03-16,sales_rep,completed
8867,2845,3,2026-03-07,partner,completed
8868,3491,1,2026-03-19,mobile,completed
8869,1028,2,2026-03-20,partner,completed
8870,4060,4,2026-03-21,sales_rep,completed
8871,1084,4,2026-03-01,partner,completed
8872,696,2,2026-03-14,mobile,completed
8873,607,2,2026-03-17,mobile,completed
8874,328,1,2026-03-25,sales_rep,completed
8875,4133,5,2026-03-19,mobile,completed
8876,1853,3,2026-03-23,sales_rep,completed
8877,842,4,2026-03-24,partner,completed
8878,655,4,2026-03-20,mobile,completed
8879,2788,1,2026-03-21,sales_rep,completed
8880,3839,6,2026-03-15,partner,completed
8881,363,2,2026-03-19,sales_rep,completed
8882,2167,2,2026-03-02,partner,completed
8883,2141,5,2026-03-18,web,completed
8884,4693,6,2026-03-30,web,completed
8885,34,4,2026-03-16,web,completed
8886,441,6,2026-03-21,sales_rep,completed
8887,1208,5,2026-03-02,web,completed
8888,4731,6,2026-03-19,sales_rep,completed
8889,137,4,2026-03-22,web,completed
8890,3637,4,2026-03-07,sales_rep,completed
8891,2294,5,2026-03-26,partner,completed
8892,4019,2,2026-03-04,mobile,completed
8893,1148,5,2026-03-06,web,completed
8894,2463,3,2026-03-24,mobile,completed
8895,2419,2,2026-03-29,web,completed
8896,1821,2,2026-03-19,mobile,completed
8897,1680,4,2026-03-29,web,completed
8898,3623,2,2026-03-17,partner,completed
8899,755,4,2026-03-02,mobile,completed
8900,4896,3,2026-03-07,mobile,completed
8901,4461,1,2026-03-20,mobile,completed
8902,131,4,2026-03-09,partner,completed
8903,4473,3,2026-03-24,web,completed
8904,2986,4,2026-03-08,web,completed
8905,4608,3,2026-03-26,partner,completed
8906,1238,1,2026-03-14,partner,completed
8907,4243,5,2026-03-29,mobile,completed
8908,2001,6,2026-03-15,mobile,completed
8909,2431,1,2026-03-01,partner,completed
8910,2873,5,2026-03-31,web,completed
8911,3891,4,2026-03-21,mobile,completed
8912,1085,2,2026-03-07,sales_rep,completed
8913,130,4,2026-03-12,mobile,completed
8914,53,3,2026-03-08,web,completed
8915,4429,5,2026-03-03,web,completed
8916,345,6,2026-03-23,web,completed
8917,329,1,2026-03-06,partner,completed
8918,129,4,2026-03-18,sales_rep,completed
8919,1652,1,2026-03-24,mobile,completed
8920,226,2,2026-03-22,web,completed
8921,2326,5,2026-03-08,partner,completed
8922,826,1,2026-03-18,sales_rep,completed
8923,1377,6,2026-03-11,sales_rep,completed
8924,2221,6,2026-03-31,sales_rep,completed
8925,2419,2,2026-03-12,web,completed
8926,2262,6,2026-03-08,sales_rep,completed
8927,386,1,2026-03-18,partner,completed
8928,60,5,2026-03-09,sales_rep,completed
8929,3845,6,2026-03-03,sales_rep,completed
8930,133,1,2026-03-07,sales_rep,completed
8931,1990,6,2026-03-25,partner,completed
8932,1265,2,2026-03-22,sales_rep,completed
8933,185,3,2026-03-13,partner,completed
8934,248,3,2026-03-06,web,completed
8935,539,4,2026-03-14,sales_rep,completed
8936,1027,1,2026-03-29,mobile,completed
8937,3822,1,2026-03-25,mobile,completed
8938,176,3,2026-03-24,mobile,completed
8939,4057,6,2026-03-24,web,completed
8940,433,5,2026-03-13,sales_rep,completed
8941,883,3,2026-03-01,sales_rep,completed
8942,3304,2,2026-03-08,sales_rep,completed
8943,4738,3,2026-03-11,mobile,completed
8944,674,1,2026-03-30,sales_rep,completed
8945,3332,6,2026-03-12,sales_rep,completed
8946,2231,4,2026-03-19,sales_rep,completed
8947,3959,1,2026-03-24,mobile,completed
8948,4039,2,2026-03-02,mobile,completed
8949,3620,1,2026-03-14,sales_rep,completed
8950,291,5,2026-03-24,web,completed
8951,1525,4,2026-03-23,partner,completed
8952,1352,3,2026-03-29,partner,completed
8953,3601,3,2026-03-03,mobile,completed
8954,3128,6,2026-03-30,web,completed
8955,2561,4,2026-03-11,sales_rep,completed
8956,868,6,2026-03-23,mobile,completed
8957,682,1,2026-03-20,partner,completed
8958,2600,3,2026-03-04,sales_rep,completed
8959,4963,6,2026-03-28,web,completed
8960,3466,5,2026-03-16,sales_rep,completed
8961,842,4,2026-03-24,web,completed
8962,4745,5,2026-03-04,partner,completed
8963,1376,6,2026-03-18,sales_rep,completed
8964,4871,2,2026-03-28,mobile,completed
8965,4014,3,2026-03-29,sales_rep,completed
8966,816,6,2026-03-03,partner,completed
8967,302,5,2026-03-15,mobile,completed
8968,4381,6,2026-03-27,partner,completed
8969,54,3,2026-03-18,partner,completed
8970,262,2,2026-03-06,sales_rep,completed
8971,2413,6,2026-03-26,web,completed
8972,2252,4,2026-03-08,partner,completed
8973,2158,4,2026-03-15,sales_rep,completed
8974,2349,2,2026-03-23,partner,completed
8975,1109,6,2026-03-16,web,completed
8976,422,5,2026-03-14,web,completed
8977,1963,1,2026-03-14,mobile,completed
8978,1580,4,2026-03-14,mobile,completed
8979,2038,1,2026-03-27,mobile,completed
8980,3888,2,2026-03-29,mobile,completed
8981,16,5,2026-03-12,mobile,completed
8982,1071,5,2026-03-10,sales_rep,completed
8983,4566,3,2026-03-07,sales_rep,completed
8984,3116,3,2026-03-17,sales_rep,completed
8985,2546,3,2026-03-14,mobile,completed
8986,4816,2,2026-03-24,partner,completed
8987,2054,6,2026-03-20,sales_rep,completed
8988,264,6,2026-03-29,mobile,completed
8989,4753,5,2026-03-23,sales_rep,completed
8990,75,5,2026-03-04,web,completed
8991,3916,1,2026-03-31,mobile,completed
8992,1328,1,2026-03-11,mobile,completed
8993,3879,2,2026-03-19,web,completed
8994,485,3,2026-03-10,mobile,completed
8995,1510,5,2026-03-12,web,completed
8996,420,4,2026-03-08,sales_rep,completed
8997,2964,1,2026-03-21,mobile,completed
8998,2059,3,2026-03-03,sales_rep,completed
8999,1100,3,2026-03-24,mobile,completed
9000,3261,3,2026-03-11,partner,completed
9001,15,5,2026-03-22,partner,completed
9002,3713,5,2026-03-31,mobile,completed
9003,479,4,2026-03-31,mobile,completed
9004,544,2,2026-03-15,web,completed
9005,1428,6,2026-03-07,sales_rep,completed
9006,2856,1,2026-03-09,sales_rep,completed
9007,4241,3,2026-03-07,sales_rep,completed
9008,3585,5,2026-03-19,web,completed
9009,1690,1,2026-03-08,partner,completed
9010,3081,3,2026-03-26,sales_rep,completed
9011,4128,1,2026-03-14,sales_rep,completed
9012,2323,3,2026-03-31,partner,completed
9013,3703,2,2026-03-25,web,completed
9014,2206,5,2026-03-30,web,completed
9015,2133,4,2026-03-03,web,completed
9016,3897,4,2026-03-31,partner,completed
9017,3947,1,2026-03-05,sales_rep,completed
9018,1155,2,2026-03-29,sales_rep,completed
9019,553,5,2026-03-25,web,completed
9020,929,3,2026-03-25,sales_rep,completed
9021,4562,3,2026-03-26,web,completed
9022,299,2,2026-03-17,web,completed
9023,4042,4,2026-03-02,web,completed
9024,2012,3,2026-03-23,mobile,completed
9025,4329,1,2026-03-25,partner,completed
9026,3323,5,2026-03-09,partner,completed
9027,3545,1,2026-03-14,web,completed
9028,2622,3,2026-03-28,mobile,completed
9029,2125,5,2026-03-02,web,completed
9030,197,3,2026-04-18,mobile,completed
9031,1446,1,2026-04-22,web,completed
9032,4791,2,2026-04-24,mobile,completed
9033,2751,2,2026-04-14,partner,completed
9034,3207,6,2026-04-10,partner,completed
9035,1080,6,2026-04-25,partner,completed
9036,4763,1,2026-04-19,sales_rep,completed
9037,4711,2,2026-04-21,web,completed
9038,2402,4,2026-04-30,partner,completed
9039,2274,3,2026-04-06,partner,completed
9040,4011,3,2026-04-04,web,completed
9041,2186,2,2026-04-27,mobile,completed
9042,4743,3,2026-04-25,sales_rep,completed
9043,1477,3,2026-04-11,partner,completed
9044,1256,1,2026-04-08,partner,completed
9045,995,4,2026-04-12,partner,completed
9046,449,4,2026-04-26,partner,completed
9047,4372,2,2026-04-07,partner,completed
9048,1404,2,2026-04-14,mobile,completed
9049,2576,2,2026-04-15,sales_rep,completed
9050,2741,2,2026-04-15,sales_rep,completed
9051,635,2,2026-04-29,web,completed
9052,3478,4,2026-04-18,sales_rep,completed
9053,800,3,2026-04-30,mobile,completed
9054,4879,5,2026-04-12,mobile,completed
9055,2446,6,2026-04-29,sales_rep,completed
9056,3924,3,2026-04-12,mobile,completed
9057,2733,6,2026-04-11,partner,completed
9058,438,6,2026-04-25,sales_rep,completed
9059,4016,1,2026-04-09,sales_rep,completed
9060,4603,2,2026-04-02,web,completed
9061,2710,6,2026-04-24,web,completed
9062,4225,5,2026-04-06,web,completed
9063,1598,5,2026-04-20,mobile,completed
9064,1076,1,2026-04-09,sales_rep,completed
9065,3684,4,2026-04-28,mobile,completed
9066,4462,3,2026-04-07,mobile,completed
9067,1461,5,2026-04-03,partner,completed
9068,1136,1,2026-04-02,web,completed
9069,1127,6,2026-04-09,sales_rep,completed
9070,2623,1,2026-04-27,mobile,completed
9071,3362,5,2026-04-19,mobile,completed
9072,3846,3,2026-04-01,web,completed
9073,734,5,2026-04-13,web,completed
9074,479,4,2026-04-03,mobile,completed
9075,3573,5,2026-04-18,mobile,completed
9076,3537,1,2026-04-24,partner,completed
9077,2070,3,2026-04-16,mobile,completed
9078,2589,6,2026-04-30,partner,completed
9079,862,6,2026-04-11,mobile,completed
9080,2549,3,2026-04-08,sales_rep,completed
9081,1569,6,2026-04-07,sales_rep,completed
9082,3094,2,2026-04-13,mobile,completed
9083,4816,2,2026-04-30,sales_rep,completed
9084,379,3,2026-04-11,web,completed
9085,4578,2,2026-04-21,sales_rep,completed
9086,637,2,2026-04-24,mobile,completed
9087,842,4,2026-04-16,partner,completed
9088,883,3,2026-04-12,sales_rep,completed
9089,103,5,2026-04-03,partner,completed
9090,759,1,2026-04-25,sales_rep,completed
9091,3967,5,2026-04-13,partner,completed
9092,2247,4,2026-04-05,web,completed
9093,2181,5,2026-04-28,sales_rep,completed
9094,3001,5,2026-04-13,web,completed
9095,1101,3,2026-04-28,web,completed
9096,670,1,2026-04-04,web,completed
9097,1787,2,2026-04-23,web,completed
9098,3725,1,2026-04-13,sales_rep,completed
9099,783,1,2026-04-15,sales_rep,completed
9100,4244,1,2026-04-29,sales_rep,completed
9101,47,3,2026-04-06,web,completed
9102,484,5,2026-04-21,web,completed
9103,1648,4,2026-04-06,mobile,completed
9104,842,4,2026-04-12,sales_rep,completed
9105,2174,5,2026-04-01,web,completed
9106,1847,3,2026-04-20,mobile,completed
9107,2508,4,2026-04-29,sales_rep,completed
9108,3286,3,2026-04-16,mobile,completed
9109,1076,1,2026-04-26,web,completed
9110,428,5,2026-04-20,partner,completed
9111,252,3,2026-04-18,partner,completed
9112,1737,4,2026-04-19,sales_rep,completed
9113,3983,5,2026-04-19,sales_rep,completed
9114,4955,3,2026-04-21,partner,completed
9115,3905,6,2026-04-10,web,completed
9116,2602,2,2026-04-29,mobile,completed
9117,2586,4,2026-04-04,sales_rep,completed
9118,867,5,2026-04-24,web,completed
9119,1532,1,2026-04-16,mobile,completed
9120,3059,3,2026-04-10,web,completed
9121,115,4,2026-04-07,sales_rep,completed
9122,1783,1,2026-04-04,sales_rep,completed
9123,3255,2,2026-04-29,web,completed
9124,4449,4,2026-04-19,mobile,completed
9125,4238,1,2026-04-22,web,completed
9126,4753,5,2026-04-08,partner,completed
9127,3206,5,2026-04-25,sales_rep,completed
9128,1177,2,2026-04-14,web,completed
9129,1118,4,2026-04-03,mobile,completed
9130,4595,4,2026-04-21,partner,completed
9131,3454,3,2026-04-09,mobile,completed
9132,3880,1,2026-04-15,partner,completed
9133,2521,3,2026-04-04,mobile,completed
9134,779,2,2026-04-26,sales_rep,completed
9135,2955,2,2026-04-03,web,completed
9136,4131,1,2026-04-05,mobile,completed
9137,1221,4,2026-04-29,partner,completed
9138,889,1,2026-04-10,mobile,completed
9139,2247,4,2026-04-24,mobile,completed
9140,49,5,2026-04-25,sales_rep,completed
9141,484,5,2026-04-22,mobile,completed
9142,3890,5,2026-04-23,sales_rep,completed
9143,4319,6,2026-04-24,mobile,completed
9144,1731,5,2026-04-26,web,completed
9145,349,2,2026-04-10,web,completed
9146,4609,6,2026-04-13,web,completed
9147,4580,2,2026-04-01,mobile,completed
9148,2215,1,2026-04-02,sales_rep,completed
9149,4726,3,2026-04-24,sales_rep,completed
9150,3053,5,2026-04-02,sales_rep,completed
9151,3385,5,2026-04-14,web,completed
9152,3730,4,2026-04-12,web,completed
9153,1260,5,2026-04-10,sales_rep,completed
9154,4223,5,2026-04-11,partner,completed
9155,767,4,2026-04-02,sales_rep,completed
9156,888,2,2026-04-13,sales_rep,completed
9157,544,2,2026-04-30,mobile,completed
9158,1021,1,2026-04-07,web,completed
9159,3872,1,2026-04-08,web,completed
9160,4440,2,2026-04-14,web,completed
9161,574,1,2026-04-08,mobile,completed
9162,1460,4,2026-04-29,partner,completed
9163,1199,5,2026-04-26,partner,completed
9164,3187,5,2026-04-24,web,completed
9165,4290,2,2026-04-15,sales_rep,completed
9166,355,6,2026-04-20,web,completed
9167,1694,3,2026-04-02,web,completed
9168,3339,6,2026-04-13,sales_rep,completed
9169,4527,1,2026-04-23,mobile,completed
9170,932,5,2026-04-09,mobile,completed
9171,2546,3,2026-04-18,sales_rep,completed
9172,3990,3,2026-04-02,sales_rep,completed
9173,4169,4,2026-04-13,sales_rep,completed
9174,3710,6,2026-04-05,web,completed
9175,3861,4,2026-04-02,mobile,completed
9176,2941,5,2026-04-21,mobile,completed
9177,138,1,2026-04-11,mobile,completed
9178,753,1,2026-04-14,sales_rep,completed
9179,4027,2,2026-04-18,mobile,completed
9180,1327,5,2026-04-15,partner,completed
9181,3500,3,2026-04-15,web,completed
9182,211,2,2026-04-13,sales_rep,completed
9183,2988,5,2026-04-29,sales_rep,completed
9184,1576,2,2026-04-28,mobile,completed
9185,2942,6,2026-04-15,sales_rep,completed
9186,1904,2,2026-04-12,mobile,completed
9187,3762,4,2026-04-29,sales_rep,completed
9188,2327,3,2026-04-28,partner,completed
9189,3914,4,2026-04-22,partner,completed
9190,4984,3,2026-04-10,mobile,completed
9191,2103,2,2026-04-16,sales_rep,completed
9192,3627,5,2026-04-13,sales_rep,completed
9193,2305,6,2026-04-30,sales_rep,completed
9194,1965,5,2026-04-07,partner,completed
9195,3461,3,2026-04-08,web,completed
9196,4229,3,2026-04-23,partner,completed
9197,1555,3,2026-04-03,web,completed
9198,1833,4,2026-04-01,mobile,completed
9199,2062,4,2026-04-29,partner,completed
9200,1813,5,2026-04-10,sales_rep,completed
9201,968,2,2026-04-06,web,completed
9202,319,6,2026-04-14,sales_rep,completed
9203,1445,1,2026-04-22,web,completed
9204,3677,3,2026-04-25,sales_rep,completed
9205,4614,4,2026-04-28,partner,completed
9206,1012,5,2026-04-29,sales_rep,completed
9207,2016,2,2026-04-13,mobile,completed
9208,1176,3,2026-04-27,partner,completed
9209,4290,2,2026-04-15,partner,completed
9210,1732,6,2026-04-17,partner,completed
9211,587,5,2026-04-06,partner,completed
9212,4110,2,2026-04-20,mobile,completed
9213,790,1,2026-04-30,mobile,completed
9214,4304,1,2026-04-04,web,completed
9215,2701,6,2026-04-22,web,completed
9216,2755,6,2026-04-16,mobile,completed
9217,2374,3,2026-04-24,sales_rep,completed
9218,4628,2,2026-04-22,sales_rep,completed
9219,918,5,2026-04-18,partner,completed
9220,2137,4,2026-04-02,web,completed
9221,314,2,2026-04-18,partner,completed
9222,3025,3,2026-04-29,sales_rep,completed
9223,3177,4,2026-04-08,sales_rep,completed
9224,4647,5,2026-04-14,partner,completed
9225,3279,6,2026-04-15,sales_rep,completed
9226,2607,4,2026-04-10,mobile,completed
9227,3427,3,2026-04-23,mobile,completed
9228,2305,6,2026-04-12,sales_rep,completed
9229,4748,2,2026-04-30,sales_rep,completed
9230,145,6,2026-04-07,partner,completed
9231,1776,1,2026-04-26,web,completed
9232,4403,3,2026-04-03,partner,completed
9233,3314,2,2026-04-09,web,completed
9234,945,1,2026-04-21,partner,completed
9235,3685,6,2026-04-24,sales_rep,completed
9236,2286,5,2026-04-08,partner,completed
9237,3058,1,2026-04-03,sales_rep,completed
9238,3971,3,2026-04-27,web,completed
9239,3741,2,2026-04-01,mobile,completed
9240,2564,3,2026-04-30,mobile,completed
9241,3976,5,2026-04-23,partner,completed
9242,3905,6,2026-04-08,sales_rep,completed
9243,2670,6,2026-04-08,mobile,completed
9244,4184,6,2026-04-09,partner,completed
9245,2101,6,2026-04-24,partner,completed
9246,4277,1,2026-04-14,mobile,completed
9247,3817,3,2026-04-30,web,completed
9248,398,2,2026-04-28,sales_rep,completed
9249,2255,2,2026-04-21,sales_rep,completed
9250,1033,5,2026-04-01,mobile,completed
9251,1069,3,2026-04-16,mobile,completed
9252,4548,6,2026-04-20,mobile,completed
9253,4002,6,2026-04-22,web,completed
9254,1314,6,2026-04-19,sales_rep,completed
9255,3099,2,2026-04-09,partner,completed
9256,3534,6,2026-04-07,mobile,completed
9257,794,5,2026-04-17,partner,completed
9258,2646,1,2026-04-07,web,completed
9259,3269,1,2026-04-23,sales_rep,completed
9260,4685,4,2026-04-03,sales_rep,completed
9261,2349,2,2026-04-29,mobile,completed
9262,1278,5,2026-04-11,sales_rep,completed
9263,2488,1,2026-04-28,mobile,completed
9264,4032,4,2026-04-29,web,completed
9265,810,6,2026-04-05,sales_rep,completed
9266,2049,5,2026-04-03,partner,completed
9267,548,4,2026-04-12,mobile,completed
9268,1203,6,2026-04-18,partner,completed
9269,460,1,2026-04-05,partner,completed
9270,2455,5,2026-04-04,web,completed
9271,3476,2,2026-04-19,partner,completed
9272,2705,1,2026-04-18,mobile,completed
9273,567,2,2026-04-02,web,completed
9274,552,3,2026-04-25,sales_rep,completed
9275,2245,5,2026-04-10,partner,completed
9276,962,3,2026-04-14,web,completed
9277,754,6,2026-04-06,web,completed
9278,4547,4,2026-04-22,mobile,completed
9279,1850,1,2026-04-08,sales_rep,completed
9280,3329,3,2026-04-27,partner,completed
9281,2186,2,2026-04-30,sales_rep,completed
9282,3521,5,2026-04-23,partner,completed
9283,1702,2,2026-04-30,web,completed
9284,1770,2,2026-04-27,web,completed
9285,4345,3,2026-04-03,sales_rep,completed
9286,2699,1,2026-04-05,partner,completed
9287,3807,1,2026-04-30,mobile,completed
9288,193,4,2026-04-24,sales_rep,completed
9289,1655,1,2026-04-24,sales_rep,completed
9290,717,4,2026-04-27,web,completed
9291,181,6,2026-04-17,mobile,completed
9292,4878,3,2026-04-22,web,completed
9293,4049,3,2026-04-20,sales_rep,completed
9294,1048,4,2026-04-15,mobile,completed
9295,1355,2,2026-04-04,mobile,completed
9296,2455,5,2026-04-06,mobile,completed
9297,1500,6,2026-04-03,web,completed
9298,4652,6,2026-04-21,web,completed
9299,2409,3,2026-04-16,sales_rep,completed
9300,3267,5,2026-04-23,partner,completed
9301,3515,2,2026-04-06,web,completed
9302,831,2,2026-04-12,mobile,completed
9303,2672,6,2026-04-21,sales_rep,completed
9304,2247,4,2026-04-01,mobile,completed
9305,3662,3,2026-04-08,web,completed
9306,2314,1,2026-04-24,sales_rep,completed
9307,287,1,2026-04-25,mobile,completed
9308,2378,1,2026-04-05,web,completed
9309,4226,2,2026-04-16,web,completed
9310,4208,6,2026-04-04,sales_rep,completed
9311,1226,6,2026-04-22,mobile,completed
9312,2779,3,2026-04-15,sales_rep,completed
9313,3237,3,2026-04-22,sales_rep,completed
9314,3829,5,2026-04-14,sales_rep,completed
9315,1559,6,2026-04-03,mobile,completed
9316,1827,1,2026-04-14,mobile,completed
9317,4362,5,2026-04-28,web,completed
9318,3480,5,2026-04-10,mobile,completed
9319,723,6,2026-04-22,web,completed
9320,2142,6,2026-04-20,web,completed
9321,149,5,2026-04-20,partner,completed
9322,3838,4,2026-04-01,partner,completed
9323,1707,6,2026-04-25,web,completed
9324,3678,5,2026-04-19,web,completed
9325,4723,6,2026-04-06,partner,completed
9326,1702,2,2026-04-26,web,completed
9327,4950,3,2026-04-19,partner,completed
9328,1783,1,2026-04-21,sales_rep,completed
9329,1635,3,2026-04-01,web,completed
9330,4115,2,2026-04-26,partner,completed
9331,250,1,2026-04-03,mobile,completed
9332,2988,5,2026-04-16,web,completed
9333,813,5,2026-04-24,sales_rep,completed
9334,3080,3,2026-04-06,sales_rep,completed
9335,1381,6,2026-04-19,partner,completed
9336,4793,6,2026-04-19,sales_rep,completed
9337,1549,3,2026-04-23,web,completed
9338,1117,6,2026-04-04,web,completed
9339,3765,3,2026-04-10,partner,completed
9340,2610,5,2026-04-18,mobile,completed
9341,3323,5,2026-04-21,web,completed
9342,979,3,2026-04-25,partner,completed
9343,1324,6,2026-04-27,mobile,completed
9344,1198,6,2026-04-12,mobile,completed
9345,3754,2,2026-04-28,sales_rep,completed
9346,3046,6,2026-04-30,partner,completed
9347,1637,1,2026-04-26,mobile,completed
9348,576,3,2026-04-17,mobile,completed
9349,3028,5,2026-04-08,web,completed
9350,746,3,2026-04-18,partner,completed
9351,4807,3,2026-04-26,mobile,completed
9352,1218,5,2026-04-19,sales_rep,completed
9353,1786,2,2026-04-09,partner,completed
9354,2541,2,2026-04-12,mobile,completed
9355,1207,4,2026-04-01,sales_rep,completed
9356,4796,2,2026-04-10,mobile,completed
9357,2955,2,2026-04-17,web,completed
9358,3405,3,2026-04-25,partner,completed
9359,541,5,2026-04-28,web,completed
9360,3267,5,2026-04-25,partner,completed
9361,3872,1,2026-04-24,sales_rep,completed
9362,1850,1,2026-04-27,sales_rep,completed
9363,3836,5,2026-04-02,partner,completed
9364,447,2,2026-04-24,sales_rep,completed
9365,3220,3,2026-04-25,mobile,completed
9366,3978,6,2026-04-20,partner,completed
9367,2878,6,2026-04-04,mobile,completed
9368,195,6,2026-04-17,partner,completed
9369,2356,3,2026-04-22,web,completed
9370,3695,3,2026-04-30,web,completed
9371,481,2,2026-04-08,sales_rep,completed
9372,1816,1,2026-04-02,sales_rep,completed
9373,3713,5,2026-04-07,sales_rep,completed
9374,2382,3,2026-04-03,partner,completed
9375,2264,4,2026-04-06,sales_rep,completed
9376,2601,6,2026-04-08,mobile,completed
9377,2762,3,2026-04-12,mobile,completed
9378,1229,1,2026-04-06,sales_rep,completed
9379,498,3,2026-04-05,sales_rep,completed
9380,3341,4,2026-04-20,web,completed
9381,4029,5,2026-04-14,web,completed
9382,1396,4,2026-04-04,partner,completed
9383,1447,6,2026-04-19,mobile,completed
9384,730,4,2026-04-30,mobile,completed
9385,1221,4,2026-04-13,partner,completed
9386,1800,4,2026-04-18,sales_rep,completed
9387,4030,3,2026-04-03,mobile,completed
9388,4175,3,2026-04-01,web,completed
9389,4459,1,2026-04-04,partner,completed
9390,2082,1,2026-04-30,web,completed
9391,768,3,2026-04-12,sales_rep,completed
9392,4818,2,2026-04-17,partner,completed
9393,409,6,2026-04-08,sales_rep,completed
9394,186,3,2026-04-30,sales_rep,completed
9395,3812,3,2026-04-10,web,completed
9396,92,5,2026-04-18,partner,completed
9397,2757,6,2026-04-01,sales_rep,completed
9398,4482,2,2026-04-27,web,completed
9399,4706,2,2026-04-13,web,completed
9400,961,1,2026-04-11,mobile,completed
9401,849,5,2026-04-02,partner,completed
9402,1083,6,2026-04-01,web,completed
9403,2259,1,2026-04-30,sales_rep,completed
9404,3910,6,2026-04-08,sales_rep,completed
9405,992,4,2026-04-21,web,completed
9406,904,6,2026-04-25,web,completed
9407,2104,1,2026-04-11,sales_rep,completed
9408,3072,3,2026-04-29,web,completed
9409,1507,6,2026-04-30,mobile,completed
9410,224,2,2026-04-06,partner,completed
9411,4694,6,2026-04-12,partner,completed
9412,4380,6,2026-04-12,sales_rep,completed
9413,2363,6,2026-04-22,mobile,completed
9414,2854,1,2026-04-24,web,completed
9415,1732,6,2026-04-16,sales_rep,completed
9416,2246,5,2026-04-12,mobile,completed
9417,3924,3,2026-04-18,partner,completed
9418,1816,1,2026-04-22,partner,completed
9419,3969,4,2026-04-04,sales_rep,completed
9420,1563,2,2026-04-14,mobile,completed
9421,1117,6,2026-04-03,mobile,completed
9422,1321,1,2026-04-09,sales_rep,completed
9423,2389,6,2026-04-21,sales_rep,completed
9424,4876,4,2026-04-29,mobile,completed
9425,3275,2,2026-04-04,mobile,completed
9426,1526,1,2026-04-02,partner,completed
9427,638,2,2026-04-05,web,completed
9428,1189,4,2026-04-08,sales_rep,completed
9429,1965,5,2026-04-23,mobile,completed
9430,2290,3,2026-04-17,partner,completed
9431,1153,3,2026-04-24,partner,completed
9432,1288,2,2026-04-13,sales_rep,completed
9433,900,4,2026-04-24,partner,completed
9434,1358,1,2026-04-26,partner,completed
9435,4182,3,2026-04-25,partner,completed
9436,1327,5,2026-04-04,sales_rep,completed
9437,987,4,2026-04-26,sales_rep,completed
9438,690,5,2026-04-27,partner,completed
9439,270,4,2026-04-11,sales_rep,completed
9440,4435,4,2026-04-03,web,completed
9441,3771,3,2026-04-30,mobile,completed
9442,921,6,2026-04-06,sales_rep,completed
9443,1253,1,2026-04-14,partner,completed
9444,110,5,2026-04-28,partner,completed
9445,176,3,2026-04-05,web,completed
9446,3889,1,2026-04-29,sales_rep,completed
9447,1866,3,2026-04-15,partner,completed
9448,2258,4,2026-04-19,partner,completed
9449,3919,1,2026-04-16,sales_rep,completed
9450,1771,3,2026-04-18,web,completed
9451,4862,5,2026-04-10,web,completed
9452,2666,4,2026-04-01,mobile,completed
9453,923,3,2026-04-19,mobile,completed
9454,2784,6,2026-04-21,partner,completed
9455,1591,5,2026-04-01,web,completed
9456,1925,3,2026-04-21,partner,completed
9457,3334,6,2026-04-17,web,completed
9458,4258,1,2026-04-14,partner,completed
9459,2523,2,2026-04-10,web,completed
9460,4214,5,2026-04-13,partner,completed
9461,1896,6,2026-04-04,sales_rep,completed
9462,1827,1,2026-04-23,mobile,completed
9463,4199,6,2026-04-16,mobile,completed
9464,1111,4,2026-04-19,partner,completed
9465,815,5,2026-04-13,sales_rep,completed
9466,2433,1,2026-04-17,mobile,completed
9467,592,6,2026-04-19,partner,completed
9468,781,6,2026-04-07,web,completed
9469,3158,6,2026-04-06,sales_rep,completed
9470,1412,4,2026-04-23,sales_rep,completed
9471,619,1,2026-04-08,mobile,completed
9472,1916,4,2026-04-13,mobile,completed
9473,4238,1,2026-04-19,sales_rep,completed
9474,1915,2,2026-04-12,mobile,completed
9475,1554,4,2026-04-15,mobile,completed
9476,898,1,2026-04-21,partner,completed
9477,1481,1,2026-04-25,sales_rep,completed
9478,2548,4,2026-04-22,sales_rep,completed
9479,1943,6,2026-04-08,web,completed
9480,3070,1,2026-04-23,mobile,completed
9481,2221,6,2026-04-10,partner,completed
9482,3059,3,2026-04-08,sales_rep,completed
9483,4168,2,2026-04-12,sales_rep,completed
9484,4012,6,2026-04-12,sales_rep,completed
9485,4923,4,2026-04-30,mobile,completed
9486,386,1,2026-04-28,partner,completed
9487,1277,4,2026-04-24,mobile,completed
9488,785,3,2026-04-11,partner,completed
9489,3677,3,2026-04-02,web,completed
9490,2185,4,2026-04-08,partner,completed
9491,54,3,2026-04-05,web,completed
9492,2415,3,2026-04-05,mobile,completed
9493,2730,3,2026-04-18,web,completed
9494,1028,2,2026-04-13,sales_rep,completed
9495,1591,5,2026-04-30,mobile,completed
9496,1497,4,2026-04-22,sales_rep,completed
9497,2644,3,2026-04-28,web,completed
9498,797,6,2026-04-03,mobile,completed
9499,2361,4,2026-04-10,web,completed
9500,2714,4,2026-04-13,partner,completed
9501,2654,3,2026-04-13,sales_rep,completed
9502,2386,6,2026-04-14,sales_rep,completed
9503,3656,3,2026-04-05,web,completed
9504,3440,5,2026-04-30,web,completed
9505,2410,1,2026-04-07,web,completed
9506,3153,2,2026-04-16,web,completed
9507,465,1,2026-04-19,sales_rep,completed
9508,1355,2,2026-04-28,sales_rep,completed
9509,1152,4,2026-04-26,partner,completed
9510,3802,4,2026-04-23,mobile,completed
9511,2056,3,2026-04-18,mobile,completed
9512,760,5,2026-04-28,web,completed
9513,2974,6,2026-04-16,mobile,completed
9514,3152,2,2026-04-13,mobile,completed
9515,4284,3,2026-04-06,mobile,completed
9516,3101,3,2026-04-02,web,completed
9517,4642,1,2026-04-03,web,completed
9518,1178,2,2026-04-05,partner,completed
9519,2428,3,2026-04-02,sales_rep,completed
9520,977,1,2026-04-06,mobile,completed
9521,2116,2,2026-04-02,mobile,completed
9522,534,2,2026-04-03,mobile,completed
9523,1842,1,2026-04-08,partner,completed
9524,3102,1,2026-04-26,mobile,completed
9525,1598,5,2026-04-22,web,completed
9526,1820,2,2026-04-02,partner,completed
9527,2916,3,2026-04-06,web,completed
9528,4994,4,2026-04-06,sales_rep,completed
9529,959,6,2026-04-13,web,completed
9530,3175,6,2026-04-23,sales_rep,completed
9531,4731,6,2026-04-26,sales_rep,completed
9532,50,5,2026-04-23,partner,completed
9533,1969,6,2026-04-23,sales_rep,completed
9534,1870,5,2026-04-09,web,completed
9535,4849,1,2026-04-11,partner,completed
9536,72,2,2026-04-23,partner,completed
9537,4902,4,2026-04-20,mobile,completed
9538,3133,5,2026-04-19,web,completed
9539,142,2,2026-04-19,web,completed
9540,4589,4,2026-04-09,mobile,completed
9541,3906,5,2026-04-14,mobile,completed
9542,3725,1,2026-04-21,mobile,completed
9543,1453,1,2026-04-22,partner,completed
9544,1327,5,2026-04-29,sales_rep,completed
9545,3994,2,2026-04-11,web,completed
9546,894,6,2026-04-13,web,completed
9547,2273,2,2026-04-06,partner,completed
9548,4387,2,2026-04-13,mobile,completed
9549,4805,5,2026-04-23,mobile,completed
9550,597,4,2026-04-08,web,completed
9551,3798,1,2026-04-02,web,completed
9552,3550,4,2026-04-07,sales_rep,completed
9553,4264,5,2026-04-30,sales_rep,completed
9554,1222,4,2026-04-08,mobile,completed
9555,4010,1,2026-04-24,mobile,completed
9556,1508,3,2026-04-05,web,completed
9557,2055,5,2026-04-06,partner,completed
9558,234,5,2026-04-14,sales_rep,completed
9559,3395,3,2026-04-27,partner,completed
9560,850,4,2026-04-11,web,completed
9561,1959,4,2026-04-09,sales_rep,completed
9562,197,3,2026-04-26,web,completed
9563,2732,4,2026-04-17,partner,completed
9564,2603,5,2026-04-29,web,completed
9565,3346,5,2026-04-13,partner,completed
9566,2250,3,2026-04-22,sales_rep,completed
9567,3832,2,2026-04-03,web,completed
9568,2663,1,2026-04-06,mobile,completed
9569,669,6,2026-04-04,web,completed
9570,327,2,2026-04-15,partner,completed
9571,950,2,2026-04-13,sales_rep,completed
9572,4031,4,2026-04-22,web,completed
9573,2063,1,2026-04-06,sales_rep,completed
9574,621,3,2026-04-29,mobile,completed
9575,1973,5,2026-04-28,partner,completed
9576,4160,1,2026-04-20,sales_rep,completed
9577,4015,2,2026-04-28,web,completed
9578,1611,5,2026-04-22,web,completed
9579,1393,6,2026-04-12,web,completed
9580,2220,2,2026-04-04,sales_rep,completed
9581,1486,6,2026-04-27,partner,completed
9582,3264,6,2026-04-16,mobile,completed
9583,3371,6,2026-04-15,mobile,completed
9584,3028,5,2026-04-28,sales_rep,completed
9585,4258,1,2026-04-24,web,completed
9586,2830,1,2026-04-06,web,completed
9587,3364,5,2026-04-28,web,completed
9588,2001,6,2026-04-30,mobile,completed
9589,1170,6,2026-04-03,sales_rep,completed
9590,2400,5,2026-04-27,web,completed
9591,3199,6,2026-04-10,web,completed
9592,328,1,2026-04-23,sales_rep,completed
9593,2361,4,2026-04-13,mobile,completed
9594,811,1,2026-04-05,web,completed
9595,1267,1,2026-04-16,mobile,completed
9596,3664,6,2026-04-16,partner,completed
9597,1683,1,2026-04-05,partner,completed
9598,3362,5,2026-04-12,sales_rep,completed
9599,2642,3,2026-04-25,web,completed
9600,1685,3,2026-04-28,mobile,completed
9601,2381,2,2026-04-20,mobile,completed
9602,3962,6,2026-04-17,partner,completed
9603,2774,5,2026-04-23,sales_rep,completed
9604,4031,4,2026-04-30,sales_rep,completed
9605,1492,3,2026-04-05,web,completed
9606,2638,5,2026-04-01,sales_rep,completed
9607,1547,5,2026-04-15,partner,completed
9608,4900,4,2026-04-25,web,completed
9609,4396,4,2026-04-09,partner,completed
9610,1333,3,2026-04-04,mobile,completed
9611,970,1,2026-04-02,web,completed
9612,1474,2,2026-04-27,sales_rep,completed
9613,312,5,2026-04-08,sales_rep,completed
9614,47,3,2026-04-09,mobile,completed
9615,142,2,2026-04-30,sales_rep,completed
9616,750,1,2026-04-30,partner,completed
9617,3432,5,2026-04-05,sales_rep,completed
9618,4090,6,2026-04-17,sales_rep,completed
9619,258,1,2026-04-17,partner,completed
9620,3147,4,2026-04-09,web,completed
9621,2909,1,2026-04-08,sales_rep,completed
9622,951,1,2026-04-18,sales_rep,completed
9623,3277,1,2026-04-16,partner,completed
9624,3387,5,2026-04-17,web,completed
9625,4782,4,2026-04-12,partner,completed
9626,818,1,2026-04-03,mobile,completed
9627,178,1,2026-04-11,sales_rep,completed
9628,2034,5,2026-04-11,web,completed
9629,3515,2,2026-04-28,sales_rep,completed
9630,4991,4,2026-04-02,mobile,completed
9631,3064,1,2026-04-08,web,completed
9632,1582,2,2026-04-07,mobile,completed
9633,1143,6,2026-04-02,mobile,completed
9634,3397,3,2026-04-25,mobile,completed
9635,3499,1,2026-04-08,partner,completed
9636,31,3,2026-04-25,mobile,completed
9637,4564,2,2026-04-15,web,completed
9638,1498,5,2026-04-09,mobile,completed
9639,2739,3,2026-04-13,sales_rep,completed
9640,1529,1,2026-04-09,web,completed
9641,1591,5,2026-04-29,sales_rep,completed
9642,4190,6,2026-04-12,mobile,completed
9643,2515,1,2026-04-17,web,completed
9644,853,6,2026-04-17,web,completed
9645,1691,5,2026-04-25,sales_rep,completed
9646,1611,5,2026-04-15,mobile,completed
9647,3787,2,2026-04-30,sales_rep,completed
9648,816,6,2026-04-16,partner,completed
9649,1959,4,2026-04-12,partner,completed
9650,2383,6,2026-04-20,sales_rep,completed
9651,534,2,2026-04-24,partner,completed
9652,1360,3,2026-04-02,mobile,completed
9653,2793,5,2026-04-07,partner,completed
9654,891,1,2026-04-30,web,completed
9655,867,5,2026-05-16,sales_rep,completed
9656,2827,3,2026-05-21,partner,completed
9657,3891,4,2026-05-25,sales_rep,completed
9658,232,6,2026-05-12,sales_rep,completed
9659,2894,6,2026-05-01,web,completed
9660,2324,4,2026-05-10,partner,completed
9661,4558,6,2026-05-21,web,completed
9662,3728,4,2026-05-04,sales_rep,completed
9663,4014,3,2026-05-15,partner,completed
9664,3961,6,2026-05-19,web,completed
9665,1790,5,2026-05-15,mobile,completed
9666,3059,3,2026-05-19,web,completed
9667,1149,5,2026-05-01,web,completed
9668,4161,3,2026-05-22,partner,completed
9669,1671,5,2026-05-31,mobile,completed
9670,1727,6,2026-05-18,web,completed
9671,3975,1,2026-05-14,partner,completed
9672,440,3,2026-05-06,sales_rep,completed
9673,4127,1,2026-05-29,sales_rep,completed
9674,2581,3,2026-05-27,sales_rep,completed
9675,63,3,2026-05-21,sales_rep,completed
9676,4964,2,2026-05-05,partner,completed
9677,4303,1,2026-05-23,partner,completed
9678,4453,3,2026-05-29,sales_rep,completed
9679,4388,1,2026-05-30,web,completed
9680,4382,1,2026-05-01,web,completed
9681,322,1,2026-05-22,mobile,completed
9682,3030,6,2026-05-26,sales_rep,completed
9683,2699,1,2026-05-17,mobile,completed
9684,4771,2,2026-05-10,partner,completed
9685,1425,2,2026-05-28,sales_rep,completed
9686,2797,6,2026-05-01,sales_rep,completed
9687,1174,2,2026-05-05,web,completed
9688,2180,3,2026-05-18,mobile,completed
9689,893,4,2026-05-17,web,completed
9690,3294,2,2026-05-04,partner,completed
9691,577,6,2026-05-08,web,completed
9692,2770,6,2026-05-19,partner,completed
9693,3304,2,2026-05-10,sales_rep,completed
9694,3491,1,2026-05-28,partner,completed
9695,719,2,2026-05-03,sales_rep,completed
9696,1889,1,2026-05-11,mobile,completed
9697,2070,3,2026-05-22,partner,completed
9698,4867,3,2026-05-30,partner,completed
9699,1277,4,2026-05-10,web,completed
9700,4713,6,2026-05-13,mobile,completed
9701,1236,3,2026-05-16,sales_rep,completed
9702,4015,2,2026-05-08,web,completed
9703,3782,2,2026-05-11,partner,completed
9704,173,5,2026-05-09,mobile,completed
9705,3049,2,2026-05-06,sales_rep,completed
9706,1317,5,2026-05-22,sales_rep,completed
9707,181,6,2026-05-23,partner,completed
9708,4677,4,2026-05-31,mobile,completed
9709,3800,1,2026-05-06,partner,completed
9710,4057,6,2026-05-15,web,completed
9711,3192,5,2026-05-28,partner,completed
9712,1266,1,2026-05-29,web,completed
9713,3165,1,2026-05-27,mobile,completed
9714,2861,2,2026-05-27,mobile,completed
9715,3334,6,2026-05-29,web,completed
9716,135,5,2026-05-21,sales_rep,completed
9717,2495,3,2026-05-11,partner,completed
9718,4145,1,2026-05-27,partner,completed
9719,2113,6,2026-05-31,mobile,completed
9720,2472,1,2026-05-04,sales_rep,completed
9721,4528,1,2026-05-05,sales_rep,completed
9722,2453,1,2026-05-26,partner,completed
9723,2354,3,2026-05-09,mobile,completed
9724,699,1,2026-05-23,web,completed
9725,2197,2,2026-05-25,partner,completed
9726,171,1,2026-05-30,sales_rep,completed
9727,4192,3,2026-05-25,sales_rep,completed
9728,4721,4,2026-05-01,sales_rep,completed
9729,2588,2,2026-05-28,sales_rep,completed
9730,3655,5,2026-05-12,web,completed
9731,2967,2,2026-05-21,mobile,completed
9732,1310,6,2026-05-02,web,completed
9733,1057,3,2026-05-06,mobile,completed
9734,123,4,2026-05-10,mobile,completed
9735,3667,4,2026-05-15,partner,completed
9736,3180,2,2026-05-16,partner,completed
9737,922,4,2026-05-21,sales_rep,completed
9738,4345,3,2026-05-24,sales_rep,completed
9739,307,2,2026-05-13,web,completed
9740,2352,5,2026-05-09,mobile,completed
9741,102,2,2026-05-03,web,completed
9742,3331,4,2026-05-17,mobile,completed
9743,2405,3,2026-05-16,partner,completed
9744,4768,1,2026-05-06,web,completed
9745,3137,4,2026-05-10,mobile,completed
9746,2419,2,2026-05-16,web,completed
9747,2156,3,2026-05-30,mobile,completed
9748,4063,4,2026-05-21,web,completed
9749,4152,4,2026-05-20,partner,completed
9750,1736,5,2026-05-12,web,completed
9751,4705,5,2026-05-22,sales_rep,completed
9752,62,5,2026-05-21,web,completed
9753,4210,4,2026-05-27,sales_rep,completed
9754,4265,4,2026-05-23,web,completed
9755,1859,4,2026-05-16,mobile,completed
9756,4747,5,2026-05-12,partner,completed
9757,2428,3,2026-05-23,mobile,completed
9758,290,3,2026-05-16,partner,completed
9759,1747,6,2026-05-26,mobile,completed
9760,3247,5,2026-05-29,web,completed
9761,2458,6,2026-05-03,mobile,completed
9762,3540,5,2026-05-04,web,completed
9763,4272,4,2026-05-26,mobile,completed
9764,4331,2,2026-05-10,web,completed
9765,3207,6,2026-05-26,mobile,completed
9766,3373,2,2026-05-30,web,completed
9767,956,4,2026-05-21,sales_rep,completed
9768,4109,4,2026-05-04,web,completed
9769,2901,4,2026-05-26,sales_rep,completed
9770,3670,2,2026-05-09,sales_rep,completed
9771,2221,6,2026-05-26,web,completed
9772,1911,1,2026-05-02,partner,completed
9773,3642,6,2026-05-10,partner,completed
9774,669,6,2026-05-04,mobile,completed
9775,1095,2,2026-05-06,mobile,completed
9776,4473,3,2026-05-06,web,completed
9777,2377,6,2026-05-19,web,completed
9778,4759,3,2026-05-17,partner,completed
9779,2659,5,2026-05-17,web,completed
9780,119,2,2026-05-26,mobile,completed
9781,3331,4,2026-05-22,mobile,completed
9782,3523,5,2026-05-22,partner,completed
9783,4128,1,2026-05-01,partner,completed
9784,490,4,2026-05-23,partner,completed
9785,2800,3,2026-05-23,sales_rep,completed
9786,3542,4,2026-05-20,partner,completed
9787,331,4,2026-05-11,partner,completed
9788,1070,1,2026-05-24,mobile,completed
9789,4348,1,2026-05-11,web,completed
9790,4888,4,2026-05-08,web,completed
9791,1067,6,2026-05-08,sales_rep,completed
9792,3717,3,2026-05-16,mobile,completed
9793,3053,5,2026-05-12,sales_rep,completed
9794,3512,4,2026-05-16,mobile,completed
9795,3231,6,2026-05-20,web,completed
9796,1094,3,2026-05-24,partner,completed
9797,81,6,2026-05-08,sales_rep,completed
9798,1192,2,2026-05-30,mobile,completed
9799,1608,4,2026-05-05,web,completed
9800,2778,6,2026-05-13,partner,completed
9801,2027,4,2026-05-06,mobile,completed
9802,804,6,2026-05-01,sales_rep,completed
9803,4976,5,2026-05-10,partner,completed
9804,1588,1,2026-05-27,mobile,completed
9805,2265,1,2026-05-29,mobile,completed
9806,4578,2,2026-05-14,sales_rep,completed
9807,3197,2,2026-05-10,web,completed
9808,2274,3,2026-05-25,mobile,completed
9809,645,5,2026-05-06,mobile,completed
9810,1707,6,2026-05-21,sales_rep,completed
9811,4908,5,2026-05-25,mobile,completed
9812,4288,5,2026-05-09,sales_rep,completed
9813,1838,2,2026-05-22,sales_rep,completed
9814,3342,2,2026-05-19,sales_rep,completed
9815,1181,4,2026-05-26,partner,completed
9816,2256,5,2026-05-04,mobile,completed
9817,2788,1,2026-05-10,web,completed
9818,3852,1,2026-05-17,sales_rep,completed
9819,1944,1,2026-05-27,sales_rep,completed
9820,1062,5,2026-05-04,sales_rep,completed
9821,1330,3,2026-05-08,sales_rep,completed
9822,530,6,2026-05-03,sales_rep,completed
9823,1862,2,2026-05-12,web,completed
9824,1447,6,2026-05-10,partner,completed
9825,4974,5,2026-05-22,partner,completed
9826,1581,2,2026-05-28,partner,completed
9827,3329,3,2026-05-21,mobile,completed
9828,4502,4,2026-05-28,web,completed
9829,624,3,2026-05-16,mobile,completed
9830,4845,5,2026-05-21,partner,completed
9831,2941,5,2026-05-30,partner,completed
9832,272,1,2026-05-12,mobile,completed
9833,63,3,2026-05-20,mobile,completed
9834,4458,1,2026-05-13,web,completed
9835,2311,2,2026-05-22,mobile,completed
9836,4136,6,2026-05-07,sales_rep,completed
9837,1162,3,2026-05-21,mobile,completed
9838,946,1,2026-05-21,mobile,completed
9839,4269,1,2026-05-06,sales_rep,completed
9840,2370,2,2026-05-24,mobile,completed
9841,463,5,2026-05-22,sales_rep,completed
9842,2424,5,2026-05-24,mobile,completed
9843,1434,4,2026-05-23,sales_rep,completed
9844,1032,2,2026-05-05,web,completed
9845,3357,1,2026-05-23,web,completed
9846,1911,1,2026-05-01,partner,completed
9847,1435,2,2026-05-07,web,completed
9848,806,5,2026-05-09,sales_rep,completed
9849,4167,3,2026-05-08,web,completed
9850,2802,3,2026-05-19,partner,completed
9851,4580,2,2026-05-19,sales_rep,completed
9852,1698,1,2026-05-23,mobile,completed
9853,29,4,2026-05-02,mobile,completed
9854,2310,4,2026-05-19,web,completed
9855,1693,4,2026-05-24,partner,completed
9856,2478,2,2026-05-18,sales_rep,completed
9857,2425,3,2026-05-23,sales_rep,completed
9858,2627,6,2026-05-26,sales_rep,completed
9859,3972,6,2026-05-12,partner,completed
9860,921,6,2026-05-22,partner,completed
9861,4886,2,2026-05-13,partner,completed
9862,65,3,2026-05-25,partner,completed
9863,2647,4,2026-05-17,sales_rep,completed
9864,2866,1,2026-05-21,mobile,completed
9865,3917,1,2026-05-12,mobile,completed
9866,1519,3,2026-05-19,web,completed
9867,3528,1,2026-05-17,partner,completed
9868,323,4,2026-05-05,web,completed
9869,2193,2,2026-05-11,web,completed
9870,1879,5,2026-05-13,partner,completed
9871,4809,3,2026-05-04,mobile,completed
9872,4944,6,2026-05-14,mobile,completed
9873,4421,5,2026-05-28,sales_rep,completed
9874,3091,3,2026-05-09,partner,completed
9875,211,2,2026-05-13,mobile,completed
9876,3616,3,2026-05-10,sales_rep,completed
9877,1001,5,2026-05-21,web,completed
9878,4219,4,2026-05-02,mobile,completed
9879,1903,5,2026-05-21,partner,completed
9880,3384,6,2026-05-18,sales_rep,completed
9881,2798,4,2026-05-13,mobile,completed
9882,2202,1,2026-05-12,web,completed
9883,3203,5,2026-05-25,mobile,completed
9884,4340,4,2026-05-29,mobile,completed
9885,3666,3,2026-05-23,mobile,completed
9886,1526,1,2026-05-03,mobile,completed
9887,913,3,2026-05-11,sales_rep,completed
9888,1273,6,2026-05-24,partner,completed
9889,2625,6,2026-05-31,sales_rep,completed
9890,1300,1,2026-05-14,mobile,completed
9891,3984,5,2026-05-22,mobile,completed
9892,1746,6,2026-05-16,partner,completed
9893,997,4,2026-05-26,mobile,completed
9894,3887,1,2026-05-25,web,completed
9895,3737,3,2026-05-30,web,completed
9896,540,1,2026-05-01,web,completed
9897,2606,5,2026-05-25,mobile,completed
9898,2617,6,2026-05-26,web,completed
9899,1898,6,2026-05-14,partner,completed
9900,3002,5,2026-05-04,web,completed
9901,2598,5,2026-05-01,partner,completed
9902,4652,6,2026-05-10,partner,completed
9903,660,2,2026-05-08,partner,completed
9904,1921,3,2026-05-02,mobile,completed
9905,2017,3,2026-05-12,partner,completed
9906,2388,6,2026-05-31,partner,completed
9907,3639,1,2026-05-22,sales_rep,completed
9908,3441,6,2026-05-13,mobile,completed
9909,4720,1,2026-05-16,web,completed
9910,828,6,2026-05-31,partner,completed
9911,1286,1,2026-05-20,sales_rep,completed
9912,2038,1,2026-05-31,mobile,completed
9913,3656,3,2026-05-03,partner,completed
9914,159,4,2026-05-23,sales_rep,completed
9915,1132,5,2026-05-13,web,completed
9916,10,1,2026-05-01,web,completed
9917,310,1,2026-05-01,partner,completed
9918,2123,4,2026-05-22,mobile,completed
9919,1306,5,2026-05-06,sales_rep,completed
9920,4081,6,2026-05-28,mobile,completed
9921,553,5,2026-05-26,partner,completed
9922,1920,4,2026-05-27,web,completed
9923,363,2,2026-05-24,sales_rep,completed
9924,2766,4,2026-05-05,mobile,completed
9925,3225,4,2026-05-10,sales_rep,completed
9926,2357,3,2026-05-21,sales_rep,completed
9927,575,1,2026-05-31,mobile,completed
9928,2150,6,2026-05-19,sales_rep,completed
9929,4257,2,2026-05-26,partner,completed
9930,3061,2,2026-05-17,partner,completed
9931,2914,2,2026-05-17,partner,completed
9932,4749,6,2026-05-12,sales_rep,completed
9933,1034,2,2026-05-06,sales_rep,completed
9934,2755,6,2026-05-23,mobile,completed
9935,1551,2,2026-05-04,sales_rep,completed
9936,4244,1,2026-05-12,sales_rep,completed
9937,3866,5,2026-05-22,partner,completed
9938,1676,6,2026-05-27,web,completed
9939,4226,2,2026-05-15,mobile,completed
9940,1394,5,2026-05-13,sales_rep,completed
9941,2192,3,2026-05-28,partner,completed
9942,397,1,2026-05-01,mobile,completed
9943,2212,5,2026-05-24,sales_rep,completed
9944,2919,6,2026-05-11,mobile,completed
9945,3257,2,2026-05-10,partner,completed
9946,3684,4,2026-05-18,web,completed
9947,3739,5,2026-05-08,mobile,completed
9948,3144,4,2026-05-10,partner,completed
9949,1977,6,2026-05-01,mobile,completed
9950,4252,3,2026-05-15,mobile,completed
9951,1574,5,2026-05-06,partner,completed
9952,1055,1,2026-05-26,mobile,completed
9953,1394,5,2026-05-18,sales_rep,completed
9954,3326,5,2026-05-25,sales_rep,completed
9955,3198,5,2026-05-17,web,completed
9956,2479,1,2026-05-28,web,completed
9957,4524,6,2026-05-26,mobile,completed
9958,1581,2,2026-05-30,web,completed
9959,601,4,2026-05-01,partner,completed
9960,2437,4,2026-05-04,mobile,completed
9961,1443,6,2026-05-20,web,completed
9962,3608,5,2026-05-03,partner,completed
9963,2581,3,2026-05-02,mobile,completed
9964,4454,5,2026-05-07,partner,completed
9965,3759,1,2026-05-14,mobile,completed
9966,3003,6,2026-05-30,mobile,completed
9967,2099,5,2026-05-22,web,completed
9968,3315,3,2026-05-08,mobile,completed
9969,1789,3,2026-05-04,mobile,completed
9970,4671,1,2026-05-01,mobile,completed
9971,2974,6,2026-05-10,partner,completed
9972,3702,2,2026-05-11,mobile,completed
9973,1078,1,2026-05-17,web,completed
9974,1106,2,2026-05-24,web,completed
9975,2389,6,2026-05-30,mobile,completed
9976,3834,4,2026-05-18,sales_rep,completed
9977,4559,5,2026-05-09,mobile,completed
9978,642,6,2026-05-23,sales_rep,completed
9979,486,2,2026-05-05,mobile,completed
9980,671,6,2026-05-10,sales_rep,completed
9981,491,6,2026-05-29,mobile,completed
9982,4755,2,2026-05-02,web,completed
9983,749,2,2026-05-25,web,completed
9984,561,4,2026-05-24,partner,completed
9985,1583,4,2026-05-04,web,completed
9986,4143,1,2026-05-21,sales_rep,completed
9987,4571,5,2026-05-01,mobile,completed
9988,3380,3,2026-05-18,sales_rep,completed
9989,2966,4,2026-05-07,web,completed
9990,3776,2,2026-05-14,mobile,completed
9991,456,4,2026-05-09,partner,completed
9992,2806,6,2026-05-09,partner,completed
9993,292,2,2026-05-02,mobile,completed
9994,3791,1,2026-05-10,partner,completed
9995,2475,1,2026-05-17,sales_rep,completed
9996,4774,6,2026-05-18,mobile,completed
9997,3004,6,2026-05-23,partner,completed
9998,3711,3,2026-05-10,mobile,completed
9999,315,2,2026-05-03,mobile,completed
10000,1600,5,2026-05-19,partner,completed
10001,2293,2,2026-05-16,sales_rep,completed
10002,4471,3,2026-05-16,sales_rep,completed
10003,3392,4,2026-05-29,web,completed
10004,2394,2,2026-05-03,partner,completed
10005,3249,1,2026-05-22,partner,completed
10006,796,2,2026-05-26,sales_rep,completed
10007,3430,2,2026-05-07,partner,completed
10008,4526,3,2026-05-14,sales_rep,completed
10009,1676,6,2026-05-10,partner,completed
10010,2068,6,2026-05-28,sales_rep,completed
10011,4777,3,2026-05-14,mobile,completed
10012,1244,3,2026-05-18,partner,completed
10013,3383,6,2026-05-28,mobile,completed
10014,3200,2,2026-05-10,web,completed
10015,1047,2,2026-05-28,sales_rep,completed
10016,4978,1,2026-05-16,sales_rep,completed
10017,4758,1,2026-05-29,web,completed
10018,4219,4,2026-05-11,sales_rep,completed
10019,3284,1,2026-05-21,sales_rep,completed
10020,1255,4,2026-05-28,mobile,completed
10021,74,1,2026-05-05,mobile,completed
10022,3564,5,2026-05-22,sales_rep,completed
10023,3496,4,2026-05-25,sales_rep,completed
10024,1273,6,2026-05-09,partner,completed
10025,622,3,2026-05-18,partner,completed
10026,2562,3,2026-05-17,web,completed
10027,4979,6,2026-05-04,web,completed
10028,703,2,2026-05-29,sales_rep,completed
10029,1558,5,2026-05-12,web,completed
10030,1444,3,2026-05-10,partner,completed
10031,864,5,2026-05-11,web,completed
10032,4953,5,2026-05-10,sales_rep,completed
10033,4281,3,2026-05-09,web,completed
10034,2276,3,2026-05-05,partner,completed
10035,1851,1,2026-05-21,partner,completed
10036,3710,6,2026-05-17,web,completed
10037,4915,5,2026-05-18,sales_rep,completed
10038,2192,3,2026-05-10,partner,completed
10039,4346,4,2026-05-21,partner,completed
10040,9,2,2026-05-01,partner,completed
10041,3140,3,2026-05-15,web,completed
10042,3272,3,2026-05-31,sales_rep,completed
10043,2118,4,2026-05-21,partner,completed
10044,2096,5,2026-05-07,mobile,completed
10045,729,3,2026-05-19,sales_rep,completed
10046,1308,2,2026-05-25,partner,completed
10047,3296,5,2026-05-01,mobile,completed
10048,979,3,2026-05-24,sales_rep,completed
10049,1438,4,2026-05-16,sales_rep,completed
10050,2431,1,2026-05-02,web,completed
10051,528,1,2026-05-09,web,completed
10052,4488,2,2026-05-14,partner,completed
10053,4539,6,2026-05-30,sales_rep,completed
10054,1706,6,2026-05-10,sales_rep,completed
10055,1420,3,2026-05-31,sales_rep,completed
10056,2828,6,2026-05-15,partner,completed
10057,4429,5,2026-05-14,web,completed
10058,257,5,2026-05-04,sales_rep,completed
10059,184,5,2026-05-29,partner,completed
10060,3612,5,2026-05-28,mobile,completed
10061,3490,5,2026-05-27,sales_rep,completed
10062,3915,5,2026-05-01,partner,completed
10063,2995,5,2026-05-26,sales_rep,completed
10064,1888,3,2026-05-09,web,completed
10065,215,5,2026-05-17,partner,completed
10066,2198,6,2026-05-15,partner,completed
10067,537,3,2026-05-08,mobile,completed
10068,347,6,2026-05-19,sales_rep,completed
10069,2858,5,2026-05-15,sales_rep,completed
10070,4603,2,2026-05-26,sales_rep,completed
10071,3758,4,2026-05-30,sales_rep,completed
10072,2755,6,2026-05-20,mobile,completed
10073,995,4,2026-05-24,partner,completed
10074,699,1,2026-05-27,sales_rep,completed
10075,486,2,2026-05-02,mobile,completed
10076,3721,4,2026-05-24,sales_rep,completed
10077,4141,5,2026-05-09,sales_rep,completed
10078,3893,3,2026-05-18,web,completed
10079,49,5,2026-05-26,partner,completed
10080,1007,6,2026-05-17,mobile,completed
10081,2378,1,2026-05-06,sales_rep,completed
10082,2268,5,2026-05-14,web,completed
10083,671,6,2026-05-14,mobile,completed
10084,2217,3,2026-05-16,mobile,completed
10085,2935,5,2026-05-11,sales_rep,completed
10086,1864,3,2026-05-26,partner,completed
10087,2683,3,2026-05-09,mobile,completed
10088,4324,2,2026-05-06,mobile,completed
10089,804,6,2026-05-16,mobile,completed
10090,3536,1,2026-05-02,web,completed
10091,3821,1,2026-05-15,partner,completed
10092,4419,5,2026-05-20,mobile,completed
10093,1284,5,2026-05-05,partner,completed
10094,2650,2,2026-05-07,sales_rep,completed
10095,2184,4,2026-05-16,web,completed
10096,4047,3,2026-05-21,sales_rep,completed
10097,878,5,2026-05-25,partner,completed
10098,1185,3,2026-05-15,mobile,completed
10099,1429,2,2026-05-01,sales_rep,completed
10100,1398,4,2026-05-16,sales_rep,completed
10101,4210,4,2026-05-06,web,completed
10102,2469,1,2026-05-09,web,completed
10103,3449,4,2026-05-04,mobile,completed
10104,2456,3,2026-05-25,partner,completed
10105,3820,6,2026-05-11,partner,completed
10106,218,1,2026-05-10,web,completed
10107,1153,3,2026-05-17,sales_rep,completed
10108,2929,2,2026-05-09,partner,completed
10109,1331,3,2026-05-30,partner,completed
10110,78,2,2026-05-01,web,completed
10111,3806,6,2026-05-29,sales_rep,completed
10112,966,4,2026-05-07,mobile,completed
10113,4305,5,2026-05-19,partner,completed
10114,1571,1,2026-05-25,sales_rep,completed
10115,2617,6,2026-05-15,web,completed
10116,4189,1,2026-05-11,web,completed
10117,1694,3,2026-05-28,web,completed
10118,980,4,2026-05-21,partner,completed
10119,2078,3,2026-05-01,mobile,completed
10120,1954,3,2026-05-22,web,completed
10121,3007,4,2026-05-04,mobile,completed
10122,3232,2,2026-05-16,mobile,completed
10123,4814,4,2026-05-26,web,completed
10124,749,2,2026-05-22,partner,completed
10125,976,2,2026-05-03,web,completed
10126,370,5,2026-05-31,partner,completed
10127,416,5,2026-05-10,sales_rep,completed
10128,36,1,2026-05-21,mobile,completed
10129,1784,6,2026-05-28,web,completed
10130,4814,4,2026-05-03,web,completed
10131,227,5,2026-05-28,partner,completed
10132,198,1,2026-05-20,partner,completed
10133,1666,3,2026-05-19,partner,completed
10134,3263,5,2026-05-25,web,completed
10135,3315,3,2026-05-29,partner,completed
10136,22,3,2026-05-17,web,completed
10137,114,3,2026-05-28,mobile,completed
10138,4134,4,2026-05-03,partner,completed
10139,4053,5,2026-05-20,mobile,completed
10140,3349,1,2026-05-07,partner,completed
10141,736,5,2026-05-25,partner,completed
10142,4900,4,2026-05-23,partner,completed
10143,3693,2,2026-05-29,web,completed
10144,4681,2,2026-05-23,partner,completed
10145,3076,5,2026-05-22,sales_rep,completed
10146,4827,2,2026-05-31,mobile,completed
10147,568,2,2026-05-24,sales_rep,completed
10148,384,2,2026-05-07,web,completed
10149,4794,2,2026-05-06,web,completed
10150,2927,4,2026-05-13,partner,completed
10151,3055,5,2026-05-21,partner,completed
10152,3733,3,2026-05-23,mobile,completed
10153,4657,1,2026-05-23,partner,completed
10154,619,1,2026-05-01,web,completed
10155,1328,1,2026-05-21,partner,completed
10156,1047,2,2026-05-21,sales_rep,completed
10157,1336,6,2026-05-05,sales_rep,completed
10158,2041,2,2026-05-19,web,completed
10159,2849,2,2026-05-17,partner,completed
10160,4247,2,2026-05-30,mobile,completed
10161,1174,2,2026-05-01,sales_rep,completed
10162,4081,6,2026-05-07,web,completed
10163,2874,2,2026-05-21,mobile,completed
10164,4082,2,2026-05-09,partner,completed
10165,4020,5,2026-05-17,mobile,completed
10166,1376,6,2026-05-16,web,completed
10167,3896,6,2026-05-14,sales_rep,completed
10168,3829,5,2026-05-26,partner,completed
10169,2810,2,2026-05-29,mobile,completed
10170,474,3,2026-05-06,partner,completed
10171,4764,2,2026-05-10,sales_rep,completed
10172,4743,3,2026-05-15,partner,completed
10173,1717,4,2026-05-16,mobile,completed
10174,2482,6,2026-05-11,partner,completed
10175,2129,1,2026-05-26,partner,completed
10176,3585,5,2026-05-02,web,completed
10177,1592,3,2026-05-29,partner,completed
10178,4869,6,2026-05-19,partner,completed
10179,447,2,2026-05-18,mobile,completed
10180,2075,5,2026-05-03,web,completed
10181,2289,6,2026-05-31,mobile,completed
10182,1518,1,2026-05-27,sales_rep,completed
10183,2356,3,2026-05-12,mobile,completed
10184,1578,5,2026-05-24,mobile,completed
10185,1778,1,2026-05-10,web,completed
10186,464,3,2026-05-01,partner,completed
10187,2014,6,2026-05-20,partner,completed
10188,3384,6,2026-05-14,mobile,completed
10189,4592,1,2026-05-25,partner,completed
10190,4981,6,2026-05-01,sales_rep,completed
10191,3938,3,2026-05-23,web,completed
10192,4366,6,2026-05-14,web,completed
10193,1737,4,2026-05-12,sales_rep,completed
10194,4835,6,2026-05-24,mobile,completed
10195,4329,1,2026-05-20,web,completed
10196,1055,1,2026-05-10,mobile,completed
10197,3614,1,2026-05-15,partner,completed
10198,348,6,2026-05-28,web,completed
10199,1626,6,2026-05-08,web,completed
10200,1380,4,2026-05-06,web,completed
10201,3941,4,2026-05-30,mobile,completed
10202,3047,5,2026-05-17,web,completed
10203,1515,2,2026-05-17,mobile,completed
10204,3661,4,2026-05-21,sales_rep,completed
10205,503,6,2026-05-27,partner,completed
10206,3913,2,2026-05-03,web,completed
10207,4329,1,2026-05-07,web,completed
10208,234,5,2026-05-24,sales_rep,completed
10209,3729,3,2026-05-30,mobile,completed
10210,3036,6,2026-05-06,partner,completed
10211,1157,1,2026-05-10,mobile,completed
10212,1326,2,2026-05-04,mobile,completed
10213,1084,4,2026-05-04,partner,completed
10214,1313,5,2026-05-26,mobile,completed
10215,1649,6,2026-05-07,mobile,completed
10216,3919,1,2026-05-30,sales_rep,completed
10217,1424,5,2026-05-18,mobile,completed
10218,4472,6,2026-05-15,mobile,completed
10219,2726,4,2026-05-06,partner,completed
10220,2990,3,2026-05-08,partner,completed
10221,4503,6,2026-05-19,mobile,completed
10222,95,6,2026-05-03,partner,completed
10223,2093,5,2026-05-11,partner,completed
10224,1639,2,2026-05-18,sales_rep,completed
10225,4005,5,2026-05-14,web,completed
10226,4701,6,2026-05-25,web,completed
10227,4795,3,2026-05-25,web,completed
10228,3107,6,2026-05-10,partner,completed
10229,1389,6,2026-05-24,web,completed
10230,4172,2,2026-05-21,mobile,completed
10231,2879,6,2026-05-30,mobile,completed
10232,2389,6,2026-05-08,sales_rep,completed
10233,2259,1,2026-05-15,mobile,completed
10234,2234,1,2026-05-02,mobile,completed
10235,4343,3,2026-05-29,web,completed
10236,2770,6,2026-05-23,web,completed
10237,4416,3,2026-05-06,partner,completed
10238,4218,3,2026-05-17,web,completed
10239,1381,6,2026-05-04,sales_rep,completed
10240,4737,1,2026-05-28,mobile,completed
10241,1684,5,2026-05-16,partner,completed
10242,2672,6,2026-05-09,web,completed
10243,4666,5,2026-05-30,sales_rep,completed
10244,4788,1,2026-05-30,sales_rep,completed
10245,727,5,2026-05-29,sales_rep,completed
10246,3919,1,2026-05-13,web,completed
10247,2611,6,2026-05-21,sales_rep,completed
10248,3882,2,2026-05-27,sales_rep,completed
10249,4346,4,2026-05-21,web,completed
10250,4724,1,2026-05-13,web,completed
10251,520,4,2026-05-03,web,completed
10252,703,2,2026-05-31,sales_rep,completed
10253,3331,4,2026-05-10,mobile,completed
10254,245,4,2026-05-30,partner,completed
10255,3074,5,2026-05-03,partner,completed
10256,598,5,2026-05-08,web,completed
10257,3555,3,2026-05-05,web,completed
10258,2832,5,2026-05-17,partner,completed
10259,4617,2,2026-05-16,partner,completed
10260,4295,6,2026-05-22,sales_rep,completed
10261,1595,5,2026-05-30,mobile,completed
10262,260,4,2026-05-11,partner,completed
10263,2866,1,2026-05-21,web,completed
10264,2546,3,2026-05-01,partner,completed
10265,2091,6,2026-05-25,mobile,completed
10266,3133,5,2026-05-25,sales_rep,completed
10267,3488,6,2026-05-30,sales_rep,completed
10268,3047,5,2026-05-09,web,completed
10269,4765,3,2026-05-17,sales_rep,completed
10270,1455,4,2026-05-20,partner,completed
10271,2564,3,2026-05-31,mobile,completed
10272,1209,2,2026-05-12,web,completed
10273,3374,4,2026-05-15,partner,completed
10274,114,3,2026-05-01,web,completed
10275,3084,2,2026-05-20,web,completed
10276,797,6,2026-05-07,partner,completed
10277,24,6,2026-05-26,sales_rep,completed
10278,65,3,2026-05-26,sales_rep,completed
10279,3278,2,2026-05-30,sales_rep,completed
10280,4938,4,2026-06-30,sales_rep,completed
10281,1065,5,2026-06-12,partner,completed
10282,574,1,2026-06-07,mobile,completed
10283,4182,3,2026-06-16,sales_rep,completed
10284,1684,5,2026-06-23,mobile,completed
10285,4786,3,2026-06-09,mobile,completed
10286,489,5,2026-06-28,mobile,completed
10287,271,2,2026-06-11,sales_rep,completed
10288,1921,3,2026-06-15,sales_rep,completed
10289,4503,6,2026-06-15,sales_rep,completed
10290,1683,1,2026-06-23,partner,completed
10291,3613,4,2026-06-04,partner,completed
10292,3229,5,2026-06-05,web,completed
10293,375,6,2026-06-18,mobile,completed
10294,4297,3,2026-06-28,sales_rep,completed
10295,592,6,2026-06-13,sales_rep,completed
10296,4052,3,2026-06-09,sales_rep,completed
10297,583,1,2026-06-29,partner,completed
10298,3665,4,2026-06-18,web,completed
10299,4477,6,2026-06-04,mobile,completed
10300,4990,6,2026-06-04,mobile,completed
10301,3364,5,2026-06-01,mobile,completed
10302,219,3,2026-06-05,mobile,completed
10303,170,1,2026-06-27,web,completed
10304,3948,3,2026-06-11,sales_rep,completed
10305,2331,1,2026-06-07,partner,completed
10306,652,4,2026-06-17,partner,completed
10307,1339,5,2026-06-24,partner,completed
10308,3041,3,2026-06-18,mobile,completed
10309,472,5,2026-06-04,sales_rep,completed
10310,4056,3,2026-06-18,sales_rep,completed
10311,3924,3,2026-06-27,sales_rep,completed
10312,3307,2,2026-06-03,web,completed
10313,2754,4,2026-06-04,web,completed
10314,573,2,2026-06-09,mobile,completed
10315,2004,3,2026-06-22,web,completed
10316,920,4,2026-06-08,mobile,completed
10317,2844,3,2026-06-02,partner,completed
10318,4436,6,2026-06-17,mobile,completed
10319,4418,1,2026-06-25,web,completed
10320,4554,4,2026-06-27,web,completed
10321,1716,6,2026-06-07,partner,completed
10322,3733,3,2026-06-28,web,completed
10323,2234,1,2026-06-07,web,completed
10324,1468,3,2026-06-13,mobile,completed
10325,3814,3,2026-06-04,web,completed
10326,1253,1,2026-06-27,partner,completed
10327,3246,5,2026-06-23,partner,completed
10328,361,6,2026-06-28,mobile,completed
10329,2995,5,2026-06-22,web,completed
10330,2340,1,2026-06-29,sales_rep,completed
10331,372,4,2026-06-25,partner,completed
10332,1974,3,2026-06-11,mobile,completed
10333,4559,5,2026-06-08,sales_rep,completed
10334,1226,6,2026-06-06,mobile,completed
10335,1961,6,2026-06-10,sales_rep,completed
10336,3252,5,2026-06-20,mobile,completed
10337,636,5,2026-06-25,partner,completed
10338,1036,5,2026-06-08,sales_rep,completed
10339,1564,6,2026-06-17,web,completed
10340,445,4,2026-06-11,partner,completed
10341,2362,5,2026-06-03,mobile,completed
10342,2162,2,2026-06-25,partner,completed
10343,887,1,2026-06-29,sales_rep,completed
10344,3636,3,2026-06-10,mobile,completed
10345,2825,4,2026-06-23,partner,completed
10346,920,4,2026-06-15,partner,completed
10347,1334,5,2026-06-11,web,completed
10348,2940,2,2026-06-15,mobile,completed
10349,1461,5,2026-06-18,sales_rep,completed
10350,438,6,2026-06-23,mobile,completed
10351,3859,2,2026-06-14,mobile,completed
10352,1344,4,2026-06-19,partner,completed
10353,3203,5,2026-06-15,web,completed
10354,4175,3,2026-06-03,sales_rep,completed
10355,329,1,2026-06-06,web,completed
10356,735,2,2026-06-26,mobile,completed
10357,1322,2,2026-06-29,mobile,completed
10358,3331,4,2026-06-15,sales_rep,completed
10359,35,6,2026-06-08,sales_rep,completed
10360,72,2,2026-06-11,mobile,completed
10361,4065,5,2026-06-17,partner,completed
10362,2745,2,2026-06-04,web,completed
10363,649,6,2026-06-07,sales_rep,completed
10364,1213,3,2026-06-07,partner,completed
10365,2697,1,2026-06-17,sales_rep,completed
10366,1113,2,2026-06-19,sales_rep,completed
10367,648,4,2026-06-30,sales_rep,completed
10368,2522,1,2026-06-24,mobile,completed
10369,386,1,2026-06-10,web,completed
10370,4939,2,2026-06-26,sales_rep,completed
10371,3713,5,2026-06-21,sales_rep,completed
10372,1172,4,2026-06-15,mobile,completed
10373,4762,6,2026-06-13,sales_rep,completed
10374,2759,3,2026-06-29,partner,completed
10375,1277,4,2026-06-30,web,completed
10376,1896,6,2026-06-10,partner,completed
10377,3865,4,2026-06-06,mobile,completed
10378,3475,2,2026-06-03,mobile,completed
10379,1896,6,2026-06-26,partner,completed
10380,4649,2,2026-06-27,mobile,completed
10381,352,1,2026-06-01,sales_rep,completed
10382,2112,5,2026-06-11,sales_rep,completed
10383,1355,2,2026-06-07,partner,completed
10384,4544,4,2026-06-08,web,completed
10385,957,3,2026-06-13,web,completed
10386,4585,4,2026-06-30,sales_rep,completed
10387,3716,2,2026-06-19,partner,completed
10388,4358,2,2026-06-19,partner,completed
10389,1891,2,2026-06-19,partner,completed
10390,1240,1,2026-06-12,web,completed
10391,904,6,2026-06-17,web,completed
10392,3508,5,2026-06-04,mobile,completed
10393,499,6,2026-06-26,sales_rep,completed
10394,1692,6,2026-06-23,web,completed
10395,2208,6,2026-06-04,sales_rep,completed
10396,947,6,2026-06-07,mobile,completed
10397,2267,5,2026-06-09,mobile,completed
10398,2308,1,2026-06-10,sales_rep,completed
10399,772,6,2026-06-09,web,completed
10400,2407,3,2026-06-10,mobile,completed
10401,2805,2,2026-06-21,partner,completed
10402,3232,2,2026-06-17,mobile,completed
10403,1269,6,2026-06-21,partner,completed
10404,1606,6,2026-06-14,web,completed
10405,4651,3,2026-06-16,sales_rep,completed
10406,401,6,2026-06-23,partner,completed
10407,1484,1,2026-06-18,mobile,completed
10408,1449,5,2026-06-06,mobile,completed
10409,1200,4,2026-06-16,sales_rep,completed
10410,4093,3,2026-06-16,sales_rep,completed
10411,4479,6,2026-06-23,sales_rep,completed
10412,4319,6,2026-06-28,mobile,completed
10413,966,4,2026-06-04,mobile,completed
10414,349,2,2026-06-30,web,completed
10415,4394,1,2026-06-09,sales_rep,completed
10416,1016,6,2026-06-05,web,completed
10417,3978,6,2026-06-11,partner,completed
10418,301,3,2026-06-07,mobile,completed
10419,3025,3,2026-06-09,partner,completed
10420,2500,6,2026-06-22,mobile,completed
10421,4347,1,2026-06-08,partner,completed
10422,866,5,2026-06-15,sales_rep,completed
10423,389,6,2026-06-27,mobile,completed
10424,3892,6,2026-06-14,partner,completed
10425,1897,4,2026-06-16,mobile,completed
10426,4110,2,2026-06-10,web,completed
10427,1417,4,2026-06-30,sales_rep,completed
10428,2488,1,2026-06-03,sales_rep,completed
10429,2724,3,2026-06-13,partner,completed
10430,2327,3,2026-06-22,partner,completed
10431,3125,3,2026-06-15,partner,completed
10432,2682,1,2026-06-22,web,completed
10433,2136,5,2026-06-13,web,completed
10434,1200,4,2026-06-25,partner,completed
10435,865,6,2026-06-12,sales_rep,completed
10436,3464,1,2026-06-11,web,completed
10437,4524,6,2026-06-18,sales_rep,completed
10438,3382,5,2026-06-23,mobile,completed
10439,742,5,2026-06-09,mobile,completed
10440,715,6,2026-06-01,partner,completed
10441,2034,5,2026-06-23,partner,completed
10442,1536,1,2026-06-26,partner,completed
10443,1101,3,2026-06-16,partner,completed
10444,2387,6,2026-06-05,mobile,completed
10445,2455,5,2026-06-15,sales_rep,completed
10446,4558,6,2026-06-06,mobile,completed
10447,3906,5,2026-06-10,partner,completed
10448,814,2,2026-06-24,sales_rep,completed
10449,2887,6,2026-06-07,web,completed
10450,364,6,2026-06-30,mobile,completed
10451,4971,6,2026-06-22,sales_rep,completed
10452,666,5,2026-06-07,partner,completed
10453,4745,5,2026-06-26,web,completed
10454,1173,3,2026-06-03,mobile,completed
10455,4980,4,2026-06-15,web,completed
10456,3052,2,2026-06-01,partner,completed
10457,2769,3,2026-06-11,partner,completed
10458,154,2,2026-06-18,partner,completed
10459,3628,2,2026-06-27,partner,completed
10460,169,3,2026-06-30,sales_rep,completed
10461,2605,5,2026-06-10,partner,completed
10462,4447,2,2026-06-05,mobile,completed
10463,3754,2,2026-06-08,web,completed
10464,596,5,2026-06-29,mobile,completed
10465,829,6,2026-06-29,web,completed
10466,1639,2,2026-06-03,sales_rep,completed
10467,3642,6,2026-06-03,partner,completed
10468,1804,2,2026-06-21,mobile,completed
10469,3011,3,2026-06-06,partner,completed
10470,3974,2,2026-06-07,sales_rep,completed
10471,3507,6,2026-06-13,sales_rep,completed
10472,4561,3,2026-06-04,partner,completed
10473,4332,2,2026-06-26,sales_rep,completed
10474,3858,1,2026-06-06,mobile,completed
10475,1233,6,2026-06-01,mobile,completed
10476,2507,3,2026-06-14,web,completed
10477,3999,5,2026-06-20,partner,completed
10478,2707,5,2026-06-26,web,completed
10479,4161,3,2026-06-21,web,completed
10480,2193,2,2026-06-21,partner,completed
10481,4654,2,2026-06-16,web,completed
10482,4902,4,2026-06-23,sales_rep,completed
10483,1546,4,2026-06-11,mobile,completed
10484,4806,5,2026-06-23,partner,completed
10485,2027,4,2026-06-02,sales_rep,completed
10486,3805,1,2026-06-03,sales_rep,completed
10487,3249,1,2026-06-02,sales_rep,completed
10488,4405,2,2026-06-28,web,completed
10489,4477,6,2026-06-11,partner,completed
10490,2775,4,2026-06-12,partner,completed
10491,643,6,2026-06-27,mobile,completed
10492,2815,2,2026-06-27,web,completed
10493,3079,2,2026-06-26,mobile,completed
10494,3724,6,2026-06-10,web,completed
10495,3474,6,2026-06-09,partner,completed
10496,1755,4,2026-06-25,mobile,completed
10497,4139,6,2026-06-19,sales_rep,completed
10498,3308,1,2026-06-10,web,completed
10499,3749,6,2026-06-01,mobile,completed
10500,2115,5,2026-06-28,mobile,completed
10501,1680,4,2026-06-07,partner,completed
10502,4610,3,2026-06-19,sales_rep,completed
10503,3382,5,2026-06-27,sales_rep,completed
10504,1779,2,2026-06-11,mobile,completed
10505,1872,2,2026-06-01,mobile,completed
10506,3181,2,2026-06-05,sales_rep,completed
10507,2325,5,2026-06-08,sales_rep,completed
10508,99,4,2026-06-26,web,completed
10509,445,4,2026-06-02,sales_rep,completed
10510,2910,3,2026-06-17,partner,completed
10511,863,1,2026-06-08,web,completed
10512,3878,2,2026-06-04,sales_rep,completed
10513,1731,5,2026-06-13,sales_rep,completed
10514,4165,5,2026-06-21,partner,completed
10515,3895,4,2026-06-19,sales_rep,completed
10516,4388,1,2026-06-03,partner,completed
10517,3119,1,2026-06-24,web,completed
10518,2526,2,2026-06-25,partner,completed
10519,3395,3,2026-06-02,mobile,completed
10520,2933,1,2026-06-13,partner,completed
10521,4572,1,2026-06-14,mobile,completed
10522,1591,5,2026-06-10,mobile,completed
10523,517,6,2026-06-05,mobile,completed
10524,4768,1,2026-06-07,mobile,completed
10525,4138,2,2026-06-19,web,completed
10526,3162,6,2026-06-18,mobile,completed
10527,751,6,2026-06-28,partner,completed
10528,1281,5,2026-06-11,mobile,completed
10529,1598,5,2026-06-06,mobile,completed
10530,4460,4,2026-06-13,web,completed
10531,1809,1,2026-06-04,mobile,completed
10532,3186,6,2026-06-02,sales_rep,completed
10533,4686,5,2026-06-03,partner,completed
10534,3423,4,2026-06-03,partner,completed
10535,2808,2,2026-06-25,web,completed
10536,633,3,2026-06-09,web,completed
10537,1332,5,2026-06-15,mobile,completed
10538,105,5,2026-06-26,partner,completed
10539,816,6,2026-06-18,partner,completed
10540,2938,5,2026-06-27,partner,completed
10541,3371,6,2026-06-30,partner,completed
10542,842,4,2026-06-10,mobile,completed
10543,1654,4,2026-06-05,sales_rep,completed
10544,3442,1,2026-06-01,web,completed
10545,342,2,2026-06-02,mobile,completed
10546,3020,5,2026-06-08,partner,completed
10547,2339,1,2026-06-05,partner,completed
10548,1631,4,2026-06-27,web,completed
10549,2334,5,2026-06-02,sales_rep,completed
10550,2180,3,2026-06-15,mobile,completed
10551,4382,1,2026-06-14,mobile,completed
10552,4147,3,2026-06-05,mobile,completed
10553,4688,2,2026-06-06,sales_rep,completed
10554,3400,5,2026-06-01,mobile,completed
10555,2397,6,2026-06-23,sales_rep,completed
10556,1551,2,2026-06-22,mobile,completed
10557,2930,4,2026-06-13,web,completed
10558,2509,3,2026-06-03,mobile,completed
10559,4285,1,2026-06-27,partner,completed
10560,2271,2,2026-06-14,sales_rep,completed
10561,3451,3,2026-06-18,web,completed
10562,242,4,2026-06-18,partner,completed
10563,2184,4,2026-06-09,web,completed
10564,1793,3,2026-06-29,partner,completed
10565,3213,3,2026-06-06,web,completed
10566,611,6,2026-06-05,partner,completed
10567,695,1,2026-06-16,mobile,completed
10568,853,6,2026-06-17,partner,completed
10569,2822,5,2026-06-21,partner,completed
10570,1687,3,2026-06-21,web,completed
10571,412,2,2026-06-30,sales_rep,completed
10572,4979,6,2026-06-12,partner,completed
10573,3127,5,2026-06-18,partner,completed
10574,2975,1,2026-06-18,partner,completed
10575,3228,3,2026-06-03,partner,completed
10576,1549,3,2026-06-08,web,completed
10577,164,3,2026-06-22,partner,completed
10578,822,4,2026-06-15,web,completed
10579,4064,4,2026-06-25,web,completed
10580,1908,1,2026-06-07,web,completed
10581,4901,3,2026-06-03,sales_rep,completed
10582,1377,6,2026-06-09,mobile,completed
10583,2342,3,2026-06-11,mobile,completed
10584,4367,1,2026-06-22,web,completed
10585,3650,5,2026-06-28,sales_rep,completed
10586,2633,6,2026-06-05,sales_rep,completed
10587,2916,3,2026-06-06,mobile,completed
10588,4674,6,2026-06-15,web,completed
10589,2481,4,2026-06-08,sales_rep,completed
10590,1627,4,2026-06-23,partner,completed
10591,3814,3,2026-06-18,sales_rep,completed
10592,644,3,2026-06-21,partner,completed
10593,205,3,2026-06-30,partner,completed
10594,4264,5,2026-06-07,mobile,completed
10595,4523,4,2026-06-16,web,completed
10596,3197,2,2026-06-14,mobile,completed
10597,992,4,2026-06-01,partner,completed
10598,3457,5,2026-06-27,sales_rep,completed
10599,4740,4,2026-06-03,mobile,completed
10600,774,5,2026-06-20,sales_rep,completed
10601,931,4,2026-06-12,sales_rep,completed
10602,1570,6,2026-06-25,partner,completed
10603,1407,3,2026-06-22,partner,completed
10604,291,5,2026-06-21,web,completed
10605,428,5,2026-06-04,partner,completed
10606,1366,1,2026-06-21,sales_rep,completed
10607,1267,1,2026-06-26,web,completed
10608,3365,1,2026-06-28,sales_rep,completed
10609,3856,5,2026-06-09,partner,completed
10610,4039,2,2026-06-13,sales_rep,completed
10611,4429,5,2026-06-23,mobile,completed
10612,4679,4,2026-06-30,sales_rep,completed
10613,3749,6,2026-06-25,partner,completed
10614,1731,5,2026-06-15,web,completed
10615,1161,4,2026-06-07,web,completed
10616,1300,1,2026-06-01,web,completed
10617,3589,4,2026-06-03,partner,completed
10618,4254,3,2026-06-13,sales_rep,completed
10619,200,6,2026-06-01,mobile,completed
10620,1798,2,2026-06-06,partner,completed
10621,2328,2,2026-06-17,sales_rep,completed
10622,2052,2,2026-06-28,web,completed
10623,2760,3,2026-06-01,mobile,completed
10624,1088,6,2026-06-17,mobile,completed
10625,472,5,2026-06-05,mobile,completed
10626,265,6,2026-06-24,web,completed
10627,18,1,2026-06-14,mobile,completed
10628,963,6,2026-06-18,sales_rep,completed
10629,3827,3,2026-06-03,partner,completed
10630,922,4,2026-06-12,web,completed
10631,1931,1,2026-06-20,web,completed
10632,3711,3,2026-06-16,web,completed
10633,4999,5,2026-06-24,web,completed
10634,3197,2,2026-06-26,partner,completed
10635,608,4,2026-06-10,partner,completed
10636,328,1,2026-06-29,mobile,completed
10637,746,3,2026-06-17,partner,completed
10638,84,5,2026-06-26,web,completed
10639,1039,3,2026-06-27,partner,completed
10640,2366,1,2026-06-26,partner,completed
10641,4178,5,2026-06-29,partner,completed
10642,2837,6,2026-06-29,partner,completed
10643,4284,3,2026-06-25,mobile,completed
10644,3357,1,2026-06-30,web,completed
10645,444,3,2026-06-11,mobile,completed
10646,1514,2,2026-06-09,partner,completed
10647,2396,4,2026-06-05,sales_rep,completed
10648,2810,2,2026-06-03,mobile,completed
10649,3818,5,2026-06-17,mobile,completed
10650,3027,1,2026-06-19,partner,completed
10651,3931,5,2026-06-07,partner,completed
10652,154,2,2026-06-25,partner,completed
10653,1737,4,2026-06-20,sales_rep,completed
10654,4955,3,2026-06-19,web,completed
10655,702,4,2026-06-05,web,completed
10656,4726,3,2026-06-24,mobile,completed
10657,1687,3,2026-06-26,partner,completed
10658,1881,3,2026-06-06,mobile,completed
10659,523,2,2026-06-09,partner,completed
10660,2968,2,2026-06-20,sales_rep,completed
10661,1228,6,2026-06-25,mobile,completed
10662,1898,6,2026-06-07,mobile,completed
10663,3684,4,2026-06-23,web,completed
10664,4195,4,2026-06-21,sales_rep,completed
10665,3629,6,2026-06-01,sales_rep,completed
10666,453,3,2026-06-09,partner,completed
10667,3101,3,2026-06-23,mobile,completed
10668,874,1,2026-06-02,web,completed
10669,4616,3,2026-06-16,sales_rep,completed
10670,3634,5,2026-06-11,web,completed
10671,2867,2,2026-06-23,sales_rep,completed
10672,1226,6,2026-06-05,mobile,completed
10673,4954,1,2026-06-05,sales_rep,completed
10674,4934,5,2026-06-18,sales_rep,completed
10675,3005,5,2026-06-03,sales_rep,completed
10676,4177,2,2026-06-08,sales_rep,completed
10677,3504,2,2026-06-13,mobile,completed
10678,4148,6,2026-06-06,web,completed
10679,659,1,2026-06-26,mobile,completed
10680,839,1,2026-06-18,partner,completed
10681,1405,2,2026-06-26,sales_rep,completed
10682,999,6,2026-06-08,mobile,completed
10683,3584,2,2026-06-27,sales_rep,completed
10684,4058,4,2026-06-21,sales_rep,completed
10685,3496,4,2026-06-30,mobile,completed
10686,2118,4,2026-06-17,mobile,completed
10687,3523,5,2026-06-19,mobile,completed
10688,3725,1,2026-06-07,sales_rep,completed
10689,418,1,2026-06-17,mobile,completed
10690,3128,6,2026-06-22,sales_rep,completed
10691,90,5,2026-06-01,web,completed
10692,4352,4,2026-06-28,mobile,completed
10693,184,5,2026-06-09,web,completed
10694,3987,2,2026-06-18,mobile,completed
10695,293,6,2026-06-04,sales_rep,completed
10696,3349,1,2026-06-20,partner,completed
10697,378,5,2026-06-08,sales_rep,completed
10698,3176,4,2026-06-09,sales_rep,completed
10699,1158,6,2026-06-20,partner,completed
10700,3991,5,2026-06-03,mobile,completed
10701,4901,3,2026-06-23,sales_rep,completed
10702,2480,1,2026-06-23,mobile,completed
10703,1029,4,2026-06-02,partner,completed
10704,2611,6,2026-06-22,web,completed
10705,619,1,2026-06-15,sales_rep,completed
10706,4705,5,2026-06-10,mobile,completed
10707,178,1,2026-06-20,sales_rep,completed
10708,3970,4,2026-06-04,web,completed
10709,3737,3,2026-06-18,mobile,completed
10710,4407,2,2026-06-04,web,completed
10711,3899,2,2026-06-28,mobile,completed
10712,3370,1,2026-06-12,partner,completed
10713,1015,4,2026-06-19,sales_rep,completed
10714,1877,2,2026-06-14,mobile,completed
10715,2792,1,2026-06-10,sales_rep,completed
10716,4626,3,2026-06-16,web,completed
10717,2984,5,2026-06-19,web,completed
10718,1260,5,2026-06-27,sales_rep,completed
10719,1739,1,2026-06-17,partner,completed
10720,1589,6,2026-06-30,partner,completed
10721,3407,3,2026-06-28,mobile,completed
10722,1133,5,2026-06-14,mobile,completed
10723,4971,6,2026-06-03,partner,completed
10724,3573,5,2026-06-01,sales_rep,completed
10725,1123,2,2026-06-23,sales_rep,completed
10726,2934,3,2026-06-24,web,completed
10727,1347,6,2026-06-24,partner,completed
10728,2870,2,2026-06-25,partner,completed
10729,2485,3,2026-06-09,sales_rep,completed
10730,3508,5,2026-06-23,partner,completed
10731,1056,6,2026-06-08,web,completed
10732,4142,6,2026-06-30,web,completed
10733,3885,1,2026-06-07,web,completed
10734,1305,4,2026-06-18,mobile,completed
10735,4133,5,2026-06-06,partner,completed
10736,3814,3,2026-06-26,partner,completed
10737,1612,1,2026-06-06,mobile,completed
10738,2607,4,2026-06-15,partner,completed
10739,10,1,2026-06-19,sales_rep,completed
10740,4456,1,2026-06-08,mobile,completed
10741,3433,2,2026-06-03,mobile,completed
10742,200,6,2026-06-12,partner,completed
10743,3789,6,2026-06-18,mobile,completed
10744,1173,3,2026-06-02,web,completed
10745,2539,4,2026-06-20,sales_rep,completed
10746,899,1,2026-06-15,sales_rep,completed
10747,68,3,2026-06-27,mobile,completed
10748,280,1,2026-06-20,web,completed
10749,120,1,2026-06-24,sales_rep,completed
10750,3343,1,2026-06-29,partner,completed
10751,4670,3,2026-06-10,sales_rep,completed
10752,3952,2,2026-06-28,sales_rep,completed
10753,4760,5,2026-06-01,sales_rep,completed
10754,2630,1,2026-06-04,sales_rep,completed
10755,1738,1,2026-06-18,sales_rep,completed
10756,4170,5,2026-06-24,web,completed
10757,1066,3,2026-06-19,web,completed
10758,3193,5,2026-06-02,sales_rep,completed
10759,697,5,2026-06-01,web,completed
10760,3227,4,2026-06-25,mobile,completed
10761,1275,5,2026-06-01,partner,completed
10762,1165,4,2026-06-14,mobile,completed
10763,3796,2,2026-06-28,web,completed
10764,4828,4,2026-06-03,sales_rep,completed
10765,3387,5,2026-06-18,web,completed
10766,2471,6,2026-06-12,mobile,completed
10767,3611,4,2026-06-28,web,completed
10768,4815,5,2026-06-30,mobile,completed
10769,3999,5,2026-06-03,sales_rep,completed
10770,2016,2,2026-06-28,partner,completed
10771,2736,1,2026-06-08,sales_rep,completed
10772,2254,4,2026-06-20,mobile,completed
10773,2568,4,2026-06-02,sales_rep,completed
10774,3540,5,2026-06-14,partner,completed
10775,1085,2,2026-06-02,partner,completed
10776,4017,2,2026-06-25,sales_rep,completed
10777,2543,6,2026-06-27,web,completed
10778,1172,4,2026-06-19,sales_rep,completed
10779,4519,5,2026-06-12,mobile,completed
10780,4972,3,2026-06-27,sales_rep,completed
10781,2676,4,2026-06-05,partner,completed
10782,196,1,2026-06-11,web,completed
10783,2926,2,2026-06-10,partner,completed
10784,251,2,2026-06-19,sales_rep,completed
10785,4329,1,2026-06-07,sales_rep,completed
10786,574,1,2026-06-21,partner,completed
10787,3747,3,2026-06-28,mobile,completed
10788,2820,5,2026-06-23,web,completed
10789,3541,5,2026-06-28,mobile,completed
10790,3184,1,2026-06-26,web,completed
10791,1629,3,2026-06-08,partner,completed
10792,4499,2,2026-06-19,sales_rep,completed
10793,3982,1,2026-06-06,mobile,completed
10794,2246,5,2026-06-27,sales_rep,completed
10795,4314,1,2026-06-07,partner,completed
10796,3920,4,2026-06-19,web,completed
10797,1756,2,2026-06-24,sales_rep,completed
10798,3066,4,2026-06-04,mobile,completed
10799,943,6,2026-06-21,partner,completed
10800,2071,2,2026-06-05,web,completed
10801,1953,1,2026-06-24,sales_rep,completed
10802,2869,6,2026-06-14,mobile,completed
10803,1649,6,2026-06-10,mobile,completed
10804,1074,4,2026-06-21,partner,completed
10805,1856,6,2026-06-24,partner,completed
10806,3818,5,2026-06-14,sales_rep,completed
10807,177,5,2026-06-13,web,completed
10808,2710,6,2026-06-07,mobile,completed
10809,2803,6,2026-06-06,partner,completed
10810,4119,2,2026-06-03,web,completed
10811,1055,1,2026-06-16,partner,completed
10812,1836,1,2026-06-28,mobile,completed
10813,192,4,2026-06-27,sales_rep,completed
10814,955,5,2026-06-15,mobile,completed
10815,3683,2,2026-06-10,partner,completed
10816,2422,5,2026-06-04,partner,completed
10817,3650,5,2026-06-20,sales_rep,completed
10818,2458,6,2026-06-28,sales_rep,completed
10819,3608,5,2026-06-01,sales_rep,completed
10820,1595,5,2026-06-29,mobile,completed
10821,2921,2,2026-06-25,partner,completed
10822,3022,1,2026-06-01,web,completed
10823,3284,1,2026-06-21,partner,completed
10824,1499,3,2026-06-10,sales_rep,completed
10825,1577,4,2026-06-30,mobile,completed
10826,2964,1,2026-06-06,mobile,completed
10827,4512,4,2026-06-05,web,completed
10828,2663,1,2026-06-20,mobile,completed
10829,2196,5,2026-06-19,web,completed
10830,109,3,2026-06-11,web,completed
10831,442,2,2026-06-30,mobile,completed
10832,3335,1,2026-06-16,partner,completed
10833,738,3,2026-06-03,sales_rep,completed
10834,2050,4,2026-06-23,mobile,completed
10835,493,5,2026-06-05,partner,completed
10836,4012,6,2026-06-15,partner,completed
10837,1205,4,2026-06-08,partner,completed
10838,3628,2,2026-06-22,web,completed
10839,2392,2,2026-06-15,mobile,completed
10840,3954,3,2026-06-20,web,completed
10841,2360,2,2026-06-30,sales_rep,completed
10842,1317,5,2026-06-11,sales_rep,completed
10843,4817,6,2026-06-12,partner,completed
10844,3734,6,2026-06-09,partner,completed
10845,3222,2,2026-06-06,web,completed
10846,3293,2,2026-06-28,mobile,completed
10847,4366,6,2026-06-28,web,completed
10848,4601,6,2026-06-12,mobile,completed
10849,802,2,2026-06-05,web,completed
10850,3260,3,2026-06-07,partner,completed
10851,4576,5,2026-06-17,sales_rep,completed
10852,563,3,2026-06-05,sales_rep,completed
10853,4257,2,2026-06-10,partner,completed
10854,2695,6,2026-06-22,sales_rep,completed
10855,389,6,2026-06-22,sales_rep,completed
10856,3201,6,2026-06-10,web,completed
10857,1586,2,2026-06-10,sales_rep,completed
10858,4602,6,2026-06-10,partner,completed
10859,4502,4,2026-06-16,web,completed
10860,1409,1,2026-06-13,mobile,completed
10861,4147,3,2026-06-04,partner,completed
10862,1806,1,2026-06-17,mobile,completed
10863,1027,1,2026-06-25,mobile,completed
10864,4118,1,2026-06-16,partner,completed
10865,2368,2,2026-06-05,web,completed
10866,3049,2,2026-06-06,web,completed
10867,1375,6,2026-06-22,web,completed
10868,2229,2,2026-06-14,mobile,completed
10869,4128,1,2026-06-08,mobile,completed
10870,3611,4,2026-06-22,mobile,completed
10871,4924,5,2026-06-04,partner,completed
10872,150,1,2026-06-18,web,completed
10873,4035,3,2026-06-25,mobile,completed
10874,1932,3,2026-06-06,partner,completed
10875,3645,6,2026-06-24,mobile,completed
10876,2075,5,2026-06-27,partner,completed
10877,841,2,2026-06-09,sales_rep,completed
10878,426,2,2026-06-04,partner,completed
10879,4970,5,2026-06-21,partner,completed
10880,4825,3,2026-06-19,partner,completed
10881,1635,3,2026-06-29,mobile,completed
10882,4893,1,2026-06-14,partner,completed
10883,3946,5,2026-06-29,partner,completed
10884,2994,6,2026-06-22,mobile,completed
10885,2590,3,2026-06-15,partner,completed
10886,1671,5,2026-06-13,sales_rep,completed
10887,4174,3,2026-06-09,mobile,completed
10888,3248,1,2026-06-12,partner,completed
10889,4521,6,2026-06-02,partner,completed
10890,4636,5,2026-06-17,mobile,completed
10891,4577,1,2026-06-02,mobile,completed
10892,4369,6,2026-06-09,partner,completed
10893,3201,6,2026-06-08,partner,completed
10894,1615,1,2026-06-19,web,completed
10895,2237,2,2026-06-14,partner,completed
10896,3558,3,2026-06-07,partner,completed
10897,2744,6,2026-06-25,web,completed
10898,770,3,2026-06-26,web,completed
10899,3727,1,2026-06-25,mobile,completed
10900,3365,1,2026-06-19,mobile,completed
10901,1333,3,2026-06-15,sales_rep,completed
10902,1182,6,2026-06-10,sales_rep,completed
10903,3634,5,2026-06-16,web,completed
10904,4055,1,2026-06-20,web,completed
10905,4047,3,2026-07-08,mobile,completed
10906,2205,3,2026-07-08,partner,completed
10907,4139,6,2026-07-07,sales_rep,completed
10908,485,3,2026-07-30,partner,completed
10909,770,3,2026-07-27,web,completed
10910,3447,2,2026-07-17,sales_rep,completed
10911,11,4,2026-07-20,mobile,completed
10912,1361,1,2026-07-25,web,completed
10913,1536,1,2026-07-31,mobile,completed
10914,4747,5,2026-07-05,web,completed
10915,652,4,2026-07-17,web,completed
10916,4507,2,2026-07-22,mobile,completed
10917,3819,4,2026-07-17,mobile,completed
10918,4398,2,2026-07-15,partner,completed
10919,3909,2,2026-07-16,partner,completed
10920,15,5,2026-07-31,partner,completed
10921,356,6,2026-07-12,partner,completed
10922,4699,2,2026-07-20,web,completed
10923,1997,4,2026-07-31,mobile,completed
10924,3423,4,2026-07-31,mobile,completed
10925,4628,2,2026-07-03,web,completed
10926,243,1,2026-07-15,web,completed
10927,1580,4,2026-07-19,mobile,completed
10928,3592,2,2026-07-30,web,completed
10929,2779,3,2026-07-25,sales_rep,completed
10930,4600,5,2026-07-21,sales_rep,completed
10931,2442,1,2026-07-07,partner,completed
10932,1724,5,2026-07-21,mobile,completed
10933,1568,4,2026-07-26,sales_rep,completed
10934,3397,3,2026-07-27,partner,completed
10935,1209,2,2026-07-05,mobile,completed
10936,1663,2,2026-07-20,web,completed
10937,2079,2,2026-07-31,sales_rep,completed
10938,3278,2,2026-07-12,web,completed
10939,93,6,2026-07-20,web,completed
10940,2635,1,2026-07-04,partner,completed
10941,2370,2,2026-07-23,web,completed
10942,647,3,2026-07-17,web,completed
10943,1698,1,2026-07-12,web,completed
10944,38,5,2026-07-31,partner,completed
10945,4994,4,2026-07-19,mobile,completed
10946,3821,1,2026-07-25,partner,completed
10947,4031,4,2026-07-24,partner,completed
10948,1109,6,2026-07-29,partner,completed
10949,2176,5,2026-07-14,sales_rep,completed
10950,2047,3,2026-07-29,mobile,completed
10951,472,5,2026-07-05,web,completed
10952,4469,6,2026-07-13,partner,completed
10953,301,3,2026-07-25,web,completed
10954,4233,4,2026-07-26,partner,completed
10955,815,5,2026-07-28,sales_rep,completed
10956,3188,3,2026-07-11,mobile,completed
10957,4996,2,2026-07-08,mobile,completed
10958,1385,3,2026-07-06,mobile,completed
10959,1320,3,2026-07-19,mobile,completed
10960,623,1,2026-07-21,partner,completed
10961,4949,2,2026-07-14,partner,completed
10962,895,5,2026-07-09,web,completed
10963,3885,1,2026-07-26,partner,completed
10964,4745,5,2026-07-13,web,completed
10965,3618,3,2026-07-20,web,completed
10966,3154,5,2026-07-28,web,completed
10967,499,6,2026-07-30,sales_rep,completed
10968,2068,6,2026-07-16,mobile,completed
10969,3235,4,2026-07-16,sales_rep,completed
10970,4723,6,2026-07-04,mobile,completed
10971,1548,6,2026-07-24,mobile,completed
10972,2665,2,2026-07-11,sales_rep,completed
10973,27,3,2026-07-27,web,completed
10974,2014,6,2026-07-07,partner,completed
10975,2977,3,2026-07-10,sales_rep,completed
10976,630,3,2026-07-06,partner,completed
10977,4409,2,2026-07-10,web,completed
10978,423,5,2026-07-08,sales_rep,completed
10979,3807,1,2026-07-28,sales_rep,completed
10980,3349,1,2026-07-23,mobile,completed
10981,4293,3,2026-07-11,partner,completed
10982,277,3,2026-07-08,sales_rep,completed
10983,4742,3,2026-07-12,web,completed
10984,411,2,2026-07-14,sales_rep,completed
10985,4845,5,2026-07-02,web,completed
10986,4808,6,2026-07-28,mobile,completed
10987,894,6,2026-07-22,mobile,completed
10988,2966,4,2026-07-24,web,completed
10989,3561,1,2026-07-29,sales_rep,completed
10990,4472,6,2026-07-23,sales_rep,completed
10991,1000,4,2026-07-11,partner,completed
10992,848,1,2026-07-05,mobile,completed
10993,3014,5,2026-07-28,sales_rep,completed
10994,4751,1,2026-07-19,web,completed
10995,2875,3,2026-07-12,sales_rep,completed
10996,4301,2,2026-07-18,partner,completed
10997,1578,5,2026-07-27,web,completed
10998,1996,1,2026-07-22,web,completed
10999,4529,3,2026-07-18,web,completed
11000,1101,3,2026-07-15,mobile,completed
11001,524,5,2026-07-17,web,completed
11002,276,3,2026-07-07,mobile,completed
11003,3666,3,2026-07-24,sales_rep,completed
11004,3306,2,2026-07-13,partner,completed
11005,1644,4,2026-07-19,sales_rep,completed
11006,2543,6,2026-07-17,sales_rep,completed
11007,2481,4,2026-07-05,web,completed
11008,4403,3,2026-07-13,mobile,completed
11009,4866,4,2026-07-30,mobile,completed
11010,69,1,2026-07-22,sales_rep,completed
11011,3050,5,2026-07-15,partner,completed
11012,2782,6,2026-07-08,web,completed
11013,3158,6,2026-07-11,mobile,completed
11014,2540,3,2026-07-08,web,completed
11015,4829,6,2026-07-08,partner,completed
11016,776,6,2026-07-20,mobile,completed
11017,1078,1,2026-07-03,mobile,completed
11018,1298,5,2026-07-22,partner,completed
11019,3479,3,2026-07-02,partner,completed
11020,921,6,2026-07-29,web,completed
11021,1414,5,2026-07-31,sales_rep,completed
11022,1233,6,2026-07-21,web,completed
11023,1289,1,2026-07-12,web,completed
11024,3520,6,2026-07-03,sales_rep,completed
11025,890,2,2026-07-06,mobile,completed
11026,4826,3,2026-07-05,sales_rep,completed
11027,513,6,2026-07-25,web,completed
11028,3250,3,2026-07-23,partner,completed
11029,115,4,2026-07-24,mobile,completed
11030,2761,1,2026-07-07,web,completed
11031,131,4,2026-07-27,mobile,completed
11032,2463,3,2026-07-25,sales_rep,completed
11033,1089,4,2026-07-05,web,completed
11034,700,1,2026-07-09,web,completed
11035,1429,2,2026-07-09,sales_rep,completed
11036,3752,5,2026-07-21,mobile,completed
11037,1461,5,2026-07-08,sales_rep,completed
11038,4559,5,2026-07-12,sales_rep,completed
11039,4327,6,2026-07-17,mobile,completed
11040,1867,1,2026-07-17,sales_rep,completed
11041,2252,4,2026-07-16,mobile,completed
11042,582,6,2026-07-03,web,completed
11043,17,4,2026-07-04,mobile,completed
11044,3492,4,2026-07-16,sales_rep,completed
11045,4114,6,2026-07-25,mobile,completed
11046,3730,4,2026-07-04,web,completed
11047,3190,6,2026-07-10,mobile,completed
11048,710,3,2026-07-02,partner,completed
11049,3277,1,2026-07-04,web,completed
11050,1207,4,2026-07-25,web,completed
11051,4465,3,2026-07-21,sales_rep,completed
11052,1701,2,2026-07-28,mobile,completed
11053,233,1,2026-07-08,partner,completed
11054,1618,4,2026-07-17,mobile,completed
11055,2089,2,2026-07-28,sales_rep,completed
11056,1379,4,2026-07-26,mobile,completed
11057,601,4,2026-07-04,mobile,completed
11058,2932,5,2026-07-23,sales_rep,completed
11059,1442,4,2026-07-15,sales_rep,completed
11060,4257,2,2026-07-14,web,completed
11061,2318,3,2026-07-23,partner,completed
11062,2934,3,2026-07-25,sales_rep,completed
11063,690,5,2026-07-21,mobile,completed
11064,803,4,2026-07-10,web,completed
11065,3787,2,2026-07-05,web,completed
11066,707,1,2026-07-17,mobile,completed
11067,3990,3,2026-07-29,mobile,completed
11068,4835,6,2026-07-25,mobile,completed
11069,1848,4,2026-07-24,sales_rep,completed
11070,43,5,2026-07-17,mobile,completed
11071,3287,1,2026-07-10,mobile,completed
11072,4673,2,2026-07-19,mobile,completed
11073,2530,4,2026-07-09,mobile,completed
11074,2327,3,2026-07-20,web,completed
11075,3824,2,2026-07-05,web,completed
11076,29,4,2026-07-26,mobile,completed
11077,1682,1,2026-07-05,mobile,completed
11078,1223,6,2026-07-02,partner,completed
11079,19,6,2026-07-17,mobile,completed
11080,3081,3,2026-07-15,sales_rep,completed
11081,2484,2,2026-07-10,mobile,completed
11082,1038,1,2026-07-23,mobile,completed
11083,1329,5,2026-07-04,mobile,completed
11084,4617,2,2026-07-20,mobile,completed
11085,2695,6,2026-07-17,sales_rep,completed
11086,155,3,2026-07-01,web,completed
11087,1302,3,2026-07-30,partner,completed
11088,1693,4,2026-07-31,mobile,completed
11089,4161,3,2026-07-12,mobile,completed
11090,1728,4,2026-07-07,sales_rep,completed
11091,2443,1,2026-07-02,sales_rep,completed
11092,3509,1,2026-07-26,mobile,completed
11093,322,1,2026-07-13,partner,completed
11094,4932,5,2026-07-08,partner,completed
11095,725,5,2026-07-05,sales_rep,completed
11096,4749,6,2026-07-22,sales_rep,completed
11097,3099,2,2026-07-02,web,completed
11098,2095,1,2026-07-23,sales_rep,completed
11099,4730,4,2026-07-16,partner,completed
11100,3186,6,2026-07-09,web,completed
11101,3428,6,2026-07-09,web,completed
11102,4594,5,2026-07-31,mobile,completed
11103,1288,2,2026-07-28,sales_rep,completed
11104,3751,4,2026-07-09,sales_rep,completed
11105,1090,1,2026-07-16,mobile,completed
11106,758,3,2026-07-24,sales_rep,completed
11107,2168,6,2026-07-20,web,completed
11108,4597,6,2026-07-12,mobile,completed
11109,3268,5,2026-07-23,sales_rep,completed
11110,2247,4,2026-07-21,partner,completed
11111,903,2,2026-07-03,web,completed
11112,2118,4,2026-07-06,web,completed
11113,3259,4,2026-07-01,sales_rep,completed
11114,337,6,2026-07-06,mobile,completed
11115,2166,6,2026-07-27,web,completed
11116,4298,5,2026-07-17,sales_rep,completed
11117,170,1,2026-07-23,partner,completed
11118,4573,3,2026-07-03,web,completed
11119,3274,3,2026-07-12,mobile,completed
11120,4476,2,2026-07-04,partner,completed
11121,3153,2,2026-07-26,web,completed
11122,969,6,2026-07-17,web,completed
11123,3925,4,2026-07-03,partner,completed
11124,548,4,2026-07-13,web,completed
11125,310,1,2026-07-03,sales_rep,completed
11126,1112,2,2026-07-16,sales_rep,completed
11127,507,4,2026-07-19,sales_rep,completed
11128,1259,4,2026-07-23,sales_rep,completed
11129,76,3,2026-07-11,mobile,completed
11130,1679,6,2026-07-19,partner,completed
11131,4508,4,2026-07-17,web,completed
11132,2553,2,2026-07-25,partner,completed
11133,3707,1,2026-07-03,web,completed
11134,4933,6,2026-07-21,web,completed
11135,2470,2,2026-07-20,web,completed
11136,1842,1,2026-07-06,partner,completed
11137,3152,2,2026-07-02,mobile,completed
11138,1117,6,2026-07-31,mobile,completed
11139,4817,6,2026-07-06,partner,completed
11140,1032,2,2026-07-26,sales_rep,completed
11141,4606,3,2026-07-27,web,completed
11142,2963,6,2026-07-05,mobile,completed
11143,1583,4,2026-07-21,web,completed
11144,3445,6,2026-07-04,web,completed
11145,3526,2,2026-07-27,sales_rep,completed
11146,2302,1,2026-07-20,sales_rep,completed
11147,2505,1,2026-07-28,sales_rep,completed
11148,4075,2,2026-07-16,web,completed
11149,3723,5,2026-07-23,mobile,completed
11150,77,2,2026-07-20,sales_rep,completed
11151,3661,4,2026-07-02,mobile,completed
11152,3050,5,2026-07-25,mobile,completed
11153,2162,2,2026-07-27,mobile,completed
11154,3028,5,2026-07-12,sales_rep,completed
11155,1494,2,2026-07-22,mobile,completed
11156,4495,2,2026-07-26,sales_rep,completed
11157,2597,4,2026-07-22,partner,completed
11158,1023,6,2026-07-19,partner,completed
11159,2441,3,2026-07-07,partner,completed
11160,1865,6,2026-07-23,partner,completed
11161,895,5,2026-07-08,mobile,completed
11162,2469,1,2026-07-13,web,completed
11163,1345,2,2026-07-12,sales_rep,completed
11164,2620,6,2026-07-14,mobile,completed
11165,555,6,2026-07-27,partner,completed
11166,1413,2,2026-07-14,sales_rep,completed
11167,1462,2,2026-07-28,partner,completed
11168,2550,1,2026-07-31,web,completed
11169,118,1,2026-07-29,web,completed
11170,814,2,2026-07-27,web,completed
11171,2812,2,2026-07-19,web,completed
11172,1856,6,2026-07-17,web,completed
11173,234,5,2026-07-10,mobile,completed
11174,4722,5,2026-07-09,mobile,completed
11175,4186,4,2026-07-27,sales_rep,completed
11176,926,6,2026-07-22,mobile,completed
11177,1066,3,2026-07-15,mobile,completed
11178,686,5,2026-07-24,web,completed
11179,4147,3,2026-07-07,web,completed
11180,151,6,2026-07-10,web,completed
11181,4924,5,2026-07-30,mobile,completed
11182,3661,4,2026-07-18,mobile,completed
11183,27,3,2026-07-28,web,completed
11184,3098,2,2026-07-27,mobile,completed
11185,3741,2,2026-07-02,partner,completed
11186,1009,5,2026-07-08,sales_rep,completed
11187,496,3,2026-07-07,sales_rep,completed
11188,2020,3,2026-07-14,mobile,completed
11189,995,4,2026-07-12,sales_rep,completed
11190,960,3,2026-07-08,partner,completed
11191,3416,3,2026-07-30,mobile,completed
11192,3494,5,2026-07-27,partner,completed
11193,4440,2,2026-07-27,partner,completed
11194,689,3,2026-07-24,sales_rep,completed
11195,288,4,2026-07-01,sales_rep,completed
11196,3778,6,2026-07-02,partner,completed
11197,3336,2,2026-07-23,mobile,completed
11198,1700,6,2026-07-03,web,completed
11199,2270,6,2026-07-19,mobile,completed
11200,2378,1,2026-07-22,sales_rep,completed
11201,3624,3,2026-07-27,partner,completed
11202,4036,1,2026-07-13,partner,completed
11203,3885,1,2026-07-03,sales_rep,completed
11204,2659,5,2026-07-09,web,completed
11205,2070,3,2026-07-07,web,completed
11206,1931,1,2026-07-23,mobile,completed
11207,4513,1,2026-07-26,web,completed
11208,1916,4,2026-07-29,sales_rep,completed
11209,2592,3,2026-07-18,mobile,completed
11210,2615,1,2026-07-26,web,completed
11211,4056,3,2026-07-31,partner,completed
11212,822,4,2026-07-24,sales_rep,completed
11213,198,1,2026-07-18,sales_rep,completed
11214,1388,2,2026-07-30,partner,completed
11215,57,4,2026-07-09,mobile,completed
11216,2785,6,2026-07-20,sales_rep,completed
11217,4861,1,2026-07-01,web,completed
11218,1017,3,2026-07-23,web,completed
11219,565,6,2026-07-12,mobile,completed
11220,3067,5,2026-07-29,web,completed
11221,4819,4,2026-07-18,sales_rep,completed
11222,1287,6,2026-07-13,sales_rep,completed
11223,411,2,2026-07-29,sales_rep,completed
11224,3184,1,2026-07-22,web,completed
11225,4862,5,2026-07-12,sales_rep,completed
11226,618,2,2026-07-05,mobile,completed
11227,2812,2,2026-07-28,web,completed
11228,2512,6,2026-07-26,sales_rep,completed
11229,1300,1,2026-07-14,mobile,completed
11230,3751,4,2026-07-09,web,completed
11231,1512,2,2026-07-15,web,completed
11232,1577,4,2026-07-15,sales_rep,completed
11233,1928,1,2026-07-22,partner,completed
11234,3818,5,2026-07-18,sales_rep,completed
11235,248,3,2026-07-29,web,completed
11236,1652,1,2026-07-25,mobile,completed
11237,3775,3,2026-07-20,partner,completed
11238,3864,4,2026-07-16,web,completed
11239,3792,2,2026-07-14,partner,completed
11240,4336,3,2026-07-03,partner,completed
11241,933,2,2026-07-06,partner,completed
11242,240,4,2026-07-05,partner,completed
11243,701,4,2026-07-07,partner,completed
11244,1323,4,2026-07-27,mobile,completed
11245,1895,1,2026-07-20,mobile,completed
11246,4836,4,2026-07-31,mobile,completed
11247,4628,2,2026-07-19,sales_rep,completed
11248,468,4,2026-07-29,sales_rep,completed
11249,757,5,2026-07-30,web,completed
11250,650,6,2026-07-08,mobile,completed
11251,4335,6,2026-07-11,mobile,completed
11252,77,2,2026-07-29,web,completed
11253,2093,5,2026-07-19,sales_rep,completed
11254,1331,3,2026-07-15,partner,completed
11255,4326,3,2026-07-28,sales_rep,completed
11256,2949,4,2026-07-07,sales_rep,completed
11257,3218,3,2026-07-17,partner,completed
11258,1278,5,2026-07-20,web,completed
11259,3830,1,2026-07-13,mobile,completed
11260,4844,2,2026-07-11,partner,completed
11261,4082,2,2026-07-29,partner,completed
11262,2304,6,2026-07-31,web,completed
11263,78,2,2026-07-12,web,completed
11264,3062,2,2026-07-03,partner,completed
11265,2949,4,2026-07-18,mobile,completed
11266,1146,3,2026-07-09,partner,completed
11267,195,6,2026-07-08,sales_rep,completed
11268,3153,2,2026-07-03,sales_rep,completed
11269,3977,4,2026-07-29,sales_rep,completed
11270,1362,1,2026-07-23,web,completed
11271,2939,6,2026-07-09,web,completed
11272,4700,1,2026-07-14,mobile,completed
11273,3045,2,2026-07-10,partner,completed
11274,4105,1,2026-07-22,partner,completed
11275,3778,6,2026-07-01,web,completed
11276,60,5,2026-07-31,mobile,completed
11277,3333,2,2026-07-10,mobile,completed
11278,2058,5,2026-07-27,sales_rep,completed
11279,723,6,2026-07-06,partner,completed
11280,2075,5,2026-07-29,partner,completed
11281,948,1,2026-07-15,partner,completed
11282,2725,5,2026-07-01,web,completed
11283,1839,2,2026-07-30,web,completed
11284,4020,5,2026-07-13,sales_rep,completed
11285,4088,6,2026-07-30,sales_rep,completed
11286,4351,4,2026-07-01,mobile,completed
11287,3399,1,2026-07-12,web,completed
11288,2893,3,2026-07-20,sales_rep,completed
11289,3245,5,2026-07-10,mobile,completed
11290,3486,1,2026-07-04,partner,completed
11291,2536,6,2026-07-16,web,completed
11292,1426,5,2026-07-10,partner,completed
11293,4142,6,2026-07-07,mobile,completed
11294,434,1,2026-07-28,web,completed
11295,1092,3,2026-07-21,sales_rep,completed
11296,34,4,2026-07-18,partner,completed
11297,1586,2,2026-07-11,mobile,completed
11298,115,4,2026-07-23,mobile,completed
11299,1281,5,2026-07-25,partner,completed
11300,3642,6,2026-07-14,partner,completed
11301,1640,2,2026-07-14,web,completed
11302,1038,1,2026-07-21,mobile,completed
11303,1611,5,2026-07-30,partner,completed
11304,3541,5,2026-07-27,web,completed
11305,224,2,2026-07-06,sales_rep,completed
11306,461,5,2026-07-30,sales_rep,completed
11307,4401,3,2026-07-30,sales_rep,completed
11308,4060,4,2026-07-01,web,completed
11309,4648,1,2026-07-12,partner,completed
11310,3128,6,2026-07-09,partner,completed
11311,4824,6,2026-07-29,sales_rep,completed
11312,1896,6,2026-07-21,partner,completed
11313,1387,4,2026-07-20,sales_rep,completed
11314,4115,2,2026-07-24,web,completed
11315,4904,5,2026-07-02,mobile,completed
11316,3475,2,2026-07-26,partner,completed
11317,4946,5,2026-07-04,sales_rep,completed
11318,4174,3,2026-07-26,partner,completed
11319,1152,4,2026-07-23,web,completed
11320,3550,4,2026-07-16,partner,completed
11321,1547,5,2026-07-28,mobile,completed
11322,249,5,2026-07-02,web,completed
11323,1787,2,2026-07-04,partner,completed
11324,2843,5,2026-07-07,sales_rep,completed
11325,541,5,2026-07-09,partner,completed
11326,2717,3,2026-07-24,sales_rep,completed
11327,1973,5,2026-07-21,sales_rep,completed
11328,4110,2,2026-07-04,sales_rep,completed
11329,4870,5,2026-07-28,web,completed
11330,895,5,2026-07-18,partner,completed
11331,4082,2,2026-07-20,mobile,completed
11332,1128,4,2026-07-04,web,completed
11333,2178,3,2026-07-25,web,completed
11334,478,1,2026-07-17,web,completed
11335,2559,1,2026-07-07,sales_rep,completed
11336,2258,4,2026-07-28,web,completed
11337,2201,3,2026-07-20,mobile,completed
11338,26,4,2026-07-09,mobile,completed
11339,2272,2,2026-07-09,mobile,completed
11340,3097,2,2026-07-06,web,completed
11341,269,4,2026-07-30,web,completed
11342,759,1,2026-07-29,web,completed
11343,1531,1,2026-07-27,mobile,completed
11344,757,5,2026-07-28,web,completed
11345,3999,5,2026-07-23,mobile,completed
11346,495,2,2026-07-23,sales_rep,completed
11347,1555,3,2026-07-24,web,completed
11348,2287,6,2026-07-02,mobile,completed
11349,1,1,2026-07-05,web,completed
11350,1078,1,2026-07-30,web,completed
11351,197,3,2026-07-26,sales_rep,completed
11352,179,6,2026-07-21,partner,completed
11353,2674,2,2026-07-14,mobile,completed
11354,1106,2,2026-07-16,sales_rep,completed
11355,1973,5,2026-07-24,mobile,completed
11356,3630,5,2026-07-17,partner,completed
11357,4803,2,2026-07-07,partner,completed
11358,28,5,2026-07-14,sales_rep,completed
11359,3501,1,2026-07-21,mobile,completed
11360,1262,6,2026-07-15,partner,completed
11361,884,1,2026-07-13,mobile,completed
11362,1136,1,2026-07-12,partner,completed
11363,399,2,2026-07-04,partner,completed
11364,1295,6,2026-07-11,web,completed
11365,4893,1,2026-07-22,partner,completed
11366,1103,6,2026-07-28,web,completed
11367,1471,6,2026-07-25,mobile,completed
11368,1766,6,2026-07-10,mobile,completed
11369,3174,3,2026-07-14,partner,completed
11370,3840,6,2026-07-02,sales_rep,completed
11371,2538,3,2026-07-11,web,completed
11372,3190,6,2026-07-12,partner,completed
11373,1867,1,2026-07-08,sales_rep,completed
11374,1644,4,2026-07-06,mobile,completed
11375,1544,4,2026-07-19,partner,completed
11376,3582,5,2026-07-09,sales_rep,completed
11377,445,4,2026-07-02,sales_rep,completed
11378,1668,5,2026-07-10,partner,completed
11379,2383,6,2026-07-16,partner,completed
11380,2368,2,2026-07-26,partner,completed
11381,3508,5,2026-07-13,partner,completed
11382,3002,5,2026-07-06,partner,completed
11383,274,6,2026-07-07,partner,completed
11384,2786,1,2026-07-20,web,completed
11385,3103,1,2026-07-04,partner,completed
11386,1886,2,2026-07-21,partner,completed
11387,8,5,2026-07-30,mobile,completed
11388,1320,3,2026-07-27,sales_rep,completed
11389,20,3,2026-07-29,partner,completed
11390,3279,6,2026-07-23,mobile,completed
11391,2005,5,2026-07-07,web,completed
11392,1984,5,2026-07-27,sales_rep,completed
11393,3279,6,2026-07-14,web,completed
11394,2902,5,2026-07-18,partner,completed
11395,3928,1,2026-07-01,partner,completed
11396,2064,5,2026-07-26,sales_rep,completed
11397,3468,2,2026-07-28,partner,completed
11398,3959,1,2026-07-07,partner,completed
11399,1343,1,2026-07-29,partner,completed
11400,4698,1,2026-07-14,mobile,completed
11401,3466,5,2026-07-13,sales_rep,completed
11402,4719,3,2026-07-01,partner,completed
11403,539,4,2026-07-24,web,completed
11404,181,6,2026-07-30,partner,completed
11405,2112,5,2026-07-08,mobile,completed
11406,2369,1,2026-07-15,mobile,completed
11407,4984,3,2026-07-08,sales_rep,completed
11408,1821,2,2026-07-30,mobile,completed
11409,3439,6,2026-07-18,mobile,completed
11410,453,3,2026-07-12,sales_rep,completed
11411,4185,1,2026-07-08,mobile,completed
11412,4193,5,2026-07-19,web,completed
11413,2312,1,2026-07-02,partner,completed
11414,3339,6,2026-07-21,mobile,completed
11415,3010,5,2026-07-31,sales_rep,completed
11416,2847,6,2026-07-23,mobile,completed
11417,4780,1,2026-07-29,partner,completed
11418,4601,6,2026-07-06,mobile,completed
11419,1065,5,2026-07-22,partner,completed
11420,3216,2,2026-07-25,mobile,completed
11421,3147,4,2026-07-20,web,completed
11422,4602,6,2026-07-21,mobile,completed
11423,966,4,2026-07-13,partner,completed
11424,3352,6,2026-07-01,mobile,completed
11425,2806,6,2026-07-30,partner,completed
11426,391,5,2026-07-31,web,completed
11427,859,5,2026-07-19,partner,completed
11428,89,5,2026-07-04,partner,completed
11429,1423,4,2026-07-24,partner,completed
11430,4379,1,2026-07-31,mobile,completed
11431,1235,4,2026-07-19,web,completed
11432,2678,6,2026-07-24,partner,completed
11433,2262,6,2026-07-18,mobile,completed
11434,1658,6,2026-07-28,sales_rep,completed
11435,1669,4,2026-07-25,mobile,completed
11436,3003,6,2026-07-15,partner,completed
11437,3807,1,2026-07-21,sales_rep,completed
11438,2185,4,2026-07-08,mobile,completed
11439,72,2,2026-07-13,web,completed
11440,1477,3,2026-07-02,sales_rep,completed
11441,1183,5,2026-07-26,mobile,completed
11442,1753,4,2026-07-16,partner,completed
11443,3525,2,2026-07-15,web,completed
11444,3119,1,2026-07-31,web,completed
11445,4741,2,2026-07-12,web,completed
11446,3193,5,2026-07-22,web,completed
11447,1482,1,2026-07-28,web,completed
11448,4665,2,2026-07-02,web,completed
11449,4963,6,2026-07-19,sales_rep,completed
11450,3981,3,2026-07-13,partner,completed
11451,501,1,2026-07-23,sales_rep,completed
11452,3737,3,2026-07-29,mobile,completed
11453,2827,3,2026-07-19,sales_rep,completed
11454,3965,2,2026-07-01,web,completed
11455,2441,3,2026-07-07,partner,completed
11456,86,5,2026-07-29,web,completed
11457,4894,1,2026-07-22,web,completed
11458,4903,4,2026-07-02,partner,completed
11459,3420,2,2026-07-16,sales_rep,completed
11460,4787,4,2026-07-04,mobile,completed
11461,1152,4,2026-07-10,sales_rep,completed
11462,1160,3,2026-07-30,mobile,completed
11463,3372,2,2026-07-31,sales_rep,completed
11464,4208,6,2026-07-01,sales_rep,completed
11465,160,5,2026-07-21,web,completed
11466,1897,4,2026-07-01,web,completed
11467,3164,2,2026-07-26,sales_rep,completed
11468,3582,5,2026-07-11,sales_rep,completed
11469,1850,1,2026-07-21,web,completed
11470,1324,6,2026-07-11,sales_rep,completed
11471,2152,2,2026-07-25,partner,completed
11472,4708,4,2026-07-16,partner,completed
11473,3125,3,2026-07-26,partner,completed
11474,4482,2,2026-07-28,sales_rep,completed
11475,1640,2,2026-07-29,mobile,completed
11476,4081,6,2026-07-21,web,completed
11477,2068,6,2026-07-25,mobile,completed
11478,293,6,2026-07-10,mobile,completed
11479,4706,2,2026-07-03,partner,completed
11480,345,6,2026-07-25,web,completed
11481,1848,4,2026-07-04,web,completed
11482,2642,3,2026-07-27,sales_rep,completed
11483,4349,5,2026-07-10,sales_rep,completed
11484,4398,2,2026-07-18,partner,completed
11485,1626,6,2026-07-02,mobile,completed
11486,1100,3,2026-07-28,sales_rep,completed
11487,2506,1,2026-07-23,partner,completed
11488,651,3,2026-07-09,mobile,completed
11489,756,3,2026-07-01,partner,completed
11490,2292,2,2026-07-30,web,completed
11491,2040,3,2026-07-02,sales_rep,completed
11492,4669,5,2026-07-05,sales_rep,completed
11493,1601,2,2026-07-06,mobile,completed
11494,4725,2,2026-07-01,web,completed
11495,3851,5,2026-07-14,web,completed
11496,4656,2,2026-07-19,mobile,completed
11497,327,2,2026-07-04,mobile,completed
11498,2547,5,2026-07-24,mobile,completed
11499,2132,6,2026-07-01,mobile,completed
11500,4688,2,2026-07-06,web,completed
11501,4937,6,2026-07-08,web,completed
11502,4909,5,2026-07-19,mobile,completed
11503,3551,3,2026-07-02,mobile,completed
11504,4550,6,2026-07-14,sales_rep,completed
11505,2993,2,2026-07-07,web,completed
11506,2187,2,2026-07-06,partner,completed
11507,4359,5,2026-07-30,partner,completed
11508,1253,1,2026-07-11,sales_rep,completed
11509,555,6,2026-07-03,sales_rep,completed
11510,3760,4,2026-07-26,sales_rep,completed
11511,3533,1,2026-07-25,sales_rep,completed
11512,1314,6,2026-07-22,sales_rep,completed
11513,1051,4,2026-07-08,partner,completed
11514,1767,4,2026-07-27,web,completed
11515,4015,2,2026-07-18,web,completed
11516,2686,3,2026-07-03,web,completed
11517,3408,4,2026-07-08,partner,completed
11518,4310,4,2026-07-31,partner,completed
11519,227,5,2026-07-05,mobile,completed
11520,2401,1,2026-07-07,mobile,completed
11521,3942,2,2026-07-07,sales_rep,completed
11522,393,3,2026-07-30,sales_rep,completed
11523,2541,2,2026-07-25,web,completed
11524,2900,2,2026-07-15,web,completed
11525,2966,4,2026-07-15,web,completed
11526,389,6,2026-07-12,partner,completed
11527,823,1,2026-07-04,partner,completed
11528,2398,2,2026-08-03,mobile,completed
11529,1197,5,2026-08-08,partner,completed
11530,2887,6,2026-08-21,mobile,completed
11531,893,4,2026-08-26,mobile,completed
11532,580,1,2026-08-09,partner,completed
11533,3336,2,2026-08-13,partner,completed
11534,4487,4,2026-08-09,mobile,completed
11535,2824,6,2026-08-23,mobile,completed
11536,4970,5,2026-08-27,sales_rep,completed
11537,2793,5,2026-08-20,mobile,completed
11538,3072,3,2026-08-14,sales_rep,completed
11539,3168,2,2026-08-09,mobile,completed
11540,2751,2,2026-08-05,sales_rep,completed
11541,1330,3,2026-08-27,mobile,completed
11542,3504,2,2026-08-01,mobile,completed
11543,2693,6,2026-08-17,sales_rep,completed
11544,4425,2,2026-08-03,sales_rep,completed
11545,713,5,2026-08-13,sales_rep,completed
11546,923,3,2026-08-28,mobile,completed
11547,3178,2,2026-08-07,web,completed
11548,2484,2,2026-08-03,sales_rep,completed
11549,2009,5,2026-08-20,partner,completed
11550,2024,4,2026-08-29,partner,completed
11551,3291,3,2026-08-24,web,completed
11552,801,1,2026-08-02,partner,completed
11553,2410,1,2026-08-08,sales_rep,completed
11554,2060,3,2026-08-09,web,completed
11555,2812,2,2026-08-25,web,completed
11556,4391,2,2026-08-31,sales_rep,completed
11557,209,2,2026-08-19,sales_rep,completed
11558,569,4,2026-08-17,web,completed
11559,2390,6,2026-08-02,web,completed
11560,906,5,2026-08-03,partner,completed
11561,2792,1,2026-08-31,mobile,completed
11562,3208,5,2026-08-19,web,completed
11563,4863,6,2026-08-03,web,completed
11564,1063,1,2026-08-10,mobile,completed
11565,851,6,2026-08-04,partner,completed
11566,868,6,2026-08-01,sales_rep,completed
11567,3729,3,2026-08-13,sales_rep,completed
11568,4619,4,2026-08-25,mobile,completed
11569,1560,6,2026-08-10,mobile,completed
11570,2200,2,2026-08-16,partner,completed
11571,4937,6,2026-08-31,web,completed
11572,1072,2,2026-08-18,partner,completed
11573,251,2,2026-08-14,mobile,completed
11574,2532,5,2026-08-13,sales_rep,completed
11575,2805,2,2026-08-22,sales_rep,completed
11576,336,5,2026-08-19,mobile,completed
11577,2885,3,2026-08-09,sales_rep,completed
11578,1165,4,2026-08-07,web,completed
11579,685,2,2026-08-28,web,completed
11580,2850,3,2026-08-02,mobile,completed
11581,4308,5,2026-08-26,web,completed
11582,909,3,2026-08-19,partner,completed
11583,736,5,2026-08-16,web,completed
11584,4618,4,2026-08-11,mobile,completed
11585,4033,2,2026-08-30,sales_rep,completed
11586,1223,6,2026-08-29,sales_rep,completed
11587,1460,4,2026-08-25,sales_rep,completed
11588,1432,2,2026-08-10,web,completed
11589,2184,4,2026-08-11,web,completed
11590,3538,1,2026-08-08,partner,completed
11591,3919,1,2026-08-28,web,completed
11592,4331,2,2026-08-17,mobile,completed
11593,4969,1,2026-08-21,mobile,completed
11594,414,1,2026-08-23,sales_rep,completed
11595,3287,1,2026-08-08,sales_rep,completed
11596,2785,6,2026-08-18,mobile,completed
11597,4477,6,2026-08-14,mobile,completed
11598,3669,3,2026-08-06,partner,completed
11599,4149,6,2026-08-10,sales_rep,completed
11600,4326,3,2026-08-18,web,completed
11601,4034,2,2026-08-12,partner,completed
11602,439,1,2026-08-07,mobile,completed
11603,3107,6,2026-08-21,partner,completed
11604,4974,5,2026-08-21,sales_rep,completed
11605,2316,1,2026-08-03,mobile,completed
11606,496,3,2026-08-08,partner,completed
11607,236,5,2026-08-26,partner,completed
11608,4016,1,2026-08-04,sales_rep,completed
11609,4265,4,2026-08-13,web,completed
11610,739,5,2026-08-27,partner,completed
11611,4794,2,2026-08-11,sales_rep,completed
11612,3087,2,2026-08-22,partner,completed
11613,1633,1,2026-08-22,web,completed
11614,1701,2,2026-08-26,sales_rep,completed
11615,1165,4,2026-08-28,sales_rep,completed
11616,1701,2,2026-08-18,partner,completed
11617,566,2,2026-08-21,mobile,completed
11618,1852,2,2026-08-20,sales_rep,completed
11619,776,6,2026-08-04,partner,completed
11620,3598,4,2026-08-04,web,completed
11621,3617,1,2026-08-24,partner,completed
11622,1940,2,2026-08-18,web,completed
11623,4980,4,2026-08-24,partner,completed
11624,4668,1,2026-08-03,web,completed
11625,3828,4,2026-08-01,mobile,completed
11626,997,4,2026-08-21,sales_rep,completed
11627,2418,2,2026-08-04,web,completed
11628,26,4,2026-08-03,partner,completed
11629,262,2,2026-08-19,partner,completed
11630,878,5,2026-08-20,partner,completed
11631,3452,1,2026-08-05,mobile,completed
11632,4796,2,2026-08-06,sales_rep,completed
11633,105,5,2026-08-31,partner,completed
11634,3206,5,2026-08-13,partner,completed
11635,2307,2,2026-08-02,mobile,completed
11636,3073,2,2026-08-29,mobile,completed
11637,2123,4,2026-08-19,partner,completed
11638,4888,4,2026-08-07,mobile,completed
11639,1227,1,2026-08-12,mobile,completed
11640,2267,5,2026-08-17,sales_rep,completed
11641,3504,2,2026-08-06,web,completed
11642,1565,4,2026-08-30,web,completed
11643,4933,6,2026-08-18,partner,completed
11644,51,5,2026-08-30,sales_rep,completed
11645,3122,6,2026-08-12,partner,completed
11646,1396,4,2026-08-03,sales_rep,completed
11647,574,1,2026-08-31,partner,completed
11648,2388,6,2026-08-07,partner,completed
11649,2983,5,2026-08-22,sales_rep,completed
11650,8,5,2026-08-31,sales_rep,completed
11651,3165,1,2026-08-04,sales_rep,completed
11652,4306,5,2026-08-17,web,completed
11653,38,5,2026-08-19,mobile,completed
11654,2735,3,2026-08-26,partner,completed
11655,4821,4,2026-08-11,sales_rep,completed
11656,4396,4,2026-08-25,sales_rep,completed
11657,2363,6,2026-08-24,sales_rep,completed
11658,3546,4,2026-08-04,partner,completed
11659,1548,6,2026-08-26,partner,completed
11660,3133,5,2026-08-25,mobile,completed
11661,697,5,2026-08-29,web,completed
11662,3554,5,2026-08-24,sales_rep,completed
11663,2326,5,2026-08-26,web,completed
11664,3700,5,2026-08-18,web,completed
11665,4048,2,2026-08-12,mobile,completed
11666,2004,3,2026-08-24,partner,completed
11667,1468,3,2026-08-15,mobile,completed
11668,3588,5,2026-08-23,partner,completed
11669,1924,3,2026-08-31,mobile,completed
11670,4336,3,2026-08-29,web,completed
11671,2345,4,2026-08-20,sales_rep,completed
11672,3758,4,2026-08-15,partner,completed
11673,4736,3,2026-08-16,web,completed
11674,3374,4,2026-08-27,web,completed
11675,2971,4,2026-08-06,mobile,completed
11676,4176,3,2026-08-05,partner,completed
11677,4071,1,2026-08-22,mobile,completed
11678,1050,1,2026-08-25,web,completed
11679,1983,1,2026-08-17,sales_rep,completed
11680,1621,2,2026-08-12,partner,completed
11681,4076,1,2026-08-03,sales_rep,completed
11682,2883,4,2026-08-31,partner,completed
11683,598,5,2026-08-15,web,completed
11684,1018,3,2026-08-18,sales_rep,completed
11685,1474,2,2026-08-11,web,completed
11686,3473,5,2026-08-17,partner,completed
11687,2990,3,2026-08-11,partner,completed
11688,3771,3,2026-08-09,mobile,completed
11689,2154,4,2026-08-25,partner,completed
11690,129,4,2026-08-17,sales_rep,completed
11691,1551,2,2026-08-27,partner,completed
11692,3301,4,2026-08-08,web,completed
11693,1607,1,2026-08-12,mobile,completed
11694,153,6,2026-08-30,partner,completed
11695,4022,1,2026-08-29,web,completed
11696,237,4,2026-08-26,web,completed
11697,3575,6,2026-08-12,partner,completed
11698,746,3,2026-08-07,mobile,completed
11699,3886,3,2026-08-19,partner,completed
11700,1147,4,2026-08-16,sales_rep,completed
11701,2855,5,2026-08-20,sales_rep,completed
11702,4317,6,2026-08-11,web,completed
11703,951,1,2026-08-01,partner,completed
11704,2787,2,2026-08-06,mobile,completed
11705,4041,2,2026-08-08,sales_rep,completed
11706,276,3,2026-08-31,web,completed
11707,2179,4,2026-08-29,mobile,completed
11708,4808,6,2026-08-06,partner,completed
11709,4086,4,2026-08-04,partner,completed
11710,2335,4,2026-08-30,partner,completed
11711,147,1,2026-08-08,web,completed
11712,2753,4,2026-08-19,web,completed
11713,228,4,2026-08-16,web,completed
11714,3537,1,2026-08-15,web,completed
11715,1590,1,2026-08-09,sales_rep,completed
11716,4195,4,2026-08-15,web,completed
11717,2181,5,2026-08-02,sales_rep,completed
11718,2948,3,2026-08-30,web,completed
11719,875,5,2026-08-22,mobile,completed
11720,3127,5,2026-08-25,partner,completed
11721,2455,5,2026-08-21,sales_rep,completed
11722,429,1,2026-08-24,partner,completed
11723,3297,2,2026-08-18,web,completed
11724,270,4,2026-08-23,mobile,completed
11725,4582,6,2026-08-29,web,completed
11726,1299,4,2026-08-19,mobile,completed
11727,2300,6,2026-08-23,partner,completed
11728,2743,4,2026-08-31,web,completed
11729,3184,1,2026-08-02,partner,completed
11730,4484,1,2026-08-21,sales_rep,completed
11731,2481,4,2026-08-06,partner,completed
11732,869,3,2026-08-16,sales_rep,completed
11733,4723,6,2026-08-04,partner,completed
11734,4700,1,2026-08-09,web,completed
11735,1996,1,2026-08-11,web,completed
11736,1322,2,2026-08-04,mobile,completed
11737,3624,3,2026-08-08,web,completed
11738,4098,1,2026-08-07,partner,completed
11739,537,3,2026-08-01,sales_rep,completed
11740,1426,5,2026-08-11,mobile,completed
11741,1426,5,2026-08-30,mobile,completed
11742,2025,1,2026-08-11,mobile,completed
11743,2918,6,2026-08-03,partner,completed
11744,3513,1,2026-08-17,mobile,completed
11745,4186,4,2026-08-11,web,completed
11746,4411,1,2026-08-05,sales_rep,completed
11747,2024,4,2026-08-30,partner,completed
11748,1230,2,2026-08-16,partner,completed
11749,328,1,2026-08-23,mobile,completed
11750,3861,4,2026-08-28,partner,completed
11751,1190,1,2026-08-04,web,completed
11752,4968,3,2026-08-25,web,completed
11753,1655,1,2026-08-02,partner,completed
11754,1997,4,2026-08-02,partner,completed
11755,3629,6,2026-08-16,web,completed
11756,489,5,2026-08-04,sales_rep,completed
11757,1247,6,2026-08-26,mobile,completed
11758,2856,1,2026-08-16,sales_rep,completed
11759,2334,5,2026-08-23,partner,completed
11760,1192,2,2026-08-11,partner,completed
11761,1729,3,2026-08-10,web,completed
11762,463,5,2026-08-03,mobile,completed
11763,4368,1,2026-08-06,web,completed
11764,3020,5,2026-08-30,partner,completed
11765,4444,3,2026-08-15,mobile,completed
11766,1759,4,2026-08-10,sales_rep,completed
11767,4018,1,2026-08-28,web,completed
11768,1513,5,2026-08-04,partner,completed
11769,1798,2,2026-08-13,partner,completed
11770,4550,6,2026-08-14,web,completed
11771,1880,1,2026-08-23,web,completed
11772,552,3,2026-08-19,mobile,completed
11773,3106,2,2026-08-01,web,completed
11774,2233,6,2026-08-19,partner,completed
11775,4355,3,2026-08-02,web,completed
11776,3568,1,2026-08-26,mobile,completed
11777,4176,3,2026-08-23,web,completed
11778,3103,1,2026-08-17,partner,completed
11779,660,2,2026-08-22,sales_rep,completed
11780,3204,1,2026-08-08,sales_rep,completed
11781,2930,4,2026-08-15,partner,completed
11782,4026,1,2026-08-02,sales_rep,completed
11783,101,5,2026-08-25,mobile,completed
11784,1697,3,2026-08-31,mobile,completed
11785,772,6,2026-08-07,partner,completed
11786,2261,1,2026-08-06,mobile,completed
11787,4998,5,2026-08-30,mobile,completed
11788,1644,4,2026-08-31,mobile,completed
11789,171,1,2026-08-28,mobile,completed
11790,1281,5,2026-08-11,sales_rep,completed
11791,3703,2,2026-08-20,partner,completed
11792,1832,6,2026-08-24,partner,completed
11793,1002,5,2026-08-29,mobile,completed
11794,1688,3,2026-08-03,web,completed
11795,3479,3,2026-08-12,sales_rep,completed
11796,2117,6,2026-08-02,sales_rep,completed
11797,1418,3,2026-08-30,web,completed
11798,4283,2,2026-08-31,partner,completed
11799,2522,1,2026-08-14,web,completed
11800,1744,1,2026-08-23,partner,completed
11801,4265,4,2026-08-09,web,completed
11802,2222,1,2026-08-13,mobile,completed
11803,1028,2,2026-08-11,sales_rep,completed
11804,2156,3,2026-08-30,web,completed
11805,3928,1,2026-08-09,mobile,completed
11806,1417,4,2026-08-05,sales_rep,completed
11807,935,3,2026-08-27,partner,completed
11808,2407,3,2026-08-03,partner,completed
11809,4482,2,2026-08-15,sales_rep,completed
11810,4335,6,2026-08-31,web,completed
11811,4404,6,2026-08-08,web,completed
11812,1377,6,2026-08-23,sales_rep,completed
11813,4234,2,2026-08-20,mobile,completed
11814,2434,2,2026-08-15,sales_rep,completed
11815,1658,6,2026-08-10,web,completed
11816,2416,3,2026-08-20,mobile,completed
11817,3589,4,2026-08-29,partner,completed
11818,3463,6,2026-08-24,partner,completed
11819,3927,4,2026-08-04,web,completed
11820,2503,5,2026-08-17,web,completed
11821,959,6,2026-08-31,web,completed
11822,1133,5,2026-08-19,mobile,completed
11823,1057,3,2026-08-26,web,completed
11824,1843,5,2026-08-10,sales_rep,completed
11825,599,4,2026-08-22,mobile,completed
11826,869,3,2026-08-03,sales_rep,completed
11827,3252,5,2026-08-13,sales_rep,completed
11828,439,1,2026-08-26,partner,completed
11829,2882,2,2026-08-10,web,completed
11830,819,4,2026-08-20,web,completed
11831,1175,1,2026-08-23,mobile,completed
11832,494,4,2026-08-04,mobile,completed
11833,2880,6,2026-08-09,mobile,completed
11834,460,1,2026-08-14,mobile,completed
11835,4683,5,2026-08-29,mobile,completed
11836,708,4,2026-08-26,sales_rep,completed
11837,1771,3,2026-08-21,web,completed
11838,1872,2,2026-08-18,mobile,completed
11839,586,6,2026-08-20,web,completed
11840,715,6,2026-08-22,web,completed
11841,2483,2,2026-08-17,web,completed
11842,2437,4,2026-08-07,partner,completed
11843,2127,2,2026-08-19,mobile,completed
11844,1281,5,2026-08-31,partner,completed
11845,4907,2,2026-08-25,sales_rep,completed
11846,4188,2,2026-08-31,web,completed
11847,1713,6,2026-08-12,sales_rep,completed
11848,579,6,2026-08-25,partner,completed
11849,2002,1,2026-08-12,sales_rep,completed
11850,3578,6,2026-08-27,mobile,completed
11851,4109,4,2026-08-20,web,completed
11852,366,4,2026-08-04,sales_rep,completed
11853,1113,2,2026-08-28,partner,completed
11854,4845,5,2026-08-16,sales_rep,completed
11855,1816,1,2026-08-20,mobile,completed
11856,3559,2,2026-08-14,partner,completed
11857,3977,4,2026-08-15,web,completed
11858,4313,3,2026-08-07,sales_rep,completed
11859,4911,6,2026-08-05,sales_rep,completed
11860,461,5,2026-08-05,web,completed
11861,1652,1,2026-08-10,partner,completed
11862,3048,5,2026-08-13,sales_rep,completed
11863,648,4,2026-08-30,sales_rep,completed
11864,36,1,2026-08-24,partner,completed
11865,2683,3,2026-08-16,sales_rep,completed
11866,1855,1,2026-08-07,sales_rep,completed
11867,831,2,2026-08-18,web,completed
11868,4912,4,2026-08-28,sales_rep,completed
11869,2336,4,2026-08-07,web,completed
11870,1831,3,2026-08-23,partner,completed
11871,4713,6,2026-08-12,sales_rep,completed
11872,2878,6,2026-08-09,web,completed
11873,1229,1,2026-08-01,mobile,completed
11874,2584,4,2026-08-30,mobile,completed
11875,3860,3,2026-08-28,sales_rep,completed
11876,1562,2,2026-08-15,mobile,completed
11877,1296,4,2026-08-21,mobile,completed
11878,291,5,2026-08-09,web,completed
11879,2822,5,2026-08-19,web,completed
11880,4354,3,2026-08-12,web,completed
11881,356,6,2026-08-24,web,completed
11882,3331,4,2026-08-21,sales_rep,completed
11883,546,1,2026-08-15,partner,completed
11884,4886,2,2026-08-05,web,completed
11885,881,1,2026-08-31,sales_rep,completed
11886,3092,3,2026-08-01,web,completed
11887,4991,4,2026-08-04,partner,completed
11888,531,4,2026-08-24,sales_rep,completed
11889,2627,6,2026-08-02,web,completed
11890,2216,3,2026-08-23,sales_rep,completed
11891,168,2,2026-08-04,partner,completed
11892,1324,6,2026-08-09,mobile,completed
11893,3419,1,2026-08-25,web,completed
11894,4683,5,2026-08-09,web,completed
11895,3611,4,2026-08-25,web,completed
11896,1062,5,2026-08-23,mobile,completed
11897,2954,3,2026-08-12,sales_rep,completed
11898,2224,3,2026-08-17,sales_rep,completed
11899,1709,2,2026-08-27,sales_rep,completed
11900,4725,2,2026-08-03,web,completed
11901,787,1,2026-08-29,sales_rep,completed
11902,433,5,2026-08-28,mobile,completed
11903,1190,1,2026-08-04,mobile,completed
11904,3724,6,2026-08-12,mobile,completed
11905,1852,2,2026-08-02,partner,completed
11906,3209,3,2026-08-28,mobile,completed
11907,2128,4,2026-08-16,web,completed
11908,2160,3,2026-08-28,sales_rep,completed
11909,1323,4,2026-08-24,partner,completed
11910,506,3,2026-08-21,mobile,completed
11911,1320,3,2026-08-13,web,completed
11912,4188,2,2026-08-13,sales_rep,completed
11913,4901,3,2026-08-29,sales_rep,completed
11914,137,4,2026-08-20,partner,completed
11915,2710,6,2026-08-14,sales_rep,completed
11916,3925,4,2026-08-21,sales_rep,completed
11917,3283,6,2026-08-18,mobile,completed
11918,3023,3,2026-08-12,web,completed
11919,2093,5,2026-08-23,mobile,completed
11920,964,2,2026-08-02,partner,completed
11921,784,1,2026-08-05,partner,completed
11922,2804,1,2026-08-08,sales_rep,completed
11923,3183,5,2026-08-02,sales_rep,completed
11924,3471,2,2026-08-22,mobile,completed
11925,2345,4,2026-08-24,partner,completed
11926,1942,2,2026-08-23,sales_rep,completed
11927,4231,1,2026-08-08,sales_rep,completed
11928,4004,3,2026-08-23,mobile,completed
11929,685,2,2026-08-17,mobile,completed
11930,4782,4,2026-08-10,mobile,completed
11931,396,6,2026-08-09,partner,completed
11932,3714,2,2026-08-23,partner,completed
11933,3787,2,2026-08-31,web,completed
11934,11,4,2026-08-21,mobile,completed
11935,2463,3,2026-08-07,partner,completed
11936,1711,3,2026-08-19,mobile,completed
11937,57,4,2026-08-21,mobile,completed
11938,4564,2,2026-08-10,sales_rep,completed
11939,2824,6,2026-08-01,mobile,completed
11940,1691,5,2026-08-28,web,completed
11941,413,2,2026-08-19,web,completed
11942,951,1,2026-08-04,web,completed
11943,2165,6,2026-08-07,partner,completed
11944,721,1,2026-08-06,sales_rep,completed
11945,569,4,2026-08-31,mobile,completed
11946,4008,4,2026-08-10,web,completed
11947,114,3,2026-08-27,partner,completed
11948,1218,5,2026-08-21,partner,completed
11949,1275,5,2026-08-07,partner,completed
11950,2289,6,2026-08-01,sales_rep,completed
11951,3800,1,2026-08-12,partner,completed
11952,2516,5,2026-08-01,web,completed
11953,559,5,2026-08-21,partner,completed
11954,4813,4,2026-08-01,mobile,completed
11955,3975,1,2026-08-22,sales_rep,completed
11956,3238,6,2026-08-02,sales_rep,completed
11957,3636,3,2026-08-03,sales_rep,completed
11958,4799,3,2026-08-06,sales_rep,completed
11959,4017,2,2026-08-13,mobile,completed
11960,1044,3,2026-08-29,mobile,completed
11961,2792,1,2026-08-27,web,completed
11962,4305,5,2026-08-02,sales_rep,completed
11963,3174,3,2026-08-13,partner,completed
11964,1030,3,2026-08-10,partner,completed
11965,2033,1,2026-08-08,sales_rep,completed
11966,1382,2,2026-08-23,web,completed
11967,2402,4,2026-08-11,partner,completed
11968,4892,4,2026-08-22,web,completed
11969,1692,6,2026-08-27,web,completed
11970,2476,3,2026-08-30,mobile,completed
11971,4787,4,2026-08-29,web,completed
11972,1805,1,2026-08-03,sales_rep,completed
11973,4998,5,2026-08-08,web,completed
11974,3265,4,2026-08-21,partner,completed
11975,144,3,2026-08-19,mobile,completed
11976,3897,4,2026-08-24,sales_rep,completed
11977,1634,6,2026-08-08,mobile,completed
11978,2267,5,2026-08-22,mobile,completed
11979,632,2,2026-08-30,mobile,completed
11980,4180,3,2026-08-22,mobile,completed
11981,1401,6,2026-08-09,partner,completed
11982,3204,1,2026-08-29,mobile,completed
11983,255,4,2026-08-13,mobile,completed
11984,4296,6,2026-08-19,partner,completed
11985,3607,2,2026-08-16,partner,completed
11986,4745,5,2026-08-26,partner,completed
11987,3220,3,2026-08-05,partner,completed
11988,3206,5,2026-08-15,web,completed
11989,3697,2,2026-08-11,partner,completed
11990,3561,1,2026-08-13,web,completed
11991,4890,3,2026-08-17,sales_rep,completed
11992,403,2,2026-08-23,web,completed
11993,2447,5,2026-08-04,web,completed
11994,3973,1,2026-08-28,web,completed
11995,863,1,2026-08-11,mobile,completed
11996,4878,3,2026-08-06,sales_rep,completed
11997,3053,5,2026-08-28,sales_rep,completed
11998,2363,6,2026-08-22,partner,completed
11999,431,1,2026-08-20,partner,completed
12000,2031,4,2026-08-03,mobile,completed
12001,4805,5,2026-08-09,partner,completed
12002,3496,4,2026-08-17,sales_rep,completed
12003,3625,5,2026-08-11,partner,completed
12004,1061,5,2026-08-31,mobile,completed
12005,1965,5,2026-08-25,sales_rep,completed
12006,588,1,2026-08-28,mobile,completed
12007,3836,5,2026-08-31,sales_rep,completed
12008,4640,6,2026-08-29,sales_rep,completed
12009,2016,2,2026-08-03,web,completed
12010,337,6,2026-08-09,web,completed
12011,4608,3,2026-08-05,partner,completed
12012,3478,4,2026-08-26,partner,completed
12013,2394,2,2026-08-10,partner,completed
12014,1508,3,2026-08-23,sales_rep,completed
12015,1490,4,2026-08-26,partner,completed
12016,53,3,2026-08-11,web,completed
12017,3317,4,2026-08-29,sales_rep,completed
12018,1194,5,2026-08-04,web,completed
12019,853,6,2026-08-01,partner,completed
12020,4146,2,2026-08-02,web,completed
12021,1163,6,2026-08-05,mobile,completed
12022,102,2,2026-08-08,mobile,completed
12023,2358,2,2026-08-23,web,completed
12024,1064,5,2026-08-17,mobile,completed
12025,3578,6,2026-08-12,partner,completed
12026,3687,1,2026-08-07,web,completed
12027,2083,2,2026-08-21,mobile,completed
12028,4916,1,2026-08-09,partner,completed
12029,3872,1,2026-08-18,mobile,completed
12030,3322,1,2026-08-28,web,completed
12031,1892,2,2026-08-22,mobile,completed
12032,2670,6,2026-08-17,mobile,completed
12033,1580,4,2026-08-02,web,completed
12034,1949,1,2026-08-03,web,completed
12035,3137,4,2026-08-08,partner,completed
12036,3660,3,2026-08-27,sales_rep,completed
12037,2868,1,2026-08-21,sales_rep,completed
12038,1067,6,2026-08-29,mobile,completed
12039,2691,5,2026-08-21,web,completed
12040,411,2,2026-08-04,partner,completed
12041,1449,5,2026-08-23,web,completed
12042,3508,5,2026-08-10,partner,completed
12043,35,6,2026-08-19,web,completed
12044,4537,1,2026-08-11,sales_rep,completed
12045,3733,3,2026-08-14,mobile,completed
12046,4361,1,2026-08-12,web,completed
12047,1825,5,2026-08-01,mobile,completed
12048,1885,4,2026-08-05,partner,completed
12049,54,3,2026-08-23,sales_rep,completed
12050,4693,6,2026-08-15,web,completed
12051,1308,2,2026-08-11,sales_rep,completed
12052,405,3,2026-08-19,mobile,completed
12053,614,3,2026-08-01,partner,completed
12054,326,2,2026-08-06,web,completed
12055,244,4,2026-08-12,sales_rep,completed
12056,2723,1,2026-08-20,sales_rep,completed
12057,1564,6,2026-08-05,mobile,completed
12058,3460,3,2026-08-18,sales_rep,completed
12059,651,3,2026-08-20,mobile,completed
12060,1371,6,2026-08-14,web,completed
12061,2669,1,2026-08-13,mobile,completed
12062,2935,5,2026-08-15,mobile,completed
12063,4934,5,2026-08-07,web,completed
12064,283,5,2026-08-04,web,completed
12065,2178,3,2026-08-21,mobile,completed
12066,4495,2,2026-08-29,mobile,completed
12067,3425,4,2026-08-10,partner,completed
12068,2797,6,2026-08-04,web,completed
12069,4848,1,2026-08-30,partner,completed
12070,4722,5,2026-08-28,partner,completed
12071,2768,6,2026-08-19,web,completed
12072,2908,6,2026-08-04,sales_rep,completed
12073,4759,3,2026-08-22,sales_rep,completed
12074,4239,5,2026-08-14,mobile,completed
12075,2693,6,2026-08-24,sales_rep,completed
12076,4751,1,2026-08-15,web,completed
12077,345,6,2026-08-28,partner,completed
12078,2350,4,2026-08-05,partner,completed
12079,4022,1,2026-08-02,web,completed
12080,1650,6,2026-08-14,web,completed
12081,4291,1,2026-08-05,mobile,completed
12082,1614,5,2026-08-27,partner,completed
12083,3859,2,2026-08-03,mobile,completed
12084,1850,1,2026-08-02,partner,completed
12085,3826,6,2026-08-30,sales_rep,completed
12086,1323,4,2026-08-31,sales_rep,completed
12087,1700,6,2026-08-04,mobile,completed
12088,4706,2,2026-08-07,mobile,completed
12089,3887,1,2026-08-25,partner,completed
12090,2639,1,2026-08-07,partner,completed
12091,524,5,2026-08-10,mobile,completed
12092,3030,6,2026-08-01,mobile,completed
12093,2043,5,2026-08-31,sales_rep,completed
12094,344,4,2026-08-08,partner,completed
12095,1244,3,2026-08-17,web,completed
12096,4413,3,2026-08-31,web,completed
12097,3618,3,2026-08-25,web,completed
12098,402,5,2026-08-11,partner,completed
12099,3786,4,2026-08-05,partner,completed
12100,2578,3,2026-08-19,web,completed
12101,4228,4,2026-08-04,web,completed
12102,4329,1,2026-08-23,partner,completed
12103,3473,5,2026-08-15,mobile,completed
12104,525,2,2026-08-04,web,completed
12105,940,4,2026-08-29,sales_rep,completed
12106,4157,5,2026-08-10,sales_rep,completed
12107,1401,6,2026-08-06,partner,completed
12108,3577,4,2026-08-12,web,completed
12109,2655,6,2026-08-03,web,completed
12110,2703,2,2026-08-25,partner,completed
12111,3265,4,2026-08-23,sales_rep,completed
12112,1673,2,2026-08-25,mobile,completed
12113,2358,2,2026-08-02,mobile,completed
12114,3622,2,2026-08-26,web,completed
12115,3861,4,2026-08-19,partner,completed
12116,4705,5,2026-08-26,web,completed
12117,940,4,2026-08-22,sales_rep,completed
12118,818,1,2026-08-26,web,completed
12119,4397,2,2026-08-29,mobile,completed
12120,31,3,2026-08-06,sales_rep,completed
12121,4035,3,2026-08-04,mobile,completed
12122,22,3,2026-08-18,mobile,completed
12123,2409,3,2026-08-30,mobile,completed
12124,4942,3,2026-08-20,mobile,completed
12125,2912,1,2026-08-25,web,completed
12126,2787,2,2026-08-03,partner,completed
12127,3166,3,2026-08-06,partner,completed
12128,2534,2,2026-08-13,web,completed
12129,132,4,2026-08-17,sales_rep,completed
12130,951,1,2026-08-09,partner,completed
12131,3324,4,2026-08-08,partner,completed
12132,1529,1,2026-08-28,sales_rep,completed
12133,1857,3,2026-08-01,partner,completed
12134,3041,3,2026-08-27,web,completed
12135,228,4,2026-08-19,mobile,completed
12136,744,2,2026-08-12,mobile,completed
12137,3017,4,2026-08-27,web,completed
12138,2502,1,2026-08-02,mobile,completed
12139,3294,2,2026-08-01,partner,completed
12140,83,1,2026-08-06,mobile,completed
12141,3170,4,2026-08-24,partner,completed
12142,3717,3,2026-08-08,partner,completed
12143,4917,1,2026-08-10,web,completed
12144,1002,5,2026-08-19,partner,completed
12145,3983,5,2026-08-08,partner,completed
12146,4895,3,2026-08-22,sales_rep,completed
12147,1663,2,2026-08-30,partner,completed
12148,4811,2,2026-08-23,sales_rep,completed
12149,2784,6,2026-08-01,partner,completed
12150,463,5,2026-08-26,sales_rep,completed
12151,3697,2,2026-08-26,web,completed
12152,2389,6,2026-08-27,web,completed
12153,2631,6,2026-09-02,sales_rep,completed
12154,2794,4,2026-09-22,sales_rep,completed
12155,4508,4,2026-09-23,partner,completed
12156,1281,5,2026-09-05,sales_rep,completed
12157,1448,6,2026-09-22,web,completed
12158,4375,2,2026-09-02,partner,completed
12159,2176,5,2026-09-09,web,completed
12160,714,5,2026-09-12,partner,completed
12161,2903,6,2026-09-01,partner,completed
12162,2321,1,2026-09-23,sales_rep,completed
12163,2741,2,2026-09-16,partner,completed
12164,3622,2,2026-09-22,partner,completed
12165,4597,6,2026-09-16,sales_rep,completed
12166,3763,4,2026-09-08,partner,completed
12167,3901,4,2026-09-29,web,completed
12168,1105,2,2026-09-17,mobile,completed
12169,4405,2,2026-09-27,mobile,completed
12170,4760,5,2026-09-19,mobile,completed
12171,545,5,2026-09-29,sales_rep,completed
12172,4744,2,2026-09-08,mobile,completed
12173,1994,4,2026-09-18,partner,completed
12174,2078,3,2026-09-12,partner,completed
12175,3099,2,2026-09-25,partner,completed
12176,2295,5,2026-09-27,web,completed
12177,2395,3,2026-09-22,sales_rep,completed
12178,1672,4,2026-09-04,partner,completed
12179,1718,3,2026-09-17,mobile,completed
12180,1981,4,2026-09-08,sales_rep,completed
12181,2989,6,2026-09-24,sales_rep,completed
12182,3955,4,2026-09-03,mobile,completed
12183,695,1,2026-09-18,partner,completed
12184,2550,1,2026-09-20,sales_rep,completed
12185,2466,2,2026-09-08,web,completed
12186,4473,3,2026-09-21,partner,completed
12187,578,4,2026-09-24,sales_rep,completed
12188,2054,6,2026-09-17,sales_rep,completed
12189,1496,3,2026-09-25,sales_rep,completed
12190,3468,2,2026-09-07,mobile,completed
12191,571,6,2026-09-28,partner,completed
12192,3672,1,2026-09-09,web,completed
12193,4895,3,2026-09-22,partner,completed
12194,1673,2,2026-09-11,partner,completed
12195,1566,3,2026-09-24,partner,completed
12196,4558,6,2026-09-12,partner,completed
12197,1256,1,2026-09-05,sales_rep,completed
12198,2546,3,2026-09-28,web,completed
12199,650,6,2026-09-01,sales_rep,completed
12200,2536,6,2026-09-24,partner,completed
12201,4091,5,2026-09-02,mobile,completed
12202,249,5,2026-09-06,partner,completed
12203,3767,5,2026-09-24,partner,completed
12204,4249,6,2026-09-29,web,completed
12205,630,3,2026-09-03,mobile,completed
12206,3052,2,2026-09-20,mobile,completed
12207,2958,3,2026-09-29,web,completed
12208,1147,4,2026-09-01,sales_rep,completed
12209,194,3,2026-09-11,mobile,completed
12210,1574,5,2026-09-13,web,completed
12211,2882,2,2026-09-24,mobile,completed
12212,1835,3,2026-09-26,web,completed
12213,268,3,2026-09-22,sales_rep,completed
12214,4173,4,2026-09-24,web,completed
12215,3806,6,2026-09-22,partner,completed
12216,4030,3,2026-09-13,sales_rep,completed
12217,4394,1,2026-09-28,sales_rep,completed
12218,2704,6,2026-09-28,mobile,completed
12219,2305,6,2026-09-08,sales_rep,completed
12220,3923,3,2026-09-14,partner,completed
12221,4503,6,2026-09-02,sales_rep,completed
12222,2838,6,2026-09-10,mobile,completed
12223,878,5,2026-09-01,mobile,completed
12224,742,5,2026-09-08,sales_rep,completed
12225,3936,6,2026-09-14,sales_rep,completed
12226,1109,6,2026-09-13,partner,completed
12227,2364,1,2026-09-25,sales_rep,completed
12228,1621,2,2026-09-20,sales_rep,completed
12229,4006,6,2026-09-03,web,completed
12230,1138,3,2026-09-09,partner,completed
12231,2447,5,2026-09-25,sales_rep,completed
12232,4499,2,2026-09-21,sales_rep,completed
12233,2360,2,2026-09-02,mobile,completed
12234,977,1,2026-09-19,partner,completed
12235,1595,5,2026-09-28,partner,completed
12236,483,2,2026-09-09,sales_rep,completed
12237,4117,1,2026-09-13,web,completed
12238,4176,3,2026-09-06,web,completed
12239,4916,1,2026-09-16,web,completed
12240,705,1,2026-09-01,sales_rep,completed
12241,1282,5,2026-09-24,partner,completed
12242,23,2,2026-09-10,partner,completed
12243,2412,1,2026-09-15,sales_rep,completed
12244,3395,3,2026-09-03,web,completed
12245,1457,6,2026-09-06,web,completed
12246,752,1,2026-09-26,partner,completed
12247,517,6,2026-09-26,sales_rep,completed
12248,1987,5,2026-09-24,web,completed
12249,3967,5,2026-09-15,sales_rep,completed
12250,1625,4,2026-09-21,sales_rep,completed
12251,3327,1,2026-09-29,sales_rep,completed
12252,4811,2,2026-09-13,sales_rep,completed
12253,375,6,2026-09-01,partner,completed
12254,493,5,2026-09-07,sales_rep,completed
12255,3688,6,2026-09-28,mobile,completed
12256,287,1,2026-09-23,mobile,completed
12257,2388,6,2026-09-01,partner,completed
12258,3889,1,2026-09-09,web,completed
12259,3864,4,2026-09-10,partner,completed
12260,1667,5,2026-09-21,partner,completed
12261,569,4,2026-09-18,mobile,completed
12262,2815,2,2026-09-09,partner,completed
12263,1890,3,2026-09-18,sales_rep,completed
12264,50,5,2026-09-20,web,completed
12265,4336,3,2026-09-08,sales_rep,completed
12266,4947,3,2026-09-04,web,completed
12267,146,6,2026-09-16,sales_rep,completed
12268,3259,4,2026-09-07,sales_rep,completed
12269,1297,2,2026-09-18,web,completed
12270,3279,6,2026-09-18,mobile,completed
12271,513,6,2026-09-07,web,completed
12272,3749,6,2026-09-03,web,completed
12273,506,3,2026-09-21,sales_rep,completed
12274,1817,2,2026-09-26,sales_rep,completed
12275,1625,4,2026-09-04,mobile,completed
12276,2009,5,2026-09-26,sales_rep,completed
12277,2355,2,2026-09-23,partner,completed
12278,2189,3,2026-09-15,partner,completed
12279,960,3,2026-09-02,partner,completed
12280,3969,4,2026-09-08,web,completed
12281,4808,6,2026-09-11,sales_rep,completed
12282,420,4,2026-09-24,mobile,completed
12283,2920,3,2026-09-29,mobile,completed
12284,1444,3,2026-09-06,sales_rep,completed
12285,4765,3,2026-09-17,sales_rep,completed
12286,3906,5,2026-09-01,sales_rep,completed
12287,3192,5,2026-09-19,mobile,completed
12288,344,4,2026-09-17,partner,completed
12289,3991,5,2026-09-24,partner,completed
12290,4741,2,2026-09-15,mobile,completed
12291,4675,5,2026-09-22,mobile,completed
12292,2764,1,2026-09-13,web,completed
12293,3113,1,2026-09-08,web,completed
12294,610,6,2026-09-16,mobile,completed
12295,277,3,2026-09-14,partner,completed
12296,985,4,2026-09-01,mobile,completed
12297,1705,6,2026-09-12,partner,completed
12298,1029,4,2026-09-09,sales_rep,completed
12299,2396,4,2026-09-11,sales_rep,completed
12300,932,5,2026-09-21,mobile,completed
12301,4068,3,2026-09-29,mobile,completed
12302,2596,1,2026-09-24,mobile,completed
12303,524,5,2026-09-13,mobile,completed
12304,4045,3,2026-09-06,partner,completed
12305,173,5,2026-09-16,sales_rep,completed
12306,814,2,2026-09-22,partner,completed
12307,3335,1,2026-09-07,web,completed
12308,252,3,2026-09-20,sales_rep,completed
12309,1268,3,2026-09-30,mobile,completed
12310,171,1,2026-09-23,mobile,completed
12311,238,3,2026-09-04,web,completed
12312,627,3,2026-09-11,mobile,completed
12313,684,6,2026-09-23,mobile,completed
12314,1008,4,2026-09-25,mobile,completed
12315,4372,2,2026-09-07,mobile,completed
12316,2049,5,2026-09-11,web,completed
12317,90,5,2026-09-28,sales_rep,completed
12318,3712,6,2026-09-23,web,completed
12319,362,6,2026-09-24,partner,completed
12320,122,5,2026-09-22,mobile,completed
12321,3271,1,2026-09-17,partner,completed
12322,1415,4,2026-09-30,mobile,completed
12323,4625,3,2026-09-02,web,completed
12324,129,4,2026-09-03,sales_rep,completed
12325,1341,4,2026-09-03,sales_rep,completed
12326,4958,3,2026-09-12,partner,completed
12327,3702,2,2026-09-18,sales_rep,completed
12328,3468,2,2026-09-02,mobile,completed
12329,407,3,2026-09-21,web,completed
12330,995,4,2026-09-22,web,completed
12331,2960,3,2026-09-15,mobile,completed
12332,510,2,2026-09-30,web,completed
12333,3639,1,2026-09-18,partner,completed
12334,1416,5,2026-09-27,mobile,completed
12335,2448,4,2026-09-06,sales_rep,completed
12336,3682,1,2026-09-30,mobile,completed
12337,259,2,2026-09-02,sales_rep,completed
12338,4988,6,2026-09-05,web,completed
12339,4358,2,2026-09-27,web,completed
12340,1330,3,2026-09-01,sales_rep,completed
12341,1348,5,2026-09-22,sales_rep,completed
12342,4060,4,2026-09-12,sales_rep,completed
12343,3418,6,2026-09-23,mobile,completed
12344,4155,2,2026-09-09,mobile,completed
12345,2681,1,2026-09-03,mobile,completed
12346,3384,6,2026-09-14,web,completed
12347,4897,6,2026-09-21,mobile,completed
12348,2569,3,2026-09-30,web,completed
12349,2063,1,2026-09-12,web,completed
12350,4643,6,2026-09-29,mobile,completed
12351,4201,5,2026-09-21,web,completed
12352,3285,3,2026-09-20,partner,completed
12353,1971,5,2026-09-27,sales_rep,completed
12354,2603,5,2026-09-06,partner,completed
12355,3483,5,2026-09-24,web,completed
12356,3053,5,2026-09-24,sales_rep,completed
12357,2283,2,2026-09-30,web,completed
12358,3864,4,2026-09-02,sales_rep,completed
12359,3024,2,2026-09-08,web,completed
12360,658,4,2026-09-29,partner,completed
12361,759,1,2026-09-20,web,completed
12362,4165,5,2026-09-22,sales_rep,completed
12363,2672,6,2026-09-20,sales_rep,completed
12364,4243,5,2026-09-27,sales_rep,completed
12365,2234,1,2026-09-30,web,completed
12366,1761,3,2026-09-02,web,completed
12367,1346,6,2026-09-28,mobile,completed
12368,323,4,2026-09-02,partner,completed
12369,3304,2,2026-09-19,sales_rep,completed
12370,3896,6,2026-09-08,mobile,completed
12371,3699,2,2026-09-02,web,completed
12372,4377,2,2026-09-06,partner,completed
12373,4094,3,2026-09-09,mobile,completed
12374,2893,3,2026-09-20,mobile,completed
12375,546,1,2026-09-01,sales_rep,completed
12376,3741,2,2026-09-19,partner,completed
12377,2967,2,2026-09-06,partner,completed
12378,3820,6,2026-09-07,sales_rep,completed
12379,2878,6,2026-09-30,mobile,completed
12380,1451,2,2026-09-25,mobile,completed
12381,1142,3,2026-09-30,web,completed
12382,566,2,2026-09-10,mobile,completed
12383,1885,4,2026-09-24,mobile,completed
12384,4393,1,2026-09-11,partner,completed
12385,926,6,2026-09-20,web,completed
12386,1253,1,2026-09-06,partner,completed
12387,894,6,2026-09-19,mobile,completed
12388,2170,6,2026-09-15,partner,completed
12389,760,5,2026-09-30,sales_rep,completed
12390,4376,4,2026-09-01,mobile,completed
12391,4450,6,2026-09-22,mobile,completed
12392,1603,5,2026-09-10,partner,completed
12393,456,4,2026-09-23,web,completed
12394,2083,2,2026-09-03,web,completed
12395,154,2,2026-09-18,mobile,completed
12396,145,6,2026-09-02,sales_rep,completed
12397,2444,2,2026-09-28,sales_rep,completed
12398,383,6,2026-09-27,partner,completed
12399,2438,5,2026-09-04,partner,completed
12400,3300,5,2026-09-21,mobile,completed
12401,1747,6,2026-09-11,mobile,completed
12402,4726,3,2026-09-09,sales_rep,completed
12403,3357,1,2026-09-07,mobile,completed
12404,609,6,2026-09-28,partner,completed
12405,4952,1,2026-09-20,mobile,completed
12406,4549,4,2026-09-23,partner,completed
12407,1179,2,2026-09-02,partner,completed
12408,568,2,2026-09-09,partner,completed
12409,2187,2,2026-09-04,sales_rep,completed
12410,4413,3,2026-09-07,sales_rep,completed
12411,3189,1,2026-09-16,sales_rep,completed
12412,4443,5,2026-09-06,web,completed
12413,4195,4,2026-09-19,mobile,completed
12414,154,2,2026-09-17,mobile,completed
12415,3487,3,2026-09-14,sales_rep,completed
12416,1732,6,2026-09-18,mobile,completed
12417,4943,6,2026-09-20,web,completed
12418,1076,1,2026-09-10,partner,completed
12419,3244,4,2026-09-09,mobile,completed
12420,4918,2,2026-09-08,web,completed
12421,3810,4,2026-09-28,web,completed
12422,1477,3,2026-09-26,partner,completed
12423,4813,4,2026-09-28,partner,completed
12424,2743,4,2026-09-12,sales_rep,completed
12425,4099,5,2026-09-14,mobile,completed
12426,2119,4,2026-09-07,web,completed
12427,3259,4,2026-09-10,mobile,completed
12428,2629,4,2026-09-01,mobile,completed
12429,3083,2,2026-09-23,mobile,completed
12430,3375,5,2026-09-05,partner,completed
12431,4217,3,2026-09-28,mobile,completed
12432,1797,6,2026-09-29,sales_rep,completed
12433,3157,5,2026-09-21,mobile,completed
12434,4481,3,2026-09-05,web,completed
12435,4039,2,2026-09-08,partner,completed
12436,1156,4,2026-09-03,web,completed
12437,1481,1,2026-09-30,sales_rep,completed
12438,4319,6,2026-09-11,mobile,completed
12439,4766,1,2026-09-21,partner,completed
12440,2821,4,2026-09-25,mobile,completed
12441,2032,2,2026-09-02,web,completed
12442,4629,5,2026-09-18,sales_rep,completed
12443,492,6,2026-09-04,mobile,completed
12444,4193,5,2026-09-09,sales_rep,completed
12445,4827,2,2026-09-24,sales_rep,completed
12446,3778,6,2026-09-27,partner,completed
12447,1867,1,2026-09-20,web,completed
12448,1686,4,2026-09-13,partner,completed
12449,1767,4,2026-09-08,web,completed
12450,1095,2,2026-09-09,partner,completed
12451,1348,5,2026-09-26,partner,completed
12452,4524,6,2026-09-04,mobile,completed
12453,2934,3,2026-09-06,partner,completed
12454,743,4,2026-09-04,partner,completed
12455,1099,1,2026-09-21,web,completed
12456,144,3,2026-09-01,partner,completed
12457,4038,4,2026-09-29,web,completed
12458,4190,6,2026-09-20,partner,completed
12459,3325,3,2026-09-28,partner,completed
12460,4094,3,2026-09-20,web,completed
12461,1604,2,2026-09-29,sales_rep,completed
12462,4588,2,2026-09-12,mobile,completed
12463,4557,1,2026-09-23,web,completed
12464,3720,2,2026-09-02,web,completed
12465,813,5,2026-09-04,mobile,completed
12466,4192,3,2026-09-03,sales_rep,completed
12467,1864,3,2026-09-05,sales_rep,completed
12468,647,3,2026-09-02,mobile,completed
12469,4590,2,2026-09-22,partner,completed
12470,3042,2,2026-09-05,web,completed
12471,2592,3,2026-09-09,partner,completed
12472,4577,1,2026-09-03,mobile,completed
12473,769,1,2026-09-30,sales_rep,completed
12474,4523,4,2026-09-03,sales_rep,completed
12475,1771,3,2026-09-18,mobile,completed
12476,4494,2,2026-09-24,web,completed
12477,84,5,2026-09-14,partner,completed
12478,3560,3,2026-09-26,web,completed
12479,1683,1,2026-09-23,web,completed
12480,1823,2,2026-09-12,partner,completed
12481,4811,2,2026-09-28,web,completed
12482,968,2,2026-09-04,mobile,completed
12483,809,3,2026-09-28,sales_rep,completed
12484,397,1,2026-09-14,sales_rep,completed
12485,3503,2,2026-09-22,mobile,completed
12486,484,5,2026-09-07,web,completed
12487,4956,2,2026-09-26,partner,completed
12488,789,4,2026-09-05,sales_rep,completed
12489,2971,4,2026-09-10,sales_rep,completed
12490,2815,2,2026-09-06,web,completed
12491,1962,6,2026-09-01,web,completed
12492,148,2,2026-09-14,mobile,completed
12493,3609,4,2026-09-09,sales_rep,completed
12494,880,4,2026-09-26,sales_rep,completed
12495,1272,1,2026-09-19,mobile,completed
12496,1788,1,2026-09-16,mobile,completed
12497,2883,4,2026-09-07,partner,completed
12498,3217,1,2026-09-26,web,completed
12499,4621,4,2026-09-23,sales_rep,completed
12500,4265,4,2026-09-07,sales_rep,completed
12501,2875,3,2026-09-07,sales_rep,completed
12502,2041,2,2026-09-25,mobile,completed
12503,4613,5,2026-09-11,sales_rep,completed
12504,1757,3,2026-09-17,sales_rep,completed
12505,2518,4,2026-09-02,web,completed
12506,2594,1,2026-09-08,sales_rep,completed
12507,1479,2,2026-09-15,partner,completed
12508,2982,1,2026-09-15,web,completed
12509,3458,1,2026-09-16,mobile,completed
12510,1792,6,2026-09-18,web,completed
12511,92,5,2026-09-02,web,completed
12512,3230,6,2026-09-16,partner,completed
12513,880,4,2026-09-15,partner,completed
12514,2000,2,2026-09-11,mobile,completed
12515,4574,6,2026-09-10,web,completed
12516,978,4,2026-09-25,mobile,completed
12517,358,6,2026-09-08,partner,completed
12518,4236,1,2026-09-30,sales_rep,completed
12519,4320,1,2026-09-10,partner,completed
12520,1036,5,2026-09-28,partner,completed
12521,975,1,2026-09-14,mobile,completed
12522,3953,5,2026-09-20,mobile,completed
12523,2954,3,2026-09-24,partner,completed
12524,2933,1,2026-09-05,partner,completed
12525,4128,1,2026-09-11,mobile,completed
12526,3778,6,2026-09-06,sales_rep,completed
12527,1682,1,2026-09-04,mobile,completed
12528,42,5,2026-09-01,partner,completed
12529,1410,2,2026-09-10,sales_rep,completed
12530,1083,6,2026-09-11,sales_rep,completed
12531,3314,2,2026-09-30,mobile,completed
12532,2208,6,2026-09-04,sales_rep,completed
12533,303,1,2026-09-08,partner,completed
12534,4337,5,2026-09-10,mobile,completed
12535,493,5,2026-09-14,partner,completed
12536,510,2,2026-09-06,mobile,completed
12537,4620,6,2026-09-21,sales_rep,completed
12538,2832,5,2026-09-07,sales_rep,completed
12539,4148,6,2026-09-23,web,completed
12540,4204,1,2026-09-20,web,completed
12541,691,6,2026-09-15,partner,completed
12542,80,5,2026-09-04,web,completed
12543,2027,4,2026-09-19,web,completed
12544,186,3,2026-09-19,mobile,completed
12545,1496,3,2026-09-10,sales_rep,completed
12546,1983,1,2026-09-04,mobile,completed
12547,2220,2,2026-09-23,mobile,completed
12548,459,6,2026-09-04,web,completed
12549,1077,5,2026-09-01,partner,completed
12550,428,5,2026-09-16,sales_rep,completed
12551,3199,6,2026-09-17,partner,completed
12552,1067,6,2026-09-08,partner,completed
12553,2935,5,2026-09-02,sales_rep,completed
12554,2388,6,2026-09-22,web,completed
12555,3648,4,2026-09-25,web,completed
12556,1667,5,2026-09-19,mobile,completed
12557,3,4,2026-09-14,partner,completed
12558,4863,6,2026-09-23,web,completed
12559,4668,1,2026-09-14,mobile,completed
12560,2238,2,2026-09-20,sales_rep,completed
12561,304,6,2026-09-10,partner,completed
12562,2879,6,2026-09-14,sales_rep,completed
12563,2950,4,2026-09-09,sales_rep,completed
12564,1880,1,2026-09-03,partner,completed
12565,1274,5,2026-09-29,sales_rep,completed
12566,520,4,2026-09-29,sales_rep,completed
12567,2442,1,2026-09-11,mobile,completed
12568,2098,6,2026-09-14,partner,completed
12569,2740,3,2026-09-29,web,completed
12570,2255,2,2026-09-13,mobile,completed
12571,4857,6,2026-09-06,mobile,completed
12572,4759,3,2026-09-17,web,completed
12573,4967,2,2026-09-11,mobile,completed
12574,4468,6,2026-09-07,web,completed
12575,4539,6,2026-09-12,sales_rep,completed
12576,23,2,2026-09-11,partner,completed
12577,4481,3,2026-09-03,partner,completed
12578,1384,6,2026-09-03,sales_rep,completed
12579,1190,1,2026-09-03,mobile,completed
12580,2883,4,2026-09-19,partner,completed
12581,2710,6,2026-09-16,sales_rep,completed
12582,3533,1,2026-09-14,web,completed
12583,4294,1,2026-09-24,mobile,completed
12584,2236,5,2026-09-28,partner,completed
12585,4155,2,2026-09-16,partner,completed
12586,3561,1,2026-09-26,sales_rep,completed
12587,3467,4,2026-09-29,web,completed
12588,3595,2,2026-09-03,mobile,completed
12589,2399,2,2026-09-19,web,completed
12590,3555,3,2026-09-11,web,completed
12591,3047,5,2026-09-19,partner,completed
12592,1261,2,2026-09-12,mobile,completed
12593,3389,2,2026-09-16,web,completed
12594,46,6,2026-09-01,partner,completed
12595,4342,3,2026-09-01,sales_rep,completed
12596,970,1,2026-09-21,sales_rep,completed
12597,4110,2,2026-09-08,mobile,completed
12598,1758,4,2026-09-27,partner,completed
12599,3666,3,2026-09-20,partner,completed
12600,2240,6,2026-09-24,mobile,completed
12601,3505,1,2026-09-12,mobile,completed
12602,448,6,2026-09-05,mobile,completed
12603,3687,1,2026-09-18,mobile,completed
12604,3474,6,2026-09-30,web,completed
12605,4541,4,2026-09-04,partner,completed
12606,718,3,2026-09-07,mobile,completed
12607,2278,1,2026-09-06,sales_rep,completed
12608,1437,3,2026-09-17,web,completed
12609,4949,2,2026-09-02,web,completed
12610,1614,5,2026-09-30,sales_rep,completed
12611,3223,5,2026-09-16,sales_rep,completed
12612,2939,6,2026-09-15,sales_rep,completed
12613,2654,3,2026-09-22,web,completed
12614,3670,2,2026-09-25,mobile,completed
12615,451,6,2026-09-01,sales_rep,completed
12616,1546,4,2026-09-30,partner,completed
12617,3354,5,2026-09-28,mobile,completed
12618,4190,6,2026-09-08,sales_rep,completed
12619,2834,4,2026-09-11,partner,completed
12620,1777,2,2026-09-07,partner,completed
12621,3103,1,2026-09-10,mobile,completed
12622,4033,2,2026-09-12,web,completed
12623,1351,1,2026-09-04,web,completed
12624,798,3,2026-09-15,web,completed
12625,4250,3,2026-09-08,partner,completed
12626,1794,2,2026-09-29,mobile,completed
12627,4833,3,2026-09-08,mobile,completed
12628,2916,3,2026-09-11,partner,completed
12629,3863,2,2026-09-13,partner,completed
12630,2521,3,2026-09-02,sales_rep,completed
12631,845,1,2026-09-13,sales_rep,completed
12632,1808,3,2026-09-24,partner,completed
12633,29,4,2026-09-13,sales_rep,completed
12634,1060,2,2026-09-04,partner,completed
12635,3493,3,2026-09-20,partner,completed
12636,2522,1,2026-09-15,partner,completed
12637,4806,5,2026-09-02,partner,completed
12638,463,5,2026-09-13,mobile,completed
12639,525,2,2026-09-20,mobile,completed
12640,1979,1,2026-09-08,mobile,completed
12641,4308,5,2026-09-12,mobile,completed
12642,354,3,2026-09-11,partner,completed
12643,2689,4,2026-09-04,web,completed
12644,2165,6,2026-09-28,mobile,completed
12645,3900,6,2026-09-23,web,completed
12646,4814,4,2026-09-25,partner,completed
12647,2631,6,2026-09-28,partner,completed
12648,2428,3,2026-09-25,web,completed
12649,1383,3,2026-09-03,partner,completed
12650,2937,5,2026-09-07,web,completed
12651,731,5,2026-09-26,sales_rep,completed
12652,2511,2,2026-09-21,mobile,completed
12653,302,5,2026-09-10,sales_rep,completed
12654,1090,1,2026-09-30,sales_rep,completed
12655,855,2,2026-09-05,web,completed
12656,541,5,2026-09-21,sales_rep,completed
12657,330,4,2026-09-07,partner,completed
12658,1669,4,2026-09-04,partner,completed
12659,1469,5,2026-09-04,mobile,completed
12660,2572,6,2026-09-05,partner,completed
12661,2072,4,2026-09-21,web,completed
12662,3485,3,2026-09-17,partner,completed
12663,3343,1,2026-09-26,web,completed
12664,3238,6,2026-09-09,sales_rep,completed
12665,4674,6,2026-09-23,sales_rep,completed
12666,2639,1,2026-09-28,partner,completed
12667,2579,6,2026-09-11,mobile,completed
12668,1777,2,2026-09-14,sales_rep,completed
12669,2531,6,2026-09-05,web,completed
12670,1299,4,2026-09-23,mobile,completed
12671,4952,1,2026-09-10,partner,completed
12672,3717,3,2026-09-19,web,completed
12673,2119,4,2026-09-19,web,completed
12674,4454,5,2026-09-15,partner,completed
12675,4181,4,2026-09-28,partner,completed
12676,3160,6,2026-09-17,sales_rep,completed
12677,1470,1,2026-09-01,partner,completed
12678,502,4,2026-09-08,sales_rep,completed
12679,547,3,2026-09-05,mobile,completed
12680,3976,5,2026-09-16,partner,completed
12681,657,5,2026-09-03,sales_rep,completed
12682,2952,4,2026-09-21,partner,completed
12683,2393,4,2026-09-17,mobile,completed
12684,3270,6,2026-09-18,sales_rep,completed
12685,303,1,2026-09-14,web,completed
12686,3459,6,2026-09-14,sales_rep,completed
12687,547,3,2026-09-12,mobile,completed
12688,2312,1,2026-09-28,mobile,completed
12689,2135,3,2026-09-09,mobile,completed
12690,2552,2,2026-09-13,mobile,completed
12691,270,4,2026-09-19,sales_rep,completed
12692,1561,2,2026-09-05,web,completed
12693,1991,4,2026-09-29,sales_rep,completed
12694,3130,5,2026-09-03,mobile,completed
12695,1301,5,2026-09-04,sales_rep,completed
12696,2473,3,2026-09-29,partner,completed
12697,2630,1,2026-09-04,partner,completed
12698,1713,6,2026-09-30,sales_rep,completed
12699,209,2,2026-09-20,partner,completed
12700,1152,4,2026-09-29,partner,completed
12701,2103,2,2026-09-16,web,completed
12702,3140,3,2026-09-29,sales_rep,completed
12703,478,1,2026-09-04,mobile,completed
12704,2244,1,2026-09-24,web,completed
12705,1762,3,2026-09-15,web,completed
12706,1019,1,2026-09-06,sales_rep,completed
12707,3371,6,2026-09-05,mobile,completed
12708,3897,4,2026-09-26,web,completed
12709,2784,6,2026-09-21,sales_rep,completed
12710,2701,6,2026-09-19,partner,completed
12711,2750,6,2026-09-12,sales_rep,completed
12712,3161,1,2026-09-14,mobile,completed
12713,3826,6,2026-09-07,sales_rep,completed
12714,2814,6,2026-09-05,web,completed
12715,4288,5,2026-09-27,partner,completed
12716,3129,4,2026-09-20,web,completed
12717,2314,1,2026-09-16,web,completed
12718,445,4,2026-09-16,web,completed
12719,1104,1,2026-09-02,mobile,completed
12720,1430,5,2026-09-21,partner,completed
12721,2616,5,2026-09-04,mobile,completed
12722,3868,5,2026-09-07,partner,completed
12723,2550,1,2026-09-03,mobile,completed
12724,3992,5,2026-09-06,web,completed
12725,4255,3,2026-09-10,mobile,completed
12726,255,4,2026-09-25,partner,completed
12727,3010,5,2026-09-21,sales_rep,completed
12728,3666,3,2026-09-05,web,completed
12729,4788,1,2026-09-05,partner,completed
12730,1136,1,2026-09-11,mobile,completed
12731,3431,2,2026-09-14,web,completed
12732,4173,4,2026-09-28,mobile,completed
12733,2478,2,2026-09-08,sales_rep,completed
12734,1936,1,2026-09-01,partner,completed
12735,1650,6,2026-09-15,mobile,completed
12736,1495,3,2026-09-01,partner,completed
12737,2948,3,2026-09-16,sales_rep,completed
12738,1457,6,2026-09-10,web,completed
12739,4959,6,2026-09-29,mobile,completed
12740,3421,4,2026-09-26,mobile,completed
12741,2290,3,2026-09-12,partner,completed
12742,3404,6,2026-09-06,mobile,completed
12743,2123,4,2026-09-16,sales_rep,completed
12744,3005,5,2026-09-17,partner,completed
12745,2387,6,2026-09-27,mobile,completed
12746,4756,4,2026-09-08,web,completed
12747,1071,5,2026-09-28,web,completed
12748,1541,3,2026-09-11,sales_rep,completed
12749,3582,5,2026-09-09,sales_rep,completed
12750,3069,1,2026-09-06,web,completed
12751,1243,6,2026-09-05,web,completed
12752,2205,3,2026-09-13,sales_rep,completed
12753,3329,3,2026-09-28,web,completed
12754,2836,4,2026-09-19,mobile,completed
12755,4666,5,2026-09-01,partner,completed
12756,734,5,2026-09-30,web,completed
12757,1417,4,2026-09-30,sales_rep,completed
12758,4576,5,2026-09-20,web,completed
12759,3413,2,2026-09-09,partner,completed
12760,4363,3,2026-09-28,web,completed
12761,1422,6,2026-09-26,partner,completed
12762,4781,6,2026-09-11,partner,completed
12763,2161,5,2026-09-04,partner,completed
12764,3688,6,2026-09-07,partner,completed
12765,2008,1,2026-09-24,mobile,completed
12766,3515,2,2026-09-07,partner,completed
12767,4464,4,2026-09-09,sales_rep,completed
12768,266,4,2026-09-29,sales_rep,completed
12769,4694,6,2026-09-08,mobile,completed
12770,2209,2,2026-09-26,sales_rep,completed
12771,2663,1,2026-09-12,sales_rep,completed
12772,180,4,2026-09-28,sales_rep,completed
12773,243,1,2026-09-09,mobile,completed
12774,4640,6,2026-09-13,web,completed
12775,4707,3,2026-09-16,partner,completed
12776,2951,1,2026-09-24,web,completed
12777,3166,3,2026-09-20,sales_rep,completed
