order_item_id,order_id,product_id,quantity,unit_price,discount
1,1,61,1,610.85,0.0
2,2,15,4,434.83,0.1
3,2,46,1,429.96,0.0
4,2,113,3,113.5,0.0
5,3,97,4,140.58,0.0
6,3,119,3,181.96,0.1
7,3,111,1,220.69,0.05
8,3,24,4,576.43,0.0
9,4,62,1,455.65,0.05
10,4,114,5,321.32,0.0
11,5,15,2,434.83,0.05
12,6,103,4,415.47,0.15
13,6,1,3,250.67,0.05
14,6,98,1,387.36,0.0
15,7,85,3,294.43,0.0
16,8,54,4,589.22,0.0
17,8,43,5,487.39,0.0
18,8,93,5,96.97,0.0
19,9,57,1,359.66,0.0
20,9,107,1,70.69,0.1
21,10,35,1,368.74,0.05
22,10,10,2,358.28,0.0
23,10,19,3,236.74,0.1
24,10,16,2,337.82,0.1
25,11,35,5,368.74,0.0
26,12,6,1,148.07,0.0
27,13,31,5,492.63,0.05
28,13,29,3,332.87,0.0
29,14,82,1,382.23,0.0
30,15,77,1,20.71,0.05
31,15,23,1,473.03,0.1
32,16,29,1,332.87,0.0
33,16,118,2,357.13,0.05
34,17,104,1,497.51,0.0
35,17,117,3,97.33,0.15
36,17,57,5,359.66,0.0
37,18,98,3,387.36,0.15
38,18,87,2,87.7,0.05
39,18,31,5,492.63,0.0
40,19,8,2,230.66,0.0
41,19,43,5,487.39,0.0
42,19,86,1,508.15,0.15
43,19,96,5,261.53,0.05
44,20,72,4,417.09,0.0
45,20,79,4,353.32,0.0
46,20,62,2,455.65,0.1
47,21,118,3,357.13,0.0
48,21,77,1,20.71,0.0
49,22,87,4,87.7,0.0
50,22,67,4,439.64,0.0
51,23,81,1,472.42,0.0
52,24,47,1,533.66,0.05
53,25,120,1,437.18,0.1
54,25,116,2,151.15,0.05
55,26,28,4,278.53,0.05
56,26,106,1,293.96,0.05
57,26,7,3,342.91,0.0
58,26,61,2,610.85,0.15
59,27,42,3,506.69,0.0
60,28,81,5,472.42,0.0
61,29,104,2,497.51,0.05
62,30,12,3,665.95,0.15
63,31,17,4,335.91,0.1
64,31,52,2,119.81,0.05
65,32,80,3,334.64,0.1
66,32,27,5,50.29,0.0
67,32,119,2,181.96,0.0
68,32,75,3,102.43,0.0
69,33,54,5,589.22,0.0
70,34,109,3,345.03,0.15
71,34,118,5,357.13,0.05
72,34,23,4,473.03,0.05
73,34,78,3,496.95,0.0
74,35,34,1,269.02,0.15
75,36,41,3,466.15,0.0
76,36,28,4,278.53,0.1
77,37,107,2,70.69,0.0
78,37,11,5,431.92,0.15
79,37,115,1,191.72,0.05
80,37,105,1,161.35,0.05
81,38,58,4,421.43,0.0
82,38,82,1,382.23,0.0
83,38,59,2,189.03,0.1
84,39,51,1,592.49,0.0
85,39,92,1,473.15,0.15
86,40,27,5,50.29,0.0
87,40,80,2,334.64,0.15
88,40,117,1,97.33,0.1
89,40,73,3,693.24,0.1
90,41,55,2,143.78,0.0
91,41,50,3,641.98,0.0
92,42,110,5,551.82,0.0
93,43,104,1,497.51,0.0
94,44,102,1,268.48,0.1
95,45,94,4,357.14,0.0
96,45,36,4,461.97,0.15
97,45,98,5,387.36,0.1
98,45,74,4,259.9,0.1
99,46,26,3,283.16,0.0
100,46,41,1,466.15,0.05
101,46,22,1,155.04,0.15
102,46,66,1,325.89,0.0
103,47,100,2,192.03,0.0
104,47,62,4,455.65,0.05
105,47,45,4,124.25,0.05
106,47,29,1,332.87,0.15
107,48,92,4,473.15,0.0
108,49,25,5,424.49,0.0
109,49,90,2,250.98,0.0
110,49,119,3,181.96,0.05
111,49,97,2,140.58,0.1
112,50,73,5,693.24,0.15
113,50,52,3,119.81,0.0
114,50,32,5,527.45,0.1
115,51,99,5,654.14,0.0
116,51,92,1,473.15,0.0
117,51,13,2,546.51,0.0
118,51,62,4,455.65,0.15
119,52,23,3,473.03,0.0
120,53,56,1,701.89,0.0
121,53,6,4,148.07,0.0
122,53,9,1,566.94,0.0
123,54,17,2,335.91,0.15
124,54,28,2,278.53,0.0
125,54,37,5,678.06,0.15
126,54,89,2,156.62,0.15
127,55,46,5,429.96,0.0
128,55,71,3,298.03,0.0
129,55,96,3,261.53,0.0
130,56,22,5,155.04,0.1
131,56,17,3,335.91,0.15
132,56,26,2,283.16,0.05
133,56,58,4,421.43,0.05
134,57,80,2,334.64,0.0
135,57,40,2,246.27,0.1
136,58,13,3,546.51,0.0
137,58,48,2,688.65,0.0
138,58,32,5,527.45,0.15
139,58,25,1,424.49,0.0
140,59,17,3,335.91,0.05
141,60,65,2,775.34,0.1
142,60,32,3,527.45,0.0
143,61,58,3,421.43,0.0
144,61,5,3,206.39,0.1
145,61,114,2,321.32,0.0
146,61,69,4,199.67,0.0
147,62,15,4,434.83,0.05
148,63,82,4,382.23,0.1
149,64,113,1,113.5,0.0
150,65,7,4,342.91,0.0
151,65,42,5,506.69,0.0
152,65,54,2,589.22,0.05
153,66,111,2,220.69,0.05
154,66,18,5,774.6,0.0
155,67,13,3,546.51,0.0
156,68,21,4,128.96,0.05
157,69,31,3,492.63,0.0
158,69,75,2,102.43,0.05
159,70,106,4,293.96,0.15
160,71,78,2,496.95,0.0
161,71,68,1,187.83,0.0
162,72,48,4,688.65,0.0
163,73,45,3,124.25,0.05
164,73,51,2,592.49,0.0
165,73,93,5,96.97,0.0
166,73,44,2,155.05,0.05
167,74,116,4,151.15,0.15
168,74,69,5,199.67,0.0
169,75,118,2,357.13,0.15
170,76,60,3,765.19,0.0
171,76,15,4,434.83,0.0
172,76,13,1,546.51,0.0
173,77,68,5,187.83,0.0
174,77,55,2,143.78,0.15
175,77,1,5,250.67,0.0
176,77,13,1,546.51,0.15
177,78,19,2,236.74,0.1
178,79,117,2,97.33,0.15
179,79,118,1,357.13,0.0
180,79,36,4,461.97,0.0
181,79,17,1,335.91,0.0
182,80,64,5,433.42,0.0
183,80,14,4,167.56,0.0
184,80,48,1,688.65,0.05
185,80,102,1,268.48,0.0
186,81,35,4,368.74,0.0
187,81,81,3,472.42,0.0
188,82,105,2,161.35,0.0
189,82,118,1,357.13,0.0
190,83,47,3,533.66,0.0
191,83,65,5,775.34,0.15
192,83,105,5,161.35,0.0
193,84,40,4,246.27,0.0
194,84,34,4,269.02,0.1
195,85,26,3,283.16,0.1
196,85,51,1,592.49,0.05
197,85,56,4,701.89,0.05
198,85,95,4,197.03,0.15
199,86,39,2,435.88,0.05
200,86,97,4,140.58,0.15
201,86,119,4,181.96,0.0
202,86,56,1,701.89,0.15
203,87,13,1,546.51,0.1
204,88,81,5,472.42,0.15
205,89,111,3,220.69,0.0
206,89,106,4,293.96,0.0
207,90,10,1,358.28,0.15
208,90,22,4,155.04,0.0
209,90,97,4,140.58,0.05
210,90,16,3,337.82,0.15
211,91,113,2,113.5,0.0
212,91,6,5,148.07,0.05
213,91,36,3,461.97,0.15
214,91,74,1,259.9,0.0
215,92,91,1,111.41,0.0
216,92,55,2,143.78,0.0
217,92,101,5,530.68,0.05
218,92,12,1,665.95,0.0
219,93,49,2,224.05,0.0
220,93,54,4,589.22,0.15
221,93,6,4,148.07,0.1
222,94,120,3,437.18,0.05
223,95,21,2,128.96,0.1
224,95,3,2,400.77,0.05
225,96,115,4,191.72,0.0
226,96,73,3,693.24,0.15
227,96,37,5,678.06,0.0
228,96,58,3,421.43,0.15
229,97,91,5,111.41,0.0
230,97,70,4,477.56,0.0
231,98,110,3,551.82,0.15
232,98,69,5,199.67,0.1
233,98,25,3,424.49,0.05
234,98,39,2,435.88,0.0
235,99,14,1,167.56,0.0
236,100,42,4,506.69,0.0
237,101,119,3,181.96,0.1
238,102,16,1,337.82,0.05
239,102,38,4,342.42,0.0
240,103,118,1,357.13,0.0
241,104,80,2,334.64,0.05
242,105,7,5,342.91,0.0
243,106,73,3,693.24,0.1
244,107,44,1,155.05,0.1
245,107,8,2,230.66,0.15
246,107,67,4,439.64,0.0
247,107,56,5,701.89,0.05
248,108,32,2,527.45,0.0
249,108,15,4,434.83,0.0
250,108,19,1,236.74,0.05
251,109,24,4,576.43,0.05
252,110,25,1,424.49,0.0
253,110,118,5,357.13,0.1
254,110,104,4,497.51,0.0
255,110,56,3,701.89,0.0
256,111,97,2,140.58,0.0
257,111,45,5,124.25,0.0
258,111,99,4,654.14,0.15
259,111,11,3,431.92,0.05
260,112,107,5,70.69,0.0
261,112,102,5,268.48,0.1
262,112,85,3,294.43,0.1
263,113,105,5,161.35,0.1
264,113,64,1,433.42,0.05
265,113,74,2,259.9,0.0
266,114,24,3,576.43,0.0
267,114,93,3,96.97,0.15
268,114,51,2,592.49,0.0
269,114,47,2,533.66,0.0
270,115,3,2,400.77,0.1
271,115,13,2,546.51,0.15
272,115,79,5,353.32,0.15
273,116,97,2,140.58,0.0
274,116,63,3,460.08,0.05
275,116,89,5,156.62,0.0
276,117,28,4,278.53,0.05
277,117,48,1,688.65,0.0
278,117,31,5,492.63,0.05
279,118,29,4,332.87,0.15
280,118,30,3,474.66,0.05
281,118,69,5,199.67,0.1
282,119,72,1,417.09,0.1
283,119,34,2,269.02,0.05
284,119,30,1,474.66,0.0
285,120,93,1,96.97,0.0
286,120,86,3,508.15,0.1
287,121,28,1,278.53,0.0
288,122,51,4,592.49,0.15
289,122,115,4,191.72,0.0
290,122,44,4,155.05,0.1
291,123,60,5,765.19,0.0
292,123,59,5,189.03,0.0
293,123,89,5,156.62,0.1
294,123,101,2,530.68,0.0
295,124,95,4,197.03,0.0
296,125,10,2,358.28,0.15
297,125,50,1,641.98,0.15
298,125,43,3,487.39,0.1
299,126,40,2,246.27,0.0
300,126,94,3,357.14,0.0
301,126,116,3,151.15,0.15
302,127,6,4,148.07,0.0
303,127,1,1,250.67,0.0
304,127,86,4,508.15,0.15
305,128,37,2,678.06,0.1
306,128,60,2,765.19,0.05
307,128,29,1,332.87,0.0
308,128,99,3,654.14,0.0
309,129,61,5,610.85,0.0
310,129,35,3,368.74,0.0
311,130,53,1,90.14,0.05
312,130,100,1,192.03,0.0
313,131,98,3,387.36,0.0
314,131,110,5,551.82,0.05
315,131,16,5,337.82,0.0
316,131,81,3,472.42,0.0
317,132,116,2,151.15,0.0
318,133,24,1,576.43,0.0
319,133,84,3,233.29,0.1
320,134,2,5,225.66,0.0
321,134,68,4,187.83,0.15
322,134,69,1,199.67,0.05
323,135,105,4,161.35,0.0
324,135,75,2,102.43,0.0
325,135,58,2,421.43,0.1
326,135,50,2,641.98,0.0
327,136,9,4,566.94,0.05
328,136,83,3,229.64,0.15
329,137,104,2,497.51,0.0
330,137,65,4,775.34,0.0
331,137,49,1,224.05,0.0
332,137,54,5,589.22,0.0
333,138,59,2,189.03,0.0
334,138,90,5,250.98,0.05
335,138,8,4,230.66,0.0
336,138,75,3,102.43,0.0
337,139,91,2,111.41,0.0
338,139,2,4,225.66,0.0
339,139,79,3,353.32,0.05
340,139,62,5,455.65,0.15
341,140,57,3,359.66,0.0
342,140,105,5,161.35,0.0
343,140,68,2,187.83,0.05
344,141,92,2,473.15,0.0
345,141,91,1,111.41,0.0
346,141,42,4,506.69,0.1
347,141,54,5,589.22,0.1
348,142,109,5,345.03,0.05
349,142,53,5,90.14,0.1
350,142,26,5,283.16,0.0
351,142,100,4,192.03,0.1
352,143,43,1,487.39,0.0
353,143,91,5,111.41,0.05
354,144,44,3,155.05,0.0
355,144,58,4,421.43,0.0
356,144,101,2,530.68,0.0
357,144,74,5,259.9,0.1
358,145,3,3,400.77,0.15
359,145,38,1,342.42,0.15
360,146,55,5,143.78,0.0
361,146,114,5,321.32,0.15
362,147,97,4,140.58,0.0
363,147,16,5,337.82,0.1
364,148,17,5,335.91,0.1
365,149,13,4,546.51,0.0
366,150,100,2,192.03,0.05
367,150,120,2,437.18,0.1
368,150,44,3,155.05,0.0
369,151,33,4,596.3,0.0
370,151,70,4,477.56,0.15
371,152,102,5,268.48,0.0
372,153,114,3,321.32,0.05
373,153,77,4,20.71,0.1
374,153,47,5,533.66,0.1
375,153,108,4,564.18,0.05
376,154,35,2,368.74,0.0
377,154,74,5,259.9,0.1
378,155,27,4,50.29,0.15
379,156,117,4,97.33,0.05
380,156,34,4,269.02,0.0
381,156,45,4,124.25,0.0
382,157,29,3,332.87,0.05
383,157,107,4,70.69,0.1
384,157,119,5,181.96,0.1
385,158,44,4,155.05,0.05
386,158,37,5,678.06,0.15
387,158,67,5,439.64,0.0
388,158,14,2,167.56,0.0
389,159,51,5,592.49,0.0
390,159,18,5,774.6,0.05
391,159,93,5,96.97,0.0
392,159,6,2,148.07,0.0
393,160,29,1,332.87,0.0
394,160,45,1,124.25,0.15
395,160,42,2,506.69,0.0
396,161,53,3,90.14,0.0
397,161,68,5,187.83,0.0
398,162,89,4,156.62,0.1
399,162,67,3,439.64,0.0
400,162,56,3,701.89,0.1
401,163,119,2,181.96,0.1
402,163,33,3,596.3,0.0
403,164,31,2,492.63,0.05
404,164,13,2,546.51,0.15
405,165,1,1,250.67,0.0
406,165,90,3,250.98,0.0
407,166,69,5,199.67,0.15
408,166,36,4,461.97,0.05
409,167,96,2,261.53,0.1
410,167,35,5,368.74,0.05
411,168,58,2,421.43,0.0
412,169,60,2,765.19,0.0
413,169,39,2,435.88,0.0
414,169,21,4,128.96,0.15
415,169,102,5,268.48,0.0
416,170,27,3,50.29,0.0
417,170,54,1,589.22,0.05
418,171,101,4,530.68,0.0
419,172,34,3,269.02,0.0
420,172,17,3,335.91,0.0
421,173,71,2,298.03,0.0
422,173,97,5,140.58,0.0
423,173,6,5,148.07,0.0
424,173,40,5,246.27,0.05
425,174,55,5,143.78,0.0
426,174,77,2,20.71,0.15
427,174,58,4,421.43,0.0
428,175,114,4,321.32,0.0
429,176,17,5,335.91,0.1
430,176,102,4,268.48,0.0
431,176,100,5,192.03,0.05
432,177,36,1,461.97,0.15
433,177,110,3,551.82,0.1
434,178,81,5,472.42,0.0
435,178,102,3,268.48,0.05
436,178,51,4,592.49,0.05
437,179,107,3,70.69,0.05
438,179,78,4,496.95,0.0
439,179,13,3,546.51,0.1
440,180,20,2,344.47,0.0
441,180,74,3,259.9,0.15
442,180,32,3,527.45,0.1
443,180,102,5,268.48,0.15
444,181,10,3,358.28,0.1
445,182,96,1,261.53,0.0
446,182,38,2,342.42,0.0
447,182,20,3,344.47,0.1
448,183,96,5,261.53,0.05
449,183,37,5,678.06,0.0
450,183,19,4,236.74,0.05
451,183,7,1,342.91,0.0
452,184,25,5,424.49,0.0
453,184,71,4,298.03,0.0
454,184,65,5,775.34,0.0
455,184,68,1,187.83,0.1
456,185,27,3,50.29,0.15
457,185,6,1,148.07,0.15
458,185,114,2,321.32,0.05
459,185,14,2,167.56,0.0
460,186,79,3,353.32,0.05
461,186,103,2,415.47,0.0
462,186,14,5,167.56,0.0
463,186,89,5,156.62,0.0
464,187,2,2,225.66,0.1
465,187,90,5,250.98,0.05
466,187,119,2,181.96,0.0
467,187,40,4,246.27,0.05
468,188,57,3,359.66,0.05
469,189,76,1,544.8,0.0
470,189,115,1,191.72,0.05
471,189,44,5,155.05,0.15
472,190,38,3,342.42,0.0
473,190,74,3,259.9,0.0
474,191,89,2,156.62,0.15
475,191,12,4,665.95,0.05
476,192,94,3,357.14,0.1
477,192,97,5,140.58,0.15
478,192,113,3,113.5,0.0
479,192,1,4,250.67,0.0
480,193,49,4,224.05,0.15
481,194,76,5,544.8,0.15
482,194,41,5,466.15,0.05
483,194,100,5,192.03,0.0
484,194,28,5,278.53,0.0
485,195,73,4,693.24,0.1
486,195,82,3,382.23,0.15
487,195,101,3,530.68,0.0
488,196,25,1,424.49,0.0
489,196,120,3,437.18,0.0
490,196,84,1,233.29,0.0
491,197,107,3,70.69,0.0
492,197,50,3,641.98,0.0
493,198,107,1,70.69,0.0
494,198,8,2,230.66,0.1
495,199,91,4,111.41,0.05
496,199,59,2,189.03,0.0
497,199,114,5,321.32,0.05
498,200,27,3,50.29,0.15
499,200,119,2,181.96,0.1
500,201,29,5,332.87,0.0
501,202,52,4,119.81,0.05
502,202,74,3,259.9,0.0
503,202,35,3,368.74,0.15
504,202,10,4,358.28,0.1
505,203,116,4,151.15,0.0
506,203,56,2,701.89,0.0
507,204,28,1,278.53,0.05
508,204,54,1,589.22,0.15
509,204,23,1,473.03,0.0
510,204,114,1,321.32,0.0
511,205,52,2,119.81,0.05
512,205,110,3,551.82,0.0
513,205,41,2,466.15,0.0
514,205,117,2,97.33,0.15
515,206,38,5,342.42,0.15
516,207,32,1,527.45,0.0
517,207,91,5,111.41,0.05
518,207,1,4,250.67,0.05
519,207,12,1,665.95,0.05
520,208,42,3,506.69,0.05
521,209,25,5,424.49,0.0
522,210,94,5,357.14,0.0
523,210,61,5,610.85,0.15
524,211,101,1,530.68,0.0
525,211,76,1,544.8,0.05
526,211,107,3,70.69,0.1
527,211,42,2,506.69,0.0
528,212,10,4,358.28,0.05
529,212,113,1,113.5,0.15
530,212,58,1,421.43,0.0
531,212,67,4,439.64,0.1
532,213,117,1,97.33,0.05
533,213,41,4,466.15,0.1
534,214,71,4,298.03,0.15
535,214,108,2,564.18,0.05
536,215,92,1,473.15,0.0
537,216,82,2,382.23,0.1
538,217,27,2,50.29,0.1
539,217,111,4,220.69,0.1
540,217,30,2,474.66,0.0
541,218,1,1,250.67,0.15
542,218,17,4,335.91,0.15
543,219,94,3,357.14,0.0
544,219,103,2,415.47,0.0
545,219,32,5,527.45,0.1
546,220,30,2,474.66,0.1
547,220,114,3,321.32,0.1
548,221,98,2,387.36,0.0
549,222,83,5,229.64,0.0
550,222,86,5,508.15,0.0
551,223,96,4,261.53,0.0
552,223,90,2,250.98,0.15
553,223,18,4,774.6,0.0
554,223,84,1,233.29,0.1
555,224,102,4,268.48,0.0
556,224,41,4,466.15,0.0
557,224,80,4,334.64,0.1
558,225,51,2,592.49,0.05
559,225,69,2,199.67,0.0
560,225,64,2,433.42,0.15
561,225,10,3,358.28,0.0
562,226,120,2,437.18,0.0
563,226,92,4,473.15,0.15
564,226,73,4,693.24,0.0
565,227,75,2,102.43,0.15
566,228,110,1,551.82,0.0
567,228,3,1,400.77,0.0
568,229,57,3,359.66,0.1
569,229,54,4,589.22,0.1
570,229,68,4,187.83,0.0
571,229,101,5,530.68,0.1
572,230,81,5,472.42,0.1
573,230,49,2,224.05,0.1
574,230,41,1,466.15,0.15
575,231,59,2,189.03,0.0
576,231,106,4,293.96,0.0
577,231,29,5,332.87,0.0
578,232,110,1,551.82,0.05
579,232,6,5,148.07,0.0
580,233,74,1,259.9,0.05
581,233,20,4,344.47,0.15
582,233,81,5,472.42,0.0
583,233,100,5,192.03,0.0
584,234,119,4,181.96,0.0
585,234,81,4,472.42,0.0
586,234,76,1,544.8,0.05
587,235,36,1,461.97,0.05
588,235,38,5,342.42,0.0
589,235,104,5,497.51,0.05
590,236,105,2,161.35,0.0
591,236,27,1,50.29,0.1
592,236,78,3,496.95,0.0
593,236,35,2,368.74,0.15
594,237,39,5,435.88,0.1
595,237,43,4,487.39,0.1
596,237,72,4,417.09,0.0
597,238,19,3,236.74,0.1
598,238,105,3,161.35,0.05
599,238,84,1,233.29,0.0
600,239,97,2,140.58,0.1
601,240,94,4,357.14,0.1
602,240,98,4,387.36,0.1
603,241,52,5,119.81,0.1
604,241,37,5,678.06,0.0
605,241,18,4,774.6,0.0
606,241,80,4,334.64,0.0
607,242,10,5,358.28,0.0
608,242,18,5,774.6,0.05
609,242,26,2,283.16,0.15
610,243,18,3,774.6,0.0
611,244,76,2,544.8,0.15
612,244,9,4,566.94,0.0
613,244,102,2,268.48,0.0
614,245,94,4,357.14,0.0
615,245,56,2,701.89,0.0
616,245,55,4,143.78,0.0
617,246,116,1,151.15,0.0
618,246,93,4,96.97,0.05
619,246,73,1,693.24,0.15
620,246,52,2,119.81,0.05
621,247,86,3,508.15,0.0
622,247,110,5,551.82,0.15
623,247,109,5,345.03,0.1
624,248,32,3,527.45,0.0
625,249,93,2,96.97,0.0
626,249,40,5,246.27,0.0
627,249,2,1,225.66,0.0
628,249,41,2,466.15,0.05
629,250,18,4,774.6,0.15
630,250,60,3,765.19,0.0
631,251,14,4,167.56,0.15
632,251,118,3,357.13,0.0
633,251,106,4,293.96,0.1
634,252,98,1,387.36,0.15
635,253,107,3,70.69,0.0
636,253,20,2,344.47,0.0
637,253,65,5,775.34,0.15
638,253,78,4,496.95,0.0
639,254,86,5,508.15,0.0
640,254,27,2,50.29,0.0
641,254,52,5,119.81,0.0
642,255,81,3,472.42,0.15
643,255,72,4,417.09,0.15
644,255,41,1,466.15,0.0
645,256,32,4,527.45,0.0
646,256,40,3,246.27,0.05
647,256,117,4,97.33,0.0
648,256,42,3,506.69,0.0
649,257,31,5,492.63,0.15
650,257,7,1,342.91,0.0
651,258,24,3,576.43,0.0
652,258,77,3,20.71,0.05
653,259,105,3,161.35,0.0
654,260,104,4,497.51,0.05
655,261,56,5,701.89,0.15
656,261,67,2,439.64,0.15
657,261,87,3,87.7,0.0
658,261,111,4,220.69,0.0
659,262,92,4,473.15,0.0
660,262,88,4,217.75,0.0
661,262,57,1,359.66,0.05
662,262,11,5,431.92,0.15
663,263,81,3,472.42,0.0
664,263,14,1,167.56,0.05
665,263,116,1,151.15,0.05
666,264,42,3,506.69,0.05
667,264,54,4,589.22,0.15
668,265,110,4,551.82,0.1
669,265,85,1,294.43,0.05
670,265,37,3,678.06,0.15
671,266,92,2,473.15,0.05
672,267,29,4,332.87,0.15
673,268,90,4,250.98,0.15
674,269,94,5,357.14,0.0
675,270,115,4,191.72,0.0
676,270,26,4,283.16,0.0
677,270,91,2,111.41,0.0
678,271,42,4,506.69,0.0
679,271,92,3,473.15,0.15
680,271,68,4,187.83,0.0
681,272,90,5,250.98,0.15
682,272,97,5,140.58,0.05
683,272,43,1,487.39,0.0
684,272,118,2,357.13,0.05
685,273,61,5,610.85,0.05
686,273,110,1,551.82,0.0
687,273,97,3,140.58,0.15
688,273,40,2,246.27,0.15
689,274,82,5,382.23,0.1
690,274,27,1,50.29,0.15
691,274,43,3,487.39,0.1
692,275,85,4,294.43,0.0
693,275,34,3,269.02,0.0
694,276,92,5,473.15,0.15
695,276,30,1,474.66,0.15
696,276,117,3,97.33,0.15
697,276,11,4,431.92,0.1
698,277,50,5,641.98,0.0
699,277,60,3,765.19,0.0
700,277,12,3,665.95,0.0
701,277,14,4,167.56,0.0
702,278,115,3,191.72,0.0
703,278,50,1,641.98,0.0
704,278,100,5,192.03,0.15
705,278,54,4,589.22,0.0
706,279,23,4,473.03,0.0
707,279,34,4,269.02,0.15
708,279,76,3,544.8,0.0
709,280,1,2,250.67,0.05
710,280,41,5,466.15,0.05
711,280,98,1,387.36,0.0
712,281,92,5,473.15,0.0
713,281,64,3,433.42,0.0
714,282,58,3,421.43,0.05
715,283,57,1,359.66,0.0
716,283,29,3,332.87,0.0
717,283,44,5,155.05,0.15
718,283,92,3,473.15,0.1
719,284,108,3,564.18,0.0
720,284,11,2,431.92,0.15
721,284,28,3,278.53,0.0
722,284,51,1,592.49,0.0
723,285,41,4,466.15,0.05
724,285,105,1,161.35,0.0
725,286,120,3,437.18,0.15
726,287,102,3,268.48,0.0
727,288,96,4,261.53,0.1
728,288,33,4,596.3,0.0
729,288,52,2,119.81,0.1
730,289,29,4,332.87,0.0
731,289,74,2,259.9,0.15
732,290,85,1,294.43,0.05
733,291,62,3,455.65,0.0
734,292,69,3,199.67,0.0
735,292,112,3,530.6,0.0
736,292,49,4,224.05,0.0
737,293,23,4,473.03,0.0
738,293,12,1,665.95,0.0
739,294,14,1,167.56,0.1
740,295,67,5,439.64,0.05
741,295,3,3,400.77,0.15
742,295,33,5,596.3,0.0
743,296,47,5,533.66,0.15
744,297,8,4,230.66,0.05
745,297,9,5,566.94,0.15
746,297,24,3,576.43,0.0
747,297,14,1,167.56,0.15
748,298,90,4,250.98,0.0
749,298,78,1,496.95,0.0
750,299,59,4,189.03,0.0
751,299,80,3,334.64,0.05
752,299,31,1,492.63,0.15
753,300,19,3,236.74,0.15
754,300,99,4,654.14,0.0
755,300,30,2,474.66,0.0
756,300,50,2,641.98,0.0
757,301,49,3,224.05,0.05
758,301,56,3,701.89,0.0
759,301,92,2,473.15,0.0
760,302,12,3,665.95,0.15
761,302,109,1,345.03,0.1
762,302,50,4,641.98,0.0
763,302,73,2,693.24,0.0
764,303,22,3,155.04,0.0
765,303,11,1,431.92,0.0
766,303,94,3,357.14,0.0
767,303,77,5,20.71,0.0
768,304,13,4,546.51,0.0
769,304,84,2,233.29,0.15
770,304,55,1,143.78,0.1
771,304,66,2,325.89,0.0
772,305,29,1,332.87,0.15
773,305,2,1,225.66,0.05
774,306,87,2,87.7,0.1
775,306,9,4,566.94,0.0
776,306,118,5,357.13,0.0
777,307,71,1,298.03,0.0
778,307,52,4,119.81,0.15
779,307,98,2,387.36,0.1
780,308,4,5,538.06,0.1
781,308,53,4,90.14,0.1
782,308,35,5,368.74,0.1
783,308,72,5,417.09,0.1
784,309,57,5,359.66,0.05
785,309,106,5,293.96,0.0
786,310,63,2,460.08,0.0
787,311,118,5,357.13,0.0
788,311,69,2,199.67,0.15
789,311,18,1,774.6,0.0
790,311,14,2,167.56,0.05
791,312,104,2,497.51,0.0
792,312,21,5,128.96,0.05
793,313,19,2,236.74,0.0
794,313,95,5,197.03,0.0
795,314,115,2,191.72,0.0
796,314,108,5,564.18,0.0
797,315,103,5,415.47,0.15
798,315,112,4,530.6,0.0
799,316,31,4,492.63,0.0
800,316,51,3,592.49,0.0
801,316,84,5,233.29,0.15
802,316,46,3,429.96,0.1
803,317,105,5,161.35,0.0
804,318,84,3,233.29,0.0
805,318,7,5,342.91,0.0
806,318,77,1,20.71,0.0
807,318,47,3,533.66,0.0
808,319,51,5,592.49,0.0
809,319,83,5,229.64,0.0
810,319,41,5,466.15,0.15
811,319,12,3,665.95,0.05
812,320,87,5,87.7,0.15
813,320,97,1,140.58,0.0
814,320,14,2,167.56,0.05
815,320,103,5,415.47,0.1
816,321,80,3,334.64,0.0
817,322,99,1,654.14,0.15
818,322,56,5,701.89,0.15
819,322,96,1,261.53,0.15
820,322,6,4,148.07,0.0
821,323,10,4,358.28,0.1
822,323,68,1,187.83,0.1
823,323,82,2,382.23,0.05
824,324,46,2,429.96,0.0
825,324,92,5,473.15,0.15
826,325,64,4,433.42,0.1
827,325,19,2,236.74,0.05
828,325,14,4,167.56,0.05
829,325,22,3,155.04,0.0
830,326,73,2,693.24,0.0
831,326,107,4,70.69,0.0
832,326,80,2,334.64,0.0
833,327,83,3,229.64,0.0
834,328,116,3,151.15,0.15
835,328,29,5,332.87,0.1
836,329,109,5,345.03,0.05
837,329,119,1,181.96,0.15
838,330,87,5,87.7,0.1
839,331,33,3,596.3,0.0
840,331,39,1,435.88,0.0
841,332,68,5,187.83,0.1
842,332,71,1,298.03,0.1
843,333,47,1,533.66,0.0
844,333,95,4,197.03,0.1
845,334,82,2,382.23,0.0
846,334,68,4,187.83,0.0
847,334,28,3,278.53,0.05
848,335,27,1,50.29,0.0
849,335,77,5,20.71,0.0
850,335,54,5,589.22,0.0
851,335,6,2,148.07,0.0
852,336,33,5,596.3,0.0
853,337,68,3,187.83,0.1
854,338,43,4,487.39,0.0
855,338,112,1,530.6,0.1
856,339,13,4,546.51,0.0
857,340,24,4,576.43,0.0
858,340,29,1,332.87,0.0
859,340,56,4,701.89,0.0
860,341,83,1,229.64,0.15
861,341,46,5,429.96,0.15
862,341,59,2,189.03,0.05
863,342,36,5,461.97,0.1
864,342,25,4,424.49,0.15
865,342,27,4,50.29,0.0
866,343,50,5,641.98,0.1
867,343,5,2,206.39,0.15
868,344,35,2,368.74,0.1
869,345,63,4,460.08,0.15
870,345,72,5,417.09,0.0
871,346,60,3,765.19,0.0
872,347,100,4,192.03,0.0
873,347,75,2,102.43,0.15
874,348,61,4,610.85,0.0
875,348,103,4,415.47,0.0
876,348,47,2,533.66,0.1
877,349,37,3,678.06,0.0
878,349,51,4,592.49,0.05
879,349,33,1,596.3,0.05
880,350,58,4,421.43,0.1
881,351,40,2,246.27,0.1
882,351,65,4,775.34,0.15
883,351,51,1,592.49,0.0
884,352,106,3,293.96,0.15
885,352,28,1,278.53,0.0
886,352,87,5,87.7,0.05
887,353,11,4,431.92,0.15
888,353,88,5,217.75,0.0
889,353,44,1,155.05,0.0
890,354,114,3,321.32,0.1
891,354,8,1,230.66,0.0
892,354,7,4,342.91,0.1
893,354,98,1,387.36,0.15
894,355,81,1,472.42,0.0
895,356,34,1,269.02,0.0
896,356,23,2,473.03,0.0
897,356,24,5,576.43,0.0
898,357,21,1,128.96,0.0
899,357,57,2,359.66,0.0
900,358,18,1,774.6,0.15
901,359,6,5,148.07,0.0
902,359,22,1,155.04,0.0
903,359,8,4,230.66,0.1
904,359,82,5,382.23,0.05
905,360,114,2,321.32,0.1
906,360,94,1,357.14,0.0
907,360,89,5,156.62,0.0
908,360,15,1,434.83,0.15
909,361,115,1,191.72,0.05
910,361,87,4,87.7,0.0
911,362,63,1,460.08,0.0
912,362,23,5,473.03,0.0
913,362,80,1,334.64,0.1
914,362,14,2,167.56,0.05
915,363,29,2,332.87,0.05
916,364,8,4,230.66,0.0
917,364,101,2,530.68,0.0
918,365,62,3,455.65,0.0
919,365,49,4,224.05,0.0
920,365,89,1,156.62,0.1
921,365,44,3,155.05,0.0
922,366,73,1,693.24,0.15
923,366,56,5,701.89,0.15
924,366,33,2,596.3,0.15
925,367,38,3,342.42,0.15
926,368,50,2,641.98,0.15
927,368,56,1,701.89,0.0
928,368,1,4,250.67,0.05
929,368,81,2,472.42,0.0
930,369,7,3,342.91,0.1
931,369,25,1,424.49,0.15
932,369,9,3,566.94,0.05
933,370,52,3,119.81,0.1
934,370,11,2,431.92,0.0
935,371,107,1,70.69,0.1
936,371,116,3,151.15,0.15
937,371,20,1,344.47,0.05
938,372,92,3,473.15,0.15
939,372,35,4,368.74,0.0
940,372,108,5,564.18,0.0
941,373,84,2,233.29,0.0
942,373,96,5,261.53,0.0
943,373,86,1,508.15,0.1
944,373,69,5,199.67,0.05
945,374,34,1,269.02,0.0
946,374,40,2,246.27,0.05
947,374,119,5,181.96,0.15
948,375,108,5,564.18,0.05
949,375,29,1,332.87,0.1
950,376,42,2,506.69,0.05
951,377,79,3,353.32,0.0
952,378,26,5,283.16,0.0
953,378,99,2,654.14,0.1
954,378,42,5,506.69,0.15
955,378,66,2,325.89,0.05
956,379,8,4,230.66,0.0
957,379,20,3,344.47,0.1
958,380,86,1,508.15,0.0
959,381,7,5,342.91,0.1
960,382,59,3,189.03,0.1
961,382,30,5,474.66,0.0
962,382,43,2,487.39,0.0
963,382,89,1,156.62,0.15
964,383,71,3,298.03,0.0
965,384,47,4,533.66,0.0
966,384,95,1,197.03,0.0
967,384,12,4,665.95,0.0
968,385,117,2,97.33,0.0
969,385,111,2,220.69,0.0
970,385,87,2,87.7,0.0
971,386,73,4,693.24,0.0
972,386,112,2,530.6,0.0
973,386,102,5,268.48,0.15
974,386,38,2,342.42,0.0
975,387,111,2,220.69,0.0
976,387,48,2,688.65,0.05
977,388,30,4,474.66,0.0
978,388,14,2,167.56,0.05
979,388,80,2,334.64,0.15
980,388,26,3,283.16,0.0
981,389,93,5,96.97,0.0
982,389,27,1,50.29,0.05
983,389,89,5,156.62,0.0
984,390,25,1,424.49,0.05
985,391,78,5,496.95,0.0
986,391,79,3,353.32,0.0
987,392,97,1,140.58,0.05
988,392,112,2,530.6,0.0
989,393,5,3,206.39,0.15
990,394,66,5,325.89,0.0
991,395,42,4,506.69,0.1
992,395,43,1,487.39,0.0
993,395,29,5,332.87,0.15
994,396,81,4,472.42,0.0
995,396,113,2,113.5,0.0
996,397,106,3,293.96,0.0
997,398,3,1,400.77,0.15
998,398,120,4,437.18,0.0
999,399,64,1,433.42,0.1
1000,399,14,4,167.56,0.15
1001,399,22,5,155.04,0.15
1002,400,59,2,189.03,0.0
1003,401,48,1,688.65,0.05
1004,401,28,4,278.53,0.1
1005,401,68,3,187.83,0.0
1006,402,38,4,342.42,0.0
1007,402,88,3,217.75,0.0
1008,402,81,2,472.42,0.0
1009,403,12,1,665.95,0.05
1010,403,14,3,167.56,0.1
1011,403,108,1,564.18,0.0
1012,403,114,3,321.32,0.15
1013,404,57,2,359.66,0.0
1014,404,62,3,455.65,0.15
1015,405,49,3,224.05,0.15
1016,406,75,2,102.43,0.0
1017,406,84,3,233.29,0.15
1018,406,96,4,261.53,0.15
1019,407,104,1,497.51,0.1
1020,407,31,5,492.63,0.05
1021,407,74,1,259.9,0.0
1022,408,52,5,119.81,0.05
1023,408,62,4,455.65,0.1
1024,408,110,3,551.82,0.1
1025,409,81,2,472.42,0.1
1026,410,78,3,496.95,0.0
1027,410,91,2,111.41,0.05
1028,411,7,3,342.91,0.0
1029,412,21,2,128.96,0.0
1030,413,11,5,431.92,0.0
1031,414,67,2,439.64,0.05
1032,415,120,3,437.18,0.1
1033,415,1,4,250.67,0.1
1034,415,63,1,460.08,0.1
1035,415,78,1,496.95,0.05
1036,416,46,2,429.96,0.1
1037,416,80,4,334.64,0.15
1038,416,66,1,325.89,0.05
1039,417,112,3,530.6,0.15
1040,417,29,2,332.87,0.0
1041,418,79,3,353.32,0.0
1042,419,111,4,220.69,0.0
1043,420,24,5,576.43,0.0
1044,420,20,3,344.47,0.0
1045,420,93,2,96.97,0.05
1046,420,26,4,283.16,0.0
1047,421,78,4,496.95,0.0
1048,421,94,2,357.14,0.05
1049,421,54,4,589.22,0.05
1050,422,52,5,119.81,0.1
1051,423,9,2,566.94,0.0
1052,423,30,1,474.66,0.0
1053,423,86,3,508.15,0.0
1054,423,27,2,50.29,0.0
1055,424,61,4,610.85,0.05
1056,424,17,1,335.91,0.1
1057,424,93,4,96.97,0.0
1058,424,118,4,357.13,0.05
1059,425,5,4,206.39,0.05
1060,425,112,2,530.6,0.0
1061,426,93,3,96.97,0.0
1062,426,63,5,460.08,0.0
1063,426,29,4,332.87,0.0
1064,427,68,2,187.83,0.0
1065,427,118,5,357.13,0.1
1066,427,33,1,596.3,0.15
1067,427,82,4,382.23,0.0
1068,428,16,1,337.82,0.05
1069,429,52,4,119.81,0.15
1070,430,49,5,224.05,0.0
1071,430,65,1,775.34,0.05
1072,430,9,2,566.94,0.15
1073,431,31,5,492.63,0.1
1074,431,105,1,161.35,0.15
1075,432,3,5,400.77,0.05
1076,432,95,4,197.03,0.15
1077,433,42,4,506.69,0.0
1078,434,37,4,678.06,0.15
1079,434,111,1,220.69,0.0
1080,434,96,4,261.53,0.0
1081,434,38,5,342.42,0.05
1082,435,72,5,417.09,0.0
1083,436,78,4,496.95,0.1
1084,436,86,2,508.15,0.0
1085,437,58,1,421.43,0.0
1086,437,81,5,472.42,0.15
1087,437,73,4,693.24,0.0
1088,437,5,5,206.39,0.0
1089,438,80,5,334.64,0.0
1090,438,62,5,455.65,0.0
1091,439,1,5,250.67,0.15
1092,439,21,4,128.96,0.1
1093,439,63,2,460.08,0.15
1094,440,6,3,148.07,0.05
1095,441,78,1,496.95,0.05
1096,441,108,1,564.18,0.0
1097,441,91,3,111.41,0.0
1098,442,43,4,487.39,0.0
1099,442,48,3,688.65,0.0
1100,442,42,3,506.69,0.05
1101,443,67,1,439.64,0.0
1102,443,34,4,269.02,0.1
1103,444,34,2,269.02,0.0
1104,444,120,3,437.18,0.05
1105,445,1,5,250.67,0.15
1106,445,51,3,592.49,0.0
1107,446,1,3,250.67,0.0
1108,446,108,5,564.18,0.0
1109,446,60,1,765.19,0.0
1110,446,82,5,382.23,0.0
1111,447,3,3,400.77,0.0
1112,447,66,3,325.89,0.05
1113,448,2,5,225.66,0.0
1114,448,86,2,508.15,0.1
1115,449,85,1,294.43,0.15
1116,449,4,2,538.06,0.1
1117,449,107,4,70.69,0.0
1118,449,46,1,429.96,0.0
1119,450,27,5,50.29,0.05
1120,451,31,4,492.63,0.1
1121,451,52,5,119.81,0.1
1122,451,66,5,325.89,0.0
1123,452,41,1,466.15,0.15
1124,453,87,1,87.7,0.0
1125,453,39,4,435.88,0.0
1126,453,106,3,293.96,0.0
1127,454,96,4,261.53,0.0
1128,455,63,4,460.08,0.05
1129,455,55,2,143.78,0.0
1130,456,106,4,293.96,0.1
1131,456,114,1,321.32,0.05
1132,457,95,4,197.03,0.0
1133,457,113,1,113.5,0.1
1134,458,18,5,774.6,0.1
1135,459,93,3,96.97,0.0
1136,459,109,1,345.03,0.05
1137,459,64,5,433.42,0.0
1138,460,23,5,473.03,0.0
1139,460,14,5,167.56,0.1
1140,461,22,3,155.04,0.05
1141,461,97,5,140.58,0.0
1142,462,85,2,294.43,0.0
1143,462,19,5,236.74,0.0
1144,462,15,3,434.83,0.15
1145,462,11,5,431.92,0.15
1146,463,50,3,641.98,0.05
1147,464,110,2,551.82,0.0
1148,464,13,5,546.51,0.1
1149,465,90,5,250.98,0.15
1150,465,105,5,161.35,0.15
1151,465,115,4,191.72,0.15
1152,466,118,3,357.13,0.15
1153,467,74,1,259.9,0.1
1154,467,62,5,455.65,0.15
1155,467,39,1,435.88,0.15
1156,467,80,2,334.64,0.15
1157,468,82,4,382.23,0.0
1158,468,73,5,693.24,0.0
1159,469,10,1,358.28,0.0
1160,470,74,2,259.9,0.1
1161,471,57,1,359.66,0.0
1162,471,80,2,334.64,0.0
1163,471,98,3,387.36,0.15
1164,471,1,5,250.67,0.1
1165,472,78,5,496.95,0.0
1166,472,67,1,439.64,0.0
1167,473,105,1,161.35,0.0
1168,474,53,4,90.14,0.1
1169,475,74,5,259.9,0.15
1170,475,78,4,496.95,0.0
1171,475,41,2,466.15,0.0
1172,476,57,5,359.66,0.0
1173,476,60,2,765.19,0.05
1174,476,65,1,775.34,0.0
1175,477,33,3,596.3,0.15
1176,477,88,4,217.75,0.0
1177,477,105,2,161.35,0.1
1178,478,30,2,474.66,0.1
1179,479,30,4,474.66,0.0
1180,479,59,3,189.03,0.0
1181,480,25,5,424.49,0.0
1182,480,73,4,693.24,0.0
1183,480,27,4,50.29,0.0
1184,481,15,4,434.83,0.0
1185,482,76,5,544.8,0.0
1186,482,75,3,102.43,0.1
1187,482,117,2,97.33,0.0
1188,483,36,4,461.97,0.15
1189,483,60,3,765.19,0.0
1190,483,26,3,283.16,0.0
1191,484,106,1,293.96,0.1
1192,484,3,5,400.77,0.05
1193,485,29,4,332.87,0.0
1194,486,103,4,415.47,0.0
1195,486,19,3,236.74,0.15
1196,487,113,5,113.5,0.0
1197,487,26,1,283.16,0.0
1198,488,111,5,220.69,0.15
1199,488,70,2,477.56,0.0
1200,489,84,2,233.29,0.1
1201,489,80,2,334.64,0.15
1202,490,106,5,293.96,0.1
1203,491,119,3,181.96,0.1
1204,492,51,4,592.49,0.0
1205,492,53,2,90.14,0.0
1206,493,86,1,508.15,0.15
1207,494,90,4,250.98,0.0
1208,494,119,5,181.96,0.0
1209,494,43,4,487.39,0.1
1210,495,30,3,474.66,0.0
1211,495,34,5,269.02,0.0
1212,495,95,5,197.03,0.15
1213,495,120,1,437.18,0.1
1214,496,66,2,325.89,0.0
1215,496,103,2,415.47,0.1
1216,497,10,5,358.28,0.05
1217,498,4,2,538.06,0.0
1218,499,56,5,701.89,0.05
1219,499,29,4,332.87,0.0
1220,499,108,4,564.18,0.0
1221,500,84,5,233.29,0.0
1222,500,66,4,325.89,0.05
1223,500,71,4,298.03,0.15
1224,500,51,3,592.49,0.1
1225,501,88,3,217.75,0.0
1226,502,114,1,321.32,0.0
1227,502,4,5,538.06,0.0
1228,503,68,1,187.83,0.15
1229,504,39,4,435.88,0.15
1230,504,21,3,128.96,0.0
1231,505,36,1,461.97,0.15
1232,505,13,2,546.51,0.0
1233,506,5,3,206.39,0.0
1234,506,103,2,415.47,0.1
1235,506,38,1,342.42,0.0
1236,507,78,5,496.95,0.0
1237,507,31,1,492.63,0.15
1238,508,48,3,688.65,0.0
1239,508,37,5,678.06,0.15
1240,508,69,4,199.67,0.05
1241,508,1,3,250.67,0.0
1242,509,74,2,259.9,0.1
1243,509,57,1,359.66,0.0
1244,510,101,4,530.68,0.0
1245,510,80,5,334.64,0.0
1246,510,107,1,70.69,0.1
1247,510,87,3,87.7,0.0
1248,511,97,5,140.58,0.0
1249,511,110,1,551.82,0.15
1250,511,100,1,192.03,0.0
1251,511,22,4,155.04,0.1
1252,512,47,1,533.66,0.05
1253,512,16,5,337.82,0.1
1254,512,36,2,461.97,0.1
1255,512,86,1,508.15,0.05
1256,513,104,1,497.51,0.0
1257,513,87,5,87.7,0.15
1258,513,9,3,566.94,0.0
1259,514,91,5,111.41,0.15
1260,515,119,1,181.96,0.0
1261,516,77,1,20.71,0.1
1262,517,117,2,97.33,0.05
1263,518,9,2,566.94,0.0
1264,518,100,5,192.03,0.0
1265,519,78,1,496.95,0.05
1266,519,5,1,206.39,0.0
1267,519,30,1,474.66,0.0
1268,519,22,4,155.04,0.1
1269,520,109,4,345.03,0.1
1270,520,113,1,113.5,0.05
1271,521,26,5,283.16,0.15
1272,522,82,5,382.23,0.05
1273,522,5,5,206.39,0.0
1274,522,15,4,434.83,0.0
1275,523,114,1,321.32,0.0
1276,524,95,1,197.03,0.0
1277,524,76,2,544.8,0.05
1278,524,91,1,111.41,0.15
1279,525,88,2,217.75,0.15
1280,525,70,1,477.56,0.05
1281,525,120,2,437.18,0.0
1282,525,57,2,359.66,0.05
1283,526,69,3,199.67,0.0
1284,526,88,3,217.75,0.05
1285,527,77,1,20.71,0.1
1286,527,90,4,250.98,0.15
1287,528,56,1,701.89,0.05
1288,529,96,4,261.53,0.05
1289,529,94,3,357.14,0.1
1290,529,80,2,334.64,0.0
1291,530,24,3,576.43,0.0
1292,530,66,5,325.89,0.0
1293,530,99,5,654.14,0.05
1294,531,103,3,415.47,0.0
1295,531,17,5,335.91,0.05
1296,531,111,1,220.69,0.0
1297,531,118,5,357.13,0.0
1298,532,118,5,357.13,0.0
1299,533,15,2,434.83,0.0
1300,533,2,3,225.66,0.15
1301,533,66,1,325.89,0.05
1302,533,103,2,415.47,0.0
1303,534,92,4,473.15,0.1
1304,535,5,1,206.39,0.05
1305,536,11,5,431.92,0.0
1306,536,41,1,466.15,0.05
1307,536,63,5,460.08,0.15
1308,537,69,5,199.67,0.15
1309,538,21,5,128.96,0.05
1310,538,108,5,564.18,0.0
1311,538,118,5,357.13,0.0
1312,539,33,1,596.3,0.15
1313,539,47,5,533.66,0.05
1314,539,20,4,344.47,0.0
1315,540,56,4,701.89,0.1
1316,540,45,4,124.25,0.1
1317,540,96,3,261.53,0.0
1318,540,38,3,342.42,0.0
1319,541,88,2,217.75,0.15
1320,541,41,4,466.15,0.05
1321,541,62,3,455.65,0.1
1322,542,99,5,654.14,0.0
1323,543,23,4,473.03,0.15
1324,543,83,3,229.64,0.0
1325,544,98,5,387.36,0.0
1326,544,63,5,460.08,0.15
1327,544,90,4,250.98,0.0
1328,544,20,4,344.47,0.05
1329,545,50,3,641.98,0.0
1330,545,10,3,358.28,0.0
1331,545,120,2,437.18,0.1
1332,545,59,5,189.03,0.0
1333,546,116,4,151.15,0.0
1334,547,71,4,298.03,0.0
1335,547,13,1,546.51,0.0
1336,548,73,5,693.24,0.1
1337,548,96,4,261.53,0.15
1338,549,14,5,167.56,0.0
1339,549,102,3,268.48,0.0
1340,550,81,1,472.42,0.0
1341,550,16,4,337.82,0.0
1342,550,75,1,102.43,0.0
1343,551,21,3,128.96,0.05
1344,551,118,2,357.13,0.0
1345,551,45,5,124.25,0.05
1346,551,70,4,477.56,0.05
1347,552,27,2,50.29,0.15
1348,552,41,2,466.15,0.0
1349,552,37,5,678.06,0.0
1350,552,63,3,460.08,0.15
1351,553,120,3,437.18,0.1
1352,554,34,2,269.02,0.0
1353,554,3,4,400.77,0.1
1354,555,49,1,224.05,0.0
1355,555,77,2,20.71,0.0
1356,555,16,1,337.82,0.0
1357,556,39,3,435.88,0.05
1358,556,109,2,345.03,0.0
1359,556,104,2,497.51,0.05
1360,556,31,2,492.63,0.0
1361,557,102,5,268.48,0.0
1362,557,112,3,530.6,0.15
1363,558,29,2,332.87,0.0
1364,559,101,5,530.68,0.15
1365,559,40,2,246.27,0.15
1366,559,65,5,775.34,0.0
1367,560,6,2,148.07,0.0
1368,560,36,2,461.97,0.05
1369,561,19,4,236.74,0.15
1370,561,24,4,576.43,0.0
1371,562,60,4,765.19,0.1
1372,562,75,3,102.43,0.1
1373,562,78,1,496.95,0.0
1374,563,102,4,268.48,0.05
1375,563,80,1,334.64,0.1
1376,563,73,2,693.24,0.0
1377,564,12,1,665.95,0.0
1378,565,51,5,592.49,0.1
1379,566,18,4,774.6,0.0
1380,567,70,5,477.56,0.0
1381,567,58,2,421.43,0.0
1382,567,117,5,97.33,0.05
1383,567,46,1,429.96,0.0
1384,568,13,1,546.51,0.0
1385,568,9,2,566.94,0.0
1386,569,64,1,433.42,0.15
1387,569,114,4,321.32,0.0
1388,569,25,4,424.49,0.1
1389,570,90,1,250.98,0.0
1390,570,31,1,492.63,0.05
1391,570,42,2,506.69,0.1
1392,570,40,4,246.27,0.0
1393,571,85,4,294.43,0.05
1394,571,119,2,181.96,0.0
1395,571,43,5,487.39,0.1
1396,571,34,3,269.02,0.15
1397,572,94,5,357.14,0.0
1398,572,3,5,400.77,0.0
1399,572,89,3,156.62,0.15
1400,572,57,2,359.66,0.0
1401,573,119,2,181.96,0.0
1402,573,42,3,506.69,0.1
1403,573,74,1,259.9,0.05
1404,573,61,3,610.85,0.1
1405,574,45,2,124.25,0.0
1406,575,17,1,335.91,0.15
1407,575,31,1,492.63,0.0
1408,575,57,4,359.66,0.05
1409,575,117,3,97.33,0.15
1410,576,102,3,268.48,0.05
1411,576,26,1,283.16,0.15
1412,577,112,2,530.6,0.1
1413,578,34,4,269.02,0.05
1414,579,11,5,431.92,0.0
1415,579,120,1,437.18,0.0
1416,579,58,5,421.43,0.15
1417,580,31,1,492.63,0.15
1418,580,62,1,455.65,0.1
1419,581,97,3,140.58,0.1
1420,582,18,3,774.6,0.05
1421,582,107,5,70.69,0.1
1422,582,36,2,461.97,0.0
1423,582,58,1,421.43,0.1
1424,583,42,5,506.69,0.0
1425,583,101,5,530.68,0.0
1426,584,115,2,191.72,0.0
1427,584,58,3,421.43,0.05
1428,585,91,5,111.41,0.0
1429,585,33,1,596.3,0.1
1430,585,58,2,421.43,0.0
1431,586,2,4,225.66,0.0
1432,586,75,2,102.43,0.05
1433,587,117,1,97.33,0.0
1434,587,40,3,246.27,0.15
1435,587,68,5,187.83,0.05
1436,588,86,1,508.15,0.0
1437,588,71,5,298.03,0.0
1438,588,67,2,439.64,0.0
1439,589,27,3,50.29,0.0
1440,590,103,5,415.47,0.1
1441,590,2,1,225.66,0.0
1442,590,43,4,487.39,0.0
1443,590,30,5,474.66,0.0
1444,591,106,2,293.96,0.15
1445,591,95,2,197.03,0.0
1446,591,89,3,156.62,0.0
1447,592,22,5,155.04,0.0
1448,592,118,4,357.13,0.05
1449,593,90,1,250.98,0.1
1450,594,5,2,206.39,0.0
1451,594,13,1,546.51,0.0
1452,594,23,5,473.03,0.05
1453,595,46,4,429.96,0.15
1454,595,15,2,434.83,0.0
1455,596,39,4,435.88,0.0
1456,596,88,4,217.75,0.0
1457,596,105,3,161.35,0.0
1458,597,42,2,506.69,0.1
1459,597,1,3,250.67,0.0
1460,597,70,1,477.56,0.0
1461,598,6,1,148.07,0.0
1462,599,97,3,140.58,0.0
1463,600,18,3,774.6,0.15
1464,600,45,2,124.25,0.0
1465,600,96,3,261.53,0.0
1466,600,70,4,477.56,0.0
1467,601,73,2,693.24,0.1
1468,601,85,5,294.43,0.15
1469,602,95,5,197.03,0.1
1470,602,83,3,229.64,0.15
1471,603,62,3,455.65,0.0
1472,603,5,1,206.39,0.1
1473,603,49,5,224.05,0.0
1474,603,25,2,424.49,0.1
1475,604,25,4,424.49,0.0
1476,604,14,3,167.56,0.1
1477,604,56,3,701.89,0.0
1478,605,31,5,492.63,0.0
1479,605,85,5,294.43,0.1
1480,605,14,2,167.56,0.0
1481,605,45,5,124.25,0.15
1482,606,17,2,335.91,0.05
1483,606,74,4,259.9,0.0
1484,607,101,4,530.68,0.1
1485,607,8,1,230.66,0.1
1486,607,33,4,596.3,0.1
1487,607,113,3,113.5,0.0
1488,608,22,4,155.04,0.0
1489,608,51,5,592.49,0.1
1490,608,97,2,140.58,0.0
1491,608,70,1,477.56,0.15
1492,609,108,2,564.18,0.15
1493,609,109,3,345.03,0.0
1494,609,45,4,124.25,0.05
1495,610,120,3,437.18,0.15
1496,611,63,3,460.08,0.15
1497,611,14,2,167.56,0.0
1498,611,114,4,321.32,0.0
1499,612,16,4,337.82,0.1
1500,613,82,5,382.23,0.05
1501,614,116,1,151.15,0.05
1502,614,23,3,473.03,0.0
1503,614,106,4,293.96,0.0
1504,614,57,3,359.66,0.0
1505,615,111,5,220.69,0.1
1506,615,83,4,229.64,0.05
1507,615,40,4,246.27,0.0
1508,615,116,5,151.15,0.05
1509,616,111,3,220.69,0.15
1510,617,67,3,439.64,0.0
1511,617,77,2,20.71,0.1
1512,617,82,4,382.23,0.0
1513,617,49,4,224.05,0.0
1514,618,21,3,128.96,0.15
1515,618,64,5,433.42,0.1
1516,619,38,5,342.42,0.0
1517,619,17,1,335.91,0.1
1518,619,68,4,187.83,0.15
1519,619,5,3,206.39,0.05
1520,620,111,3,220.69,0.0
1521,620,118,5,357.13,0.0
1522,620,70,4,477.56,0.15
1523,620,47,3,533.66,0.05
1524,621,44,4,155.05,0.0
1525,622,2,1,225.66,0.05
1526,623,1,4,250.67,0.0
1527,623,41,2,466.15,0.0
1528,623,59,4,189.03,0.05
1529,624,90,4,250.98,0.15
1530,624,71,3,298.03,0.05
1531,625,52,3,119.81,0.15
1532,625,21,3,128.96,0.1
1533,626,70,4,477.56,0.15
1534,626,51,4,592.49,0.1
1535,626,98,4,387.36,0.0
1536,627,71,4,298.03,0.15
1537,628,114,4,321.32,0.0
1538,629,69,1,199.67,0.15
1539,629,46,2,429.96,0.0
1540,630,32,1,527.45,0.0
1541,630,99,5,654.14,0.05
1542,630,13,5,546.51,0.0
1543,630,2,5,225.66,0.15
1544,631,64,1,433.42,0.0
1545,632,6,4,148.07,0.0
1546,632,99,5,654.14,0.15
1547,632,110,4,551.82,0.0
1548,632,17,3,335.91,0.05
1549,633,119,2,181.96,0.05
1550,633,1,1,250.67,0.15
1551,634,71,4,298.03,0.1
1552,635,52,1,119.81,0.0
1553,636,14,3,167.56,0.0
1554,636,71,3,298.03,0.1
1555,636,92,3,473.15,0.1
1556,636,82,3,382.23,0.0
1557,637,44,5,155.05,0.15
1558,637,64,5,433.42,0.0
1559,637,85,4,294.43,0.1
1560,637,43,3,487.39,0.0
1561,638,69,4,199.67,0.15
1562,638,9,3,566.94,0.0
1563,638,21,2,128.96,0.0
1564,638,66,2,325.89,0.05
1565,639,37,3,678.06,0.05
1566,639,104,3,497.51,0.0
1567,639,74,5,259.9,0.0
1568,639,31,1,492.63,0.15
1569,640,9,3,566.94,0.0
1570,640,27,2,50.29,0.0
1571,641,49,2,224.05,0.15
1572,641,107,5,70.69,0.1
1573,642,94,3,357.14,0.0
1574,642,67,3,439.64,0.05
1575,642,61,4,610.85,0.0
1576,643,52,3,119.81,0.0
1577,643,10,3,358.28,0.0
1578,643,38,1,342.42,0.1
1579,643,92,4,473.15,0.0
1580,644,66,3,325.89,0.15
1581,645,23,2,473.03,0.15
1582,645,42,4,506.69,0.1
1583,646,86,3,508.15,0.0
1584,646,84,1,233.29,0.0
1585,646,9,2,566.94,0.0
1586,647,14,5,167.56,0.1
1587,647,11,4,431.92,0.0
1588,648,17,1,335.91,0.0
1589,649,105,4,161.35,0.0
1590,649,21,1,128.96,0.1
1591,649,75,5,102.43,0.0
1592,650,109,2,345.03,0.1
1593,650,39,4,435.88,0.05
1594,651,15,3,434.83,0.1
1595,651,23,5,473.03,0.05
1596,652,34,1,269.02,0.1
1597,653,2,1,225.66,0.0
1598,654,77,3,20.71,0.0
1599,654,56,5,701.89,0.0
1600,654,87,3,87.7,0.0
1601,654,15,1,434.83,0.0
1602,655,118,5,357.13,0.0
1603,656,21,2,128.96,0.0
1604,656,68,1,187.83,0.05
1605,656,114,5,321.32,0.05
1606,657,11,2,431.92,0.15
1607,657,118,1,357.13,0.0
1608,657,25,2,424.49,0.0
1609,658,32,4,527.45,0.0
1610,658,100,1,192.03,0.15
1611,658,4,5,538.06,0.15
1612,658,16,5,337.82,0.0
1613,659,103,1,415.47,0.1
1614,659,78,5,496.95,0.0
1615,660,61,1,610.85,0.0
1616,660,1,5,250.67,0.0
1617,660,107,4,70.69,0.15
1618,660,46,5,429.96,0.0
1619,661,115,1,191.72,0.15
1620,661,90,5,250.98,0.05
1621,661,13,5,546.51,0.0
1622,661,85,2,294.43,0.0
1623,662,66,2,325.89,0.15
1624,662,39,3,435.88,0.0
1625,663,111,2,220.69,0.05
1626,664,32,1,527.45,0.05
1627,664,18,1,774.6,0.0
1628,664,68,5,187.83,0.0
1629,664,42,1,506.69,0.05
1630,665,104,3,497.51,0.0
1631,665,18,4,774.6,0.05
1632,666,16,5,337.82,0.05
1633,667,69,3,199.67,0.15
1634,667,94,1,357.14,0.0
1635,667,29,3,332.87,0.0
1636,667,63,5,460.08,0.0
1637,668,6,3,148.07,0.15
1638,669,38,5,342.42,0.1
1639,669,33,5,596.3,0.0
1640,669,71,4,298.03,0.0
1641,669,83,4,229.64,0.1
1642,670,96,4,261.53,0.1
1643,671,58,5,421.43,0.0
1644,671,28,1,278.53,0.0
1645,671,106,1,293.96,0.1
1646,671,104,2,497.51,0.1
1647,672,66,4,325.89,0.05
1648,672,116,5,151.15,0.0
1649,672,38,2,342.42,0.05
1650,673,1,3,250.67,0.0
1651,673,59,2,189.03,0.15
1652,673,102,2,268.48,0.1
1653,674,4,3,538.06,0.0
1654,674,8,4,230.66,0.15
1655,674,29,5,332.87,0.1
1656,674,35,5,368.74,0.1
1657,675,1,1,250.67,0.0
1658,675,30,1,474.66,0.0
1659,675,74,2,259.9,0.1
1660,676,68,5,187.83,0.0
1661,676,17,4,335.91,0.0
1662,676,65,3,775.34,0.15
1663,677,58,1,421.43,0.0
1664,678,59,5,189.03,0.0
1665,678,38,4,342.42,0.0
1666,678,22,5,155.04,0.0
1667,679,43,3,487.39,0.0
1668,679,59,2,189.03,0.15
1669,680,29,5,332.87,0.1
1670,680,78,4,496.95,0.0
1671,680,75,2,102.43,0.0
1672,681,33,4,596.3,0.0
1673,681,68,1,187.83,0.0
1674,682,33,5,596.3,0.1
1675,682,68,3,187.83,0.05
1676,682,8,5,230.66,0.05
1677,683,30,4,474.66,0.05
1678,683,95,5,197.03,0.05
1679,683,44,3,155.05,0.0
1680,683,117,4,97.33,0.0
1681,684,26,3,283.16,0.0
1682,684,116,1,151.15,0.05
1683,685,96,5,261.53,0.05
1684,685,81,3,472.42,0.05
1685,685,56,3,701.89,0.0
1686,685,78,5,496.95,0.0
1687,686,73,4,693.24,0.15
1688,687,43,5,487.39,0.05
1689,687,65,4,775.34,0.1
1690,688,29,3,332.87,0.0
1691,688,93,2,96.97,0.15
1692,688,36,2,461.97,0.1
1693,688,85,2,294.43,0.0
1694,689,6,4,148.07,0.0
1695,689,83,5,229.64,0.05
1696,689,115,2,191.72,0.05
1697,689,54,1,589.22,0.0
1698,690,99,3,654.14,0.05
1699,690,11,4,431.92,0.0
1700,690,108,1,564.18,0.05
1701,691,60,5,765.19,0.1
1702,691,1,5,250.67,0.0
1703,691,68,2,187.83,0.0
1704,692,83,5,229.64,0.15
1705,692,52,4,119.81,0.15
1706,692,105,2,161.35,0.0
1707,693,1,3,250.67,0.0
1708,693,91,5,111.41,0.0
1709,693,80,1,334.64,0.1
1710,694,65,5,775.34,0.15
1711,694,70,1,477.56,0.0
1712,694,23,5,473.03,0.0
1713,695,75,2,102.43,0.0
1714,696,94,3,357.14,0.05
1715,697,55,5,143.78,0.0
1716,697,47,5,533.66,0.0
1717,698,8,4,230.66,0.0
1718,698,106,2,293.96,0.05
1719,698,89,4,156.62,0.0
1720,699,106,3,293.96,0.05
1721,700,94,1,357.14,0.0
1722,700,45,4,124.25,0.0
1723,701,56,4,701.89,0.05
1724,701,15,1,434.83,0.05
1725,701,61,5,610.85,0.15
1726,701,22,5,155.04,0.0
1727,702,50,1,641.98,0.0
1728,703,53,5,90.14,0.15
1729,703,40,5,246.27,0.0
1730,703,1,3,250.67,0.05
1731,703,48,1,688.65,0.0
1732,704,59,1,189.03,0.0
1733,705,103,1,415.47,0.0
1734,705,23,4,473.03,0.0
1735,705,41,5,466.15,0.05
1736,705,107,4,70.69,0.0
1737,706,14,5,167.56,0.0
1738,707,102,3,268.48,0.0
1739,708,5,2,206.39,0.0
1740,708,119,2,181.96,0.05
1741,708,49,2,224.05,0.0
1742,709,111,3,220.69,0.0
1743,710,25,1,424.49,0.0
1744,711,97,1,140.58,0.15
1745,711,74,1,259.9,0.1
1746,712,105,5,161.35,0.1
1747,712,9,3,566.94,0.0
1748,712,115,3,191.72,0.15
1749,712,29,2,332.87,0.15
1750,713,24,1,576.43,0.15
1751,713,18,4,774.6,0.1
1752,713,57,2,359.66,0.15
1753,714,107,4,70.69,0.0
1754,715,112,1,530.6,0.0
1755,715,61,5,610.85,0.1
1756,716,66,3,325.89,0.1
1757,716,11,5,431.92,0.05
1758,716,85,3,294.43,0.0
1759,716,34,1,269.02,0.0
1760,717,25,4,424.49,0.1
1761,717,42,2,506.69,0.0
1762,717,61,4,610.85,0.0
1763,718,55,3,143.78,0.0
1764,718,42,3,506.69,0.0
1765,718,31,5,492.63,0.0
1766,718,62,5,455.65,0.1
1767,719,102,4,268.48,0.05
1768,719,22,1,155.04,0.05
1769,720,103,1,415.47,0.15
1770,720,51,4,592.49,0.05
1771,721,68,3,187.83,0.1
1772,721,32,4,527.45,0.0
1773,722,3,5,400.77,0.05
1774,722,16,4,337.82,0.0
1775,723,43,1,487.39,0.1
1776,724,57,2,359.66,0.0
1777,724,3,4,400.77,0.0
1778,724,93,1,96.97,0.1
1779,725,27,3,50.29,0.1
1780,725,17,1,335.91,0.15
1781,725,65,5,775.34,0.0
1782,726,32,1,527.45,0.05
1783,726,60,5,765.19,0.0
1784,726,45,5,124.25,0.0
1785,726,74,4,259.9,0.1
1786,727,82,2,382.23,0.0
1787,727,37,2,678.06,0.15
1788,727,13,4,546.51,0.15
1789,727,75,1,102.43,0.0
1790,728,10,3,358.28,0.0
1791,728,4,2,538.06,0.15
1792,729,15,3,434.83,0.1
1793,730,65,2,775.34,0.0
1794,731,67,1,439.64,0.05
1795,731,20,3,344.47,0.15
1796,731,107,3,70.69,0.1
1797,732,36,5,461.97,0.0
1798,732,48,3,688.65,0.15
1799,733,49,3,224.05,0.0
1800,733,41,3,466.15,0.15
1801,734,4,3,538.06,0.05
1802,735,73,3,693.24,0.0
1803,735,112,3,530.6,0.0
1804,736,69,5,199.67,0.15
1805,736,115,4,191.72,0.0
1806,736,33,3,596.3,0.05
1807,737,11,1,431.92,0.0
1808,737,29,3,332.87,0.0
1809,737,94,3,357.14,0.0
1810,737,33,2,596.3,0.15
1811,738,117,4,97.33,0.0
1812,739,87,3,87.7,0.15
1813,739,47,1,533.66,0.0
1814,740,65,3,775.34,0.0
1815,740,6,5,148.07,0.1
1816,741,113,2,113.5,0.0
1817,742,92,2,473.15,0.05
1818,743,89,3,156.62,0.15
1819,743,51,1,592.49,0.0
1820,743,66,5,325.89,0.1
1821,744,93,3,96.97,0.0
1822,744,104,4,497.51,0.0
1823,744,88,4,217.75,0.15
1824,745,75,2,102.43,0.0
1825,746,80,3,334.64,0.15
1826,746,108,1,564.18,0.05
1827,746,72,2,417.09,0.15
1828,746,44,2,155.05,0.0
1829,747,61,2,610.85,0.0
1830,748,18,2,774.6,0.05
1831,749,76,5,544.8,0.1
1832,750,54,1,589.22,0.0
1833,750,60,1,765.19,0.0
1834,750,119,3,181.96,0.1
1835,751,44,3,155.05,0.0
1836,751,88,5,217.75,0.05
1837,751,82,4,382.23,0.0
1838,751,19,1,236.74,0.05
1839,752,83,1,229.64,0.1
1840,752,90,2,250.98,0.05
1841,752,27,3,50.29,0.0
1842,753,105,1,161.35,0.0
1843,753,86,1,508.15,0.05
1844,754,35,3,368.74,0.1
1845,754,75,1,102.43,0.15
1846,754,1,4,250.67,0.15
1847,754,71,4,298.03,0.0
1848,755,13,4,546.51,0.0
1849,756,19,3,236.74,0.0
1850,756,110,3,551.82,0.0
1851,756,60,5,765.19,0.05
1852,757,45,3,124.25,0.1
1853,757,58,4,421.43,0.15
1854,757,30,1,474.66,0.0
1855,758,48,1,688.65,0.0
1856,758,97,4,140.58,0.0
1857,759,16,5,337.82,0.0
1858,759,18,5,774.6,0.0
1859,759,112,2,530.6,0.15
1860,759,22,3,155.04,0.0
1861,760,1,3,250.67,0.15
1862,760,90,2,250.98,0.1
1863,760,13,1,546.51,0.1
1864,760,75,4,102.43,0.0
1865,761,57,1,359.66,0.0
1866,762,48,1,688.65,0.05
1867,763,29,1,332.87,0.15
1868,764,21,2,128.96,0.0
1869,764,59,2,189.03,0.15
1870,764,116,1,151.15,0.05
1871,765,50,2,641.98,0.0
1872,766,117,3,97.33,0.0
1873,767,14,4,167.56,0.0
1874,767,47,4,533.66,0.1
1875,768,16,1,337.82,0.0
1876,769,87,2,87.7,0.1
1877,770,65,1,775.34,0.0
1878,771,91,2,111.41,0.0
1879,771,114,4,321.32,0.15
1880,771,120,1,437.18,0.0
1881,772,50,2,641.98,0.15
1882,772,89,2,156.62,0.0
1883,772,110,3,551.82,0.15
1884,772,93,5,96.97,0.0
1885,773,66,2,325.89,0.1
1886,773,108,1,564.18,0.05
1887,773,35,4,368.74,0.0
1888,773,40,3,246.27,0.15
1889,774,105,2,161.35,0.15
1890,774,48,3,688.65,0.0
1891,774,73,4,693.24,0.15
1892,775,48,2,688.65,0.0
1893,775,108,5,564.18,0.0
1894,775,76,4,544.8,0.1
1895,775,91,4,111.41,0.15
1896,776,7,2,342.91,0.0
1897,776,25,1,424.49,0.05
1898,776,81,5,472.42,0.05
1899,776,77,2,20.71,0.15
1900,777,17,4,335.91,0.0
1901,777,96,4,261.53,0.15
1902,777,43,4,487.39,0.1
1903,778,51,2,592.49,0.0
1904,779,92,2,473.15,0.15
1905,780,8,4,230.66,0.0
1906,781,47,3,533.66,0.05
1907,781,110,5,551.82,0.05
1908,782,99,2,654.14,0.15
1909,782,52,1,119.81,0.15
1910,782,24,3,576.43,0.05
1911,783,16,4,337.82,0.15
1912,783,66,3,325.89,0.0
1913,783,80,5,334.64,0.15
1914,784,1,4,250.67,0.05
1915,784,79,5,353.32,0.0
1916,784,37,4,678.06,0.15
1917,784,65,4,775.34,0.05
1918,785,15,5,434.83,0.05
1919,785,107,2,70.69,0.05
1920,785,56,3,701.89,0.05
1921,786,118,1,357.13,0.0
1922,786,78,2,496.95,0.0
1923,786,29,5,332.87,0.0
1924,786,31,3,492.63,0.15
1925,787,90,5,250.98,0.0
1926,788,24,5,576.43,0.05
1927,788,75,5,102.43,0.15
1928,788,47,3,533.66,0.0
1929,788,88,5,217.75,0.1
1930,789,44,1,155.05,0.0
1931,790,98,3,387.36,0.0
1932,791,27,4,50.29,0.15
1933,791,101,4,530.68,0.1
1934,791,118,1,357.13,0.15
1935,791,91,4,111.41,0.0
1936,792,56,4,701.89,0.0
1937,792,106,5,293.96,0.1
1938,793,109,1,345.03,0.0
1939,793,41,3,466.15,0.0
1940,794,65,1,775.34,0.1
1941,795,47,5,533.66,0.05
1942,796,70,5,477.56,0.05
1943,796,46,2,429.96,0.0
1944,797,71,2,298.03,0.15
1945,797,101,3,530.68,0.1
1946,797,77,5,20.71,0.0
1947,798,7,3,342.91,0.0
1948,799,44,4,155.05,0.1
1949,799,117,5,97.33,0.0
1950,800,27,4,50.29,0.05
1951,801,36,1,461.97,0.05
1952,801,27,3,50.29,0.05
1953,801,32,2,527.45,0.0
1954,802,43,4,487.39,0.15
1955,803,37,4,678.06,0.0
1956,803,26,3,283.16,0.0
1957,804,38,2,342.42,0.0
1958,804,114,2,321.32,0.1
1959,804,22,5,155.04,0.15
1960,804,59,2,189.03,0.15
1961,805,17,5,335.91,0.0
1962,805,79,4,353.32,0.0
1963,805,113,1,113.5,0.1
1964,805,85,2,294.43,0.1
1965,806,48,1,688.65,0.1
1966,806,89,3,156.62,0.15
1967,807,95,3,197.03,0.15
1968,807,34,5,269.02,0.1
1969,808,96,1,261.53,0.1
1970,809,94,3,357.14,0.0
1971,809,120,1,437.18,0.0
1972,809,110,4,551.82,0.0
1973,810,102,2,268.48,0.0
1974,811,6,3,148.07,0.0
1975,811,60,1,765.19,0.05
1976,811,2,1,225.66,0.05
1977,811,100,2,192.03,0.1
1978,812,27,1,50.29,0.0
1979,812,12,1,665.95,0.0
1980,812,120,3,437.18,0.0
1981,812,61,5,610.85,0.15
1982,813,70,5,477.56,0.0
1983,813,99,5,654.14,0.0
1984,814,100,2,192.03,0.0
1985,814,42,1,506.69,0.0
1986,814,3,3,400.77,0.1
1987,814,117,3,97.33,0.0
1988,815,106,2,293.96,0.1
1989,815,17,2,335.91,0.0
1990,816,28,4,278.53,0.0
1991,816,117,3,97.33,0.15
1992,816,81,1,472.42,0.0
1993,817,43,4,487.39,0.0
1994,817,95,1,197.03,0.0
1995,817,116,1,151.15,0.1
1996,817,7,4,342.91,0.1
1997,818,82,5,382.23,0.0
1998,818,79,5,353.32,0.0
1999,818,54,3,589.22,0.0
2000,819,57,5,359.66,0.0
2001,820,92,1,473.15,0.0
2002,820,6,4,148.07,0.0
2003,820,16,4,337.82,0.0
2004,820,84,1,233.29,0.05
2005,821,37,5,678.06,0.0
2006,821,67,2,439.64,0.1
2007,821,102,3,268.48,0.1
2008,821,10,4,358.28,0.1
2009,822,32,4,527.45,0.1
2010,822,55,4,143.78,0.0
2011,823,20,2,344.47,0.0
2012,823,32,2,527.45,0.15
2013,824,111,3,220.69,0.0
2014,824,46,2,429.96,0.0
2015,825,32,2,527.45,0.15
2016,825,105,3,161.35,0.0
2017,825,59,5,189.03,0.1
2018,825,21,1,128.96,0.0
2019,826,120,5,437.18,0.15
2020,826,99,2,654.14,0.0
2021,827,109,1,345.03,0.0
2022,828,32,1,527.45,0.0
2023,828,69,5,199.67,0.1
2024,828,110,4,551.82,0.0
2025,828,37,2,678.06,0.0
2026,829,89,1,156.62,0.05
2027,829,94,2,357.14,0.0
2028,830,33,1,596.3,0.0
2029,830,22,4,155.04,0.0
2030,830,29,3,332.87,0.1
2031,830,115,3,191.72,0.0
2032,831,41,2,466.15,0.1
2033,831,104,4,497.51,0.0
2034,831,1,2,250.67,0.0
2035,831,6,3,148.07,0.05
2036,832,71,1,298.03,0.0
2037,832,67,1,439.64,0.0
2038,833,42,2,506.69,0.15
2039,834,37,5,678.06,0.1
2040,834,23,2,473.03,0.0
2041,834,57,1,359.66,0.0
2042,835,80,4,334.64,0.05
2043,835,23,2,473.03,0.1
2044,835,51,4,592.49,0.0
2045,835,72,1,417.09,0.0
2046,836,93,4,96.97,0.0
2047,836,21,5,128.96,0.0
2048,837,119,5,181.96,0.0
2049,837,3,2,400.77,0.0
2050,838,97,3,140.58,0.05
2051,838,73,3,693.24,0.0
2052,839,44,2,155.05,0.0
2053,839,63,1,460.08,0.1
2054,839,117,2,97.33,0.0
2055,840,51,3,592.49,0.1
2056,840,3,4,400.77,0.0
2057,840,98,5,387.36,0.15
2058,841,15,1,434.83,0.05
2059,841,10,3,358.28,0.05
2060,841,17,3,335.91,0.0
2061,842,37,3,678.06,0.1
2062,842,62,1,455.65,0.0
2063,843,26,2,283.16,0.15
2064,844,98,4,387.36,0.0
2065,844,57,5,359.66,0.1
2066,844,111,2,220.69,0.0
2067,844,30,1,474.66,0.0
2068,845,119,5,181.96,0.0
2069,845,25,2,424.49,0.05
2070,845,86,4,508.15,0.1
2071,845,64,2,433.42,0.05
2072,846,2,3,225.66,0.0
2073,847,32,2,527.45,0.1
2074,847,42,1,506.69,0.0
2075,848,4,2,538.06,0.0
2076,848,38,1,342.42,0.1
2077,849,111,2,220.69,0.05
2078,849,113,5,113.5,0.05
2079,849,73,1,693.24,0.05
2080,850,70,2,477.56,0.0
2081,850,104,5,497.51,0.15
2082,850,120,1,437.18,0.0
2083,851,120,1,437.18,0.0
2084,852,64,5,433.42,0.0
2085,852,99,3,654.14,0.0
2086,852,3,1,400.77,0.0
2087,852,66,2,325.89,0.0
2088,853,76,5,544.8,0.15
2089,853,81,5,472.42,0.15
2090,854,37,4,678.06,0.05
2091,854,69,1,199.67,0.0
2092,855,10,3,358.28,0.1
2093,855,36,1,461.97,0.0
2094,856,11,3,431.92,0.0
2095,856,69,4,199.67,0.0
2096,857,102,2,268.48,0.05
2097,857,33,3,596.3,0.0
2098,858,69,4,199.67,0.1
2099,859,45,3,124.25,0.1
2100,859,76,5,544.8,0.1
2101,859,35,1,368.74,0.0
2102,860,100,5,192.03,0.0
2103,860,68,3,187.83,0.15
2104,860,26,2,283.16,0.0
2105,861,10,3,358.28,0.05
2106,861,84,3,233.29,0.15
2107,861,39,2,435.88,0.05
2108,862,96,4,261.53,0.1
2109,863,4,4,538.06,0.0
2110,863,80,4,334.64,0.15
2111,863,78,3,496.95,0.05
2112,863,118,3,357.13,0.05
2113,864,28,2,278.53,0.1
2114,864,69,1,199.67,0.15
2115,864,48,3,688.65,0.05
2116,865,11,4,431.92,0.0
2117,865,81,2,472.42,0.05
2118,865,47,1,533.66,0.0
2119,866,35,2,368.74,0.0
2120,866,9,1,566.94,0.15
2121,867,11,3,431.92,0.15
2122,868,8,1,230.66,0.0
2123,868,21,5,128.96,0.1
2124,868,37,2,678.06,0.1
2125,868,97,4,140.58,0.1
2126,869,99,1,654.14,0.05
2127,870,25,1,424.49,0.0
2128,870,78,3,496.95,0.0
2129,870,95,4,197.03,0.1
2130,870,39,1,435.88,0.15
2131,871,46,2,429.96,0.1
2132,871,28,3,278.53,0.0
2133,871,74,4,259.9,0.1
2134,872,1,1,250.67,0.05
2135,873,32,5,527.45,0.1
2136,873,74,2,259.9,0.05
2137,873,105,2,161.35,0.0
2138,873,39,5,435.88,0.1
2139,874,36,4,461.97,0.15
2140,874,61,3,610.85,0.0
2141,874,78,2,496.95,0.0
2142,875,28,5,278.53,0.15
2143,876,19,4,236.74,0.0
2144,876,36,4,461.97,0.0
2145,877,40,5,246.27,0.0
2146,877,39,5,435.88,0.0
2147,878,3,1,400.77,0.0
2148,878,9,4,566.94,0.0
2149,879,56,2,701.89,0.0
2150,879,110,5,551.82,0.05
2151,880,6,1,148.07,0.15
2152,880,95,4,197.03,0.15
2153,880,109,5,345.03,0.05
2154,881,107,4,70.69,0.0
2155,881,85,2,294.43,0.0
2156,881,49,2,224.05,0.05
2157,882,23,3,473.03,0.1
2158,882,97,2,140.58,0.0
2159,883,40,5,246.27,0.0
2160,883,47,2,533.66,0.0
2161,883,15,3,434.83,0.1
2162,884,88,1,217.75,0.0
2163,884,6,1,148.07,0.15
2164,885,98,4,387.36,0.15
2165,885,60,2,765.19,0.0
2166,885,94,4,357.14,0.0
2167,886,73,1,693.24,0.0
2168,886,35,5,368.74,0.15
2169,886,15,2,434.83,0.0
2170,887,81,4,472.42,0.1
2171,888,28,5,278.53,0.15
2172,889,28,2,278.53,0.05
2173,889,9,1,566.94,0.05
2174,889,98,4,387.36,0.0
2175,890,80,4,334.64,0.0
2176,891,34,5,269.02,0.15
2177,891,101,1,530.68,0.05
2178,891,35,1,368.74,0.0
2179,891,104,5,497.51,0.05
2180,892,106,5,293.96,0.05
2181,892,75,5,102.43,0.15
2182,892,10,5,358.28,0.1
2183,892,3,5,400.77,0.0
2184,893,81,1,472.42,0.1
2185,893,107,5,70.69,0.05
2186,893,28,1,278.53,0.0
2187,894,26,3,283.16,0.0
2188,894,39,3,435.88,0.1
2189,894,81,4,472.42,0.0
2190,895,44,1,155.05,0.1
2191,895,51,5,592.49,0.15
2192,895,100,3,192.03,0.0
2193,896,15,3,434.83,0.15
2194,896,51,4,592.49,0.1
2195,896,66,3,325.89,0.0
2196,897,5,5,206.39,0.05
2197,898,107,3,70.69,0.0
2198,898,57,1,359.66,0.0
2199,899,113,2,113.5,0.1
2200,900,99,5,654.14,0.0
2201,900,37,3,678.06,0.0
2202,900,35,1,368.74,0.05
2203,900,12,1,665.95,0.15
2204,901,108,5,564.18,0.15
2205,902,53,2,90.14,0.1
2206,902,1,1,250.67,0.0
2207,903,67,2,439.64,0.15
2208,903,91,5,111.41,0.0
2209,903,4,3,538.06,0.15
2210,904,38,5,342.42,0.0
2211,904,13,1,546.51,0.15
2212,904,41,2,466.15,0.15
2213,905,77,3,20.71,0.0
2214,905,12,2,665.95,0.0
2215,905,39,1,435.88,0.05
2216,905,2,3,225.66,0.0
2217,906,37,5,678.06,0.0
2218,907,26,5,283.16,0.1
2219,907,9,1,566.94,0.15
2220,908,51,2,592.49,0.0
2221,908,112,5,530.6,0.0
2222,908,28,5,278.53,0.0
2223,908,29,2,332.87,0.0
2224,909,70,3,477.56,0.0
2225,909,77,4,20.71,0.0
2226,910,84,1,233.29,0.15
2227,910,19,3,236.74,0.15
2228,910,49,1,224.05,0.0
2229,911,35,4,368.74,0.15
2230,911,120,5,437.18,0.0
2231,911,75,5,102.43,0.0
2232,912,4,5,538.06,0.0
2233,912,25,2,424.49,0.0
2234,912,65,1,775.34,0.05
2235,912,44,5,155.05,0.1
2236,913,99,2,654.14,0.15
2237,913,109,1,345.03,0.0
2238,913,69,4,199.67,0.05
2239,913,57,3,359.66,0.15
2240,914,12,1,665.95,0.05
2241,915,33,2,596.3,0.05
2242,916,63,5,460.08,0.0
2243,917,101,5,530.68,0.15
2244,917,69,4,199.67,0.1
2245,917,20,3,344.47,0.1
2246,917,48,2,688.65,0.05
2247,918,9,2,566.94,0.0
2248,918,4,4,538.06,0.05
2249,918,86,1,508.15,0.1
2250,919,15,3,434.83,0.15
2251,919,49,1,224.05,0.15
2252,919,9,2,566.94,0.15
2253,919,10,1,358.28,0.0
2254,920,55,1,143.78,0.0
2255,920,20,4,344.47,0.05
2256,920,61,5,610.85,0.15
2257,920,77,5,20.71,0.0
2258,921,30,2,474.66,0.15
2259,921,85,5,294.43,0.15
2260,922,16,2,337.82,0.0
2261,923,13,3,546.51,0.0
2262,924,1,4,250.67,0.05
2263,924,85,2,294.43,0.0
2264,925,7,2,342.91,0.0
2265,926,41,2,466.15,0.0
2266,926,11,5,431.92,0.05
2267,926,59,4,189.03,0.0
2268,927,20,3,344.47,0.1
2269,927,75,3,102.43,0.0
2270,927,69,4,199.67,0.05
2271,928,14,2,167.56,0.0
2272,928,15,2,434.83,0.1
2273,929,39,5,435.88,0.0
2274,929,116,5,151.15,0.15
2275,929,42,1,506.69,0.0
2276,929,70,2,477.56,0.1
2277,930,44,4,155.05,0.0
2278,930,19,4,236.74,0.15
2279,930,26,1,283.16,0.1
2280,930,21,1,128.96,0.1
2281,931,44,4,155.05,0.1
2282,932,96,4,261.53,0.0
2283,932,111,4,220.69,0.0
2284,932,14,2,167.56,0.0
2285,932,51,4,592.49,0.15
2286,933,91,1,111.41,0.0
2287,934,70,1,477.56,0.05
2288,935,93,2,96.97,0.1
2289,936,17,3,335.91,0.15
2290,936,104,2,497.51,0.0
2291,937,38,2,342.42,0.0
2292,937,49,5,224.05,0.1
2293,938,26,1,283.16,0.15
2294,938,65,1,775.34,0.0
2295,938,19,2,236.74,0.15
2296,939,5,3,206.39,0.1
2297,939,94,3,357.14,0.0
2298,939,80,3,334.64,0.0
2299,939,9,1,566.94,0.0
2300,940,59,5,189.03,0.1
2301,940,68,5,187.83,0.05
2302,940,23,5,473.03,0.05
2303,941,87,2,87.7,0.05
2304,941,18,1,774.6,0.0
2305,941,54,4,589.22,0.0
2306,941,53,3,90.14,0.15
2307,942,85,2,294.43,0.0
2308,943,12,2,665.95,0.1
2309,943,3,5,400.77,0.0
2310,944,106,3,293.96,0.05
2311,944,105,2,161.35,0.05
2312,944,61,4,610.85,0.1
2313,944,41,5,466.15,0.0
2314,945,57,4,359.66,0.0
2315,946,1,4,250.67,0.15
2316,946,74,4,259.9,0.15
2317,947,68,4,187.83,0.1
2318,948,66,1,325.89,0.1
2319,948,69,3,199.67,0.05
2320,948,94,3,357.14,0.05
2321,948,3,4,400.77,0.0
2322,949,89,5,156.62,0.0
2323,949,37,2,678.06,0.15
2324,949,73,2,693.24,0.0
2325,950,61,5,610.85,0.0
2326,950,101,5,530.68,0.0
2327,950,60,2,765.19,0.0
2328,951,79,5,353.32,0.1
2329,951,48,2,688.65,0.1
2330,952,52,2,119.81,0.1
2331,952,31,5,492.63,0.05
2332,952,74,2,259.9,0.0
2333,952,77,3,20.71,0.1
2334,953,35,3,368.74,0.05
2335,953,29,1,332.87,0.0
2336,954,93,1,96.97,0.1
2337,954,107,3,70.69,0.0
2338,954,51,5,592.49,0.05
2339,954,67,4,439.64,0.05
2340,955,39,1,435.88,0.1
2341,955,40,1,246.27,0.0
2342,955,106,5,293.96,0.15
2343,956,83,5,229.64,0.15
2344,956,30,5,474.66,0.05
2345,956,66,5,325.89,0.0
2346,957,113,5,113.5,0.15
2347,958,73,3,693.24,0.1
2348,958,1,5,250.67,0.0
2349,959,53,1,90.14,0.15
2350,959,23,2,473.03,0.0
2351,959,69,2,199.67,0.05
2352,959,26,3,283.16,0.05
2353,960,115,3,191.72,0.1
2354,960,52,1,119.81,0.0
2355,960,86,1,508.15,0.0
2356,960,101,3,530.68,0.0
2357,961,92,3,473.15,0.05
2358,961,33,1,596.3,0.05
2359,961,9,4,566.94,0.0
2360,961,4,4,538.06,0.0
2361,962,100,1,192.03,0.0
2362,962,26,1,283.16,0.05
2363,962,52,3,119.81,0.0
2364,962,63,3,460.08,0.0
2365,963,119,2,181.96,0.1
2366,963,81,5,472.42,0.0
2367,964,119,4,181.96,0.0
2368,964,25,1,424.49,0.15
2369,964,32,2,527.45,0.0
2370,965,70,4,477.56,0.15
2371,965,32,5,527.45,0.1
2372,965,84,2,233.29,0.05
2373,966,94,4,357.14,0.0
2374,966,104,5,497.51,0.1
2375,966,58,2,421.43,0.1
2376,967,32,5,527.45,0.1
2377,967,8,2,230.66,0.15
2378,968,116,4,151.15,0.0
2379,968,44,1,155.05,0.1
2380,968,101,4,530.68,0.0
2381,969,116,5,151.15,0.0
2382,969,96,1,261.53,0.0
2383,969,118,2,357.13,0.05
2384,969,107,2,70.69,0.1
2385,970,84,1,233.29,0.0
2386,970,86,1,508.15,0.15
2387,970,13,3,546.51,0.05
2388,970,95,2,197.03,0.1
2389,971,81,1,472.42,0.1
2390,971,37,5,678.06,0.0
2391,971,32,5,527.45,0.1
2392,971,112,3,530.6,0.0
2393,972,67,2,439.64,0.1
2394,972,25,2,424.49,0.15
2395,972,46,5,429.96,0.1
2396,972,6,4,148.07,0.05
2397,973,113,5,113.5,0.05
2398,974,101,3,530.68,0.15
2399,975,74,5,259.9,0.0
2400,975,119,4,181.96,0.1
2401,975,17,1,335.91,0.05
2402,976,91,1,111.41,0.1
2403,976,75,1,102.43,0.0
2404,977,62,1,455.65,0.15
2405,977,115,2,191.72,0.0
2406,977,36,3,461.97,0.05
2407,977,87,1,87.7,0.15
2408,978,37,5,678.06,0.0
2409,978,82,5,382.23,0.0
2410,978,117,1,97.33,0.05
2411,978,83,2,229.64,0.0
2412,979,6,3,148.07,0.0
2413,980,86,5,508.15,0.05
2414,980,119,5,181.96,0.15
2415,980,13,5,546.51,0.15
2416,981,68,4,187.83,0.05
2417,981,81,5,472.42,0.1
2418,981,29,4,332.87,0.15
2419,982,27,3,50.29,0.0
2420,982,72,1,417.09,0.05
2421,982,92,5,473.15,0.1
2422,983,5,1,206.39,0.05
2423,983,52,4,119.81,0.0
2424,984,1,3,250.67,0.0
2425,984,55,3,143.78,0.05
2426,984,60,5,765.19,0.05
2427,984,39,5,435.88,0.05
2428,985,12,1,665.95,0.15
2429,985,66,5,325.89,0.0
2430,986,6,4,148.07,0.0
2431,986,54,3,589.22,0.0
2432,986,78,3,496.95,0.0
2433,986,4,5,538.06,0.0
2434,987,66,1,325.89,0.05
2435,988,55,1,143.78,0.0
2436,988,115,1,191.72,0.0
2437,989,45,5,124.25,0.0
2438,989,83,2,229.64,0.0
2439,990,71,5,298.03,0.0
2440,990,30,4,474.66,0.0
2441,990,50,1,641.98,0.05
2442,990,100,1,192.03,0.0
2443,991,85,5,294.43,0.15
2444,991,110,4,551.82,0.15
2445,991,71,4,298.03,0.0
2446,992,76,5,544.8,0.0
2447,992,29,4,332.87,0.1
2448,992,20,1,344.47,0.1
2449,993,53,2,90.14,0.0
2450,994,79,4,353.32,0.0
2451,994,19,3,236.74,0.05
2452,994,72,1,417.09,0.0
2453,994,87,2,87.7,0.15
2454,995,110,1,551.82,0.0
2455,996,120,1,437.18,0.1
2456,997,88,2,217.75,0.0
2457,998,19,1,236.74,0.15
2458,998,49,3,224.05,0.1
2459,998,96,2,261.53,0.05
2460,999,48,3,688.65,0.15
2461,1000,52,1,119.81,0.0
2462,1000,57,3,359.66,0.1
2463,1001,80,5,334.64,0.1
2464,1001,28,3,278.53,0.0
2465,1002,2,2,225.66,0.0
2466,1003,92,1,473.15,0.05
2467,1003,28,4,278.53,0.0
2468,1003,69,2,199.67,0.0
2469,1003,81,5,472.42,0.15
2470,1004,107,5,70.69,0.05
2471,1004,100,2,192.03,0.05
2472,1005,90,3,250.98,0.0
2473,1005,21,4,128.96,0.0
2474,1006,76,5,544.8,0.15
2475,1006,111,1,220.69,0.0
2476,1006,73,4,693.24,0.1
2477,1006,32,1,527.45,0.0
2478,1007,82,1,382.23,0.0
2479,1007,78,2,496.95,0.0
2480,1007,55,3,143.78,0.0
2481,1008,55,4,143.78,0.0
2482,1009,11,2,431.92,0.0
2483,1009,3,4,400.77,0.05
2484,1009,50,1,641.98,0.15
2485,1010,64,5,433.42,0.0
2486,1010,20,1,344.47,0.05
2487,1010,65,4,775.34,0.15
2488,1010,30,4,474.66,0.1
2489,1011,53,1,90.14,0.05
2490,1012,5,4,206.39,0.0
2491,1012,81,2,472.42,0.15
2492,1012,58,2,421.43,0.15
2493,1013,114,5,321.32,0.1
2494,1013,107,4,70.69,0.05
2495,1013,8,4,230.66,0.0
2496,1013,66,4,325.89,0.15
2497,1014,109,3,345.03,0.05
2498,1015,69,1,199.67,0.0
2499,1015,41,2,466.15,0.0
2500,1015,101,5,530.68,0.0
2501,1015,91,5,111.41,0.0
2502,1016,58,1,421.43,0.0
2503,1016,64,2,433.42,0.15
2504,1016,53,1,90.14,0.15
2505,1016,16,1,337.82,0.1
2506,1017,86,3,508.15,0.15
2507,1017,22,3,155.04,0.0
2508,1017,100,3,192.03,0.15
2509,1018,37,1,678.06,0.0
2510,1019,55,2,143.78,0.0
2511,1020,115,1,191.72,0.1
2512,1020,30,1,474.66,0.0
2513,1020,51,3,592.49,0.0
2514,1021,9,2,566.94,0.15
2515,1021,52,4,119.81,0.1
2516,1021,50,2,641.98,0.05
2517,1022,113,1,113.5,0.15
2518,1022,94,3,357.14,0.0
2519,1022,75,4,102.43,0.15
2520,1022,56,1,701.89,0.1
2521,1023,54,2,589.22,0.1
2522,1023,17,5,335.91,0.0
2523,1023,109,5,345.03,0.0
2524,1024,8,4,230.66,0.0
2525,1024,38,3,342.42,0.15
2526,1024,59,4,189.03,0.15
2527,1025,118,1,357.13,0.05
2528,1025,82,5,382.23,0.1
2529,1025,69,2,199.67,0.05
2530,1026,104,2,497.51,0.15
2531,1026,77,4,20.71,0.0
2532,1026,40,4,246.27,0.0
2533,1026,11,5,431.92,0.0
2534,1027,80,3,334.64,0.15
2535,1027,116,2,151.15,0.0
2536,1027,53,3,90.14,0.0
2537,1028,18,4,774.6,0.1
2538,1028,92,5,473.15,0.05
2539,1029,32,1,527.45,0.05
2540,1029,41,1,466.15,0.1
2541,1030,17,2,335.91,0.05
2542,1030,94,5,357.14,0.0
2543,1030,101,3,530.68,0.1
2544,1030,42,2,506.69,0.1
2545,1031,21,5,128.96,0.15
2546,1032,85,5,294.43,0.1
2547,1032,69,1,199.67,0.0
2548,1032,61,2,610.85,0.05
2549,1033,25,3,424.49,0.0
2550,1034,40,4,246.27,0.1
2551,1034,96,4,261.53,0.0
2552,1034,65,2,775.34,0.0
2553,1034,105,1,161.35,0.0
2554,1035,120,3,437.18,0.0
2555,1036,103,5,415.47,0.15
2556,1036,93,2,96.97,0.05
2557,1036,119,5,181.96,0.15
2558,1037,89,2,156.62,0.05
2559,1038,39,4,435.88,0.0
2560,1038,35,3,368.74,0.0
2561,1038,26,2,283.16,0.05
2562,1038,6,3,148.07,0.0
2563,1039,43,5,487.39,0.0
2564,1039,54,3,589.22,0.0
2565,1039,69,5,199.67,0.05
2566,1039,38,5,342.42,0.15
2567,1040,99,5,654.14,0.0
2568,1040,68,4,187.83,0.15
2569,1040,30,2,474.66,0.15
2570,1041,8,3,230.66,0.0
2571,1041,68,4,187.83,0.0
2572,1041,83,5,229.64,0.0
2573,1041,79,3,353.32,0.1
2574,1042,39,4,435.88,0.15
2575,1042,40,1,246.27,0.0
2576,1042,81,2,472.42,0.0
2577,1043,79,3,353.32,0.0
2578,1043,86,1,508.15,0.0
2579,1043,75,1,102.43,0.1
2580,1043,120,3,437.18,0.15
2581,1044,93,3,96.97,0.15
2582,1044,112,1,530.6,0.0
2583,1045,92,4,473.15,0.1
2584,1045,39,2,435.88,0.15
2585,1046,52,1,119.81,0.0
2586,1046,32,2,527.45,0.0
2587,1046,81,4,472.42,0.1
2588,1046,36,2,461.97,0.15
2589,1047,52,5,119.81,0.0
2590,1048,69,4,199.67,0.1
2591,1048,89,5,156.62,0.1
2592,1048,33,4,596.3,0.0
2593,1048,24,2,576.43,0.0
2594,1049,53,4,90.14,0.15
2595,1050,54,3,589.22,0.0
2596,1050,25,4,424.49,0.1
2597,1050,76,4,544.8,0.0
2598,1050,56,2,701.89,0.0
2599,1051,119,5,181.96,0.1
2600,1051,108,4,564.18,0.0
2601,1052,70,1,477.56,0.0
2602,1052,26,3,283.16,0.0
2603,1053,35,5,368.74,0.0
2604,1053,68,5,187.83,0.0
2605,1054,16,4,337.82,0.15
2606,1054,103,1,415.47,0.1
2607,1054,50,2,641.98,0.05
2608,1054,100,3,192.03,0.1
2609,1055,102,3,268.48,0.0
2610,1055,80,4,334.64,0.05
2611,1056,79,1,353.32,0.05
2612,1056,66,5,325.89,0.1
2613,1056,76,2,544.8,0.1
2614,1056,81,5,472.42,0.0
2615,1057,43,3,487.39,0.0
2616,1058,36,4,461.97,0.0
2617,1058,29,4,332.87,0.1
2618,1059,116,2,151.15,0.0
2619,1060,39,3,435.88,0.0
2620,1060,95,5,197.03,0.05
2621,1060,54,4,589.22,0.05
2622,1061,35,3,368.74,0.0
2623,1061,66,3,325.89,0.15
2624,1061,3,4,400.77,0.05
2625,1061,88,1,217.75,0.05
2626,1062,36,5,461.97,0.1
2627,1062,112,4,530.6,0.0
2628,1062,41,4,466.15,0.0
2629,1062,107,3,70.69,0.0
2630,1063,59,1,189.03,0.0
2631,1063,77,5,20.71,0.1
2632,1064,3,1,400.77,0.05
2633,1064,87,2,87.7,0.0
2634,1064,26,2,283.16,0.0
2635,1064,21,1,128.96,0.1
2636,1065,91,1,111.41,0.15
2637,1065,119,4,181.96,0.0
2638,1065,68,2,187.83,0.15
2639,1066,49,2,224.05,0.0
2640,1066,94,2,357.14,0.0
2641,1066,39,3,435.88,0.05
2642,1067,2,3,225.66,0.0
2643,1068,53,5,90.14,0.0
2644,1068,36,2,461.97,0.15
2645,1069,36,4,461.97,0.0
2646,1070,42,5,506.69,0.1
2647,1070,103,3,415.47,0.0
2648,1070,48,1,688.65,0.0
2649,1071,113,5,113.5,0.0
2650,1072,22,1,155.04,0.1
2651,1073,119,2,181.96,0.05
2652,1073,72,3,417.09,0.05
2653,1074,109,3,345.03,0.1
2654,1074,80,4,334.64,0.0
2655,1074,87,1,87.7,0.0
2656,1074,9,4,566.94,0.0
2657,1075,86,3,508.15,0.0
2658,1075,74,1,259.9,0.0
2659,1075,120,3,437.18,0.1
2660,1075,11,5,431.92,0.15
2661,1076,21,5,128.96,0.0
2662,1076,8,1,230.66,0.05
2663,1076,78,1,496.95,0.15
2664,1077,45,4,124.25,0.15
2665,1078,112,4,530.6,0.0
2666,1078,120,3,437.18,0.1
2667,1079,35,2,368.74,0.0
2668,1079,110,4,551.82,0.15
2669,1079,47,1,533.66,0.15
2670,1079,57,1,359.66,0.05
2671,1080,27,3,50.29,0.1
2672,1080,81,4,472.42,0.05
2673,1080,42,1,506.69,0.15
2674,1080,102,1,268.48,0.0
2675,1081,22,4,155.04,0.1
2676,1081,24,4,576.43,0.15
2677,1081,35,5,368.74,0.0
2678,1082,61,3,610.85,0.15
2679,1082,80,3,334.64,0.15
2680,1083,102,2,268.48,0.0
2681,1083,26,3,283.16,0.05
2682,1083,37,1,678.06,0.1
2683,1083,15,2,434.83,0.0
2684,1084,88,2,217.75,0.05
2685,1084,103,2,415.47,0.0
2686,1085,89,1,156.62,0.0
2687,1085,37,3,678.06,0.0
2688,1085,34,5,269.02,0.0
2689,1085,14,4,167.56,0.05
2690,1086,18,2,774.6,0.05
2691,1087,98,1,387.36,0.1
2692,1087,115,5,191.72,0.05
2693,1087,43,4,487.39,0.0
2694,1087,57,4,359.66,0.0
2695,1088,48,2,688.65,0.0
2696,1088,84,4,233.29,0.05
2697,1089,118,5,357.13,0.15
2698,1089,74,3,259.9,0.0
2699,1090,29,1,332.87,0.1
2700,1090,51,1,592.49,0.0
2701,1090,79,2,353.32,0.15
2702,1090,39,4,435.88,0.0
2703,1091,9,3,566.94,0.05
2704,1091,2,1,225.66,0.0
2705,1091,105,2,161.35,0.05
2706,1092,67,5,439.64,0.15
2707,1092,115,4,191.72,0.15
2708,1093,12,1,665.95,0.0
2709,1094,22,5,155.04,0.0
2710,1094,52,2,119.81,0.15
2711,1094,120,2,437.18,0.1
2712,1094,115,5,191.72,0.0
2713,1095,6,4,148.07,0.05
2714,1096,7,5,342.91,0.1
2715,1096,41,2,466.15,0.05
2716,1096,5,1,206.39,0.0
2717,1097,86,3,508.15,0.0
2718,1097,13,2,546.51,0.0
2719,1098,79,1,353.32,0.15
2720,1098,84,4,233.29,0.15
2721,1098,103,5,415.47,0.0
2722,1099,79,5,353.32,0.0
2723,1099,54,1,589.22,0.15
2724,1099,1,5,250.67,0.15
2725,1100,91,3,111.41,0.0
2726,1101,86,4,508.15,0.0
2727,1102,41,5,466.15,0.0
2728,1103,81,4,472.42,0.0
2729,1103,63,3,460.08,0.1
2730,1103,61,4,610.85,0.05
2731,1104,65,5,775.34,0.1
2732,1104,52,1,119.81,0.0
2733,1104,22,3,155.04,0.15
2734,1105,64,5,433.42,0.15
2735,1106,17,5,335.91,0.1
2736,1107,96,3,261.53,0.05
2737,1107,5,1,206.39,0.05
2738,1107,4,2,538.06,0.1
2739,1107,30,1,474.66,0.0
2740,1108,102,2,268.48,0.0
2741,1108,84,1,233.29,0.0
2742,1108,44,5,155.05,0.0
2743,1109,86,5,508.15,0.15
2744,1109,2,2,225.66,0.15
2745,1110,3,4,400.77,0.0
2746,1110,32,2,527.45,0.0
2747,1111,103,2,415.47,0.1
2748,1111,80,3,334.64,0.0
2749,1111,34,4,269.02,0.1
2750,1111,82,4,382.23,0.0
2751,1112,18,2,774.6,0.0
2752,1112,20,4,344.47,0.15
2753,1112,43,5,487.39,0.0
2754,1112,115,4,191.72,0.0
2755,1113,107,5,70.69,0.05
2756,1113,99,1,654.14,0.0
2757,1113,18,5,774.6,0.05
2758,1114,102,4,268.48,0.15
2759,1114,10,3,358.28,0.15
2760,1114,34,1,269.02,0.1
2761,1115,18,5,774.6,0.0
2762,1115,97,4,140.58,0.0
2763,1115,6,4,148.07,0.05
2764,1116,54,4,589.22,0.0
2765,1116,80,3,334.64,0.15
2766,1116,85,4,294.43,0.0
2767,1117,114,3,321.32,0.05
2768,1117,119,4,181.96,0.0
2769,1117,19,4,236.74,0.0
2770,1118,81,2,472.42,0.05
2771,1118,19,4,236.74,0.15
2772,1118,5,5,206.39,0.0
2773,1118,75,2,102.43,0.0
2774,1119,91,3,111.41,0.1
2775,1120,2,1,225.66,0.0
2776,1121,102,5,268.48,0.0
2777,1122,43,2,487.39,0.0
2778,1123,38,2,342.42,0.1
2779,1123,87,1,87.7,0.05
2780,1124,76,5,544.8,0.15
2781,1124,82,5,382.23,0.0
2782,1124,83,3,229.64,0.0
2783,1125,6,2,148.07,0.0
2784,1125,82,3,382.23,0.0
2785,1126,18,3,774.6,0.0
2786,1126,120,3,437.18,0.15
2787,1127,113,3,113.5,0.0
2788,1127,103,3,415.47,0.0
2789,1127,8,3,230.66,0.0
2790,1127,89,5,156.62,0.1
2791,1128,31,4,492.63,0.1
2792,1129,1,4,250.67,0.0
2793,1130,67,1,439.64,0.1
2794,1130,115,5,191.72,0.0
2795,1130,33,5,596.3,0.1
2796,1130,59,2,189.03,0.05
2797,1131,111,2,220.69,0.0
2798,1131,120,2,437.18,0.15
2799,1131,6,4,148.07,0.15
2800,1132,100,4,192.03,0.0
2801,1133,40,2,246.27,0.0
2802,1133,48,2,688.65,0.0
2803,1134,91,3,111.41,0.05
2804,1135,59,3,189.03,0.05
2805,1135,5,3,206.39,0.0
2806,1136,113,5,113.5,0.15
2807,1136,11,5,431.92,0.1
2808,1136,79,4,353.32,0.1
2809,1136,10,2,358.28,0.0
2810,1137,17,3,335.91,0.15
2811,1137,96,4,261.53,0.15
2812,1138,111,5,220.69,0.0
2813,1138,99,5,654.14,0.1
2814,1139,41,4,466.15,0.1
2815,1140,70,3,477.56,0.05
2816,1141,48,5,688.65,0.1
2817,1141,9,3,566.94,0.0
2818,1141,7,1,342.91,0.0
2819,1142,104,3,497.51,0.05
2820,1143,117,1,97.33,0.05
2821,1144,76,5,544.8,0.0
2822,1144,110,4,551.82,0.15
2823,1144,117,1,97.33,0.1
2824,1145,116,4,151.15,0.0
2825,1145,119,3,181.96,0.1
2826,1145,86,4,508.15,0.0
2827,1145,32,1,527.45,0.15
2828,1146,98,1,387.36,0.0
2829,1146,94,2,357.14,0.0
2830,1146,48,5,688.65,0.0
2831,1147,17,5,335.91,0.05
2832,1147,74,5,259.9,0.0
2833,1147,77,2,20.71,0.15
2834,1148,64,5,433.42,0.1
2835,1149,76,4,544.8,0.0
2836,1149,96,1,261.53,0.0
2837,1149,12,1,665.95,0.05
2838,1150,51,1,592.49,0.0
2839,1150,100,2,192.03,0.0
2840,1150,58,4,421.43,0.0
2841,1151,54,2,589.22,0.15
2842,1151,89,1,156.62,0.1
2843,1151,56,1,701.89,0.0
2844,1152,102,1,268.48,0.15
2845,1152,109,5,345.03,0.0
2846,1153,10,4,358.28,0.0
2847,1154,16,2,337.82,0.1
2848,1154,1,1,250.67,0.0
2849,1154,84,2,233.29,0.0
2850,1155,19,1,236.74,0.05
2851,1155,101,4,530.68,0.1
2852,1155,14,4,167.56,0.0
2853,1156,40,5,246.27,0.1
2854,1156,101,3,530.68,0.0
2855,1156,120,2,437.18,0.1
2856,1157,54,1,589.22,0.0
2857,1157,45,3,124.25,0.0
2858,1157,10,5,358.28,0.15
2859,1158,18,2,774.6,0.15
2860,1159,59,4,189.03,0.05
2861,1159,115,1,191.72,0.0
2862,1159,111,5,220.69,0.0
2863,1160,103,4,415.47,0.0
2864,1160,26,3,283.16,0.0
2865,1160,4,3,538.06,0.15
2866,1161,75,5,102.43,0.0
2867,1161,5,4,206.39,0.15
2868,1161,105,3,161.35,0.1
2869,1161,71,4,298.03,0.0
2870,1162,22,3,155.04,0.05
2871,1162,98,3,387.36,0.1
2872,1163,79,2,353.32,0.0
2873,1163,27,1,50.29,0.05
2874,1163,11,5,431.92,0.05
2875,1163,54,5,589.22,0.0
2876,1164,8,5,230.66,0.15
2877,1164,72,4,417.09,0.0
2878,1164,46,2,429.96,0.15
2879,1165,18,2,774.6,0.15
2880,1165,117,5,97.33,0.0
2881,1165,30,2,474.66,0.0
2882,1165,72,5,417.09,0.0
2883,1166,112,4,530.6,0.1
2884,1166,22,5,155.04,0.0
2885,1166,11,4,431.92,0.0
2886,1166,66,3,325.89,0.15
2887,1167,34,2,269.02,0.0
2888,1167,74,1,259.9,0.0
2889,1168,49,2,224.05,0.0
2890,1168,81,1,472.42,0.0
2891,1169,80,1,334.64,0.1
2892,1169,36,1,461.97,0.05
2893,1169,109,5,345.03,0.0
2894,1170,87,2,87.7,0.0
2895,1170,17,4,335.91,0.15
2896,1170,103,2,415.47,0.15
2897,1171,70,2,477.56,0.0
2898,1171,34,3,269.02,0.05
2899,1171,45,1,124.25,0.15
2900,1171,63,4,460.08,0.15
2901,1172,117,3,97.33,0.0
2902,1173,73,1,693.24,0.0
2903,1173,30,3,474.66,0.0
2904,1173,24,1,576.43,0.15
2905,1174,85,5,294.43,0.1
2906,1175,13,3,546.51,0.0
2907,1175,77,5,20.71,0.1
2908,1175,2,1,225.66,0.1
2909,1175,27,1,50.29,0.15
2910,1176,112,3,530.6,0.05
2911,1177,64,5,433.42,0.1
2912,1177,93,2,96.97,0.05
2913,1178,103,1,415.47,0.05
2914,1179,36,1,461.97,0.15
2915,1179,106,4,293.96,0.0
2916,1179,102,1,268.48,0.05
2917,1180,92,1,473.15,0.0
2918,1181,106,4,293.96,0.1
2919,1182,66,4,325.89,0.0
2920,1183,13,2,546.51,0.1
2921,1183,26,4,283.16,0.0
2922,1183,20,4,344.47,0.0
2923,1183,19,4,236.74,0.0
2924,1184,84,5,233.29,0.15
2925,1185,94,3,357.14,0.15
2926,1186,68,3,187.83,0.0
2927,1186,65,3,775.34,0.0
2928,1187,86,5,508.15,0.0
2929,1187,33,3,596.3,0.1
2930,1187,27,1,50.29,0.15
2931,1188,108,5,564.18,0.15
2932,1188,102,1,268.48,0.05
2933,1188,100,2,192.03,0.0
2934,1189,83,3,229.64,0.1
2935,1189,90,1,250.98,0.15
2936,1189,39,4,435.88,0.15
2937,1189,49,3,224.05,0.0
2938,1190,40,1,246.27,0.15
2939,1190,68,5,187.83,0.0
2940,1190,48,1,688.65,0.15
2941,1190,21,5,128.96,0.15
2942,1191,26,1,283.16,0.0
2943,1191,63,2,460.08,0.0
2944,1191,32,1,527.45,0.15
2945,1192,82,2,382.23,0.15
2946,1192,20,2,344.47,0.0
2947,1192,89,3,156.62,0.0
2948,1193,35,1,368.74,0.0
2949,1193,73,3,693.24,0.15
2950,1193,105,3,161.35,0.15
2951,1193,109,4,345.03,0.1
2952,1194,70,5,477.56,0.1
2953,1194,106,2,293.96,0.15
2954,1194,55,1,143.78,0.0
2955,1194,19,3,236.74,0.0
2956,1195,71,2,298.03,0.0
2957,1196,86,2,508.15,0.05
2958,1196,39,4,435.88,0.0
2959,1196,54,5,589.22,0.05
2960,1197,5,2,206.39,0.15
2961,1197,7,4,342.91,0.1
2962,1198,58,3,421.43,0.15
2963,1198,72,5,417.09,0.0
2964,1198,20,1,344.47,0.05
2965,1198,51,5,592.49,0.05
2966,1199,48,4,688.65,0.05
2967,1199,53,4,90.14,0.0
2968,1199,76,1,544.8,0.15
2969,1199,20,2,344.47,0.1
2970,1200,119,3,181.96,0.1
2971,1201,74,2,259.9,0.0
2972,1201,22,5,155.04,0.0
2973,1201,70,3,477.56,0.0
2974,1201,119,4,181.96,0.1
2975,1202,99,3,654.14,0.1
2976,1202,4,4,538.06,0.0
2977,1203,87,1,87.7,0.0
2978,1203,16,4,337.82,0.0
2979,1204,35,4,368.74,0.0
2980,1204,19,1,236.74,0.0
2981,1204,106,2,293.96,0.0
2982,1204,119,1,181.96,0.05
2983,1205,69,3,199.67,0.1
2984,1205,51,4,592.49,0.05
2985,1205,91,1,111.41,0.05
2986,1205,60,3,765.19,0.15
2987,1206,108,5,564.18,0.0
2988,1206,106,5,293.96,0.0
2989,1206,33,5,596.3,0.15
2990,1206,60,4,765.19,0.05
2991,1207,35,1,368.74,0.0
2992,1208,43,2,487.39,0.15
2993,1208,28,5,278.53,0.15
2994,1209,41,4,466.15,0.05
2995,1209,1,3,250.67,0.0
2996,1209,28,5,278.53,0.0
2997,1209,73,5,693.24,0.15
2998,1210,114,3,321.32,0.0
2999,1211,39,4,435.88,0.0
3000,1211,15,4,434.83,0.1
3001,1212,13,5,546.51,0.0
3002,1213,102,1,268.48,0.15
3003,1214,64,2,433.42,0.0
3004,1214,101,2,530.68,0.1
3005,1215,8,4,230.66,0.0
3006,1215,64,2,433.42,0.0
3007,1216,75,2,102.43,0.0
3008,1216,18,5,774.6,0.0
3009,1216,61,5,610.85,0.1
3010,1216,99,5,654.14,0.0
3011,1217,55,5,143.78,0.0
3012,1218,116,3,151.15,0.0
3013,1218,100,3,192.03,0.1
3014,1218,118,2,357.13,0.0
3015,1218,111,4,220.69,0.15
3016,1219,63,5,460.08,0.05
3017,1219,81,3,472.42,0.05
3018,1219,51,5,592.49,0.0
3019,1220,90,2,250.98,0.05
3020,1221,41,1,466.15,0.0
3021,1221,103,1,415.47,0.05
3022,1221,9,5,566.94,0.05
3023,1222,36,1,461.97,0.05
3024,1222,25,4,424.49,0.0
3025,1222,20,1,344.47,0.0
3026,1222,77,4,20.71,0.15
3027,1223,111,5,220.69,0.05
3028,1223,105,5,161.35,0.05
3029,1224,101,2,530.68,0.05
3030,1225,113,3,113.5,0.15
3031,1225,44,3,155.05,0.0
3032,1226,94,2,357.14,0.0
3033,1226,82,5,382.23,0.1
3034,1226,93,5,96.97,0.15
3035,1227,104,2,497.51,0.0
3036,1227,56,2,701.89,0.05
3037,1227,32,5,527.45,0.05
3038,1228,44,5,155.05,0.0
3039,1228,118,3,357.13,0.1
3040,1228,17,5,335.91,0.1
3041,1228,67,4,439.64,0.0
3042,1229,62,2,455.65,0.1
3043,1229,82,3,382.23,0.0
3044,1230,41,5,466.15,0.0
3045,1230,117,2,97.33,0.15
3046,1230,22,1,155.04,0.0
3047,1231,84,5,233.29,0.1
3048,1232,5,5,206.39,0.05
3049,1232,60,3,765.19,0.0
3050,1232,116,4,151.15,0.15
3051,1233,49,3,224.05,0.0
3052,1233,30,3,474.66,0.15
3053,1234,15,3,434.83,0.15
3054,1234,114,1,321.32,0.0
3055,1234,108,2,564.18,0.0
3056,1235,13,4,546.51,0.1
3057,1235,10,3,358.28,0.15
3058,1236,107,5,70.69,0.05
3059,1237,95,1,197.03,0.05
3060,1237,83,1,229.64,0.15
3061,1237,41,4,466.15,0.0
3062,1238,62,4,455.65,0.0
3063,1239,118,3,357.13,0.0
3064,1240,69,2,199.67,0.15
3065,1241,10,3,358.28,0.0
3066,1242,20,2,344.47,0.0
3067,1242,39,2,435.88,0.0
3068,1243,8,5,230.66,0.05
3069,1243,78,1,496.95,0.15
3070,1243,89,2,156.62,0.0
3071,1243,109,4,345.03,0.0
3072,1244,21,4,128.96,0.15
3073,1244,98,3,387.36,0.1
3074,1244,107,3,70.69,0.15
3075,1244,20,3,344.47,0.1
3076,1245,72,2,417.09,0.1
3077,1245,61,1,610.85,0.05
3078,1246,119,4,181.96,0.15
3079,1246,33,2,596.3,0.0
3080,1246,94,3,357.14,0.0
3081,1246,120,2,437.18,0.0
3082,1247,10,1,358.28,0.05
3083,1247,69,3,199.67,0.15
3084,1247,87,4,87.7,0.15
3085,1248,28,3,278.53,0.0
3086,1248,78,2,496.95,0.1
3087,1248,11,4,431.92,0.1
3088,1249,19,5,236.74,0.0
3089,1250,97,1,140.58,0.05
3090,1250,58,5,421.43,0.0
3091,1250,67,2,439.64,0.0
3092,1250,82,4,382.23,0.0
3093,1251,85,5,294.43,0.05
3094,1252,98,5,387.36,0.0
3095,1252,17,3,335.91,0.0
3096,1252,31,1,492.63,0.0
3097,1252,119,4,181.96,0.1
3098,1253,38,5,342.42,0.0
3099,1253,40,3,246.27,0.05
3100,1253,53,4,90.14,0.05
3101,1254,65,2,775.34,0.15
3102,1254,47,3,533.66,0.15
3103,1254,39,2,435.88,0.15
3104,1255,76,1,544.8,0.0
3105,1255,112,4,530.6,0.15
3106,1255,117,3,97.33,0.0
3107,1256,26,4,283.16,0.1
3108,1256,11,1,431.92,0.15
3109,1256,84,4,233.29,0.0
3110,1257,120,4,437.18,0.0
3111,1257,4,4,538.06,0.0
3112,1258,50,2,641.98,0.0
3113,1258,12,1,665.95,0.0
3114,1258,59,5,189.03,0.0
3115,1258,90,5,250.98,0.05
3116,1259,86,2,508.15,0.0
3117,1259,32,1,527.45,0.15
3118,1259,33,2,596.3,0.1
3119,1260,63,3,460.08,0.1
3120,1260,57,2,359.66,0.0
3121,1261,116,1,151.15,0.0
3122,1261,92,3,473.15,0.0
3123,1262,101,4,530.68,0.0
3124,1262,66,5,325.89,0.15
3125,1263,25,2,424.49,0.1
3126,1263,95,3,197.03,0.05
3127,1264,67,1,439.64,0.1
3128,1264,35,1,368.74,0.0
3129,1265,112,2,530.6,0.0
3130,1266,12,1,665.95,0.15
3131,1266,51,3,592.49,0.05
3132,1267,37,2,678.06,0.1
3133,1267,119,5,181.96,0.15
3134,1267,81,5,472.42,0.0
3135,1267,113,2,113.5,0.15
3136,1268,107,5,70.69,0.1
3137,1268,57,3,359.66,0.0
3138,1268,36,3,461.97,0.0
3139,1268,11,5,431.92,0.1
3140,1269,88,2,217.75,0.0
3141,1269,62,3,455.65,0.0
3142,1269,15,5,434.83,0.0
3143,1269,17,3,335.91,0.0
3144,1270,45,4,124.25,0.0
3145,1271,105,4,161.35,0.0
3146,1271,30,2,474.66,0.1
3147,1272,26,5,283.16,0.05
3148,1272,65,3,775.34,0.1
3149,1273,27,5,50.29,0.0
3150,1273,116,5,151.15,0.1
3151,1273,21,5,128.96,0.0
3152,1273,35,1,368.74,0.0
3153,1274,29,4,332.87,0.0
3154,1274,106,5,293.96,0.15
3155,1274,40,4,246.27,0.0
3156,1275,37,4,678.06,0.15
3157,1275,8,4,230.66,0.15
3158,1275,23,4,473.03,0.1
3159,1276,90,1,250.98,0.05
3160,1276,101,5,530.68,0.1
3161,1277,16,5,337.82,0.0
3162,1277,62,2,455.65,0.15
3163,1277,105,5,161.35,0.05
3164,1277,116,2,151.15,0.15
3165,1278,50,4,641.98,0.0
3166,1278,83,5,229.64,0.0
3167,1278,101,3,530.68,0.0
3168,1279,88,3,217.75,0.15
3169,1280,5,5,206.39,0.0
3170,1280,80,4,334.64,0.0
3171,1280,21,1,128.96,0.0
3172,1281,106,5,293.96,0.0
3173,1282,24,2,576.43,0.0
3174,1282,77,2,20.71,0.0
3175,1282,43,3,487.39,0.05
3176,1283,21,1,128.96,0.15
3177,1283,66,3,325.89,0.0
3178,1283,77,4,20.71,0.0
3179,1284,119,3,181.96,0.15
3180,1285,82,1,382.23,0.0
3181,1285,74,2,259.9,0.1
3182,1285,81,2,472.42,0.0
3183,1286,48,2,688.65,0.1
3184,1286,100,4,192.03,0.0
3185,1286,104,1,497.51,0.0
3186,1287,62,1,455.65,0.15
3187,1287,23,2,473.03,0.0
3188,1288,73,3,693.24,0.15
3189,1289,61,1,610.85,0.15
3190,1289,111,3,220.69,0.1
3191,1289,23,5,473.03,0.1
3192,1290,118,4,357.13,0.1
3193,1290,117,4,97.33,0.0
3194,1291,79,3,353.32,0.0
3195,1291,103,5,415.47,0.0
3196,1291,16,5,337.82,0.15
3197,1291,69,3,199.67,0.0
3198,1292,39,5,435.88,0.0
3199,1292,88,5,217.75,0.15
3200,1292,85,1,294.43,0.0
3201,1292,70,4,477.56,0.0
3202,1293,66,2,325.89,0.05
3203,1294,59,3,189.03,0.0
3204,1294,21,1,128.96,0.0
3205,1294,17,4,335.91,0.15
3206,1294,19,1,236.74,0.0
3207,1295,103,4,415.47,0.1
3208,1295,75,4,102.43,0.05
3209,1295,21,3,128.96,0.1
3210,1296,101,4,530.68,0.1
3211,1297,99,4,654.14,0.05
3212,1297,87,1,87.7,0.1
3213,1297,79,1,353.32,0.05
3214,1297,73,5,693.24,0.0
3215,1298,14,5,167.56,0.15
3216,1298,45,5,124.25,0.0
3217,1298,16,1,337.82,0.1
3218,1298,24,2,576.43,0.0
3219,1299,112,4,530.6,0.15
3220,1299,73,1,693.24,0.0
3221,1299,68,5,187.83,0.05
3222,1299,29,1,332.87,0.15
3223,1300,95,4,197.03,0.05
3224,1300,120,4,437.18,0.0
3225,1300,31,3,492.63,0.0
3226,1300,76,1,544.8,0.0
3227,1301,102,3,268.48,0.0
3228,1302,12,2,665.95,0.1
3229,1302,29,4,332.87,0.1
3230,1302,20,3,344.47,0.0
3231,1302,108,2,564.18,0.05
3232,1303,66,1,325.89,0.05
3233,1303,55,2,143.78,0.1
3234,1303,94,4,357.14,0.0
3235,1304,64,2,433.42,0.05
3236,1304,114,3,321.32,0.05
3237,1304,16,3,337.82,0.15
3238,1304,112,4,530.6,0.0
3239,1305,107,5,70.69,0.1
3240,1305,14,5,167.56,0.1
3241,1306,105,5,161.35,0.0
3242,1306,92,4,473.15,0.0
3243,1306,93,3,96.97,0.0
3244,1306,79,5,353.32,0.15
3245,1307,116,2,151.15,0.0
3246,1307,107,2,70.69,0.0
3247,1307,39,2,435.88,0.0
3248,1308,22,4,155.04,0.0
3249,1309,89,1,156.62,0.0
3250,1310,12,5,665.95,0.05
3251,1311,69,1,199.67,0.15
3252,1311,64,4,433.42,0.0
3253,1312,108,1,564.18,0.0
3254,1313,13,1,546.51,0.15
3255,1314,65,1,775.34,0.1
3256,1314,26,2,283.16,0.0
3257,1314,117,4,97.33,0.15
3258,1315,32,5,527.45,0.15
3259,1315,109,3,345.03,0.0
3260,1315,82,3,382.23,0.0
3261,1316,102,2,268.48,0.0
3262,1316,92,3,473.15,0.0
3263,1317,113,5,113.5,0.0
3264,1317,21,5,128.96,0.0
3265,1317,11,3,431.92,0.0
3266,1318,54,1,589.22,0.0
3267,1318,59,5,189.03,0.15
3268,1319,94,1,357.14,0.05
3269,1319,48,3,688.65,0.0
3270,1320,43,3,487.39,0.05
3271,1320,80,3,334.64,0.0
3272,1321,48,5,688.65,0.0
3273,1321,91,2,111.41,0.05
3274,1322,42,3,506.69,0.0
3275,1322,80,1,334.64,0.0
3276,1322,113,1,113.5,0.0
3277,1322,70,3,477.56,0.05
3278,1323,6,1,148.07,0.0
3279,1323,34,3,269.02,0.0
3280,1324,94,1,357.14,0.0
3281,1324,28,1,278.53,0.15
3282,1325,83,3,229.64,0.05
3283,1325,48,1,688.65,0.05
3284,1325,85,1,294.43,0.05
3285,1325,51,1,592.49,0.0
3286,1326,36,1,461.97,0.15
3287,1326,22,4,155.04,0.0
3288,1326,31,5,492.63,0.0
3289,1327,41,1,466.15,0.05
3290,1327,1,3,250.67,0.05
3291,1327,34,5,269.02,0.05
3292,1327,71,1,298.03,0.1
3293,1328,105,5,161.35,0.0
3294,1328,94,1,357.14,0.0
3295,1328,70,2,477.56,0.15
3296,1328,60,1,765.19,0.0
3297,1329,50,5,641.98,0.0
3298,1329,72,3,417.09,0.15
3299,1329,99,4,654.14,0.05
3300,1330,84,3,233.29,0.0
3301,1331,46,3,429.96,0.0
3302,1332,25,1,424.49,0.0
3303,1332,27,2,50.29,0.0
3304,1333,94,2,357.14,0.0
3305,1333,66,5,325.89,0.0
3306,1333,11,3,431.92,0.0
3307,1333,12,5,665.95,0.05
3308,1334,91,3,111.41,0.05
3309,1334,111,1,220.69,0.1
3310,1334,88,3,217.75,0.0
3311,1334,10,5,358.28,0.0
3312,1335,88,2,217.75,0.0
3313,1335,52,2,119.81,0.0
3314,1336,20,4,344.47,0.05
3315,1336,49,3,224.05,0.0
3316,1337,60,2,765.19,0.0
3317,1338,3,5,400.77,0.0
3318,1338,21,3,128.96,0.05
3319,1338,69,2,199.67,0.15
3320,1338,98,4,387.36,0.05
3321,1339,27,3,50.29,0.0
3322,1340,55,2,143.78,0.05
3323,1340,33,5,596.3,0.0
3324,1340,107,2,70.69,0.0
3325,1341,30,3,474.66,0.0
3326,1341,114,5,321.32,0.15
3327,1341,113,5,113.5,0.0
3328,1341,82,1,382.23,0.05
3329,1342,75,1,102.43,0.05
3330,1342,4,5,538.06,0.0
3331,1342,93,3,96.97,0.0
3332,1343,66,4,325.89,0.0
3333,1344,119,3,181.96,0.1
3334,1344,60,5,765.19,0.15
3335,1344,95,3,197.03,0.15
3336,1344,62,5,455.65,0.05
3337,1345,98,3,387.36,0.0
3338,1345,109,3,345.03,0.1
3339,1345,30,5,474.66,0.0
3340,1346,9,3,566.94,0.05
3341,1346,48,2,688.65,0.1
3342,1346,25,2,424.49,0.0
3343,1346,30,5,474.66,0.15
3344,1347,41,3,466.15,0.15
3345,1347,71,1,298.03,0.1
3346,1347,55,1,143.78,0.05
3347,1347,50,3,641.98,0.0
3348,1348,63,3,460.08,0.05
3349,1348,67,3,439.64,0.1
3350,1349,105,5,161.35,0.0
3351,1349,26,5,283.16,0.1
3352,1349,99,3,654.14,0.0
3353,1349,102,3,268.48,0.1
3354,1350,28,4,278.53,0.0
3355,1350,20,1,344.47,0.0
3356,1350,72,2,417.09,0.0
3357,1350,51,3,592.49,0.1
3358,1351,45,1,124.25,0.0
3359,1351,19,3,236.74,0.15
3360,1351,27,3,50.29,0.05
3361,1351,57,2,359.66,0.0
3362,1352,65,4,775.34,0.0
3363,1353,104,5,497.51,0.05
3364,1353,11,1,431.92,0.0
3365,1353,71,5,298.03,0.0
3366,1354,31,1,492.63,0.05
3367,1354,11,1,431.92,0.1
3368,1354,20,1,344.47,0.0
3369,1355,54,5,589.22,0.05
3370,1355,36,4,461.97,0.0
3371,1355,21,2,128.96,0.1
3372,1356,63,5,460.08,0.0
3373,1356,69,3,199.67,0.15
3374,1357,4,4,538.06,0.1
3375,1357,13,4,546.51,0.0
3376,1357,118,4,357.13,0.1
3377,1358,68,2,187.83,0.0
3378,1359,18,2,774.6,0.0
3379,1359,94,5,357.14,0.0
3380,1359,86,5,508.15,0.1
3381,1359,44,1,155.05,0.0
3382,1360,107,2,70.69,0.05
3383,1360,105,4,161.35,0.15
3384,1360,78,1,496.95,0.0
3385,1360,35,5,368.74,0.0
3386,1361,60,4,765.19,0.0
3387,1361,40,5,246.27,0.1
3388,1362,53,1,90.14,0.15
3389,1362,23,4,473.03,0.05
3390,1362,109,4,345.03,0.0
3391,1362,52,4,119.81,0.15
3392,1363,101,2,530.68,0.05
3393,1363,118,5,357.13,0.15
3394,1363,99,4,654.14,0.05
3395,1364,98,1,387.36,0.05
3396,1364,97,5,140.58,0.0
3397,1364,17,4,335.91,0.0
3398,1364,29,2,332.87,0.05
3399,1365,44,4,155.05,0.0
3400,1365,95,5,197.03,0.0
3401,1365,116,2,151.15,0.0
3402,1365,16,3,337.82,0.0
3403,1366,27,1,50.29,0.0
3404,1366,78,4,496.95,0.0
3405,1367,108,1,564.18,0.1
3406,1367,73,1,693.24,0.0
3407,1368,14,2,167.56,0.0
3408,1368,32,2,527.45,0.15
3409,1368,1,5,250.67,0.05
3410,1369,53,2,90.14,0.15
3411,1369,94,3,357.14,0.0
3412,1369,3,4,400.77,0.05
3413,1370,91,1,111.41,0.0
3414,1370,49,5,224.05,0.05
3415,1370,110,1,551.82,0.15
3416,1371,71,3,298.03,0.15
3417,1372,75,1,102.43,0.1
3418,1372,86,5,508.15,0.1
3419,1372,50,5,641.98,0.0
3420,1373,20,1,344.47,0.1
3421,1373,96,2,261.53,0.1
3422,1374,22,1,155.04,0.15
3423,1375,72,4,417.09,0.15
3424,1375,77,2,20.71,0.05
3425,1375,63,5,460.08,0.05
3426,1376,59,3,189.03,0.0
3427,1377,55,1,143.78,0.1
3428,1377,15,3,434.83,0.0
3429,1377,28,1,278.53,0.15
3430,1378,97,5,140.58,0.0
3431,1379,96,1,261.53,0.15
3432,1380,29,3,332.87,0.1
3433,1381,46,1,429.96,0.1
3434,1381,10,1,358.28,0.0
3435,1381,59,3,189.03,0.0
3436,1381,94,1,357.14,0.1
3437,1382,11,4,431.92,0.0
3438,1383,66,3,325.89,0.0
3439,1383,41,3,466.15,0.0
3440,1383,45,3,124.25,0.0
3441,1383,101,2,530.68,0.0
3442,1384,36,4,461.97,0.15
3443,1385,112,5,530.6,0.05
3444,1385,14,3,167.56,0.0
3445,1385,119,3,181.96,0.05
3446,1386,117,2,97.33,0.0
3447,1387,74,2,259.9,0.15
3448,1388,4,1,538.06,0.0
3449,1388,114,5,321.32,0.0
3450,1389,88,2,217.75,0.0
3451,1389,15,4,434.83,0.05
3452,1389,23,3,473.03,0.0
3453,1390,105,3,161.35,0.15
3454,1390,16,3,337.82,0.1
3455,1391,34,5,269.02,0.15
3456,1391,57,2,359.66,0.0
3457,1391,107,2,70.69,0.0
3458,1392,64,5,433.42,0.0
3459,1393,31,4,492.63,0.0
3460,1393,71,5,298.03,0.0
3461,1394,55,2,143.78,0.15
3462,1394,45,5,124.25,0.0
3463,1395,108,2,564.18,0.05
3464,1395,97,2,140.58,0.05
3465,1395,86,2,508.15,0.0
3466,1395,103,1,415.47,0.15
3467,1396,55,5,143.78,0.0
3468,1396,107,1,70.69,0.1
3469,1397,42,4,506.69,0.0
3470,1397,15,4,434.83,0.15
3471,1398,45,4,124.25,0.05
3472,1398,102,5,268.48,0.1
3473,1399,38,2,342.42,0.0
3474,1399,15,3,434.83,0.0
3475,1399,34,3,269.02,0.1
3476,1400,83,1,229.64,0.0
3477,1401,2,3,225.66,0.15
3478,1401,113,4,113.5,0.0
3479,1401,86,3,508.15,0.05
3480,1402,11,1,431.92,0.0
3481,1402,14,5,167.56,0.0
3482,1402,84,4,233.29,0.15
3483,1402,110,1,551.82,0.0
3484,1403,28,4,278.53,0.0
3485,1403,8,3,230.66,0.0
3486,1403,110,4,551.82,0.0
3487,1404,81,2,472.42,0.0
3488,1404,5,3,206.39,0.05
3489,1405,66,5,325.89,0.05
3490,1405,58,1,421.43,0.15
3491,1405,70,3,477.56,0.0
3492,1405,16,1,337.82,0.0
3493,1406,56,4,701.89,0.0
3494,1406,74,5,259.9,0.05
3495,1407,5,1,206.39,0.05
3496,1407,19,1,236.74,0.05
3497,1408,3,4,400.77,0.0
3498,1409,119,2,181.96,0.0
3499,1409,104,5,497.51,0.05
3500,1409,80,2,334.64,0.0
3501,1410,44,3,155.05,0.0
3502,1411,92,2,473.15,0.1
3503,1411,36,2,461.97,0.0
3504,1411,44,1,155.05,0.15
3505,1411,100,2,192.03,0.1
3506,1412,40,1,246.27,0.0
3507,1412,12,4,665.95,0.0
3508,1412,18,2,774.6,0.0
3509,1413,8,2,230.66,0.0
3510,1413,112,5,530.6,0.15
3511,1413,30,4,474.66,0.0
3512,1414,97,1,140.58,0.0
3513,1415,114,5,321.32,0.0
3514,1415,22,3,155.04,0.15
3515,1415,17,4,335.91,0.0
3516,1415,16,1,337.82,0.0
3517,1416,46,2,429.96,0.0
3518,1417,118,4,357.13,0.0
3519,1418,29,1,332.87,0.05
3520,1419,8,5,230.66,0.0
3521,1420,36,1,461.97,0.0
3522,1421,82,1,382.23,0.0
3523,1421,13,4,546.51,0.05
3524,1421,20,3,344.47,0.0
3525,1421,110,4,551.82,0.1
3526,1422,28,4,278.53,0.1
3527,1422,85,1,294.43,0.0
3528,1422,102,4,268.48,0.15
3529,1422,104,4,497.51,0.0
3530,1423,68,2,187.83,0.05
3531,1424,6,2,148.07,0.0
3532,1424,41,2,466.15,0.0
3533,1424,23,1,473.03,0.15
3534,1425,43,5,487.39,0.1
3535,1426,104,4,497.51,0.0
3536,1426,4,3,538.06,0.1
3537,1427,63,1,460.08,0.05
3538,1427,6,3,148.07,0.0
3539,1427,17,4,335.91,0.05
3540,1428,72,5,417.09,0.15
3541,1429,117,2,97.33,0.1
3542,1430,69,4,199.67,0.15
3543,1430,56,5,701.89,0.1
3544,1430,30,4,474.66,0.15
3545,1431,32,1,527.45,0.0
3546,1431,99,3,654.14,0.15
3547,1431,51,5,592.49,0.15
3548,1432,79,2,353.32,0.1
3549,1432,32,3,527.45,0.05
3550,1432,1,3,250.67,0.15
3551,1432,109,1,345.03,0.0
3552,1433,36,2,461.97,0.15
3553,1433,21,5,128.96,0.15
3554,1434,118,5,357.13,0.05
3555,1434,8,3,230.66,0.1
3556,1434,25,4,424.49,0.1
3557,1434,10,2,358.28,0.15
3558,1435,6,1,148.07,0.15
3559,1435,73,4,693.24,0.05
3560,1435,5,1,206.39,0.1
3561,1435,20,2,344.47,0.0
3562,1436,90,5,250.98,0.15
3563,1436,100,2,192.03,0.0
3564,1437,105,4,161.35,0.15
3565,1437,62,2,455.65,0.05
3566,1437,15,1,434.83,0.0
3567,1437,11,5,431.92,0.15
3568,1438,82,4,382.23,0.05
3569,1438,28,4,278.53,0.0
3570,1438,59,3,189.03,0.0
3571,1439,35,5,368.74,0.1
3572,1439,10,2,358.28,0.0
3573,1439,81,4,472.42,0.1
3574,1439,103,1,415.47,0.0
3575,1440,103,3,415.47,0.0
3576,1440,106,4,293.96,0.05
3577,1440,8,2,230.66,0.0
3578,1440,25,3,424.49,0.1
3579,1441,45,2,124.25,0.1
3580,1441,42,2,506.69,0.1
3581,1441,50,3,641.98,0.05
3582,1442,9,5,566.94,0.15
3583,1442,108,4,564.18,0.0
3584,1442,101,5,530.68,0.15
3585,1442,98,5,387.36,0.0
3586,1443,70,3,477.56,0.05
3587,1444,71,2,298.03,0.0
3588,1444,103,4,415.47,0.05
3589,1444,38,4,342.42,0.1
3590,1444,92,3,473.15,0.0
3591,1445,98,4,387.36,0.05
3592,1446,51,1,592.49,0.1
3593,1446,29,3,332.87,0.0
3594,1447,102,1,268.48,0.0
3595,1448,100,4,192.03,0.0
3596,1448,34,3,269.02,0.0
3597,1449,81,2,472.42,0.0
3598,1449,74,2,259.9,0.1
3599,1450,114,3,321.32,0.1
3600,1450,29,4,332.87,0.15
3601,1450,63,1,460.08,0.05
3602,1451,105,3,161.35,0.1
3603,1451,92,1,473.15,0.0
3604,1452,72,4,417.09,0.15
3605,1453,87,3,87.7,0.05
3606,1453,20,4,344.47,0.15
3607,1453,33,4,596.3,0.0
3608,1454,92,3,473.15,0.0
3609,1454,30,3,474.66,0.0
3610,1454,84,5,233.29,0.0
3611,1454,117,5,97.33,0.0
3612,1455,91,4,111.41,0.1
3613,1456,34,1,269.02,0.0
3614,1457,51,3,592.49,0.0
3615,1457,14,4,167.56,0.15
3616,1457,5,5,206.39,0.1
3617,1458,37,5,678.06,0.0
3618,1458,101,5,530.68,0.0
3619,1458,72,4,417.09,0.05
3620,1458,26,3,283.16,0.0
3621,1459,16,1,337.82,0.15
3622,1459,103,3,415.47,0.0
3623,1460,33,2,596.3,0.15
3624,1460,102,2,268.48,0.15
3625,1460,77,5,20.71,0.05
3626,1460,31,1,492.63,0.1
3627,1461,29,2,332.87,0.0
3628,1462,16,5,337.82,0.0
3629,1462,116,1,151.15,0.15
3630,1463,49,5,224.05,0.15
3631,1464,83,1,229.64,0.0
3632,1464,62,4,455.65,0.0
3633,1464,25,5,424.49,0.15
3634,1465,35,3,368.74,0.1
3635,1466,49,1,224.05,0.15
3636,1466,82,4,382.23,0.15
3637,1467,62,3,455.65,0.15
3638,1467,61,5,610.85,0.0
3639,1467,57,2,359.66,0.1
3640,1468,94,3,357.14,0.05
3641,1468,74,4,259.9,0.0
3642,1468,80,4,334.64,0.0
3643,1468,28,4,278.53,0.1
3644,1469,72,3,417.09,0.1
3645,1469,62,4,455.65,0.15
3646,1469,8,4,230.66,0.1
3647,1469,119,2,181.96,0.1
3648,1470,33,1,596.3,0.1
3649,1471,91,3,111.41,0.0
3650,1471,68,5,187.83,0.15
3651,1472,116,4,151.15,0.1
3652,1472,25,3,424.49,0.15
3653,1472,51,2,592.49,0.0
3654,1472,98,4,387.36,0.0
3655,1473,119,1,181.96,0.15
3656,1473,46,5,429.96,0.0
3657,1474,93,4,96.97,0.15
3658,1475,90,2,250.98,0.0
3659,1475,70,4,477.56,0.0
3660,1475,91,4,111.41,0.0
3661,1476,29,5,332.87,0.0
3662,1477,33,5,596.3,0.05
3663,1477,12,2,665.95,0.0
3664,1477,58,4,421.43,0.0
3665,1478,72,4,417.09,0.1
3666,1478,36,2,461.97,0.0
3667,1479,92,3,473.15,0.1
3668,1479,80,4,334.64,0.0
3669,1479,70,1,477.56,0.15
3670,1479,25,2,424.49,0.0
3671,1480,47,3,533.66,0.0
3672,1480,99,3,654.14,0.05
3673,1480,118,1,357.13,0.05
3674,1480,23,4,473.03,0.15
3675,1481,105,5,161.35,0.0
3676,1481,29,2,332.87,0.0
3677,1482,79,2,353.32,0.15
3678,1482,17,4,335.91,0.0
3679,1483,99,1,654.14,0.0
3680,1483,56,5,701.89,0.0
3681,1484,112,3,530.6,0.0
3682,1484,82,5,382.23,0.15
3683,1484,103,3,415.47,0.0
3684,1484,99,2,654.14,0.0
3685,1485,21,3,128.96,0.0
3686,1486,80,1,334.64,0.0
3687,1486,47,5,533.66,0.0
3688,1486,75,3,102.43,0.0
3689,1487,30,2,474.66,0.15
3690,1487,94,3,357.14,0.05
3691,1487,50,2,641.98,0.1
3692,1487,74,5,259.9,0.1
3693,1488,8,4,230.66,0.0
3694,1489,104,4,497.51,0.0
3695,1489,102,4,268.48,0.0
3696,1490,2,4,225.66,0.0
3697,1490,66,3,325.89,0.0
3698,1491,95,1,197.03,0.15
3699,1492,55,3,143.78,0.0
3700,1493,45,3,124.25,0.15
3701,1493,24,5,576.43,0.0
3702,1494,12,2,665.95,0.05
3703,1494,66,2,325.89,0.0
3704,1495,99,5,654.14,0.0
3705,1495,33,3,596.3,0.0
3706,1496,60,2,765.19,0.0
3707,1496,86,2,508.15,0.15
3708,1496,61,1,610.85,0.15
3709,1496,120,5,437.18,0.05
3710,1497,80,4,334.64,0.0
3711,1497,65,1,775.34,0.0
3712,1497,69,2,199.67,0.0
3713,1498,79,3,353.32,0.1
3714,1498,66,1,325.89,0.0
3715,1498,50,5,641.98,0.1
3716,1498,85,3,294.43,0.0
3717,1499,71,2,298.03,0.05
3718,1499,97,3,140.58,0.05
3719,1500,73,2,693.24,0.1
3720,1500,34,3,269.02,0.0
3721,1500,100,3,192.03,0.05
3722,1501,101,1,530.68,0.15
3723,1501,62,3,455.65,0.05
3724,1501,51,5,592.49,0.0
3725,1502,89,4,156.62,0.0
3726,1502,19,4,236.74,0.0
3727,1502,13,1,546.51,0.0
3728,1502,30,4,474.66,0.05
3729,1503,7,5,342.91,0.0
3730,1503,35,2,368.74,0.0
3731,1503,115,2,191.72,0.0
3732,1504,84,3,233.29,0.15
3733,1504,89,2,156.62,0.05
3734,1504,7,1,342.91,0.0
3735,1505,116,2,151.15,0.05
3736,1505,28,4,278.53,0.05
3737,1505,16,3,337.82,0.1
3738,1506,82,3,382.23,0.0
3739,1506,33,2,596.3,0.05
3740,1507,11,3,431.92,0.15
3741,1508,60,2,765.19,0.0
3742,1508,29,4,332.87,0.15
3743,1508,50,1,641.98,0.0
3744,1509,48,2,688.65,0.0
3745,1510,32,1,527.45,0.05
3746,1510,22,2,155.04,0.1
3747,1510,9,3,566.94,0.15
3748,1511,111,3,220.69,0.1
3749,1511,37,3,678.06,0.0
3750,1511,91,2,111.41,0.15
3751,1511,94,2,357.14,0.0
3752,1512,108,2,564.18,0.0
3753,1512,93,3,96.97,0.0
3754,1512,39,2,435.88,0.1
3755,1513,49,5,224.05,0.0
3756,1513,83,5,229.64,0.0
3757,1513,33,3,596.3,0.0
3758,1514,98,3,387.36,0.0
3759,1514,112,4,530.6,0.15
3760,1514,28,2,278.53,0.15
3761,1515,58,3,421.43,0.15
3762,1515,2,2,225.66,0.0
3763,1516,20,1,344.47,0.15
3764,1516,5,1,206.39,0.0
3765,1516,77,5,20.71,0.05
3766,1517,77,2,20.71,0.05
3767,1517,86,2,508.15,0.0
3768,1518,88,1,217.75,0.0
3769,1518,62,3,455.65,0.1
3770,1518,112,2,530.6,0.0
3771,1519,26,2,283.16,0.1
3772,1519,55,4,143.78,0.1
3773,1519,87,2,87.7,0.15
3774,1519,7,5,342.91,0.0
3775,1520,112,5,530.6,0.0
3776,1520,60,2,765.19,0.0
3777,1521,78,5,496.95,0.0
3778,1521,77,3,20.71,0.0
3779,1521,80,1,334.64,0.15
3780,1521,88,3,217.75,0.1
3781,1522,38,4,342.42,0.0
3782,1522,22,3,155.04,0.0
3783,1523,35,3,368.74,0.0
3784,1523,87,1,87.7,0.05
3785,1524,23,4,473.03,0.15
3786,1525,106,3,293.96,0.0
3787,1526,109,1,345.03,0.0
3788,1526,82,1,382.23,0.0
3789,1527,82,5,382.23,0.0
3790,1528,2,4,225.66,0.15
3791,1528,81,4,472.42,0.0
3792,1528,90,5,250.98,0.1
3793,1529,57,3,359.66,0.15
3794,1529,74,2,259.9,0.1
3795,1530,115,5,191.72,0.0
3796,1530,14,4,167.56,0.05
3797,1531,78,2,496.95,0.05
3798,1531,103,3,415.47,0.0
3799,1531,24,4,576.43,0.05
3800,1531,113,4,113.5,0.1
3801,1532,67,5,439.64,0.0
3802,1532,112,2,530.6,0.0
3803,1532,97,5,140.58,0.0
3804,1532,26,1,283.16,0.05
3805,1533,51,2,592.49,0.0
3806,1533,118,2,357.13,0.0
3807,1533,5,1,206.39,0.1
3808,1533,56,3,701.89,0.1
3809,1534,87,5,87.7,0.0
3810,1535,63,4,460.08,0.05
3811,1535,46,3,429.96,0.05
3812,1535,13,2,546.51,0.0
3813,1536,27,1,50.29,0.0
3814,1537,64,2,433.42,0.15
3815,1538,57,2,359.66,0.05
3816,1538,13,2,546.51,0.1
3817,1538,54,2,589.22,0.0
3818,1538,67,3,439.64,0.0
3819,1539,35,5,368.74,0.0
3820,1540,101,5,530.68,0.0
3821,1541,107,1,70.69,0.15
3822,1542,13,4,546.51,0.0
3823,1543,44,4,155.05,0.0
3824,1543,61,2,610.85,0.15
3825,1543,29,3,332.87,0.1
3826,1544,97,2,140.58,0.1
3827,1544,64,2,433.42,0.0
3828,1544,82,1,382.23,0.15
3829,1544,65,4,775.34,0.0
3830,1545,58,1,421.43,0.1
3831,1546,61,3,610.85,0.0
3832,1546,44,3,155.05,0.1
3833,1546,82,3,382.23,0.0
3834,1547,98,3,387.36,0.1
3835,1547,6,3,148.07,0.1
3836,1547,56,4,701.89,0.0
3837,1547,102,1,268.48,0.05
3838,1548,38,1,342.42,0.1
3839,1548,11,2,431.92,0.05
3840,1548,7,3,342.91,0.05
3841,1548,62,3,455.65,0.0
3842,1549,87,3,87.7,0.0
3843,1550,78,1,496.95,0.0
3844,1550,100,5,192.03,0.0
3845,1551,105,2,161.35,0.05
3846,1552,38,5,342.42,0.05
3847,1553,74,1,259.9,0.0
3848,1553,120,1,437.18,0.1
3849,1553,26,2,283.16,0.0
3850,1553,109,2,345.03,0.15
3851,1554,62,1,455.65,0.05
3852,1554,96,4,261.53,0.0
3853,1555,86,5,508.15,0.05
3854,1556,105,2,161.35,0.0
3855,1556,66,1,325.89,0.05
3856,1556,112,1,530.6,0.0
3857,1557,30,2,474.66,0.0
3858,1557,83,1,229.64,0.15
3859,1557,73,5,693.24,0.0
3860,1557,44,4,155.05,0.15
3861,1558,53,4,90.14,0.0
3862,1558,20,4,344.47,0.0
3863,1559,16,3,337.82,0.05
3864,1559,34,2,269.02,0.15
3865,1559,56,2,701.89,0.15
3866,1559,85,4,294.43,0.15
3867,1560,117,5,97.33,0.1
3868,1560,22,1,155.04,0.15
3869,1561,119,4,181.96,0.05
3870,1561,13,1,546.51,0.0
3871,1561,75,3,102.43,0.1
3872,1562,85,5,294.43,0.05
3873,1562,30,4,474.66,0.0
3874,1563,66,2,325.89,0.0
3875,1564,96,5,261.53,0.0
3876,1564,46,4,429.96,0.1
3877,1565,33,3,596.3,0.0
3878,1565,71,3,298.03,0.05
3879,1566,38,4,342.42,0.0
3880,1566,70,1,477.56,0.0
3881,1566,12,4,665.95,0.0
3882,1566,47,3,533.66,0.0
3883,1567,32,4,527.45,0.15
3884,1568,42,5,506.69,0.0
3885,1568,48,5,688.65,0.0
3886,1568,52,5,119.81,0.0
3887,1568,101,3,530.68,0.0
3888,1569,93,1,96.97,0.15
3889,1569,60,1,765.19,0.15
3890,1569,45,2,124.25,0.0
3891,1570,16,4,337.82,0.05
3892,1570,91,3,111.41,0.1
3893,1570,65,1,775.34,0.05
3894,1571,109,5,345.03,0.15
3895,1572,14,2,167.56,0.15
3896,1572,74,1,259.9,0.0
3897,1573,41,1,466.15,0.0
3898,1573,18,1,774.6,0.1
3899,1573,92,1,473.15,0.15
3900,1573,36,1,461.97,0.05
3901,1574,5,2,206.39,0.0
3902,1574,84,1,233.29,0.0
3903,1575,15,5,434.83,0.0
3904,1575,7,2,342.91,0.1
3905,1575,92,1,473.15,0.0
3906,1575,44,4,155.05,0.0
3907,1576,74,2,259.9,0.15
3908,1577,100,5,192.03,0.15
3909,1577,35,4,368.74,0.1
3910,1578,38,4,342.42,0.0
3911,1578,68,1,187.83,0.0
3912,1578,63,1,460.08,0.1
3913,1579,70,3,477.56,0.1
3914,1579,42,5,506.69,0.0
3915,1579,71,1,298.03,0.0
3916,1580,53,5,90.14,0.15
3917,1580,78,3,496.95,0.0
3918,1580,74,5,259.9,0.05
3919,1580,85,4,294.43,0.0
3920,1581,68,3,187.83,0.05
3921,1582,33,2,596.3,0.1
3922,1582,63,3,460.08,0.0
3923,1583,33,2,596.3,0.0
3924,1583,85,4,294.43,0.1
3925,1584,93,4,96.97,0.05
3926,1584,21,3,128.96,0.0
3927,1584,41,4,466.15,0.0
3928,1585,46,2,429.96,0.0
3929,1586,73,5,693.24,0.1
3930,1586,16,4,337.82,0.0
3931,1586,28,2,278.53,0.0
3932,1586,20,1,344.47,0.05
3933,1587,44,2,155.05,0.0
3934,1587,107,2,70.69,0.15
3935,1587,115,3,191.72,0.15
3936,1588,94,2,357.14,0.0
3937,1589,28,1,278.53,0.05
3938,1589,112,3,530.6,0.15
3939,1589,56,5,701.89,0.0
3940,1589,71,3,298.03,0.0
3941,1590,111,4,220.69,0.15
3942,1590,99,3,654.14,0.0
3943,1590,112,2,530.6,0.0
3944,1590,20,3,344.47,0.0
3945,1591,107,5,70.69,0.05
3946,1591,29,2,332.87,0.05
3947,1592,21,2,128.96,0.1
3948,1592,93,2,96.97,0.15
3949,1592,35,2,368.74,0.15
3950,1592,51,5,592.49,0.1
3951,1593,76,4,544.8,0.15
3952,1594,93,1,96.97,0.0
3953,1594,92,5,473.15,0.0
3954,1595,24,4,576.43,0.0
3955,1595,58,4,421.43,0.0
3956,1595,76,2,544.8,0.1
3957,1595,113,5,113.5,0.0
3958,1596,86,5,508.15,0.05
3959,1596,101,1,530.68,0.15
3960,1596,30,4,474.66,0.05
3961,1596,43,1,487.39,0.15
3962,1597,105,5,161.35,0.1
3963,1597,41,2,466.15,0.0
3964,1598,15,2,434.83,0.15
3965,1598,70,1,477.56,0.0
3966,1598,51,3,592.49,0.0
3967,1599,65,1,775.34,0.1
3968,1599,115,5,191.72,0.15
3969,1600,23,4,473.03,0.0
3970,1600,99,5,654.14,0.0
3971,1600,3,2,400.77,0.0
3972,1600,62,3,455.65,0.1
3973,1601,90,1,250.98,0.0
3974,1601,35,1,368.74,0.0
3975,1601,54,1,589.22,0.05
3976,1602,97,2,140.58,0.0
3977,1603,11,2,431.92,0.0
3978,1603,47,2,533.66,0.0
3979,1603,119,3,181.96,0.0
3980,1603,41,5,466.15,0.05
3981,1604,13,4,546.51,0.0
3982,1604,30,3,474.66,0.0
3983,1604,22,3,155.04,0.05
3984,1604,65,5,775.34,0.0
3985,1605,31,4,492.63,0.0
3986,1606,7,2,342.91,0.0
3987,1606,63,3,460.08,0.0
3988,1606,102,1,268.48,0.0
3989,1607,31,3,492.63,0.0
3990,1607,5,3,206.39,0.1
3991,1607,118,2,357.13,0.05
3992,1608,27,1,50.29,0.1
3993,1609,103,5,415.47,0.0
3994,1610,42,5,506.69,0.0
3995,1610,120,1,437.18,0.0
3996,1610,34,4,269.02,0.05
3997,1611,7,4,342.91,0.0
3998,1611,64,1,433.42,0.1
3999,1611,22,5,155.04,0.0
4000,1612,9,1,566.94,0.0
4001,1612,29,1,332.87,0.0
4002,1612,92,1,473.15,0.0
4003,1612,38,5,342.42,0.0
4004,1613,58,2,421.43,0.0
4005,1613,114,2,321.32,0.15
4006,1613,70,5,477.56,0.0
4007,1614,83,3,229.64,0.0
4008,1614,87,5,87.7,0.0
4009,1614,100,1,192.03,0.0
4010,1614,71,1,298.03,0.0
4011,1615,53,3,90.14,0.0
4012,1615,54,3,589.22,0.0
4013,1616,43,4,487.39,0.0
4014,1616,38,4,342.42,0.0
4015,1617,1,5,250.67,0.1
4016,1617,83,1,229.64,0.05
4017,1618,81,5,472.42,0.15
4018,1618,51,3,592.49,0.1
4019,1619,91,3,111.41,0.0
4020,1619,55,4,143.78,0.05
4021,1619,3,2,400.77,0.05
4022,1619,33,2,596.3,0.05
4023,1620,57,2,359.66,0.1
4024,1620,113,4,113.5,0.05
4025,1620,3,2,400.77,0.0
4026,1620,82,4,382.23,0.0
4027,1621,86,4,508.15,0.0
4028,1621,119,1,181.96,0.15
4029,1621,61,1,610.85,0.15
4030,1621,92,3,473.15,0.1
4031,1622,74,4,259.9,0.1
4032,1622,13,3,546.51,0.05
4033,1622,20,5,344.47,0.0
4034,1623,30,1,474.66,0.0
4035,1624,118,4,357.13,0.05
4036,1625,64,1,433.42,0.0
4037,1625,68,2,187.83,0.15
4038,1625,28,3,278.53,0.1
4039,1625,84,3,233.29,0.15
4040,1626,118,2,357.13,0.0
4041,1626,28,1,278.53,0.1
4042,1627,107,4,70.69,0.15
4043,1627,51,4,592.49,0.15
4044,1628,95,1,197.03,0.0
4045,1629,24,2,576.43,0.15
4046,1630,20,2,344.47,0.1
4047,1630,32,5,527.45,0.15
4048,1630,114,2,321.32,0.15
4049,1631,97,3,140.58,0.0
4050,1631,101,5,530.68,0.0
4051,1632,79,5,353.32,0.0
4052,1632,30,5,474.66,0.0
4053,1632,25,1,424.49,0.15
4054,1633,11,2,431.92,0.05
4055,1634,21,2,128.96,0.1
4056,1634,106,3,293.96,0.05
4057,1634,14,3,167.56,0.1
4058,1634,12,2,665.95,0.0
4059,1635,14,2,167.56,0.05
4060,1635,119,1,181.96,0.0
4061,1635,66,5,325.89,0.05
4062,1636,49,2,224.05,0.15
4063,1637,88,2,217.75,0.05
4064,1637,83,3,229.64,0.0
4065,1638,114,4,321.32,0.0
4066,1638,82,4,382.23,0.0
4067,1639,102,5,268.48,0.0
4068,1639,4,4,538.06,0.1
4069,1640,109,1,345.03,0.05
4070,1641,3,3,400.77,0.1
4071,1641,58,3,421.43,0.0
4072,1642,64,5,433.42,0.0
4073,1642,25,3,424.49,0.0
4074,1642,27,5,50.29,0.0
4075,1643,58,5,421.43,0.05
4076,1643,83,3,229.64,0.0
4077,1643,32,4,527.45,0.05
4078,1644,11,4,431.92,0.0
4079,1644,3,5,400.77,0.0
4080,1644,79,2,353.32,0.1
4081,1644,1,4,250.67,0.0
4082,1645,82,4,382.23,0.15
4083,1645,32,2,527.45,0.05
4084,1645,17,2,335.91,0.05
4085,1645,25,5,424.49,0.05
4086,1646,75,5,102.43,0.15
4087,1646,3,4,400.77,0.05
4088,1647,56,2,701.89,0.15
4089,1648,45,1,124.25,0.0
4090,1648,98,1,387.36,0.0
4091,1648,12,3,665.95,0.1
4092,1648,10,1,358.28,0.0
4093,1649,87,1,87.7,0.1
4094,1649,100,5,192.03,0.0
4095,1649,5,3,206.39,0.0
4096,1649,92,1,473.15,0.0
4097,1650,2,2,225.66,0.0
4098,1650,76,3,544.8,0.0
4099,1650,7,1,342.91,0.0
4100,1651,11,3,431.92,0.15
4101,1652,75,4,102.43,0.0
4102,1652,67,1,439.64,0.15
4103,1653,115,5,191.72,0.0
4104,1653,94,3,357.14,0.0
4105,1653,64,5,433.42,0.0
4106,1653,25,4,424.49,0.0
4107,1654,72,1,417.09,0.0
4108,1654,52,3,119.81,0.0
4109,1655,112,2,530.6,0.0
4110,1655,91,5,111.41,0.15
4111,1655,51,5,592.49,0.0
4112,1656,72,3,417.09,0.0
4113,1656,32,4,527.45,0.0
4114,1656,90,2,250.98,0.0
4115,1657,46,3,429.96,0.0
4116,1657,62,5,455.65,0.0
4117,1658,93,2,96.97,0.15
4118,1659,50,5,641.98,0.1
4119,1659,87,2,87.7,0.0
4120,1660,56,5,701.89,0.15
4121,1660,87,1,87.7,0.0
4122,1660,33,5,596.3,0.15
4123,1660,85,5,294.43,0.15
4124,1661,49,2,224.05,0.05
4125,1661,72,5,417.09,0.1
4126,1662,88,3,217.75,0.05
4127,1662,1,5,250.67,0.05
4128,1663,45,3,124.25,0.1
4129,1663,8,3,230.66,0.0
4130,1663,4,3,538.06,0.0
4131,1664,82,1,382.23,0.05
4132,1664,93,3,96.97,0.0
4133,1664,119,4,181.96,0.0
4134,1665,75,1,102.43,0.0
4135,1665,36,4,461.97,0.0
4136,1665,72,5,417.09,0.0
4137,1666,83,1,229.64,0.0
4138,1666,85,2,294.43,0.05
4139,1666,75,5,102.43,0.05
4140,1667,92,2,473.15,0.05
4141,1667,52,5,119.81,0.0
4142,1667,45,2,124.25,0.05
4143,1668,65,3,775.34,0.15
4144,1668,50,1,641.98,0.15
4145,1668,54,4,589.22,0.05
4146,1669,42,2,506.69,0.1
4147,1669,31,2,492.63,0.05
4148,1669,88,2,217.75,0.0
4149,1670,15,4,434.83,0.1
4150,1670,14,2,167.56,0.15
4151,1671,95,4,197.03,0.0
4152,1671,40,5,246.27,0.15
4153,1671,92,2,473.15,0.0
4154,1671,83,1,229.64,0.0
4155,1672,83,5,229.64,0.0
4156,1672,97,2,140.58,0.0
4157,1672,59,3,189.03,0.1
4158,1672,34,5,269.02,0.0
4159,1673,120,1,437.18,0.15
4160,1673,8,2,230.66,0.0
4161,1673,116,2,151.15,0.0
4162,1674,113,4,113.5,0.1
4163,1674,49,5,224.05,0.0
4164,1675,13,1,546.51,0.15
4165,1676,106,4,293.96,0.05
4166,1676,18,2,774.6,0.0
4167,1676,57,1,359.66,0.0
4168,1676,41,2,466.15,0.0
4169,1677,14,4,167.56,0.15
4170,1677,110,5,551.82,0.15
4171,1677,23,3,473.03,0.0
4172,1677,52,1,119.81,0.1
4173,1678,50,2,641.98,0.1
4174,1678,94,2,357.14,0.05
4175,1678,66,5,325.89,0.0
4176,1678,40,3,246.27,0.1
4177,1679,60,1,765.19,0.0
4178,1679,111,1,220.69,0.15
4179,1680,68,1,187.83,0.05
4180,1681,86,4,508.15,0.05
4181,1682,85,1,294.43,0.0
4182,1682,117,2,97.33,0.0
4183,1683,66,5,325.89,0.0
4184,1683,57,1,359.66,0.0
4185,1683,79,1,353.32,0.0
4186,1684,64,3,433.42,0.05
4187,1685,89,3,156.62,0.0
4188,1685,79,3,353.32,0.0
4189,1686,86,1,508.15,0.0
4190,1686,32,3,527.45,0.15
4191,1687,46,4,429.96,0.1
4192,1687,41,2,466.15,0.0
4193,1688,16,2,337.82,0.0
4194,1688,26,3,283.16,0.0
4195,1688,96,1,261.53,0.0
4196,1688,7,4,342.91,0.05
4197,1689,95,3,197.03,0.05
4198,1689,37,2,678.06,0.0
4199,1689,119,1,181.96,0.0
4200,1690,20,2,344.47,0.15
4201,1690,23,1,473.03,0.0
4202,1690,76,1,544.8,0.0
4203,1691,43,1,487.39,0.1
4204,1692,51,4,592.49,0.0
4205,1692,26,3,283.16,0.1
4206,1693,57,1,359.66,0.0
4207,1693,33,3,596.3,0.1
4208,1693,82,2,382.23,0.15
4209,1693,63,1,460.08,0.05
4210,1694,111,3,220.69,0.05
4211,1694,1,2,250.67,0.0
4212,1695,49,3,224.05,0.1
4213,1696,51,5,592.49,0.0
4214,1696,87,1,87.7,0.05
4215,1697,75,4,102.43,0.1
4216,1697,74,1,259.9,0.0
4217,1697,119,2,181.96,0.15
4218,1697,76,3,544.8,0.05
4219,1698,25,5,424.49,0.0
4220,1698,24,5,576.43,0.05
4221,1698,118,5,357.13,0.1
4222,1698,91,4,111.41,0.0
4223,1699,14,1,167.56,0.15
4224,1699,31,3,492.63,0.05
4225,1700,7,2,342.91,0.0
4226,1700,74,4,259.9,0.05
4227,1701,18,3,774.6,0.15
4228,1701,38,4,342.42,0.0
4229,1701,23,3,473.03,0.0
4230,1702,15,1,434.83,0.0
4231,1702,35,2,368.74,0.0
4232,1702,76,5,544.8,0.15
4233,1702,58,5,421.43,0.1
4234,1703,99,5,654.14,0.0
4235,1703,28,5,278.53,0.0
4236,1703,46,4,429.96,0.05
4237,1703,119,2,181.96,0.0
4238,1704,80,3,334.64,0.15
4239,1704,33,1,596.3,0.05
4240,1704,69,5,199.67,0.0
4241,1704,53,3,90.14,0.0
4242,1705,70,4,477.56,0.0
4243,1705,25,5,424.49,0.1
4244,1706,101,3,530.68,0.0
4245,1706,40,4,246.27,0.15
4246,1707,59,4,189.03,0.05
4247,1707,4,2,538.06,0.15
4248,1708,33,5,596.3,0.1
4249,1708,71,1,298.03,0.15
4250,1709,13,4,546.51,0.1
4251,1709,26,1,283.16,0.0
4252,1709,54,4,589.22,0.1
4253,1710,59,2,189.03,0.0
4254,1711,113,3,113.5,0.05
4255,1711,91,4,111.41,0.1
4256,1711,38,2,342.42,0.1
4257,1712,78,5,496.95,0.05
4258,1712,63,3,460.08,0.1
4259,1713,69,4,199.67,0.0
4260,1713,28,2,278.53,0.0
4261,1714,73,3,693.24,0.0
4262,1714,54,5,589.22,0.05
4263,1715,113,2,113.5,0.0
4264,1715,18,4,774.6,0.05
4265,1715,33,3,596.3,0.0
4266,1715,17,5,335.91,0.05
4267,1716,98,2,387.36,0.0
4268,1716,93,4,96.97,0.1
4269,1717,4,3,538.06,0.05
4270,1717,79,5,353.32,0.0
4271,1717,57,1,359.66,0.05
4272,1718,37,3,678.06,0.15
4273,1718,54,1,589.22,0.0
4274,1718,68,1,187.83,0.0
4275,1718,59,2,189.03,0.15
4276,1719,55,5,143.78,0.1
4277,1720,48,1,688.65,0.0
4278,1720,115,4,191.72,0.0
4279,1720,23,5,473.03,0.15
4280,1720,40,5,246.27,0.15
4281,1721,15,5,434.83,0.05
4282,1721,32,2,527.45,0.05
4283,1722,17,3,335.91,0.0
4284,1722,44,2,155.05,0.0
4285,1723,53,3,90.14,0.0
4286,1723,18,2,774.6,0.05
4287,1724,119,1,181.96,0.0
4288,1724,49,5,224.05,0.0
4289,1724,61,5,610.85,0.15
4290,1725,43,4,487.39,0.0
4291,1725,47,1,533.66,0.0
4292,1726,70,5,477.56,0.0
4293,1727,31,2,492.63,0.0
4294,1727,112,5,530.6,0.0
4295,1728,6,5,148.07,0.0
4296,1729,18,1,774.6,0.05
4297,1730,3,2,400.77,0.0
4298,1730,88,4,217.75,0.05
4299,1730,36,4,461.97,0.0
4300,1730,12,3,665.95,0.1
4301,1731,110,4,551.82,0.05
4302,1732,116,4,151.15,0.15
4303,1732,26,1,283.16,0.0
4304,1733,75,3,102.43,0.05
4305,1733,100,3,192.03,0.15
4306,1733,27,5,50.29,0.05
4307,1734,89,2,156.62,0.0
4308,1735,6,1,148.07,0.05
4309,1735,93,1,96.97,0.1
4310,1736,72,5,417.09,0.1
4311,1736,81,5,472.42,0.1
4312,1736,63,2,460.08,0.1
4313,1736,87,4,87.7,0.0
4314,1737,40,3,246.27,0.15
4315,1737,57,3,359.66,0.0
4316,1738,30,4,474.66,0.1
4317,1738,31,1,492.63,0.0
4318,1738,26,2,283.16,0.15
4319,1739,33,1,596.3,0.15
4320,1739,14,4,167.56,0.1
4321,1739,19,2,236.74,0.0
4322,1739,10,5,358.28,0.0
4323,1740,67,2,439.64,0.15
4324,1741,79,2,353.32,0.0
4325,1741,34,2,269.02,0.15
4326,1741,25,5,424.49,0.1
4327,1741,5,1,206.39,0.0
4328,1742,30,5,474.66,0.15
4329,1743,28,4,278.53,0.1
4330,1744,89,2,156.62,0.05
4331,1744,116,3,151.15,0.0
4332,1744,118,4,357.13,0.05
4333,1744,69,2,199.67,0.0
4334,1745,27,4,50.29,0.0
4335,1746,84,5,233.29,0.0
4336,1747,16,4,337.82,0.15
4337,1747,68,2,187.83,0.15
4338,1748,33,2,596.3,0.0
4339,1748,13,3,546.51,0.1
4340,1748,104,1,497.51,0.15
4341,1748,35,5,368.74,0.15
4342,1749,110,3,551.82,0.0
4343,1750,68,1,187.83,0.0
4344,1750,95,2,197.03,0.0
4345,1751,15,4,434.83,0.0
4346,1752,99,2,654.14,0.15
4347,1752,98,5,387.36,0.0
4348,1752,118,1,357.13,0.1
4349,1753,77,4,20.71,0.0
4350,1753,105,2,161.35,0.05
4351,1753,67,2,439.64,0.0
4352,1753,112,5,530.6,0.0
4353,1754,59,1,189.03,0.1
4354,1754,106,1,293.96,0.0
4355,1754,36,5,461.97,0.0
4356,1755,10,1,358.28,0.0
4357,1755,8,5,230.66,0.05
4358,1756,29,5,332.87,0.1
4359,1756,60,2,765.19,0.0
4360,1756,26,2,283.16,0.0
4361,1756,90,3,250.98,0.0
4362,1757,40,1,246.27,0.15
4363,1757,67,4,439.64,0.05
4364,1758,96,4,261.53,0.0
4365,1758,67,3,439.64,0.0
4366,1758,101,2,530.68,0.1
4367,1759,117,4,97.33,0.0
4368,1760,61,4,610.85,0.05
4369,1760,69,2,199.67,0.0
4370,1761,110,2,551.82,0.05
4371,1761,16,5,337.82,0.05
4372,1761,25,1,424.49,0.15
4373,1762,84,3,233.29,0.0
4374,1763,84,2,233.29,0.05
4375,1763,79,3,353.32,0.05
4376,1763,97,4,140.58,0.15
4377,1764,31,3,492.63,0.05
4378,1764,64,2,433.42,0.0
4379,1765,120,1,437.18,0.0
4380,1766,42,2,506.69,0.0
4381,1766,57,3,359.66,0.1
4382,1766,51,3,592.49,0.05
4383,1766,76,3,544.8,0.0
4384,1767,18,3,774.6,0.05
4385,1767,8,4,230.66,0.1
4386,1767,29,5,332.87,0.0
4387,1767,82,4,382.23,0.1
4388,1768,42,2,506.69,0.0
4389,1769,16,2,337.82,0.0
4390,1769,35,4,368.74,0.0
4391,1769,24,5,576.43,0.0
4392,1769,23,1,473.03,0.0
4393,1770,60,2,765.19,0.15
4394,1771,16,5,337.82,0.0
4395,1771,114,1,321.32,0.0
4396,1771,67,4,439.64,0.0
4397,1772,86,2,508.15,0.05
4398,1773,34,2,269.02,0.0
4399,1774,11,5,431.92,0.0
4400,1774,106,3,293.96,0.05
4401,1774,70,3,477.56,0.15
4402,1774,50,4,641.98,0.0
4403,1775,8,2,230.66,0.05
4404,1775,116,3,151.15,0.0
4405,1775,86,4,508.15,0.0
4406,1775,74,1,259.9,0.15
4407,1776,91,3,111.41,0.0
4408,1776,19,3,236.74,0.1
4409,1776,7,1,342.91,0.0
4410,1777,80,1,334.64,0.05
4411,1777,47,3,533.66,0.1
4412,1777,71,5,298.03,0.15
4413,1777,23,3,473.03,0.05
4414,1778,61,5,610.85,0.0
4415,1779,77,3,20.71,0.0
4416,1780,19,3,236.74,0.0
4417,1780,49,4,224.05,0.1
4418,1780,103,3,415.47,0.0
4419,1780,41,5,466.15,0.0
4420,1781,109,4,345.03,0.0
4421,1781,67,5,439.64,0.0
4422,1781,105,4,161.35,0.0
4423,1781,114,1,321.32,0.0
4424,1782,110,1,551.82,0.15
4425,1783,13,2,546.51,0.05
4426,1783,2,1,225.66,0.1
4427,1783,43,5,487.39,0.15
4428,1783,75,1,102.43,0.15
4429,1784,90,3,250.98,0.05
4430,1784,50,1,641.98,0.15
4431,1784,16,3,337.82,0.1
4432,1785,35,4,368.74,0.0
4433,1785,67,1,439.64,0.0
4434,1785,27,1,50.29,0.0
4435,1786,20,1,344.47,0.15
4436,1787,36,2,461.97,0.05
4437,1787,65,1,775.34,0.05
4438,1788,116,1,151.15,0.05
4439,1788,97,4,140.58,0.05
4440,1788,88,2,217.75,0.0
4441,1789,11,5,431.92,0.0
4442,1789,37,5,678.06,0.0
4443,1790,114,4,321.32,0.05
4444,1790,93,4,96.97,0.05
4445,1791,67,5,439.64,0.05
4446,1791,35,5,368.74,0.0
4447,1791,17,2,335.91,0.0
4448,1791,73,4,693.24,0.0
4449,1792,75,5,102.43,0.0
4450,1792,61,5,610.85,0.05
4451,1792,22,3,155.04,0.15
4452,1793,82,1,382.23,0.0
4453,1793,17,5,335.91,0.05
4454,1794,14,4,167.56,0.0
4455,1795,28,1,278.53,0.0
4456,1795,114,3,321.32,0.0
4457,1796,29,5,332.87,0.15
4458,1796,99,5,654.14,0.1
4459,1797,36,4,461.97,0.0
4460,1797,99,5,654.14,0.0
4461,1797,3,5,400.77,0.1
4462,1797,40,4,246.27,0.05
4463,1798,80,3,334.64,0.15
4464,1798,25,1,424.49,0.0
4465,1798,21,1,128.96,0.0
4466,1799,97,5,140.58,0.0
4467,1800,22,3,155.04,0.05
4468,1800,18,3,774.6,0.0
4469,1800,54,4,589.22,0.0
4470,1801,116,2,151.15,0.05
4471,1801,89,5,156.62,0.15
4472,1801,120,2,437.18,0.0
4473,1802,44,2,155.05,0.1
4474,1802,13,5,546.51,0.15
4475,1803,10,3,358.28,0.1
4476,1803,74,2,259.9,0.0
4477,1803,66,4,325.89,0.0
4478,1803,112,4,530.6,0.0
4479,1804,5,3,206.39,0.1
4480,1805,62,5,455.65,0.0
4481,1805,112,2,530.6,0.05
4482,1805,68,5,187.83,0.15
4483,1806,23,5,473.03,0.0
4484,1807,84,4,233.29,0.1
4485,1807,41,5,466.15,0.0
4486,1807,61,2,610.85,0.05
4487,1808,93,1,96.97,0.15
4488,1808,27,2,50.29,0.0
4489,1808,51,5,592.49,0.0
4490,1809,31,2,492.63,0.0
4491,1809,68,5,187.83,0.0
4492,1809,57,3,359.66,0.0
4493,1809,58,2,421.43,0.0
4494,1810,114,3,321.32,0.0
4495,1810,34,2,269.02,0.0
4496,1810,28,4,278.53,0.15
4497,1810,73,2,693.24,0.0
4498,1811,65,3,775.34,0.0
4499,1811,57,4,359.66,0.1
4500,1812,48,5,688.65,0.05
4501,1812,93,1,96.97,0.1
4502,1813,18,1,774.6,0.05
4503,1813,116,1,151.15,0.0
4504,1813,118,5,357.13,0.15
4505,1813,120,2,437.18,0.05
4506,1814,53,4,90.14,0.1
4507,1815,73,4,693.24,0.0
4508,1815,101,2,530.68,0.0
4509,1815,6,4,148.07,0.05
4510,1816,81,5,472.42,0.0
4511,1817,63,1,460.08,0.0
4512,1818,36,4,461.97,0.1
4513,1818,55,4,143.78,0.05
4514,1819,40,5,246.27,0.0
4515,1819,59,2,189.03,0.1
4516,1819,87,1,87.7,0.05
4517,1820,60,1,765.19,0.05
4518,1820,23,3,473.03,0.05
4519,1821,76,3,544.8,0.0
4520,1821,80,3,334.64,0.0
4521,1821,120,2,437.18,0.15
4522,1821,95,1,197.03,0.15
4523,1822,105,2,161.35,0.05
4524,1822,15,4,434.83,0.15
4525,1823,60,1,765.19,0.0
4526,1823,20,4,344.47,0.0
4527,1824,117,3,97.33,0.0
4528,1824,118,4,357.13,0.15
4529,1825,76,2,544.8,0.0
4530,1826,9,2,566.94,0.1
4531,1827,17,1,335.91,0.05
4532,1828,7,1,342.91,0.0
4533,1828,74,4,259.9,0.15
4534,1829,109,1,345.03,0.0
4535,1829,96,2,261.53,0.1
4536,1829,101,3,530.68,0.05
4537,1830,38,5,342.42,0.0
4538,1830,87,2,87.7,0.15
4539,1831,115,1,191.72,0.05
4540,1831,94,4,357.14,0.0
4541,1832,96,3,261.53,0.05
4542,1832,26,5,283.16,0.0
4543,1832,85,4,294.43,0.0
4544,1832,118,5,357.13,0.0
4545,1833,117,2,97.33,0.0
4546,1833,24,4,576.43,0.1
4547,1834,29,4,332.87,0.05
4548,1835,56,3,701.89,0.0
4549,1835,37,1,678.06,0.15
4550,1836,86,1,508.15,0.05
4551,1836,83,1,229.64,0.0
4552,1836,94,4,357.14,0.0
4553,1836,115,1,191.72,0.15
4554,1837,35,4,368.74,0.0
4555,1837,83,3,229.64,0.1
4556,1837,96,3,261.53,0.0
4557,1838,98,5,387.36,0.05
4558,1839,29,1,332.87,0.0
4559,1839,114,4,321.32,0.15
4560,1839,107,1,70.69,0.15
4561,1840,88,2,217.75,0.15
4562,1840,8,2,230.66,0.0
4563,1840,107,5,70.69,0.15
4564,1840,4,5,538.06,0.15
4565,1841,51,3,592.49,0.0
4566,1841,54,1,589.22,0.05
4567,1842,103,3,415.47,0.1
4568,1842,5,5,206.39,0.0
4569,1842,73,3,693.24,0.15
4570,1842,48,3,688.65,0.0
4571,1843,19,3,236.74,0.0
4572,1843,20,2,344.47,0.15
4573,1843,64,2,433.42,0.1
4574,1844,46,5,429.96,0.15
4575,1844,99,1,654.14,0.15
4576,1844,25,3,424.49,0.05
4577,1844,70,2,477.56,0.0
4578,1845,79,2,353.32,0.15
4579,1845,26,3,283.16,0.05
4580,1845,2,1,225.66,0.05
4581,1846,1,1,250.67,0.1
4582,1846,26,3,283.16,0.1
4583,1846,9,3,566.94,0.15
4584,1847,94,1,357.14,0.0
4585,1848,11,5,431.92,0.0
4586,1848,72,2,417.09,0.15
4587,1848,44,2,155.05,0.0
4588,1849,102,5,268.48,0.15
4589,1850,59,5,189.03,0.0
4590,1850,19,3,236.74,0.05
4591,1850,43,1,487.39,0.0
4592,1850,99,5,654.14,0.0
4593,1851,107,1,70.69,0.0
4594,1852,44,1,155.05,0.0
4595,1853,19,2,236.74,0.05
4596,1853,44,3,155.05,0.1
4597,1853,34,2,269.02,0.0
4598,1854,21,4,128.96,0.05
4599,1854,18,4,774.6,0.15
4600,1854,42,4,506.69,0.0
4601,1854,2,5,225.66,0.0
4602,1855,43,1,487.39,0.15
4603,1855,36,1,461.97,0.1
4604,1855,28,2,278.53,0.0
4605,1855,74,2,259.9,0.0
4606,1856,21,5,128.96,0.0
4607,1856,1,3,250.67,0.0
4608,1857,37,5,678.06,0.15
4609,1857,15,2,434.83,0.0
4610,1858,6,1,148.07,0.0
4611,1858,96,3,261.53,0.0
4612,1859,120,4,437.18,0.05
4613,1859,110,2,551.82,0.0
4614,1860,117,5,97.33,0.0
4615,1861,13,2,546.51,0.0
4616,1862,37,2,678.06,0.0
4617,1862,103,1,415.47,0.0
4618,1862,74,4,259.9,0.1
4619,1862,18,1,774.6,0.0
4620,1863,87,2,87.7,0.0
4621,1863,105,3,161.35,0.05
4622,1863,30,3,474.66,0.1
4623,1864,95,1,197.03,0.05
4624,1864,11,5,431.92,0.0
4625,1865,13,5,546.51,0.15
4626,1865,78,5,496.95,0.0
4627,1865,59,4,189.03,0.0
4628,1865,111,2,220.69,0.0
4629,1866,65,4,775.34,0.05
4630,1867,70,2,477.56,0.0
4631,1867,64,1,433.42,0.05
4632,1867,47,2,533.66,0.1
4633,1867,84,2,233.29,0.0
4634,1868,61,5,610.85,0.1
4635,1868,94,5,357.14,0.1
4636,1868,89,1,156.62,0.0
4637,1869,46,4,429.96,0.0
4638,1869,26,5,283.16,0.0
4639,1869,72,5,417.09,0.15
4640,1869,58,1,421.43,0.0
4641,1870,6,4,148.07,0.0
4642,1870,93,4,96.97,0.0
4643,1870,80,5,334.64,0.15
4644,1870,27,2,50.29,0.0
4645,1871,118,5,357.13,0.0
4646,1872,37,1,678.06,0.05
4647,1872,34,5,269.02,0.0
4648,1872,61,1,610.85,0.1
4649,1873,73,2,693.24,0.05
4650,1873,65,1,775.34,0.15
4651,1874,53,4,90.14,0.0
4652,1874,45,2,124.25,0.15
4653,1875,61,1,610.85,0.0
4654,1875,93,1,96.97,0.0
4655,1875,11,1,431.92,0.1
4656,1876,87,4,87.7,0.15
4657,1876,29,1,332.87,0.15
4658,1876,12,2,665.95,0.05
4659,1877,41,4,466.15,0.15
4660,1877,18,1,774.6,0.0
4661,1877,3,4,400.77,0.15
4662,1877,116,3,151.15,0.15
4663,1878,78,1,496.95,0.0
4664,1878,53,3,90.14,0.0
4665,1878,105,3,161.35,0.0
4666,1879,41,1,466.15,0.0
4667,1880,80,1,334.64,0.15
4668,1881,91,3,111.41,0.05
4669,1881,50,4,641.98,0.15
4670,1881,64,4,433.42,0.0
4671,1881,116,1,151.15,0.1
4672,1882,19,4,236.74,0.15
4673,1882,5,2,206.39,0.1
4674,1882,88,1,217.75,0.05
4675,1882,111,2,220.69,0.15
4676,1883,10,1,358.28,0.1
4677,1883,52,1,119.81,0.1
4678,1883,16,1,337.82,0.0
4679,1884,71,4,298.03,0.1
4680,1884,3,5,400.77,0.05
4681,1884,114,5,321.32,0.0
4682,1884,22,1,155.04,0.0
4683,1885,44,5,155.05,0.0
4684,1885,53,1,90.14,0.0
4685,1885,58,4,421.43,0.1
4686,1885,77,5,20.71,0.1
4687,1886,89,1,156.62,0.15
4688,1886,22,3,155.04,0.05
4689,1887,97,5,140.58,0.0
4690,1887,76,3,544.8,0.15
4691,1887,2,2,225.66,0.0
4692,1887,23,5,473.03,0.1
4693,1888,81,4,472.42,0.0
4694,1888,40,1,246.27,0.05
4695,1888,8,5,230.66,0.0
4696,1888,88,1,217.75,0.1
4697,1889,63,2,460.08,0.0
4698,1889,8,4,230.66,0.15
4699,1890,11,5,431.92,0.15
4700,1891,42,4,506.69,0.0
4701,1891,21,5,128.96,0.0
4702,1892,75,5,102.43,0.0
4703,1892,7,4,342.91,0.1
4704,1892,28,4,278.53,0.0
4705,1892,57,5,359.66,0.0
4706,1893,42,4,506.69,0.0
4707,1893,50,1,641.98,0.0
4708,1893,56,5,701.89,0.05
4709,1894,81,2,472.42,0.0
4710,1894,86,5,508.15,0.0
4711,1895,76,5,544.8,0.0
4712,1895,113,2,113.5,0.15
4713,1895,43,4,487.39,0.1
4714,1896,18,2,774.6,0.0
4715,1896,26,1,283.16,0.15
4716,1896,120,2,437.18,0.0
4717,1896,14,1,167.56,0.0
4718,1897,62,3,455.65,0.0
4719,1898,82,3,382.23,0.0
4720,1899,100,3,192.03,0.1
4721,1899,82,5,382.23,0.0
4722,1899,21,5,128.96,0.0
4723,1899,30,1,474.66,0.0
4724,1900,47,5,533.66,0.0
4725,1900,54,1,589.22,0.05
4726,1901,109,3,345.03,0.0
4727,1902,74,2,259.9,0.0
4728,1903,111,3,220.69,0.15
4729,1903,100,3,192.03,0.0
4730,1904,105,2,161.35,0.15
4731,1904,28,5,278.53,0.1
4732,1905,5,5,206.39,0.1
4733,1905,4,2,538.06,0.05
4734,1905,65,3,775.34,0.0
4735,1905,50,4,641.98,0.0
4736,1906,97,5,140.58,0.0
4737,1906,45,4,124.25,0.0
4738,1906,76,2,544.8,0.0
4739,1907,84,1,233.29,0.15
4740,1907,63,2,460.08,0.0
4741,1908,10,4,358.28,0.0
4742,1908,75,1,102.43,0.0
4743,1909,44,3,155.05,0.05
4744,1910,99,4,654.14,0.0
4745,1910,47,5,533.66,0.0
4746,1910,40,3,246.27,0.0
4747,1910,114,2,321.32,0.0
4748,1911,92,5,473.15,0.05
4749,1911,81,1,472.42,0.15
4750,1911,98,5,387.36,0.0
4751,1912,20,1,344.47,0.0
4752,1912,88,2,217.75,0.0
4753,1913,119,4,181.96,0.0
4754,1913,26,5,283.16,0.0
4755,1913,79,3,353.32,0.0
4756,1913,10,1,358.28,0.15
4757,1914,38,5,342.42,0.0
4758,1915,16,2,337.82,0.0
4759,1915,63,1,460.08,0.0
4760,1916,3,3,400.77,0.0
4761,1916,22,1,155.04,0.0
4762,1916,26,2,283.16,0.05
4763,1917,81,5,472.42,0.0
4764,1917,13,2,546.51,0.0
4765,1918,12,2,665.95,0.15
4766,1919,95,2,197.03,0.0
4767,1919,119,4,181.96,0.15
4768,1919,84,1,233.29,0.0
4769,1920,66,2,325.89,0.1
4770,1920,10,3,358.28,0.0
4771,1921,93,1,96.97,0.0
4772,1921,55,3,143.78,0.0
4773,1921,83,5,229.64,0.15
4774,1922,20,1,344.47,0.1
4775,1922,32,3,527.45,0.05
4776,1922,24,2,576.43,0.05
4777,1923,10,5,358.28,0.0
4778,1923,82,4,382.23,0.0
4779,1923,110,1,551.82,0.0
4780,1924,6,1,148.07,0.0
4781,1924,30,1,474.66,0.0
4782,1925,39,4,435.88,0.0
4783,1926,108,3,564.18,0.0
4784,1926,29,4,332.87,0.1
4785,1926,95,3,197.03,0.0
4786,1926,84,2,233.29,0.1
4787,1927,44,1,155.05,0.0
4788,1927,72,5,417.09,0.05
4789,1928,28,3,278.53,0.0
4790,1928,47,4,533.66,0.0
4791,1928,45,4,124.25,0.0
4792,1928,67,4,439.64,0.0
4793,1929,7,1,342.91,0.05
4794,1929,41,1,466.15,0.0
4795,1930,48,1,688.65,0.0
4796,1930,29,2,332.87,0.15
4797,1930,31,3,492.63,0.0
4798,1930,107,1,70.69,0.0
4799,1931,78,4,496.95,0.1
4800,1931,32,1,527.45,0.0
4801,1931,114,1,321.32,0.0
4802,1932,120,1,437.18,0.05
4803,1932,71,3,298.03,0.0
4804,1932,110,2,551.82,0.15
4805,1932,65,2,775.34,0.05
4806,1933,107,3,70.69,0.15
4807,1933,117,4,97.33,0.1
4808,1933,18,4,774.6,0.15
4809,1933,59,2,189.03,0.15
4810,1934,42,1,506.69,0.1
4811,1934,92,4,473.15,0.15
4812,1934,91,3,111.41,0.15
4813,1934,106,2,293.96,0.0
4814,1935,46,2,429.96,0.15
4815,1935,9,4,566.94,0.0
4816,1935,55,2,143.78,0.15
4817,1935,104,3,497.51,0.1
4818,1936,1,3,250.67,0.1
4819,1937,28,2,278.53,0.0
4820,1937,53,1,90.14,0.0
4821,1938,4,4,538.06,0.05
4822,1939,102,1,268.48,0.1
4823,1939,47,2,533.66,0.15
4824,1939,72,1,417.09,0.05
4825,1940,5,4,206.39,0.05
4826,1940,103,3,415.47,0.05
4827,1941,65,1,775.34,0.0
4828,1942,80,5,334.64,0.0
4829,1943,47,1,533.66,0.0
4830,1943,92,3,473.15,0.0
4831,1943,72,5,417.09,0.1
4832,1944,51,5,592.49,0.0
4833,1944,91,4,111.41,0.1
4834,1944,2,1,225.66,0.05
4835,1944,66,5,325.89,0.15
4836,1945,57,1,359.66,0.1
4837,1945,35,1,368.74,0.15
4838,1946,13,1,546.51,0.15
4839,1947,31,1,492.63,0.15
4840,1947,114,2,321.32,0.1
4841,1947,10,3,358.28,0.05
4842,1948,42,2,506.69,0.0
4843,1948,35,5,368.74,0.0
4844,1948,38,2,342.42,0.15
4845,1948,4,4,538.06,0.15
4846,1949,56,3,701.89,0.0
4847,1949,116,1,151.15,0.15
4848,1949,94,1,357.14,0.0
4849,1950,115,4,191.72,0.1
4850,1950,40,4,246.27,0.1
4851,1951,91,3,111.41,0.0
4852,1951,11,4,431.92,0.15
4853,1951,61,3,610.85,0.0
4854,1952,37,3,678.06,0.15
4855,1952,93,3,96.97,0.0
4856,1953,111,2,220.69,0.05
4857,1953,77,5,20.71,0.0
4858,1953,72,4,417.09,0.1
4859,1953,86,3,508.15,0.0
4860,1954,58,2,421.43,0.0
4861,1954,77,4,20.71,0.05
4862,1954,80,5,334.64,0.1
4863,1954,82,1,382.23,0.15
4864,1955,96,1,261.53,0.0
4865,1956,30,2,474.66,0.05
4866,1956,7,5,342.91,0.0
4867,1957,98,1,387.36,0.0
4868,1957,2,4,225.66,0.0
4869,1957,15,4,434.83,0.0
4870,1958,111,4,220.69,0.0
4871,1958,8,3,230.66,0.0
4872,1958,66,5,325.89,0.05
4873,1958,99,2,654.14,0.0
4874,1959,75,4,102.43,0.15
4875,1959,100,5,192.03,0.0
4876,1960,77,4,20.71,0.0
4877,1961,31,5,492.63,0.0
4878,1961,61,5,610.85,0.1
4879,1962,119,3,181.96,0.0
4880,1963,25,3,424.49,0.1
4881,1963,26,4,283.16,0.1
4882,1963,113,3,113.5,0.0
4883,1963,94,3,357.14,0.15
4884,1964,50,4,641.98,0.15
4885,1964,92,1,473.15,0.1
4886,1964,1,5,250.67,0.05
4887,1965,5,5,206.39,0.1
4888,1965,92,1,473.15,0.0
4889,1965,28,2,278.53,0.0
4890,1965,91,2,111.41,0.15
4891,1966,58,5,421.43,0.0
4892,1966,119,5,181.96,0.15
4893,1966,43,1,487.39,0.1
4894,1967,107,4,70.69,0.05
4895,1968,101,2,530.68,0.05
4896,1968,108,5,564.18,0.05
4897,1969,74,5,259.9,0.0
4898,1969,73,3,693.24,0.0
4899,1969,6,1,148.07,0.0
4900,1970,18,3,774.6,0.05
4901,1970,46,1,429.96,0.15
4902,1970,13,2,546.51,0.0
4903,1970,67,4,439.64,0.0
4904,1971,87,2,87.7,0.1
4905,1971,45,1,124.25,0.15
4906,1972,53,1,90.14,0.1
4907,1972,35,4,368.74,0.1
4908,1973,62,4,455.65,0.1
4909,1973,4,2,538.06,0.1
4910,1973,50,4,641.98,0.0
4911,1973,84,3,233.29,0.15
4912,1974,37,2,678.06,0.1
4913,1975,10,2,358.28,0.0
4914,1975,111,5,220.69,0.1
4915,1976,60,5,765.19,0.0
4916,1976,7,4,342.91,0.0
4917,1976,2,2,225.66,0.05
4918,1977,74,3,259.9,0.15
4919,1977,84,1,233.29,0.05
4920,1977,19,5,236.74,0.15
4921,1977,43,5,487.39,0.0
4922,1978,15,2,434.83,0.0
4923,1978,32,2,527.45,0.0
4924,1978,112,1,530.6,0.15
4925,1978,31,4,492.63,0.0
4926,1979,94,4,357.14,0.0
4927,1979,97,2,140.58,0.0
4928,1980,97,1,140.58,0.0
4929,1981,56,1,701.89,0.1
4930,1981,61,3,610.85,0.15
4931,1982,111,1,220.69,0.1
4932,1983,9,4,566.94,0.15
4933,1983,116,3,151.15,0.0
4934,1984,75,4,102.43,0.0
4935,1984,65,2,775.34,0.05
4936,1984,106,5,293.96,0.0
4937,1984,15,5,434.83,0.0
4938,1985,115,2,191.72,0.1
4939,1986,79,4,353.32,0.0
4940,1986,119,1,181.96,0.0
4941,1987,32,4,527.45,0.15
4942,1988,69,5,199.67,0.0
4943,1989,6,5,148.07,0.0
4944,1989,49,1,224.05,0.0
4945,1989,13,5,546.51,0.05
4946,1989,112,3,530.6,0.0
4947,1990,53,3,90.14,0.0
4948,1991,34,3,269.02,0.0
4949,1992,100,2,192.03,0.0
4950,1993,59,2,189.03,0.1
4951,1993,74,4,259.9,0.0
4952,1993,37,2,678.06,0.0
4953,1994,20,1,344.47,0.0
4954,1995,93,4,96.97,0.0
4955,1995,104,2,497.51,0.15
4956,1995,67,5,439.64,0.05
4957,1996,13,2,546.51,0.15
4958,1996,64,3,433.42,0.0
4959,1996,7,1,342.91,0.1
4960,1996,43,5,487.39,0.15
4961,1997,56,1,701.89,0.0
4962,1998,120,3,437.18,0.0
4963,1998,33,2,596.3,0.05
4964,1999,68,5,187.83,0.05
4965,1999,111,1,220.69,0.15
4966,2000,73,3,693.24,0.0
4967,2000,50,3,641.98,0.15
4968,2000,93,1,96.97,0.05
4969,2000,83,4,229.64,0.15
4970,2001,41,5,466.15,0.1
4971,2002,35,1,368.74,0.1
4972,2002,103,1,415.47,0.0
4973,2002,52,4,119.81,0.0
4974,2002,105,3,161.35,0.0
4975,2003,116,1,151.15,0.05
4976,2003,109,3,345.03,0.0
4977,2003,14,4,167.56,0.15
4978,2004,62,4,455.65,0.1
4979,2004,109,4,345.03,0.0
4980,2005,114,5,321.32,0.0
4981,2005,57,2,359.66,0.0
4982,2005,82,1,382.23,0.0
4983,2006,29,5,332.87,0.0
4984,2006,20,3,344.47,0.05
4985,2006,75,2,102.43,0.05
4986,2006,81,4,472.42,0.0
4987,2007,3,1,400.77,0.0
4988,2007,72,4,417.09,0.1
4989,2008,21,5,128.96,0.0
4990,2008,45,4,124.25,0.0
4991,2008,3,4,400.77,0.15
4992,2009,32,5,527.45,0.0
4993,2009,27,3,50.29,0.05
4994,2009,100,4,192.03,0.0
4995,2010,75,2,102.43,0.1
4996,2010,70,2,477.56,0.0
4997,2010,58,3,421.43,0.05
4998,2010,54,2,589.22,0.0
4999,2011,42,5,506.69,0.0
5000,2011,25,3,424.49,0.05
5001,2011,108,4,564.18,0.0
5002,2011,51,2,592.49,0.0
5003,2012,97,2,140.58,0.15
5004,2012,32,4,527.45,0.05
5005,2012,95,3,197.03,0.0
5006,2012,41,5,466.15,0.05
5007,2013,77,1,20.71,0.0
5008,2013,44,4,155.05,0.0
5009,2014,29,2,332.87,0.0
5010,2014,8,5,230.66,0.0
5011,2015,87,2,87.7,0.0
5012,2015,36,5,461.97,0.0
5013,2016,8,3,230.66,0.15
5014,2016,32,3,527.45,0.0
5015,2017,72,5,417.09,0.15
5016,2018,9,5,566.94,0.15
5017,2018,73,4,693.24,0.0
5018,2018,86,4,508.15,0.0
5019,2019,23,2,473.03,0.0
5020,2019,105,2,161.35,0.05
5021,2020,81,4,472.42,0.0
5022,2020,40,5,246.27,0.0
5023,2020,31,3,492.63,0.1
5024,2020,90,3,250.98,0.0
5025,2021,57,4,359.66,0.15
5026,2022,113,3,113.5,0.0
5027,2023,24,1,576.43,0.0
5028,2023,10,4,358.28,0.0
5029,2024,21,2,128.96,0.0
5030,2024,55,1,143.78,0.0
5031,2024,115,1,191.72,0.0
5032,2024,76,4,544.8,0.0
5033,2025,98,4,387.36,0.0
5034,2026,3,3,400.77,0.0
5035,2026,15,3,434.83,0.0
5036,2027,24,4,576.43,0.0
5037,2027,85,2,294.43,0.0
5038,2027,13,5,546.51,0.1
5039,2027,76,5,544.8,0.05
5040,2028,66,2,325.89,0.15
5041,2029,33,4,596.3,0.15
5042,2029,19,2,236.74,0.1
5043,2029,46,5,429.96,0.15
5044,2029,62,4,455.65,0.15
5045,2030,103,2,415.47,0.1
5046,2031,114,1,321.32,0.0
5047,2031,88,1,217.75,0.1
5048,2031,77,2,20.71,0.0
5049,2031,33,2,596.3,0.05
5050,2032,62,1,455.65,0.0
5051,2033,32,3,527.45,0.0
5052,2033,112,3,530.6,0.0
5053,2033,37,2,678.06,0.15
5054,2033,29,3,332.87,0.0
5055,2034,22,4,155.04,0.0
5056,2034,37,5,678.06,0.15
5057,2034,59,4,189.03,0.0
5058,2035,102,3,268.48,0.05
5059,2035,59,5,189.03,0.0
5060,2035,64,5,433.42,0.1
5061,2036,52,1,119.81,0.05
5062,2037,109,5,345.03,0.1
5063,2037,83,5,229.64,0.0
5064,2037,92,1,473.15,0.05
5065,2038,51,3,592.49,0.15
5066,2038,32,1,527.45,0.15
5067,2039,28,2,278.53,0.0
5068,2039,10,1,358.28,0.1
5069,2040,24,5,576.43,0.0
5070,2040,118,3,357.13,0.0
5071,2040,52,5,119.81,0.05
5072,2040,115,2,191.72,0.15
5073,2041,49,1,224.05,0.0
5074,2041,29,2,332.87,0.05
5075,2041,84,3,233.29,0.0
5076,2042,33,2,596.3,0.0
5077,2042,82,4,382.23,0.0
5078,2042,80,4,334.64,0.05
5079,2043,65,5,775.34,0.05
5080,2043,45,1,124.25,0.1
5081,2043,91,2,111.41,0.0
5082,2043,16,3,337.82,0.1
5083,2044,117,3,97.33,0.0
5084,2044,62,3,455.65,0.0
5085,2044,46,1,429.96,0.0
5086,2044,38,4,342.42,0.15
5087,2045,100,4,192.03,0.0
5088,2045,81,5,472.42,0.0
5089,2045,27,3,50.29,0.15
5090,2045,59,1,189.03,0.1
5091,2046,86,3,508.15,0.1
5092,2046,76,5,544.8,0.0
5093,2047,4,5,538.06,0.0
5094,2047,99,3,654.14,0.0
5095,2047,15,5,434.83,0.0
5096,2048,105,4,161.35,0.0
5097,2049,32,4,527.45,0.0
5098,2050,86,1,508.15,0.0
5099,2050,94,5,357.14,0.0
5100,2050,102,2,268.48,0.0
5101,2051,25,2,424.49,0.05
5102,2051,5,1,206.39,0.0
5103,2052,87,5,87.7,0.0
5104,2052,67,2,439.64,0.0
5105,2052,68,3,187.83,0.0
5106,2052,110,1,551.82,0.0
5107,2053,89,2,156.62,0.0
5108,2053,64,3,433.42,0.0
5109,2054,38,1,342.42,0.1
5110,2054,116,1,151.15,0.0
5111,2054,41,5,466.15,0.0
5112,2054,64,5,433.42,0.0
5113,2055,56,4,701.89,0.15
5114,2055,116,1,151.15,0.1
5115,2055,10,4,358.28,0.0
5116,2055,2,3,225.66,0.1
5117,2056,64,5,433.42,0.15
5118,2056,63,1,460.08,0.0
5119,2056,54,5,589.22,0.05
5120,2057,67,4,439.64,0.0
5121,2057,106,4,293.96,0.0
5122,2058,13,1,546.51,0.0
5123,2059,97,4,140.58,0.1
5124,2059,44,1,155.05,0.0
5125,2059,103,4,415.47,0.1
5126,2060,81,2,472.42,0.05
5127,2060,57,5,359.66,0.0
5128,2060,43,5,487.39,0.0
5129,2060,64,1,433.42,0.0
5130,2061,20,2,344.47,0.0
5131,2061,96,3,261.53,0.1
5132,2062,91,3,111.41,0.0
5133,2063,79,3,353.32,0.1
5134,2064,60,3,765.19,0.0
5135,2065,108,5,564.18,0.15
5136,2065,101,1,530.68,0.05
5137,2065,76,2,544.8,0.15
5138,2065,87,4,87.7,0.15
5139,2066,113,2,113.5,0.05
5140,2067,67,3,439.64,0.1
5141,2068,90,4,250.98,0.15
5142,2068,52,3,119.81,0.05
5143,2068,105,1,161.35,0.0
5144,2069,94,5,357.14,0.0
5145,2070,31,2,492.63,0.0
5146,2070,81,5,472.42,0.15
5147,2070,83,2,229.64,0.15
5148,2071,27,4,50.29,0.0
5149,2071,103,5,415.47,0.0
5150,2071,57,3,359.66,0.15
5151,2071,107,2,70.69,0.05
5152,2072,58,4,421.43,0.05
5153,2073,42,5,506.69,0.0
5154,2074,74,1,259.9,0.15
5155,2074,33,3,596.3,0.0
5156,2074,110,1,551.82,0.0
5157,2074,50,3,641.98,0.05
5158,2075,7,5,342.91,0.1
5159,2075,101,5,530.68,0.0
5160,2075,24,2,576.43,0.0
5161,2076,116,5,151.15,0.1
5162,2077,102,2,268.48,0.0
5163,2077,51,2,592.49,0.0
5164,2077,65,4,775.34,0.0
5165,2078,79,4,353.32,0.1
5166,2078,64,5,433.42,0.05
5167,2078,99,2,654.14,0.05
5168,2079,79,3,353.32,0.05
5169,2079,97,3,140.58,0.0
5170,2079,117,5,97.33,0.1
5171,2079,50,4,641.98,0.0
5172,2080,30,5,474.66,0.05
5173,2080,3,3,400.77,0.1
5174,2080,22,2,155.04,0.1
5175,2080,44,5,155.05,0.15
5176,2081,64,4,433.42,0.0
5177,2081,113,2,113.5,0.0
5178,2082,20,4,344.47,0.0
5179,2082,82,3,382.23,0.0
5180,2082,87,3,87.7,0.0
5181,2082,22,3,155.04,0.1
5182,2083,93,3,96.97,0.15
5183,2083,14,4,167.56,0.1
5184,2084,45,3,124.25,0.0
5185,2084,68,5,187.83,0.05
5186,2084,96,1,261.53,0.15
5187,2085,48,1,688.65,0.0
5188,2085,42,2,506.69,0.0
5189,2085,74,5,259.9,0.0
5190,2085,107,5,70.69,0.15
5191,2086,102,3,268.48,0.0
5192,2086,24,3,576.43,0.1
5193,2086,49,2,224.05,0.1
5194,2087,43,5,487.39,0.1
5195,2087,93,1,96.97,0.1
5196,2087,5,2,206.39,0.0
5197,2087,100,5,192.03,0.1
5198,2088,41,2,466.15,0.0
5199,2088,48,1,688.65,0.15
5200,2088,72,5,417.09,0.1
5201,2089,29,5,332.87,0.15
5202,2089,46,2,429.96,0.05
5203,2090,9,2,566.94,0.0
5204,2090,46,4,429.96,0.1
5205,2091,99,5,654.14,0.0
5206,2092,54,2,589.22,0.0
5207,2092,70,5,477.56,0.1
5208,2092,90,5,250.98,0.15
5209,2092,111,2,220.69,0.1
5210,2093,33,5,596.3,0.0
5211,2094,96,5,261.53,0.0
5212,2094,80,1,334.64,0.15
5213,2095,27,1,50.29,0.0
5214,2096,37,3,678.06,0.1
5215,2096,5,1,206.39,0.0
5216,2096,57,3,359.66,0.1
5217,2097,3,5,400.77,0.0
5218,2097,93,4,96.97,0.0
5219,2097,110,4,551.82,0.1
5220,2097,73,5,693.24,0.05
5221,2098,16,4,337.82,0.15
5222,2099,21,4,128.96,0.15
5223,2100,24,1,576.43,0.15
5224,2100,12,3,665.95,0.1
5225,2100,56,3,701.89,0.05
5226,2100,119,3,181.96,0.1
5227,2101,115,3,191.72,0.1
5228,2101,2,2,225.66,0.0
5229,2102,62,5,455.65,0.1
5230,2102,60,1,765.19,0.0
5231,2102,39,3,435.88,0.0
5232,2103,14,1,167.56,0.05
5233,2103,3,4,400.77,0.0
5234,2103,77,5,20.71,0.15
5235,2103,97,5,140.58,0.15
5236,2104,28,4,278.53,0.0
5237,2105,65,5,775.34,0.15
5238,2105,31,4,492.63,0.0
5239,2106,119,2,181.96,0.0
5240,2106,105,1,161.35,0.1
5241,2106,115,3,191.72,0.15
5242,2107,54,3,589.22,0.1
5243,2108,14,5,167.56,0.0
5244,2109,85,1,294.43,0.0
5245,2110,81,2,472.42,0.0
5246,2111,38,3,342.42,0.0
5247,2111,63,4,460.08,0.1
5248,2112,104,3,497.51,0.15
5249,2112,10,1,358.28,0.0
5250,2112,118,5,357.13,0.0
5251,2113,105,2,161.35,0.0
5252,2113,78,1,496.95,0.1
5253,2113,42,1,506.69,0.0
5254,2114,71,5,298.03,0.05
5255,2115,91,2,111.41,0.1
5256,2115,94,5,357.14,0.0
5257,2115,78,3,496.95,0.15
5258,2115,9,1,566.94,0.15
5259,2116,92,3,473.15,0.0
5260,2117,77,4,20.71,0.1
5261,2117,51,3,592.49,0.0
5262,2117,94,5,357.14,0.0
5263,2117,81,1,472.42,0.05
5264,2118,113,4,113.5,0.0
5265,2118,28,5,278.53,0.1
5266,2118,11,2,431.92,0.0
5267,2118,84,4,233.29,0.0
5268,2119,43,5,487.39,0.1
5269,2120,54,3,589.22,0.0
5270,2120,64,1,433.42,0.1
5271,2120,79,3,353.32,0.05
5272,2120,44,1,155.05,0.1
5273,2121,28,1,278.53,0.0
5274,2121,20,2,344.47,0.15
5275,2122,117,1,97.33,0.0
5276,2123,39,4,435.88,0.0
5277,2123,21,2,128.96,0.05
5278,2124,116,3,151.15,0.0
5279,2125,85,1,294.43,0.0
5280,2126,83,3,229.64,0.15
5281,2126,28,4,278.53,0.0
5282,2126,91,1,111.41,0.0
5283,2126,85,3,294.43,0.1
5284,2127,65,1,775.34,0.0
5285,2127,118,2,357.13,0.0
5286,2128,9,1,566.94,0.0
5287,2129,38,5,342.42,0.1
5288,2129,95,1,197.03,0.0
5289,2129,71,2,298.03,0.15
5290,2129,81,3,472.42,0.1
5291,2130,75,1,102.43,0.05
5292,2130,111,3,220.69,0.0
5293,2130,104,3,497.51,0.1
5294,2131,70,3,477.56,0.05
5295,2131,32,5,527.45,0.0
5296,2131,48,5,688.65,0.0
5297,2132,56,2,701.89,0.0
5298,2133,24,5,576.43,0.0
5299,2134,42,3,506.69,0.0
5300,2134,97,4,140.58,0.1
5301,2134,49,4,224.05,0.0
5302,2134,84,2,233.29,0.0
5303,2135,56,3,701.89,0.05
5304,2136,114,2,321.32,0.0
5305,2136,66,4,325.89,0.15
5306,2137,15,3,434.83,0.0
5307,2137,49,5,224.05,0.0
5308,2137,5,4,206.39,0.1
5309,2137,4,2,538.06,0.0
5310,2138,55,3,143.78,0.0
5311,2139,16,1,337.82,0.0
5312,2139,77,1,20.71,0.15
5313,2139,111,2,220.69,0.0
5314,2139,87,3,87.7,0.0
5315,2140,118,4,357.13,0.0
5316,2140,58,1,421.43,0.1
5317,2140,37,5,678.06,0.05
5318,2140,27,5,50.29,0.0
5319,2141,110,1,551.82,0.1
5320,2141,90,3,250.98,0.0
5321,2141,41,5,466.15,0.0
5322,2141,15,2,434.83,0.0
5323,2142,44,2,155.05,0.0
5324,2142,50,3,641.98,0.0
5325,2143,51,1,592.49,0.1
5326,2144,48,2,688.65,0.0
5327,2144,83,4,229.64,0.0
5328,2144,103,4,415.47,0.0
5329,2144,50,4,641.98,0.0
5330,2145,58,3,421.43,0.0
5331,2145,111,3,220.69,0.0
5332,2146,114,4,321.32,0.15
5333,2146,77,5,20.71,0.15
5334,2147,66,3,325.89,0.05
5335,2147,16,3,337.82,0.0
5336,2147,26,2,283.16,0.1
5337,2147,61,2,610.85,0.0
5338,2148,62,1,455.65,0.1
5339,2148,65,4,775.34,0.1
5340,2148,10,3,358.28,0.0
5341,2149,20,3,344.47,0.0
5342,2149,2,2,225.66,0.1
5343,2150,30,1,474.66,0.0
5344,2150,104,2,497.51,0.1
5345,2150,37,2,678.06,0.0
5346,2150,73,2,693.24,0.0
5347,2151,83,1,229.64,0.05
5348,2151,95,2,197.03,0.1
5349,2152,50,5,641.98,0.0
5350,2152,100,3,192.03,0.0
5351,2152,89,1,156.62,0.0
5352,2152,39,2,435.88,0.1
5353,2153,14,5,167.56,0.15
5354,2154,57,4,359.66,0.15
5355,2154,117,4,97.33,0.0
5356,2154,68,1,187.83,0.0
5357,2154,82,2,382.23,0.0
5358,2155,48,3,688.65,0.05
5359,2155,118,1,357.13,0.0
5360,2156,14,3,167.56,0.05
5361,2156,103,5,415.47,0.0
5362,2157,34,1,269.02,0.1
5363,2157,116,2,151.15,0.15
5364,2158,11,3,431.92,0.05
5365,2158,40,1,246.27,0.1
5366,2159,19,1,236.74,0.0
5367,2159,100,3,192.03,0.1
5368,2159,42,4,506.69,0.1
5369,2159,85,5,294.43,0.0
5370,2160,4,3,538.06,0.15
5371,2160,36,5,461.97,0.0
5372,2161,91,1,111.41,0.05
5373,2161,6,4,148.07,0.1
5374,2162,104,2,497.51,0.05
5375,2162,23,3,473.03,0.0
5376,2163,75,2,102.43,0.0
5377,2163,79,2,353.32,0.0
5378,2163,73,5,693.24,0.0
5379,2164,92,1,473.15,0.1
5380,2164,78,1,496.95,0.0
5381,2164,99,5,654.14,0.1
5382,2165,25,3,424.49,0.05
5383,2165,77,1,20.71,0.0
5384,2166,50,1,641.98,0.0
5385,2166,118,2,357.13,0.0
5386,2166,19,4,236.74,0.1
5387,2167,64,4,433.42,0.0
5388,2168,4,2,538.06,0.05
5389,2168,28,4,278.53,0.1
5390,2168,99,5,654.14,0.0
5391,2168,78,1,496.95,0.15
5392,2169,30,1,474.66,0.0
5393,2169,44,5,155.05,0.0
5394,2170,32,3,527.45,0.1
5395,2170,84,5,233.29,0.05
5396,2170,60,1,765.19,0.0
5397,2171,23,5,473.03,0.15
5398,2171,79,3,353.32,0.1
5399,2171,90,5,250.98,0.15
5400,2172,113,2,113.5,0.1
5401,2172,77,1,20.71,0.15
5402,2172,49,3,224.05,0.15
5403,2173,24,5,576.43,0.1
5404,2173,65,1,775.34,0.0
5405,2173,30,1,474.66,0.05
5406,2174,62,1,455.65,0.1
5407,2174,54,2,589.22,0.0
5408,2175,114,5,321.32,0.0
5409,2175,74,1,259.9,0.1
5410,2175,75,4,102.43,0.0
5411,2175,32,5,527.45,0.0
5412,2176,119,4,181.96,0.0
5413,2177,94,5,357.14,0.0
5414,2177,26,1,283.16,0.0
5415,2177,34,3,269.02,0.0
5416,2178,95,2,197.03,0.1
5417,2178,57,3,359.66,0.1
5418,2179,112,4,530.6,0.15
5419,2180,93,5,96.97,0.1
5420,2181,1,3,250.67,0.15
5421,2181,15,5,434.83,0.1
5422,2182,25,1,424.49,0.05
5423,2182,110,2,551.82,0.1
5424,2182,108,5,564.18,0.0
5425,2183,77,2,20.71,0.0
5426,2183,43,3,487.39,0.05
5427,2183,42,4,506.69,0.15
5428,2184,72,4,417.09,0.05
5429,2184,50,3,641.98,0.15
5430,2184,2,4,225.66,0.0
5431,2185,110,4,551.82,0.05
5432,2186,67,4,439.64,0.0
5433,2186,112,2,530.6,0.0
5434,2187,77,2,20.71,0.0
5435,2187,102,1,268.48,0.05
5436,2188,51,3,592.49,0.1
5437,2188,109,1,345.03,0.0
5438,2188,101,2,530.68,0.1
5439,2189,23,1,473.03,0.1
5440,2189,38,4,342.42,0.1
5441,2190,38,5,342.42,0.1
5442,2190,16,3,337.82,0.0
5443,2191,52,2,119.81,0.1
5444,2192,105,2,161.35,0.0
5445,2193,19,3,236.74,0.05
5446,2193,89,3,156.62,0.15
5447,2193,84,1,233.29,0.0
5448,2194,10,5,358.28,0.1
5449,2194,23,2,473.03,0.0
5450,2195,51,2,592.49,0.05
5451,2195,113,3,113.5,0.15
5452,2195,35,5,368.74,0.05
5453,2195,7,1,342.91,0.0
5454,2196,57,5,359.66,0.1
5455,2196,77,4,20.71,0.0
5456,2196,37,1,678.06,0.15
5457,2196,80,3,334.64,0.0
5458,2197,18,3,774.6,0.0
5459,2198,12,2,665.95,0.15
5460,2198,31,1,492.63,0.05
5461,2198,83,2,229.64,0.0
5462,2199,10,2,358.28,0.15
5463,2200,65,4,775.34,0.0
5464,2200,3,1,400.77,0.0
5465,2201,49,4,224.05,0.0
5466,2202,56,4,701.89,0.15
5467,2202,109,1,345.03,0.1
5468,2202,84,5,233.29,0.05
5469,2203,54,2,589.22,0.0
5470,2203,36,4,461.97,0.0
5471,2203,103,4,415.47,0.15
5472,2203,24,4,576.43,0.0
5473,2204,41,1,466.15,0.05
5474,2204,115,3,191.72,0.1
5475,2205,38,5,342.42,0.15
5476,2206,49,1,224.05,0.0
5477,2206,19,4,236.74,0.0
5478,2206,12,5,665.95,0.0
5479,2206,113,5,113.5,0.1
5480,2207,38,1,342.42,0.05
5481,2207,4,3,538.06,0.0
5482,2207,33,3,596.3,0.05
5483,2207,85,3,294.43,0.05
5484,2208,34,1,269.02,0.0
5485,2209,21,2,128.96,0.0
5486,2209,26,3,283.16,0.0
5487,2209,43,4,487.39,0.15
5488,2210,86,3,508.15,0.05
5489,2210,41,3,466.15,0.0
5490,2210,78,1,496.95,0.05
5491,2210,17,4,335.91,0.0
5492,2211,24,4,576.43,0.0
5493,2212,28,2,278.53,0.0
5494,2213,82,4,382.23,0.1
5495,2213,103,4,415.47,0.05
5496,2214,89,4,156.62,0.1
5497,2214,29,5,332.87,0.15
5498,2214,63,4,460.08,0.1
5499,2214,54,4,589.22,0.0
5500,2215,70,4,477.56,0.0
5501,2215,74,1,259.9,0.15
5502,2215,26,5,283.16,0.0
5503,2215,37,1,678.06,0.0
5504,2216,37,3,678.06,0.0
5505,2216,58,3,421.43,0.0
5506,2216,64,5,433.42,0.0
5507,2216,24,3,576.43,0.05
5508,2217,29,4,332.87,0.05
5509,2217,52,3,119.81,0.0
5510,2217,103,2,415.47,0.05
5511,2217,82,4,382.23,0.1
5512,2218,113,2,113.5,0.0
5513,2218,47,1,533.66,0.0
5514,2219,71,4,298.03,0.1
5515,2220,56,3,701.89,0.1
5516,2221,65,3,775.34,0.0
5517,2221,71,5,298.03,0.05
5518,2221,78,4,496.95,0.05
5519,2222,38,2,342.42,0.15
5520,2222,25,1,424.49,0.15
5521,2222,105,4,161.35,0.15
5522,2222,8,5,230.66,0.0
5523,2223,107,4,70.69,0.0
5524,2223,57,5,359.66,0.15
5525,2224,88,5,217.75,0.15
5526,2225,60,5,765.19,0.05
5527,2225,82,2,382.23,0.0
5528,2225,95,3,197.03,0.05
5529,2225,19,2,236.74,0.05
5530,2226,48,4,688.65,0.05
5531,2226,46,5,429.96,0.05
5532,2226,99,5,654.14,0.0
5533,2227,72,3,417.09,0.15
5534,2227,88,4,217.75,0.15
5535,2228,109,5,345.03,0.05
5536,2228,64,2,433.42,0.0
5537,2228,59,5,189.03,0.0
5538,2228,71,1,298.03,0.0
5539,2229,60,5,765.19,0.1
5540,2229,108,1,564.18,0.0
5541,2230,39,1,435.88,0.0
5542,2230,108,1,564.18,0.05
5543,2230,83,1,229.64,0.15
5544,2230,118,3,357.13,0.15
5545,2231,45,5,124.25,0.05
5546,2231,63,2,460.08,0.1
5547,2231,115,5,191.72,0.15
5548,2232,53,3,90.14,0.15
5549,2232,25,1,424.49,0.1
5550,2233,103,3,415.47,0.15
5551,2233,44,4,155.05,0.15
5552,2234,55,1,143.78,0.1
5553,2234,113,1,113.5,0.0
5554,2234,5,3,206.39,0.0
5555,2234,31,1,492.63,0.15
5556,2235,10,4,358.28,0.15
5557,2235,91,3,111.41,0.0
5558,2235,103,4,415.47,0.0
5559,2235,32,3,527.45,0.1
5560,2236,24,1,576.43,0.0
5561,2236,18,3,774.6,0.0
5562,2237,111,5,220.69,0.0
5563,2237,109,2,345.03,0.15
5564,2238,116,1,151.15,0.0
5565,2238,105,5,161.35,0.0
5566,2238,111,4,220.69,0.0
5567,2238,112,4,530.6,0.0
5568,2239,35,1,368.74,0.0
5569,2239,95,2,197.03,0.0
5570,2239,36,1,461.97,0.1
5571,2240,49,3,224.05,0.05
5572,2241,48,1,688.65,0.1
5573,2241,107,1,70.69,0.0
5574,2242,64,5,433.42,0.0
5575,2243,41,5,466.15,0.15
5576,2243,69,2,199.67,0.0
5577,2244,49,5,224.05,0.1
5578,2244,27,4,50.29,0.1
5579,2244,103,4,415.47,0.0
5580,2244,58,3,421.43,0.0
5581,2245,15,2,434.83,0.15
5582,2245,104,2,497.51,0.05
5583,2246,71,1,298.03,0.0
5584,2246,73,2,693.24,0.1
5585,2247,61,4,610.85,0.0
5586,2248,103,2,415.47,0.1
5587,2248,79,2,353.32,0.0
5588,2248,39,1,435.88,0.0
5589,2248,55,2,143.78,0.1
5590,2249,5,5,206.39,0.0
5591,2249,53,4,90.14,0.15
5592,2250,17,2,335.91,0.1
5593,2250,4,1,538.06,0.05
5594,2250,3,4,400.77,0.0
5595,2250,37,3,678.06,0.15
5596,2251,57,5,359.66,0.0
5597,2251,29,4,332.87,0.05
5598,2252,50,3,641.98,0.0
5599,2252,25,4,424.49,0.0
5600,2252,7,4,342.91,0.0
5601,2252,80,1,334.64,0.1
5602,2253,75,3,102.43,0.0
5603,2253,108,5,564.18,0.15
5604,2253,86,4,508.15,0.05
5605,2253,71,2,298.03,0.15
5606,2254,12,2,665.95,0.0
5607,2254,55,5,143.78,0.05
5608,2255,110,4,551.82,0.0
5609,2255,62,5,455.65,0.0
5610,2255,98,4,387.36,0.15
5611,2256,63,1,460.08,0.0
5612,2256,61,1,610.85,0.15
5613,2257,2,4,225.66,0.1
5614,2258,26,4,283.16,0.0
5615,2258,77,1,20.71,0.05
5616,2259,78,2,496.95,0.05
5617,2259,8,3,230.66,0.05
5618,2259,99,2,654.14,0.0
5619,2260,76,2,544.8,0.0
5620,2260,54,1,589.22,0.05
5621,2261,65,1,775.34,0.0
5622,2261,86,4,508.15,0.0
5623,2261,36,2,461.97,0.0
5624,2262,115,3,191.72,0.05
5625,2262,41,1,466.15,0.05
5626,2262,81,5,472.42,0.0
5627,2262,108,4,564.18,0.05
5628,2263,97,5,140.58,0.0
5629,2263,2,3,225.66,0.1
5630,2264,100,3,192.03,0.0
5631,2264,113,4,113.5,0.0
5632,2264,38,3,342.42,0.05
5633,2264,64,3,433.42,0.1
5634,2265,106,5,293.96,0.15
5635,2265,59,1,189.03,0.1
5636,2265,73,4,693.24,0.0
5637,2266,68,5,187.83,0.0
5638,2267,29,2,332.87,0.15
5639,2267,87,2,87.7,0.0
5640,2267,77,1,20.71,0.0
5641,2268,49,4,224.05,0.0
5642,2268,81,2,472.42,0.1
5643,2269,86,4,508.15,0.0
5644,2269,72,5,417.09,0.0
5645,2269,64,5,433.42,0.0
5646,2269,41,4,466.15,0.0
5647,2270,16,2,337.82,0.0
5648,2271,12,1,665.95,0.0
5649,2271,119,4,181.96,0.0
5650,2272,53,3,90.14,0.0
5651,2272,45,2,124.25,0.1
5652,2272,118,1,357.13,0.0
5653,2272,65,3,775.34,0.1
5654,2273,49,2,224.05,0.05
5655,2273,38,4,342.42,0.15
5656,2273,35,5,368.74,0.0
5657,2274,25,5,424.49,0.15
5658,2274,14,5,167.56,0.0
5659,2274,93,1,96.97,0.1
5660,2275,101,1,530.68,0.05
5661,2275,98,2,387.36,0.05
5662,2275,16,3,337.82,0.15
5663,2276,41,3,466.15,0.05
5664,2276,79,2,353.32,0.05
5665,2277,44,2,155.05,0.0
5666,2277,42,3,506.69,0.15
5667,2278,101,5,530.68,0.0
5668,2278,97,4,140.58,0.15
5669,2278,38,4,342.42,0.05
5670,2278,13,1,546.51,0.15
5671,2279,30,4,474.66,0.0
5672,2279,47,1,533.66,0.1
5673,2279,72,4,417.09,0.0
5674,2280,84,1,233.29,0.0
5675,2280,113,2,113.5,0.0
5676,2280,100,2,192.03,0.0
5677,2281,54,3,589.22,0.1
5678,2281,35,3,368.74,0.0
5679,2281,68,5,187.83,0.15
5680,2282,29,5,332.87,0.05
5681,2282,89,1,156.62,0.15
5682,2282,108,1,564.18,0.0
5683,2282,31,4,492.63,0.0
5684,2283,98,5,387.36,0.0
5685,2283,104,2,497.51,0.0
5686,2283,110,4,551.82,0.05
5687,2283,65,2,775.34,0.1
5688,2284,28,5,278.53,0.0
5689,2284,22,3,155.04,0.15
5690,2284,97,1,140.58,0.15
5691,2285,84,4,233.29,0.1
5692,2285,43,4,487.39,0.0
5693,2286,94,1,357.14,0.05
5694,2287,15,5,434.83,0.0
5695,2287,114,2,321.32,0.15
5696,2288,99,1,654.14,0.0
5697,2289,101,5,530.68,0.1
5698,2289,92,4,473.15,0.05
5699,2289,44,1,155.05,0.0
5700,2289,17,5,335.91,0.15
5701,2290,78,4,496.95,0.0
5702,2290,50,2,641.98,0.1
5703,2291,37,2,678.06,0.15
5704,2291,42,3,506.69,0.1
5705,2291,69,3,199.67,0.0
5706,2291,32,4,527.45,0.0
5707,2292,86,1,508.15,0.0
5708,2293,115,5,191.72,0.05
5709,2294,13,4,546.51,0.1
5710,2294,40,5,246.27,0.05
5711,2294,12,4,665.95,0.0
5712,2294,37,2,678.06,0.05
5713,2295,106,4,293.96,0.0
5714,2295,63,1,460.08,0.0
5715,2295,24,1,576.43,0.0
5716,2296,95,5,197.03,0.15
5717,2296,112,1,530.6,0.0
5718,2296,20,3,344.47,0.1
5719,2297,32,4,527.45,0.05
5720,2297,111,4,220.69,0.0
5721,2297,77,1,20.71,0.0
5722,2298,37,3,678.06,0.05
5723,2298,118,2,357.13,0.0
5724,2298,58,3,421.43,0.15
5725,2299,16,1,337.82,0.0
5726,2299,71,4,298.03,0.05
5727,2299,109,2,345.03,0.0
5728,2300,66,4,325.89,0.1
5729,2300,34,4,269.02,0.0
5730,2301,58,3,421.43,0.0
5731,2301,82,5,382.23,0.05
5732,2302,111,4,220.69,0.0
5733,2302,36,1,461.97,0.0
5734,2302,2,4,225.66,0.05
5735,2302,8,5,230.66,0.15
5736,2303,118,4,357.13,0.15
5737,2304,36,1,461.97,0.15
5738,2304,46,2,429.96,0.05
5739,2304,19,2,236.74,0.15
5740,2304,33,1,596.3,0.1
5741,2305,18,3,774.6,0.1
5742,2305,106,4,293.96,0.0
5743,2306,94,5,357.14,0.0
5744,2306,106,3,293.96,0.15
5745,2306,12,5,665.95,0.05
5746,2306,96,4,261.53,0.1
5747,2307,120,5,437.18,0.15
5748,2307,99,3,654.14,0.05
5749,2308,80,5,334.64,0.0
5750,2308,60,2,765.19,0.0
5751,2308,67,5,439.64,0.0
5752,2309,29,4,332.87,0.05
5753,2310,53,5,90.14,0.15
5754,2310,27,1,50.29,0.15
5755,2310,34,1,269.02,0.0
5756,2311,70,3,477.56,0.0
5757,2311,71,2,298.03,0.05
5758,2311,51,5,592.49,0.0
5759,2312,51,2,592.49,0.0
5760,2313,43,5,487.39,0.0
5761,2314,85,4,294.43,0.0
5762,2314,76,1,544.8,0.0
5763,2314,68,3,187.83,0.0
5764,2315,45,5,124.25,0.05
5765,2315,53,3,90.14,0.05
5766,2315,93,3,96.97,0.0
5767,2315,60,2,765.19,0.05
5768,2316,84,1,233.29,0.0
5769,2316,67,2,439.64,0.0
5770,2316,62,1,455.65,0.15
5771,2316,54,4,589.22,0.0
5772,2317,35,1,368.74,0.15
5773,2317,51,4,592.49,0.1
5774,2317,8,5,230.66,0.05
5775,2318,43,2,487.39,0.0
5776,2318,100,1,192.03,0.1
5777,2318,84,2,233.29,0.1
5778,2318,7,5,342.91,0.15
5779,2319,11,4,431.92,0.0
5780,2320,45,5,124.25,0.05
5781,2320,40,4,246.27,0.0
5782,2321,100,5,192.03,0.0
5783,2321,90,3,250.98,0.0
5784,2321,21,2,128.96,0.0
5785,2321,117,4,97.33,0.1
5786,2322,9,1,566.94,0.0
5787,2322,21,2,128.96,0.15
5788,2323,56,4,701.89,0.05
5789,2324,48,3,688.65,0.1
5790,2324,53,5,90.14,0.0
5791,2324,39,2,435.88,0.1
5792,2325,13,3,546.51,0.0
5793,2325,24,2,576.43,0.15
5794,2325,70,5,477.56,0.0
5795,2326,12,5,665.95,0.0
5796,2327,69,3,199.67,0.05
5797,2327,42,5,506.69,0.15
5798,2327,63,4,460.08,0.0
5799,2327,16,4,337.82,0.1
5800,2328,84,1,233.29,0.15
5801,2328,74,5,259.9,0.0
5802,2328,70,5,477.56,0.0
5803,2329,110,4,551.82,0.0
5804,2330,84,5,233.29,0.1
5805,2330,105,1,161.35,0.05
5806,2330,78,1,496.95,0.1
5807,2331,112,4,530.6,0.1
5808,2332,36,1,461.97,0.1
5809,2332,9,4,566.94,0.15
5810,2332,65,3,775.34,0.1
5811,2332,34,2,269.02,0.0
5812,2333,103,2,415.47,0.0
5813,2333,39,5,435.88,0.1
5814,2334,101,2,530.68,0.15
5815,2334,19,2,236.74,0.15
5816,2334,40,5,246.27,0.05
5817,2334,74,1,259.9,0.0
5818,2335,17,3,335.91,0.0
5819,2335,75,1,102.43,0.0
5820,2335,54,1,589.22,0.05
5821,2335,97,4,140.58,0.0
5822,2336,38,3,342.42,0.05
5823,2336,59,4,189.03,0.15
5824,2336,104,2,497.51,0.0
5825,2336,51,2,592.49,0.0
5826,2337,113,5,113.5,0.15
5827,2337,110,5,551.82,0.05
5828,2337,40,5,246.27,0.0
5829,2337,107,1,70.69,0.0
5830,2338,5,2,206.39,0.0
5831,2338,23,4,473.03,0.0
5832,2338,106,4,293.96,0.0
5833,2338,90,5,250.98,0.1
5834,2339,2,4,225.66,0.05
5835,2339,14,2,167.56,0.1
5836,2340,80,1,334.64,0.0
5837,2340,68,2,187.83,0.15
5838,2340,54,4,589.22,0.15
5839,2341,104,1,497.51,0.15
5840,2341,43,4,487.39,0.15
5841,2342,39,3,435.88,0.05
5842,2342,56,1,701.89,0.0
5843,2343,11,5,431.92,0.15
5844,2343,62,1,455.65,0.0
5845,2344,95,3,197.03,0.05
5846,2344,67,5,439.64,0.0
5847,2344,8,1,230.66,0.0
5848,2345,30,2,474.66,0.0
5849,2345,2,3,225.66,0.0
5850,2345,95,2,197.03,0.0
5851,2346,97,1,140.58,0.1
5852,2346,63,1,460.08,0.15
5853,2347,85,1,294.43,0.0
5854,2347,79,2,353.32,0.0
5855,2348,54,2,589.22,0.0
5856,2349,24,2,576.43,0.05
5857,2349,23,2,473.03,0.0
5858,2349,53,1,90.14,0.0
5859,2349,111,5,220.69,0.0
5860,2350,30,2,474.66,0.05
5861,2351,110,5,551.82,0.05
5862,2351,60,3,765.19,0.0
5863,2352,100,2,192.03,0.0
5864,2352,91,4,111.41,0.1
5865,2353,63,2,460.08,0.15
5866,2353,18,5,774.6,0.1
5867,2353,92,2,473.15,0.0
5868,2354,39,4,435.88,0.05
5869,2354,43,1,487.39,0.0
5870,2354,96,5,261.53,0.0
5871,2354,47,2,533.66,0.1
5872,2355,67,4,439.64,0.0
5873,2356,83,2,229.64,0.0
5874,2356,64,1,433.42,0.15
5875,2356,50,1,641.98,0.0
5876,2356,16,2,337.82,0.15
5877,2357,11,5,431.92,0.15
5878,2357,12,3,665.95,0.15
5879,2357,19,1,236.74,0.05
5880,2358,51,3,592.49,0.0
5881,2358,54,3,589.22,0.0
5882,2358,91,2,111.41,0.0
5883,2359,82,3,382.23,0.05
5884,2359,118,5,357.13,0.0
5885,2359,2,4,225.66,0.15
5886,2359,47,3,533.66,0.05
5887,2360,116,4,151.15,0.05
5888,2360,34,2,269.02,0.0
5889,2360,7,2,342.91,0.1
5890,2360,46,3,429.96,0.1
5891,2361,73,3,693.24,0.0
5892,2361,83,2,229.64,0.0
5893,2361,114,3,321.32,0.15
5894,2361,43,5,487.39,0.15
5895,2362,59,2,189.03,0.0
5896,2362,15,1,434.83,0.0
5897,2362,5,5,206.39,0.0
5898,2363,29,4,332.87,0.0
5899,2363,116,5,151.15,0.0
5900,2363,114,1,321.32,0.0
5901,2363,111,2,220.69,0.05
5902,2364,42,2,506.69,0.1
5903,2364,45,1,124.25,0.05
5904,2364,106,4,293.96,0.0
5905,2365,105,3,161.35,0.15
5906,2365,13,4,546.51,0.0
5907,2365,67,5,439.64,0.0
5908,2366,117,5,97.33,0.15
5909,2366,19,2,236.74,0.0
5910,2366,63,3,460.08,0.1
5911,2366,66,4,325.89,0.15
5912,2367,64,5,433.42,0.0
5913,2367,73,5,693.24,0.0
5914,2368,46,4,429.96,0.1
5915,2368,109,5,345.03,0.0
5916,2369,32,3,527.45,0.0
5917,2369,8,4,230.66,0.15
5918,2369,30,4,474.66,0.15
5919,2369,62,3,455.65,0.1
5920,2370,11,1,431.92,0.15
5921,2370,29,3,332.87,0.0
5922,2370,31,2,492.63,0.1
5923,2371,66,5,325.89,0.0
5924,2372,28,2,278.53,0.05
5925,2372,51,2,592.49,0.05
5926,2373,85,3,294.43,0.15
5927,2373,23,1,473.03,0.15
5928,2373,82,1,382.23,0.15
5929,2373,111,5,220.69,0.0
5930,2374,85,5,294.43,0.0
5931,2374,28,5,278.53,0.0
5932,2375,42,1,506.69,0.0
5933,2375,62,4,455.65,0.05
5934,2375,78,1,496.95,0.05
5935,2375,4,3,538.06,0.0
5936,2376,69,5,199.67,0.05
5937,2376,19,1,236.74,0.0
5938,2376,112,5,530.6,0.0
5939,2376,22,1,155.04,0.0
5940,2377,70,5,477.56,0.0
5941,2377,115,2,191.72,0.1
5942,2377,50,1,641.98,0.0
5943,2378,91,4,111.41,0.05
5944,2378,31,3,492.63,0.05
5945,2378,82,4,382.23,0.0
5946,2378,109,2,345.03,0.0
5947,2379,36,4,461.97,0.0
5948,2380,59,1,189.03,0.15
5949,2380,75,5,102.43,0.15
5950,2381,41,4,466.15,0.15
5951,2381,29,5,332.87,0.15
5952,2381,61,1,610.85,0.1
5953,2382,85,5,294.43,0.05
5954,2382,46,5,429.96,0.1
5955,2382,98,3,387.36,0.1
5956,2383,90,2,250.98,0.0
5957,2384,18,4,774.6,0.0
5958,2385,2,1,225.66,0.1
5959,2385,56,4,701.89,0.0
5960,2385,44,5,155.05,0.0
5961,2385,94,2,357.14,0.0
5962,2386,73,5,693.24,0.0
5963,2386,45,4,124.25,0.0
5964,2387,17,5,335.91,0.1
5965,2387,107,3,70.69,0.15
5966,2387,81,1,472.42,0.05
5967,2388,88,1,217.75,0.05
5968,2388,90,5,250.98,0.0
5969,2388,85,2,294.43,0.0
5970,2389,50,1,641.98,0.0
5971,2389,30,5,474.66,0.05
5972,2390,74,3,259.9,0.1
5973,2391,69,4,199.67,0.0
5974,2391,13,2,546.51,0.15
5975,2391,120,3,437.18,0.0
5976,2391,42,5,506.69,0.1
5977,2392,88,5,217.75,0.05
5978,2393,111,1,220.69,0.05
5979,2394,115,2,191.72,0.1
5980,2394,80,4,334.64,0.0
5981,2394,32,2,527.45,0.1
5982,2394,89,3,156.62,0.15
5983,2395,93,3,96.97,0.05
5984,2395,23,5,473.03,0.0
5985,2396,52,5,119.81,0.1
5986,2396,68,4,187.83,0.0
5987,2397,57,5,359.66,0.15
5988,2398,21,2,128.96,0.05
5989,2399,19,4,236.74,0.0
5990,2399,50,1,641.98,0.0
5991,2399,74,1,259.9,0.05
5992,2399,7,5,342.91,0.1
5993,2400,13,4,546.51,0.0
5994,2400,66,4,325.89,0.15
5995,2400,111,2,220.69,0.0
5996,2401,52,4,119.81,0.15
5997,2402,20,1,344.47,0.1
5998,2403,81,5,472.42,0.0
5999,2403,33,2,596.3,0.0
6000,2403,14,2,167.56,0.0
6001,2403,66,4,325.89,0.0
6002,2404,99,3,654.14,0.0
6003,2405,82,4,382.23,0.0
6004,2405,30,5,474.66,0.0
6005,2406,117,3,97.33,0.1
6006,2406,40,2,246.27,0.0
6007,2406,42,4,506.69,0.0
6008,2407,69,5,199.67,0.0
6009,2407,52,4,119.81,0.0
6010,2408,13,2,546.51,0.0
6011,2408,7,4,342.91,0.1
6012,2408,111,3,220.69,0.05
6013,2408,3,4,400.77,0.0
6014,2409,40,1,246.27,0.0
6015,2410,79,1,353.32,0.05
6016,2410,90,3,250.98,0.0
6017,2411,48,1,688.65,0.0
6018,2411,95,2,197.03,0.1
6019,2412,9,4,566.94,0.0
6020,2412,2,2,225.66,0.1
6021,2413,89,5,156.62,0.0
6022,2413,8,5,230.66,0.0
6023,2413,36,3,461.97,0.15
6024,2414,28,2,278.53,0.05
6025,2414,71,1,298.03,0.05
6026,2415,76,4,544.8,0.15
6027,2415,117,3,97.33,0.0
6028,2415,60,1,765.19,0.15
6029,2416,115,2,191.72,0.0
6030,2416,5,1,206.39,0.1
6031,2417,67,5,439.64,0.05
6032,2417,10,5,358.28,0.0
6033,2417,35,3,368.74,0.1
6034,2417,65,3,775.34,0.15
6035,2418,119,4,181.96,0.0
6036,2418,22,2,155.04,0.0
6037,2418,74,4,259.9,0.15
6038,2418,46,1,429.96,0.15
6039,2419,84,3,233.29,0.1
6040,2420,77,3,20.71,0.1
6041,2420,59,4,189.03,0.1
6042,2420,116,3,151.15,0.0
6043,2420,79,1,353.32,0.0
6044,2421,59,3,189.03,0.15
6045,2421,41,1,466.15,0.0
6046,2422,78,5,496.95,0.0
6047,2423,53,4,90.14,0.15
6048,2423,108,5,564.18,0.0
6049,2424,50,3,641.98,0.0
6050,2424,73,4,693.24,0.15
6051,2425,81,5,472.42,0.05
6052,2425,48,1,688.65,0.0
6053,2426,50,2,641.98,0.1
6054,2426,23,1,473.03,0.0
6055,2426,32,5,527.45,0.1
6056,2426,106,2,293.96,0.0
6057,2427,102,5,268.48,0.1
6058,2427,45,1,124.25,0.0
6059,2427,53,3,90.14,0.05
6060,2427,63,5,460.08,0.0
6061,2428,58,1,421.43,0.0
6062,2429,71,4,298.03,0.0
6063,2429,88,5,217.75,0.05
6064,2429,16,1,337.82,0.05
6065,2430,59,3,189.03,0.0
6066,2430,84,2,233.29,0.05
6067,2431,37,5,678.06,0.15
6068,2431,115,5,191.72,0.0
6069,2432,4,1,538.06,0.0
6070,2432,102,3,268.48,0.0
6071,2432,21,3,128.96,0.05
6072,2432,120,5,437.18,0.0
6073,2433,95,2,197.03,0.05
6074,2433,110,5,551.82,0.0
6075,2434,34,4,269.02,0.15
6076,2434,82,5,382.23,0.0
6077,2434,56,5,701.89,0.0
6078,2434,52,2,119.81,0.0
6079,2435,23,3,473.03,0.1
6080,2436,18,2,774.6,0.0
6081,2437,3,3,400.77,0.0
6082,2437,52,4,119.81,0.15
6083,2438,19,4,236.74,0.0
6084,2438,1,3,250.67,0.15
6085,2438,47,1,533.66,0.05
6086,2439,108,3,564.18,0.05
6087,2439,63,4,460.08,0.0
6088,2439,92,5,473.15,0.1
6089,2440,76,1,544.8,0.0
6090,2440,54,5,589.22,0.0
6091,2440,68,5,187.83,0.0
6092,2441,101,5,530.68,0.0
6093,2441,73,1,693.24,0.05
6094,2441,63,5,460.08,0.0
6095,2441,97,5,140.58,0.15
6096,2442,10,4,358.28,0.0
6097,2443,9,1,566.94,0.15
6098,2443,10,1,358.28,0.0
6099,2444,42,2,506.69,0.0
6100,2444,80,3,334.64,0.15
6101,2444,39,5,435.88,0.1
6102,2445,67,2,439.64,0.0
6103,2445,99,1,654.14,0.1
6104,2445,13,4,546.51,0.0
6105,2446,28,3,278.53,0.0
6106,2446,94,4,357.14,0.0
6107,2446,58,4,421.43,0.05
6108,2447,18,1,774.6,0.05
6109,2448,95,4,197.03,0.0
6110,2449,52,2,119.81,0.0
6111,2449,76,3,544.8,0.0
6112,2449,85,5,294.43,0.0
6113,2450,14,1,167.56,0.05
6114,2451,39,4,435.88,0.0
6115,2451,101,4,530.68,0.0
6116,2451,92,1,473.15,0.0
6117,2452,93,3,96.97,0.0
6118,2453,10,2,358.28,0.0
6119,2453,89,5,156.62,0.0
6120,2453,102,3,268.48,0.0
6121,2453,59,2,189.03,0.1
6122,2454,114,2,321.32,0.0
6123,2455,53,4,90.14,0.1
6124,2455,27,2,50.29,0.0
6125,2456,96,1,261.53,0.0
6126,2456,79,4,353.32,0.05
6127,2456,78,2,496.95,0.05
6128,2457,71,1,298.03,0.15
6129,2457,41,3,466.15,0.0
6130,2458,20,5,344.47,0.0
6131,2458,108,2,564.18,0.0
6132,2458,9,5,566.94,0.15
6133,2459,55,1,143.78,0.0
6134,2459,64,1,433.42,0.0
6135,2459,94,2,357.14,0.1
6136,2459,31,5,492.63,0.0
6137,2460,40,4,246.27,0.0
6138,2460,79,3,353.32,0.0
6139,2460,54,3,589.22,0.05
6140,2461,5,3,206.39,0.1
6141,2462,59,3,189.03,0.0
6142,2462,107,1,70.69,0.0
6143,2463,37,1,678.06,0.0
6144,2463,27,3,50.29,0.0
6145,2463,55,2,143.78,0.0
6146,2464,93,5,96.97,0.0
6147,2464,108,2,564.18,0.0
6148,2464,76,5,544.8,0.0
6149,2464,2,2,225.66,0.0
6150,2465,19,3,236.74,0.0
6151,2465,49,5,224.05,0.1
6152,2465,71,4,298.03,0.1
6153,2466,45,2,124.25,0.15
6154,2466,25,5,424.49,0.05
6155,2466,52,1,119.81,0.05
6156,2466,47,5,533.66,0.15
6157,2467,26,2,283.16,0.15
6158,2467,79,1,353.32,0.0
6159,2468,42,1,506.69,0.1
6160,2468,105,2,161.35,0.0
6161,2469,116,1,151.15,0.0
6162,2469,101,5,530.68,0.0
6163,2469,88,1,217.75,0.15
6164,2469,117,3,97.33,0.0
6165,2470,120,4,437.18,0.0
6166,2470,103,4,415.47,0.15
6167,2471,103,2,415.47,0.0
6168,2472,49,5,224.05,0.0
6169,2473,34,2,269.02,0.15
6170,2473,68,4,187.83,0.15
6171,2473,44,5,155.05,0.05
6172,2473,31,1,492.63,0.15
6173,2474,80,4,334.64,0.15
6174,2474,11,3,431.92,0.0
6175,2475,56,2,701.89,0.0
6176,2476,54,4,589.22,0.0
6177,2476,30,2,474.66,0.1
6178,2476,70,5,477.56,0.0
6179,2476,116,5,151.15,0.15
6180,2477,28,1,278.53,0.0
6181,2477,80,3,334.64,0.05
6182,2478,76,1,544.8,0.0
6183,2478,86,2,508.15,0.0
6184,2479,27,2,50.29,0.0
6185,2479,56,4,701.89,0.0
6186,2480,107,1,70.69,0.05
6187,2481,56,1,701.89,0.0
6188,2481,8,5,230.66,0.1
6189,2481,82,2,382.23,0.0
6190,2482,9,5,566.94,0.0
6191,2483,108,4,564.18,0.0
6192,2483,11,3,431.92,0.1
6193,2483,102,2,268.48,0.05
6194,2483,15,2,434.83,0.0
6195,2484,65,4,775.34,0.0
6196,2484,51,3,592.49,0.1
6197,2484,21,4,128.96,0.0
6198,2484,103,1,415.47,0.0
6199,2485,84,1,233.29,0.15
6200,2485,94,1,357.14,0.05
6201,2485,105,3,161.35,0.0
6202,2486,80,1,334.64,0.0
6203,2486,20,1,344.47,0.0
6204,2486,17,3,335.91,0.0
6205,2487,13,1,546.51,0.1
6206,2487,21,1,128.96,0.1
6207,2487,75,2,102.43,0.1
6208,2488,28,3,278.53,0.0
6209,2488,53,3,90.14,0.15
6210,2488,73,2,693.24,0.0
6211,2489,31,2,492.63,0.1
6212,2489,63,2,460.08,0.1
6213,2489,41,2,466.15,0.1
6214,2490,28,3,278.53,0.15
6215,2490,48,1,688.65,0.0
6216,2491,113,3,113.5,0.05
6217,2492,82,1,382.23,0.0
6218,2492,15,2,434.83,0.0
6219,2492,31,4,492.63,0.0
6220,2493,61,3,610.85,0.05
6221,2493,106,2,293.96,0.05
6222,2493,91,5,111.41,0.1
6223,2494,25,1,424.49,0.0
6224,2494,100,1,192.03,0.0
6225,2494,3,4,400.77,0.05
6226,2495,11,2,431.92,0.15
6227,2495,63,3,460.08,0.05
6228,2496,37,2,678.06,0.0
6229,2496,98,3,387.36,0.15
6230,2496,86,1,508.15,0.15
6231,2497,119,3,181.96,0.05
6232,2498,95,1,197.03,0.1
6233,2498,14,5,167.56,0.05
6234,2498,41,5,466.15,0.0
6235,2499,27,1,50.29,0.1
6236,2499,108,1,564.18,0.1
6237,2499,19,2,236.74,0.05
6238,2500,77,5,20.71,0.15
6239,2500,11,1,431.92,0.0
6240,2501,33,4,596.3,0.0
6241,2501,20,3,344.47,0.0
6242,2501,61,2,610.85,0.0
6243,2501,45,2,124.25,0.1
6244,2502,63,4,460.08,0.1
6245,2502,21,5,128.96,0.15
6246,2503,61,5,610.85,0.1
6247,2504,56,4,701.89,0.0
6248,2504,68,2,187.83,0.0
6249,2504,106,5,293.96,0.0
6250,2505,75,3,102.43,0.0
6251,2506,113,3,113.5,0.15
6252,2506,89,3,156.62,0.05
6253,2506,11,4,431.92,0.0
6254,2507,58,3,421.43,0.05
6255,2507,5,5,206.39,0.05
6256,2508,88,2,217.75,0.0
6257,2508,110,3,551.82,0.0
6258,2508,12,5,665.95,0.0
6259,2509,63,1,460.08,0.0
6260,2509,84,3,233.29,0.1
6261,2510,73,5,693.24,0.0
6262,2510,116,5,151.15,0.0
6263,2510,107,5,70.69,0.1
6264,2510,45,2,124.25,0.0
6265,2511,66,4,325.89,0.1
6266,2512,71,3,298.03,0.05
6267,2512,93,4,96.97,0.0
6268,2512,100,1,192.03,0.1
6269,2512,101,4,530.68,0.05
6270,2513,89,4,156.62,0.0
6271,2514,99,1,654.14,0.0
6272,2514,4,2,538.06,0.05
6273,2514,27,3,50.29,0.15
6274,2514,31,5,492.63,0.0
6275,2515,103,4,415.47,0.0
6276,2516,107,5,70.69,0.0
6277,2516,21,2,128.96,0.0
6278,2516,32,3,527.45,0.0
6279,2516,67,5,439.64,0.1
6280,2517,107,2,70.69,0.0
6281,2517,51,2,592.49,0.0
6282,2517,119,4,181.96,0.1
6283,2518,110,2,551.82,0.05
6284,2519,94,4,357.14,0.0
6285,2519,63,4,460.08,0.0
6286,2519,50,1,641.98,0.1
6287,2519,8,3,230.66,0.0
6288,2520,114,1,321.32,0.05
6289,2520,101,5,530.68,0.0
6290,2520,80,5,334.64,0.0
6291,2521,62,3,455.65,0.0
6292,2522,80,2,334.64,0.0
6293,2522,18,5,774.6,0.1
6294,2522,40,2,246.27,0.05
6295,2523,55,1,143.78,0.05
6296,2523,59,1,189.03,0.15
6297,2523,94,4,357.14,0.05
6298,2523,20,2,344.47,0.1
6299,2524,101,3,530.68,0.15
6300,2524,106,5,293.96,0.0
6301,2524,20,3,344.47,0.05
6302,2524,105,1,161.35,0.0
6303,2525,51,4,592.49,0.15
6304,2526,26,2,283.16,0.0
6305,2526,61,1,610.85,0.0
6306,2526,66,3,325.89,0.0
6307,2527,18,1,774.6,0.0
6308,2527,120,4,437.18,0.05
6309,2527,74,3,259.9,0.0
6310,2528,32,3,527.45,0.05
6311,2528,46,2,429.96,0.0
6312,2528,36,4,461.97,0.1
6313,2529,2,5,225.66,0.0
6314,2529,55,3,143.78,0.05
6315,2529,100,4,192.03,0.0
6316,2529,83,5,229.64,0.0
6317,2530,10,3,358.28,0.15
6318,2530,78,5,496.95,0.1
6319,2530,34,4,269.02,0.15
6320,2531,73,3,693.24,0.0
6321,2532,28,2,278.53,0.0
6322,2532,1,2,250.67,0.0
6323,2532,86,4,508.15,0.1
6324,2532,70,2,477.56,0.0
6325,2533,87,4,87.7,0.05
6326,2533,82,1,382.23,0.0
6327,2533,118,3,357.13,0.0
6328,2533,65,5,775.34,0.15
6329,2534,53,4,90.14,0.0
6330,2535,105,2,161.35,0.0
6331,2535,70,3,477.56,0.0
6332,2536,31,5,492.63,0.0
6333,2536,72,2,417.09,0.15
6334,2537,104,3,497.51,0.0
6335,2537,67,3,439.64,0.05
6336,2537,40,3,246.27,0.15
6337,2537,116,1,151.15,0.0
6338,2538,117,1,97.33,0.1
6339,2538,116,3,151.15,0.0
6340,2538,46,2,429.96,0.0
6341,2538,100,4,192.03,0.0
6342,2539,6,2,148.07,0.15
6343,2539,44,3,155.05,0.0
6344,2539,103,2,415.47,0.0
6345,2539,104,5,497.51,0.0
6346,2540,119,4,181.96,0.0
6347,2540,104,5,497.51,0.15
6348,2540,118,5,357.13,0.15
6349,2541,52,1,119.81,0.0
6350,2541,20,3,344.47,0.05
6351,2541,86,2,508.15,0.05
6352,2542,1,4,250.67,0.15
6353,2542,24,1,576.43,0.1
6354,2543,111,2,220.69,0.1
6355,2544,77,5,20.71,0.0
6356,2544,102,2,268.48,0.0
6357,2544,117,2,97.33,0.1
6358,2544,18,1,774.6,0.15
6359,2545,61,4,610.85,0.0
6360,2545,42,1,506.69,0.0
6361,2545,62,3,455.65,0.1
6362,2546,71,2,298.03,0.15
6363,2547,51,3,592.49,0.05
6364,2547,86,3,508.15,0.05
6365,2547,56,2,701.89,0.0
6366,2548,58,2,421.43,0.0
6367,2548,51,3,592.49,0.0
6368,2549,89,4,156.62,0.0
6369,2549,73,3,693.24,0.0
6370,2549,57,5,359.66,0.1
6371,2549,53,5,90.14,0.05
6372,2550,6,2,148.07,0.05
6373,2550,89,5,156.62,0.0
6374,2550,80,1,334.64,0.15
6375,2550,9,3,566.94,0.0
6376,2551,88,4,217.75,0.0
6377,2551,110,5,551.82,0.0
6378,2552,23,4,473.03,0.05
6379,2552,35,5,368.74,0.15
6380,2552,113,4,113.5,0.0
6381,2553,103,4,415.47,0.0
6382,2553,112,3,530.6,0.0
6383,2553,63,1,460.08,0.1
6384,2554,25,3,424.49,0.15
6385,2554,85,1,294.43,0.15
6386,2555,64,2,433.42,0.15
6387,2555,59,1,189.03,0.0
6388,2555,106,1,293.96,0.15
6389,2555,94,1,357.14,0.0
6390,2556,50,4,641.98,0.0
6391,2557,1,5,250.67,0.15
6392,2558,113,4,113.5,0.15
6393,2558,69,3,199.67,0.15
6394,2559,11,5,431.92,0.1
6395,2559,50,4,641.98,0.05
6396,2560,48,1,688.65,0.0
6397,2560,65,3,775.34,0.0
6398,2560,61,2,610.85,0.1
6399,2560,77,4,20.71,0.1
6400,2561,35,3,368.74,0.0
6401,2561,97,1,140.58,0.15
6402,2561,57,3,359.66,0.15
6403,2561,10,4,358.28,0.1
6404,2562,89,5,156.62,0.0
6405,2562,71,1,298.03,0.0
6406,2562,32,2,527.45,0.0
6407,2563,74,2,259.9,0.0
6408,2564,27,5,50.29,0.0
6409,2564,96,2,261.53,0.0
6410,2564,73,3,693.24,0.0
6411,2565,109,5,345.03,0.05
6412,2566,113,2,113.5,0.15
6413,2566,8,3,230.66,0.1
6414,2566,70,2,477.56,0.1
6415,2566,4,1,538.06,0.15
6416,2567,27,1,50.29,0.05
6417,2567,107,4,70.69,0.0
6418,2567,15,4,434.83,0.05
6419,2567,9,3,566.94,0.0
6420,2568,23,2,473.03,0.0
6421,2569,29,2,332.87,0.15
6422,2570,9,3,566.94,0.1
6423,2571,6,1,148.07,0.15
6424,2571,53,4,90.14,0.0
6425,2572,85,4,294.43,0.05
6426,2572,94,4,357.14,0.0
6427,2572,37,2,678.06,0.15
6428,2572,11,3,431.92,0.0
6429,2573,106,3,293.96,0.0
6430,2574,120,4,437.18,0.0
6431,2574,117,3,97.33,0.0
6432,2575,52,3,119.81,0.0
6433,2575,75,4,102.43,0.15
6434,2575,56,2,701.89,0.05
6435,2576,63,2,460.08,0.1
6436,2577,76,4,544.8,0.0
6437,2577,35,1,368.74,0.15
6438,2577,95,5,197.03,0.0
6439,2577,66,4,325.89,0.1
6440,2578,9,5,566.94,0.0
6441,2579,99,5,654.14,0.0
6442,2579,103,4,415.47,0.0
6443,2580,103,4,415.47,0.1
6444,2580,66,5,325.89,0.1
6445,2581,74,3,259.9,0.05
6446,2581,40,4,246.27,0.0
6447,2581,119,3,181.96,0.0
6448,2581,28,5,278.53,0.1
6449,2582,11,4,431.92,0.1
6450,2583,42,2,506.69,0.0
6451,2583,64,1,433.42,0.15
6452,2583,89,2,156.62,0.0
6453,2583,48,1,688.65,0.05
6454,2584,108,2,564.18,0.05
6455,2584,104,5,497.51,0.05
6456,2585,87,2,87.7,0.1
6457,2585,40,1,246.27,0.0
6458,2586,48,4,688.65,0.1
6459,2586,55,3,143.78,0.0
6460,2586,43,1,487.39,0.0
6461,2587,62,2,455.65,0.0
6462,2587,10,5,358.28,0.05
6463,2587,75,4,102.43,0.0
6464,2587,93,3,96.97,0.0
6465,2588,55,1,143.78,0.0
6466,2588,110,2,551.82,0.15
6467,2588,7,1,342.91,0.05
6468,2589,101,5,530.68,0.0
6469,2589,10,4,358.28,0.15
6470,2589,11,5,431.92,0.1
6471,2589,43,4,487.39,0.0
6472,2590,37,3,678.06,0.0
6473,2590,14,4,167.56,0.05
6474,2591,88,2,217.75,0.0
6475,2591,22,3,155.04,0.15
6476,2591,80,1,334.64,0.0
6477,2591,75,5,102.43,0.1
6478,2592,102,4,268.48,0.0
6479,2593,30,4,474.66,0.05
6480,2593,120,2,437.18,0.1
6481,2593,89,3,156.62,0.0
6482,2594,51,4,592.49,0.0
6483,2594,32,3,527.45,0.0
6484,2594,106,5,293.96,0.15
6485,2595,6,3,148.07,0.15
6486,2595,1,5,250.67,0.05
6487,2595,54,3,589.22,0.0
6488,2596,95,3,197.03,0.15
6489,2596,12,3,665.95,0.0
6490,2596,31,5,492.63,0.0
6491,2596,1,2,250.67,0.0
6492,2597,9,5,566.94,0.15
6493,2598,51,1,592.49,0.05
6494,2598,94,1,357.14,0.15
6495,2598,30,5,474.66,0.0
6496,2599,82,1,382.23,0.0
6497,2600,45,1,124.25,0.0
6498,2600,62,5,455.65,0.0
6499,2600,49,2,224.05,0.0
6500,2600,70,1,477.56,0.15
6501,2601,107,2,70.69,0.1
6502,2602,13,2,546.51,0.0
6503,2602,81,2,472.42,0.1
6504,2603,23,1,473.03,0.15
6505,2603,84,1,233.29,0.0
6506,2603,54,2,589.22,0.1
6507,2604,115,1,191.72,0.15
6508,2605,19,4,236.74,0.0
6509,2605,37,4,678.06,0.15
6510,2606,3,2,400.77,0.0
6511,2607,110,2,551.82,0.05
6512,2607,22,5,155.04,0.0
6513,2607,116,4,151.15,0.0
6514,2607,40,3,246.27,0.15
6515,2608,42,5,506.69,0.0
6516,2608,71,1,298.03,0.0
6517,2608,19,1,236.74,0.05
6518,2608,11,3,431.92,0.15
6519,2609,83,4,229.64,0.05
6520,2609,43,3,487.39,0.05
6521,2609,111,5,220.69,0.0
6522,2610,73,1,693.24,0.05
6523,2610,3,3,400.77,0.05
6524,2610,22,3,155.04,0.1
6525,2611,83,1,229.64,0.0
6526,2612,37,5,678.06,0.15
6527,2613,41,5,466.15,0.0
6528,2613,99,4,654.14,0.0
6529,2613,32,4,527.45,0.15
6530,2614,112,5,530.6,0.05
6531,2615,28,4,278.53,0.05
6532,2615,45,4,124.25,0.15
6533,2616,15,2,434.83,0.1
6534,2617,117,5,97.33,0.15
6535,2617,16,3,337.82,0.15
6536,2617,47,5,533.66,0.0
6537,2617,104,4,497.51,0.05
6538,2618,69,4,199.67,0.0
6539,2618,31,2,492.63,0.0
6540,2618,59,2,189.03,0.15
6541,2619,44,1,155.05,0.0
6542,2619,95,2,197.03,0.1
6543,2619,77,5,20.71,0.0
6544,2619,37,1,678.06,0.1
6545,2620,63,1,460.08,0.15
6546,2621,27,3,50.29,0.05
6547,2622,52,5,119.81,0.0
6548,2623,8,2,230.66,0.0
6549,2624,37,1,678.06,0.0
6550,2624,86,4,508.15,0.15
6551,2624,60,1,765.19,0.05
6552,2624,9,3,566.94,0.0
6553,2625,9,3,566.94,0.15
6554,2625,25,5,424.49,0.1
6555,2625,15,3,434.83,0.0
6556,2626,37,4,678.06,0.1
6557,2627,118,5,357.13,0.0
6558,2627,79,2,353.32,0.0
6559,2627,92,1,473.15,0.05
6560,2628,64,5,433.42,0.0
6561,2628,10,1,358.28,0.05
6562,2628,116,3,151.15,0.1
6563,2629,119,1,181.96,0.0
6564,2630,41,5,466.15,0.0
6565,2631,117,1,97.33,0.1
6566,2631,100,2,192.03,0.0
6567,2631,66,5,325.89,0.05
6568,2631,73,3,693.24,0.0
6569,2632,37,4,678.06,0.1
6570,2632,4,3,538.06,0.15
6571,2632,16,2,337.82,0.0
6572,2633,108,4,564.18,0.0
6573,2633,58,3,421.43,0.0
6574,2634,83,5,229.64,0.0
6575,2634,116,5,151.15,0.0
6576,2635,120,2,437.18,0.0
6577,2635,11,2,431.92,0.0
6578,2635,64,1,433.42,0.0
6579,2636,54,3,589.22,0.0
6580,2637,30,3,474.66,0.1
6581,2638,111,1,220.69,0.0
6582,2638,112,3,530.6,0.1
6583,2639,59,1,189.03,0.15
6584,2639,3,4,400.77,0.15
6585,2640,1,5,250.67,0.05
6586,2641,49,2,224.05,0.0
6587,2641,81,5,472.42,0.0
6588,2642,70,2,477.56,0.15
6589,2643,43,5,487.39,0.15
6590,2643,72,2,417.09,0.05
6591,2644,120,2,437.18,0.1
6592,2645,88,5,217.75,0.0
6593,2645,32,1,527.45,0.1
6594,2645,111,5,220.69,0.0
6595,2645,15,4,434.83,0.0
6596,2646,12,4,665.95,0.05
6597,2646,25,3,424.49,0.05
6598,2647,24,2,576.43,0.0
6599,2648,52,4,119.81,0.05
6600,2648,106,3,293.96,0.0
6601,2648,83,2,229.64,0.15
6602,2649,103,3,415.47,0.0
6603,2649,73,1,693.24,0.15
6604,2649,95,1,197.03,0.0
6605,2650,37,3,678.06,0.0
6606,2650,95,4,197.03,0.1
6607,2650,19,4,236.74,0.0
6608,2651,40,5,246.27,0.15
6609,2651,109,3,345.03,0.0
6610,2651,48,1,688.65,0.15
6611,2652,117,3,97.33,0.15
6612,2652,12,2,665.95,0.1
6613,2652,81,1,472.42,0.1
6614,2652,44,1,155.05,0.0
6615,2653,105,3,161.35,0.15
6616,2653,19,2,236.74,0.15
6617,2653,112,3,530.6,0.1
6618,2653,75,5,102.43,0.1
6619,2654,44,4,155.05,0.1
6620,2655,12,4,665.95,0.15
6621,2655,97,3,140.58,0.05
6622,2655,111,3,220.69,0.05
6623,2655,114,5,321.32,0.1
6624,2656,14,5,167.56,0.0
6625,2656,54,4,589.22,0.1
6626,2656,69,4,199.67,0.15
6627,2657,83,3,229.64,0.15
6628,2657,36,3,461.97,0.05
6629,2657,65,2,775.34,0.0
6630,2657,22,3,155.04,0.1
6631,2658,65,1,775.34,0.1
6632,2658,60,1,765.19,0.05
6633,2658,28,1,278.53,0.1
6634,2659,24,2,576.43,0.0
6635,2659,8,3,230.66,0.15
6636,2659,45,4,124.25,0.0
6637,2660,104,5,497.51,0.15
6638,2660,24,1,576.43,0.1
6639,2660,62,5,455.65,0.1
6640,2660,65,4,775.34,0.1
6641,2661,44,5,155.05,0.0
6642,2661,94,4,357.14,0.05
6643,2661,113,1,113.5,0.0
6644,2662,92,3,473.15,0.1
6645,2662,107,4,70.69,0.0
6646,2663,20,4,344.47,0.0
6647,2663,6,3,148.07,0.05
6648,2663,23,5,473.03,0.1
6649,2663,39,1,435.88,0.0
6650,2664,112,2,530.6,0.1
6651,2665,116,2,151.15,0.0
6652,2665,51,1,592.49,0.0
6653,2665,95,2,197.03,0.0
6654,2666,118,5,357.13,0.1
6655,2666,52,4,119.81,0.1
6656,2667,28,2,278.53,0.15
6657,2667,44,1,155.05,0.15
6658,2667,108,5,564.18,0.0
6659,2668,48,1,688.65,0.15
6660,2668,78,3,496.95,0.1
6661,2668,116,4,151.15,0.05
6662,2668,35,2,368.74,0.0
6663,2669,33,2,596.3,0.1
6664,2669,76,5,544.8,0.0
6665,2669,11,2,431.92,0.0
6666,2670,82,4,382.23,0.0
6667,2670,95,3,197.03,0.0
6668,2671,100,4,192.03,0.15
6669,2671,108,1,564.18,0.0
6670,2671,106,3,293.96,0.05
6671,2672,104,2,497.51,0.0
6672,2673,7,5,342.91,0.15
6673,2673,105,5,161.35,0.0
6674,2673,100,4,192.03,0.0
6675,2673,17,5,335.91,0.0
6676,2674,81,2,472.42,0.0
6677,2674,61,4,610.85,0.1
6678,2674,62,1,455.65,0.1
6679,2674,56,5,701.89,0.1
6680,2675,75,2,102.43,0.0
6681,2676,52,3,119.81,0.15
6682,2677,112,1,530.6,0.0
6683,2677,48,1,688.65,0.0
6684,2677,42,5,506.69,0.0
6685,2677,86,4,508.15,0.0
6686,2678,111,2,220.69,0.15
6687,2678,40,4,246.27,0.0
6688,2678,94,2,357.14,0.1
6689,2679,69,1,199.67,0.0
6690,2680,102,4,268.48,0.15
6691,2680,51,1,592.49,0.1
6692,2681,31,5,492.63,0.0
6693,2682,67,4,439.64,0.1
6694,2682,71,3,298.03,0.0
6695,2682,44,2,155.05,0.1
6696,2682,24,3,576.43,0.15
6697,2683,87,5,87.7,0.0
6698,2683,97,3,140.58,0.0
6699,2684,32,4,527.45,0.15
6700,2685,49,4,224.05,0.0
6701,2685,20,2,344.47,0.0
6702,2685,24,2,576.43,0.0
6703,2685,111,4,220.69,0.0
6704,2686,18,1,774.6,0.1
6705,2686,98,2,387.36,0.0
6706,2686,106,4,293.96,0.1
6707,2686,32,5,527.45,0.1
6708,2687,60,4,765.19,0.15
6709,2687,39,4,435.88,0.15
6710,2688,69,1,199.67,0.0
6711,2688,14,5,167.56,0.0
6712,2689,47,4,533.66,0.1
6713,2690,3,4,400.77,0.0
6714,2690,75,4,102.43,0.0
6715,2691,117,4,97.33,0.05
6716,2691,33,2,596.3,0.1
6717,2692,100,3,192.03,0.0
6718,2692,118,2,357.13,0.0
6719,2693,105,3,161.35,0.0
6720,2693,106,3,293.96,0.0
6721,2693,73,2,693.24,0.0
6722,2694,9,2,566.94,0.05
6723,2694,39,4,435.88,0.0
6724,2694,44,2,155.05,0.15
6725,2695,43,2,487.39,0.0
6726,2696,70,2,477.56,0.0
6727,2696,56,5,701.89,0.0
6728,2696,83,5,229.64,0.1
6729,2697,97,2,140.58,0.15
6730,2697,95,3,197.03,0.0
6731,2697,78,1,496.95,0.1
6732,2698,100,3,192.03,0.1
6733,2698,117,4,97.33,0.1
6734,2698,103,5,415.47,0.0
6735,2699,87,5,87.7,0.0
6736,2700,100,2,192.03,0.15
6737,2700,64,1,433.42,0.15
6738,2700,6,3,148.07,0.05
6739,2700,73,5,693.24,0.1
6740,2701,111,3,220.69,0.05
6741,2701,96,3,261.53,0.15
6742,2702,77,3,20.71,0.0
6743,2702,16,3,337.82,0.15
6744,2702,84,3,233.29,0.0
6745,2703,102,4,268.48,0.0
6746,2703,65,1,775.34,0.0
6747,2704,114,1,321.32,0.1
6748,2705,62,3,455.65,0.0
6749,2705,113,2,113.5,0.0
6750,2705,75,5,102.43,0.05
6751,2706,110,1,551.82,0.0
6752,2706,14,2,167.56,0.05
6753,2706,4,2,538.06,0.1
6754,2706,35,4,368.74,0.0
6755,2707,92,3,473.15,0.0
6756,2707,28,4,278.53,0.05
6757,2708,75,5,102.43,0.15
6758,2708,97,1,140.58,0.1
6759,2709,27,5,50.29,0.0
6760,2709,30,5,474.66,0.0
6761,2710,91,4,111.41,0.1
6762,2710,12,1,665.95,0.15
6763,2711,11,4,431.92,0.0
6764,2712,103,4,415.47,0.05
6765,2713,50,5,641.98,0.1
6766,2714,27,1,50.29,0.1
6767,2714,80,3,334.64,0.05
6768,2714,20,4,344.47,0.1
6769,2715,12,1,665.95,0.0
6770,2715,32,5,527.45,0.0
6771,2716,84,3,233.29,0.1
6772,2716,22,2,155.04,0.05
6773,2716,86,5,508.15,0.1
6774,2716,3,3,400.77,0.15
6775,2717,31,4,492.63,0.05
6776,2717,47,5,533.66,0.1
6777,2717,49,3,224.05,0.0
6778,2718,119,3,181.96,0.05
6779,2718,49,1,224.05,0.1
6780,2719,6,4,148.07,0.15
6781,2719,27,1,50.29,0.1
6782,2719,99,5,654.14,0.05
6783,2719,110,5,551.82,0.1
6784,2720,101,3,530.68,0.0
6785,2720,40,2,246.27,0.1
6786,2720,19,4,236.74,0.1
6787,2720,69,5,199.67,0.15
6788,2721,68,3,187.83,0.15
6789,2722,9,4,566.94,0.05
6790,2722,29,3,332.87,0.0
6791,2722,8,4,230.66,0.0
6792,2723,115,1,191.72,0.0
6793,2724,119,2,181.96,0.0
6794,2724,92,4,473.15,0.05
6795,2724,112,5,530.6,0.1
6796,2724,27,5,50.29,0.15
6797,2725,8,2,230.66,0.05
6798,2725,80,5,334.64,0.0
6799,2726,82,1,382.23,0.0
6800,2726,30,4,474.66,0.0
6801,2727,99,1,654.14,0.1
6802,2727,54,2,589.22,0.0
6803,2727,19,1,236.74,0.15
6804,2727,55,5,143.78,0.05
6805,2728,63,3,460.08,0.0
6806,2728,91,4,111.41,0.0
6807,2729,11,5,431.92,0.05
6808,2729,54,3,589.22,0.05
6809,2730,32,4,527.45,0.0
6810,2730,77,3,20.71,0.05
6811,2730,11,1,431.92,0.0
6812,2730,37,1,678.06,0.1
6813,2731,14,2,167.56,0.05
6814,2731,96,1,261.53,0.0
6815,2731,15,2,434.83,0.1
6816,2732,89,3,156.62,0.05
6817,2732,58,2,421.43,0.15
6818,2732,48,2,688.65,0.0
6819,2733,13,2,546.51,0.0
6820,2733,110,1,551.82,0.1
6821,2734,111,1,220.69,0.1
6822,2734,81,2,472.42,0.0
6823,2735,55,4,143.78,0.0
6824,2736,105,2,161.35,0.0
6825,2737,51,3,592.49,0.1
6826,2737,28,3,278.53,0.0
6827,2737,50,3,641.98,0.15
6828,2737,117,1,97.33,0.15
6829,2738,31,2,492.63,0.1
6830,2739,27,1,50.29,0.05
6831,2739,116,4,151.15,0.0
6832,2739,93,2,96.97,0.0
6833,2739,16,5,337.82,0.1
6834,2740,8,1,230.66,0.05
6835,2741,10,3,358.28,0.15
6836,2741,47,1,533.66,0.15
6837,2741,6,5,148.07,0.0
6838,2741,91,4,111.41,0.05
6839,2742,9,3,566.94,0.1
6840,2743,46,5,429.96,0.0
6841,2743,68,5,187.83,0.05
6842,2743,9,4,566.94,0.05
6843,2743,112,5,530.6,0.1
6844,2744,109,3,345.03,0.0
6845,2744,2,5,225.66,0.0
6846,2744,71,5,298.03,0.15
6847,2745,95,3,197.03,0.15
6848,2745,111,3,220.69,0.0
6849,2745,106,4,293.96,0.05
6850,2745,93,3,96.97,0.15
6851,2746,96,4,261.53,0.0
6852,2746,4,3,538.06,0.1
6853,2746,66,5,325.89,0.15
6854,2746,6,5,148.07,0.0
6855,2747,34,5,269.02,0.15
6856,2747,59,5,189.03,0.0
6857,2748,87,4,87.7,0.0
6858,2748,82,2,382.23,0.05
6859,2748,10,5,358.28,0.0
6860,2749,100,4,192.03,0.15
6861,2749,16,4,337.82,0.0
6862,2749,58,4,421.43,0.1
6863,2749,86,3,508.15,0.05
6864,2750,27,4,50.29,0.0
6865,2750,117,2,97.33,0.0
6866,2750,94,5,357.14,0.0
6867,2750,1,1,250.67,0.15
6868,2751,31,4,492.63,0.0
6869,2752,19,3,236.74,0.05
6870,2752,43,1,487.39,0.15
6871,2752,1,4,250.67,0.0
6872,2753,46,1,429.96,0.0
6873,2753,78,3,496.95,0.0
6874,2753,53,3,90.14,0.0
6875,2754,29,2,332.87,0.15
6876,2754,78,3,496.95,0.05
6877,2755,13,3,546.51,0.05
6878,2755,61,2,610.85,0.15
6879,2755,40,4,246.27,0.1
6880,2756,16,3,337.82,0.0
6881,2756,45,5,124.25,0.0
6882,2756,28,1,278.53,0.1
6883,2756,62,2,455.65,0.15
6884,2757,110,5,551.82,0.05
6885,2757,48,4,688.65,0.1
6886,2757,111,4,220.69,0.05
6887,2758,2,4,225.66,0.05
6888,2758,90,1,250.98,0.0
6889,2759,105,2,161.35,0.1
6890,2759,100,3,192.03,0.0
6891,2760,94,1,357.14,0.15
6892,2760,65,2,775.34,0.05
6893,2760,103,3,415.47,0.1
6894,2760,116,2,151.15,0.15
6895,2761,88,1,217.75,0.1
6896,2761,44,5,155.05,0.0
6897,2762,2,5,225.66,0.15
6898,2762,48,5,688.65,0.05
6899,2763,98,5,387.36,0.0
6900,2764,33,3,596.3,0.15
6901,2764,116,3,151.15,0.1
6902,2764,77,4,20.71,0.0
6903,2765,79,4,353.32,0.05
6904,2765,71,5,298.03,0.1
6905,2766,40,3,246.27,0.15
6906,2766,35,1,368.74,0.1
6907,2767,62,1,455.65,0.05
6908,2767,43,3,487.39,0.1
6909,2768,34,3,269.02,0.1
6910,2768,45,4,124.25,0.0
6911,2768,112,5,530.6,0.05
6912,2769,37,3,678.06,0.05
6913,2769,27,4,50.29,0.0
6914,2769,64,4,433.42,0.1
6915,2769,4,1,538.06,0.0
6916,2770,75,4,102.43,0.15
6917,2770,80,2,334.64,0.1
6918,2770,64,1,433.42,0.0
6919,2771,52,4,119.81,0.0
6920,2771,93,5,96.97,0.0
6921,2772,61,2,610.85,0.1
6922,2772,82,1,382.23,0.0
6923,2773,116,4,151.15,0.15
6924,2773,4,4,538.06,0.15
6925,2774,61,4,610.85,0.0
6926,2774,110,3,551.82,0.1
6927,2774,10,4,358.28,0.05
6928,2775,41,3,466.15,0.0
6929,2776,62,3,455.65,0.0
6930,2777,72,4,417.09,0.0
6931,2777,50,5,641.98,0.15
6932,2778,96,5,261.53,0.15
6933,2778,66,4,325.89,0.0
6934,2778,86,5,508.15,0.1
6935,2778,41,3,466.15,0.0
6936,2779,73,1,693.24,0.0
6937,2779,9,3,566.94,0.05
6938,2780,115,2,191.72,0.0
6939,2781,116,3,151.15,0.0
6940,2782,78,5,496.95,0.0
6941,2782,47,2,533.66,0.0
6942,2782,107,1,70.69,0.05
6943,2782,31,3,492.63,0.0
6944,2783,117,1,97.33,0.0
6945,2783,106,1,293.96,0.0
6946,2783,1,1,250.67,0.15
6947,2783,75,2,102.43,0.1
6948,2784,95,1,197.03,0.0
6949,2784,65,5,775.34,0.05
6950,2785,7,1,342.91,0.0
6951,2786,56,5,701.89,0.0
6952,2786,5,2,206.39,0.1
6953,2786,104,4,497.51,0.0
6954,2786,87,3,87.7,0.15
6955,2787,101,2,530.68,0.0
6956,2787,79,4,353.32,0.1
6957,2787,35,1,368.74,0.15
6958,2787,27,2,50.29,0.05
6959,2788,3,5,400.77,0.0
6960,2788,33,4,596.3,0.15
6961,2788,109,1,345.03,0.0
6962,2788,83,2,229.64,0.0
6963,2789,63,4,460.08,0.0
6964,2789,26,4,283.16,0.05
6965,2790,63,1,460.08,0.0
6966,2790,64,3,433.42,0.05
6967,2790,92,2,473.15,0.1
6968,2791,45,3,124.25,0.1
6969,2791,88,4,217.75,0.1
6970,2791,67,4,439.64,0.05
6971,2792,59,2,189.03,0.15
6972,2792,88,4,217.75,0.05
6973,2792,22,5,155.04,0.1
6974,2792,25,2,424.49,0.0
6975,2793,63,5,460.08,0.05
6976,2794,22,5,155.04,0.0
6977,2794,56,1,701.89,0.0
6978,2794,65,5,775.34,0.15
6979,2794,6,4,148.07,0.1
6980,2795,4,1,538.06,0.1
6981,2795,64,3,433.42,0.15
6982,2796,68,5,187.83,0.0
6983,2797,74,3,259.9,0.1
6984,2797,73,2,693.24,0.0
6985,2798,88,3,217.75,0.0
6986,2799,67,3,439.64,0.15
6987,2800,73,5,693.24,0.15
6988,2800,35,2,368.74,0.1
6989,2800,82,3,382.23,0.15
6990,2801,114,1,321.32,0.0
6991,2802,48,1,688.65,0.1
6992,2802,13,3,546.51,0.0
6993,2802,52,3,119.81,0.0
6994,2803,101,1,530.68,0.05
6995,2804,7,2,342.91,0.0
6996,2804,117,3,97.33,0.0
6997,2805,29,3,332.87,0.05
6998,2806,6,2,148.07,0.1
6999,2806,76,1,544.8,0.1
7000,2806,43,5,487.39,0.0
7001,2806,7,3,342.91,0.0
7002,2807,114,2,321.32,0.0
7003,2808,70,5,477.56,0.0
7004,2808,46,1,429.96,0.0
7005,2808,67,3,439.64,0.1
7006,2808,116,4,151.15,0.1
7007,2809,86,3,508.15,0.15
7008,2809,34,3,269.02,0.05
7009,2809,83,4,229.64,0.15
7010,2809,43,3,487.39,0.1
7011,2810,107,2,70.69,0.0
7012,2810,117,4,97.33,0.15
7013,2811,102,3,268.48,0.15
7014,2811,50,4,641.98,0.15
7015,2812,76,1,544.8,0.1
7016,2812,92,1,473.15,0.0
7017,2812,42,1,506.69,0.05
7018,2812,16,1,337.82,0.05
7019,2813,88,4,217.75,0.0
7020,2813,107,5,70.69,0.15
7021,2813,98,2,387.36,0.1
7022,2814,111,3,220.69,0.0
7023,2814,54,2,589.22,0.1
7024,2814,39,2,435.88,0.05
7025,2814,88,3,217.75,0.05
7026,2815,63,1,460.08,0.1
7027,2816,46,3,429.96,0.1
7028,2816,67,3,439.64,0.15
7029,2816,62,3,455.65,0.1
7030,2816,104,2,497.51,0.05
7031,2817,117,1,97.33,0.1
7032,2817,1,1,250.67,0.1
7033,2818,85,5,294.43,0.05
7034,2819,78,3,496.95,0.05
7035,2819,66,2,325.89,0.0
7036,2820,107,5,70.69,0.0
7037,2820,77,2,20.71,0.0
7038,2821,40,2,246.27,0.0
7039,2821,112,2,530.6,0.0
7040,2821,45,3,124.25,0.0
7041,2822,28,2,278.53,0.05
7042,2822,91,5,111.41,0.0
7043,2823,73,3,693.24,0.0
7044,2823,53,5,90.14,0.0
7045,2824,116,3,151.15,0.0
7046,2824,72,4,417.09,0.0
7047,2825,21,4,128.96,0.0
7048,2826,38,4,342.42,0.1
7049,2826,77,2,20.71,0.1
7050,2826,103,2,415.47,0.0
7051,2827,45,2,124.25,0.05
7052,2827,81,4,472.42,0.05
7053,2827,58,1,421.43,0.0
7054,2827,106,1,293.96,0.0
7055,2828,38,1,342.42,0.15
7056,2829,11,2,431.92,0.0
7057,2830,71,1,298.03,0.0
7058,2830,77,5,20.71,0.05
7059,2830,93,4,96.97,0.0
7060,2830,84,5,233.29,0.1
7061,2831,103,5,415.47,0.1
7062,2831,60,2,765.19,0.0
7063,2831,90,3,250.98,0.0
7064,2832,96,5,261.53,0.0
7065,2832,27,2,50.29,0.1
7066,2832,95,5,197.03,0.0
7067,2833,69,5,199.67,0.0
7068,2833,60,5,765.19,0.0
7069,2833,88,3,217.75,0.0
7070,2833,21,4,128.96,0.0
7071,2834,52,1,119.81,0.0
7072,2835,90,2,250.98,0.0
7073,2835,51,2,592.49,0.0
7074,2835,80,1,334.64,0.0
7075,2836,11,1,431.92,0.05
7076,2836,92,5,473.15,0.0
7077,2836,91,3,111.41,0.0
7078,2837,25,4,424.49,0.0
7079,2837,31,2,492.63,0.1
7080,2837,118,2,357.13,0.0
7081,2838,5,4,206.39,0.05
7082,2839,104,2,497.51,0.05
7083,2839,95,1,197.03,0.0
7084,2839,27,3,50.29,0.05
7085,2840,118,4,357.13,0.05
7086,2840,69,2,199.67,0.15
7087,2841,22,4,155.04,0.0
7088,2841,120,1,437.18,0.15
7089,2841,112,5,530.6,0.0
7090,2841,78,2,496.95,0.0
7091,2842,55,4,143.78,0.0
7092,2843,48,3,688.65,0.0
7093,2843,85,4,294.43,0.05
7094,2843,52,3,119.81,0.0
7095,2844,6,1,148.07,0.0
7096,2844,109,4,345.03,0.0
7097,2844,21,2,128.96,0.0
7098,2845,33,3,596.3,0.0
7099,2846,59,4,189.03,0.0
7100,2846,46,2,429.96,0.1
7101,2846,26,3,283.16,0.0
7102,2846,15,1,434.83,0.0
7103,2847,4,3,538.06,0.15
7104,2848,76,2,544.8,0.0
7105,2848,50,5,641.98,0.05
7106,2848,49,4,224.05,0.15
7107,2848,119,4,181.96,0.0
7108,2849,14,5,167.56,0.0
7109,2850,57,5,359.66,0.0
7110,2850,99,1,654.14,0.05
7111,2850,87,3,87.7,0.05
7112,2850,35,4,368.74,0.05
7113,2851,90,5,250.98,0.1
7114,2851,115,3,191.72,0.1
7115,2852,52,2,119.81,0.1
7116,2853,46,2,429.96,0.1
7117,2853,76,3,544.8,0.0
7118,2854,113,5,113.5,0.05
7119,2854,90,4,250.98,0.0
7120,2854,75,5,102.43,0.15
7121,2855,79,1,353.32,0.0
7122,2855,64,3,433.42,0.0
7123,2855,12,2,665.95,0.05
7124,2855,110,3,551.82,0.1
7125,2856,114,4,321.32,0.0
7126,2856,101,5,530.68,0.0
7127,2857,5,1,206.39,0.0
7128,2857,102,2,268.48,0.1
7129,2857,90,4,250.98,0.0
7130,2857,113,5,113.5,0.1
7131,2858,94,3,357.14,0.05
7132,2858,35,5,368.74,0.05
7133,2858,83,4,229.64,0.15
7134,2859,82,5,382.23,0.1
7135,2859,44,4,155.05,0.15
7136,2860,104,2,497.51,0.15
7137,2860,29,4,332.87,0.0
7138,2860,39,2,435.88,0.15
7139,2860,65,4,775.34,0.0
7140,2861,71,5,298.03,0.0
7141,2861,73,3,693.24,0.1
7142,2861,74,3,259.9,0.0
7143,2861,61,5,610.85,0.0
7144,2862,47,3,533.66,0.0
7145,2862,32,2,527.45,0.0
7146,2863,83,3,229.64,0.0
7147,2864,2,2,225.66,0.05
7148,2864,85,5,294.43,0.15
7149,2864,71,3,298.03,0.0
7150,2865,24,1,576.43,0.05
7151,2865,45,5,124.25,0.0
7152,2865,58,3,421.43,0.1
7153,2866,86,1,508.15,0.0
7154,2866,72,2,417.09,0.0
7155,2867,20,1,344.47,0.0
7156,2867,73,4,693.24,0.05
7157,2868,115,1,191.72,0.0
7158,2868,30,2,474.66,0.1
7159,2868,66,3,325.89,0.15
7160,2869,98,1,387.36,0.0
7161,2869,64,5,433.42,0.0
7162,2870,103,2,415.47,0.0
7163,2870,38,3,342.42,0.0
7164,2870,4,1,538.06,0.0
7165,2871,47,5,533.66,0.0
7166,2871,92,1,473.15,0.05
7167,2871,70,2,477.56,0.0
7168,2871,46,1,429.96,0.05
7169,2872,94,3,357.14,0.05
7170,2872,21,1,128.96,0.0
7171,2872,16,5,337.82,0.0
7172,2873,114,5,321.32,0.1
7173,2874,62,3,455.65,0.1
7174,2875,38,5,342.42,0.15
7175,2875,83,2,229.64,0.05
7176,2875,31,3,492.63,0.0
7177,2876,24,1,576.43,0.0
7178,2876,29,5,332.87,0.0
7179,2876,76,3,544.8,0.0
7180,2876,16,5,337.82,0.05
7181,2877,36,1,461.97,0.0
7182,2877,7,2,342.91,0.1
7183,2877,2,3,225.66,0.0
7184,2877,8,1,230.66,0.0
7185,2878,51,3,592.49,0.0
7186,2878,103,4,415.47,0.0
7187,2879,89,2,156.62,0.0
7188,2879,33,1,596.3,0.0
7189,2880,42,4,506.69,0.05
7190,2881,40,2,246.27,0.0
7191,2882,118,2,357.13,0.0
7192,2882,83,1,229.64,0.15
7193,2882,119,5,181.96,0.0
7194,2883,79,1,353.32,0.0
7195,2884,72,2,417.09,0.15
7196,2884,90,5,250.98,0.15
7197,2885,15,1,434.83,0.0
7198,2885,75,3,102.43,0.0
7199,2885,107,2,70.69,0.05
7200,2885,112,3,530.6,0.0
7201,2886,90,5,250.98,0.1
7202,2886,34,4,269.02,0.05
7203,2886,42,1,506.69,0.0
7204,2887,101,1,530.68,0.1
7205,2888,108,1,564.18,0.15
7206,2889,45,2,124.25,0.05
7207,2889,11,2,431.92,0.0
7208,2889,31,5,492.63,0.1
7209,2889,6,4,148.07,0.0
7210,2890,40,3,246.27,0.05
7211,2890,74,2,259.9,0.1
7212,2890,89,4,156.62,0.15
7213,2891,70,5,477.56,0.0
7214,2891,50,2,641.98,0.0
7215,2891,36,1,461.97,0.05
7216,2892,65,5,775.34,0.15
7217,2892,29,5,332.87,0.0
7218,2893,34,3,269.02,0.0
7219,2893,95,1,197.03,0.1
7220,2893,56,5,701.89,0.05
7221,2894,25,4,424.49,0.05
7222,2895,61,2,610.85,0.1
7223,2896,5,2,206.39,0.15
7224,2896,120,2,437.18,0.0
7225,2897,15,2,434.83,0.0
7226,2897,10,2,358.28,0.0
7227,2898,26,4,283.16,0.1
7228,2898,15,2,434.83,0.0
7229,2898,19,4,236.74,0.05
7230,2898,35,4,368.74,0.0
7231,2899,117,2,97.33,0.1
7232,2899,31,3,492.63,0.0
7233,2900,94,1,357.14,0.15
7234,2900,80,2,334.64,0.0
7235,2901,73,4,693.24,0.15
7236,2901,23,3,473.03,0.1
7237,2901,113,3,113.5,0.1
7238,2901,2,5,225.66,0.1
7239,2902,96,5,261.53,0.15
7240,2903,9,2,566.94,0.0
7241,2903,81,4,472.42,0.05
7242,2903,34,4,269.02,0.0
7243,2904,42,1,506.69,0.0
7244,2904,85,5,294.43,0.0
7245,2904,30,2,474.66,0.0
7246,2904,27,3,50.29,0.15
7247,2905,44,4,155.05,0.15
7248,2905,52,5,119.81,0.0
7249,2905,12,4,665.95,0.05
7250,2905,82,3,382.23,0.1
7251,2906,52,1,119.81,0.05
7252,2906,80,1,334.64,0.0
7253,2907,30,2,474.66,0.0
7254,2907,33,4,596.3,0.0
7255,2907,102,4,268.48,0.0
7256,2908,55,5,143.78,0.1
7257,2908,111,3,220.69,0.0
7258,2908,94,4,357.14,0.15
7259,2908,118,1,357.13,0.15
7260,2909,13,4,546.51,0.0
7261,2910,41,2,466.15,0.0
7262,2911,2,3,225.66,0.0
7263,2911,21,2,128.96,0.1
7264,2911,68,4,187.83,0.0
7265,2911,84,5,233.29,0.05
7266,2912,3,5,400.77,0.0
7267,2912,83,5,229.64,0.0
7268,2913,71,5,298.03,0.05
7269,2913,26,4,283.16,0.05
7270,2913,90,1,250.98,0.0
7271,2913,10,1,358.28,0.0
7272,2914,48,3,688.65,0.1
7273,2914,1,3,250.67,0.1
7274,2914,66,3,325.89,0.15
7275,2914,86,2,508.15,0.0
7276,2915,21,5,128.96,0.05
7277,2916,67,4,439.64,0.15
7278,2916,96,3,261.53,0.15
7279,2916,109,1,345.03,0.0
7280,2917,47,1,533.66,0.0
7281,2917,53,4,90.14,0.05
7282,2917,25,4,424.49,0.1
7283,2917,59,2,189.03,0.0
7284,2918,42,5,506.69,0.0
7285,2918,91,5,111.41,0.05
7286,2919,31,4,492.63,0.0
7287,2920,99,1,654.14,0.0
7288,2921,82,5,382.23,0.0
7289,2921,100,1,192.03,0.0
7290,2922,37,1,678.06,0.0
7291,2922,48,2,688.65,0.1
7292,2923,72,3,417.09,0.1
7293,2923,80,2,334.64,0.0
7294,2923,77,2,20.71,0.1
7295,2924,45,2,124.25,0.05
7296,2925,37,4,678.06,0.05
7297,2925,91,4,111.41,0.0
7298,2925,17,2,335.91,0.15
7299,2925,74,5,259.9,0.15
7300,2926,38,3,342.42,0.0
7301,2927,46,2,429.96,0.0
7302,2927,59,2,189.03,0.0
7303,2927,53,1,90.14,0.0
7304,2927,54,3,589.22,0.0
7305,2928,46,4,429.96,0.15
7306,2928,40,3,246.27,0.0
7307,2928,62,3,455.65,0.15
7308,2928,10,1,358.28,0.15
7309,2929,42,3,506.69,0.05
7310,2929,32,4,527.45,0.0
7311,2929,25,4,424.49,0.0
7312,2929,97,5,140.58,0.05
7313,2930,113,3,113.5,0.0
7314,2930,116,5,151.15,0.0
7315,2931,21,5,128.96,0.15
7316,2932,26,3,283.16,0.1
7317,2932,69,2,199.67,0.05
7318,2932,31,5,492.63,0.05
7319,2933,86,4,508.15,0.0
7320,2933,4,3,538.06,0.0
7321,2934,91,5,111.41,0.0
7322,2934,108,2,564.18,0.1
7323,2934,38,4,342.42,0.0
7324,2935,56,3,701.89,0.0
7325,2936,120,5,437.18,0.15
7326,2936,103,1,415.47,0.0
7327,2936,57,2,359.66,0.0
7328,2937,45,5,124.25,0.0
7329,2938,67,3,439.64,0.0
7330,2939,50,3,641.98,0.0
7331,2939,118,4,357.13,0.15
7332,2939,59,5,189.03,0.1
7333,2940,87,1,87.7,0.05
7334,2940,74,4,259.9,0.15
7335,2940,6,4,148.07,0.0
7336,2941,100,1,192.03,0.1
7337,2942,9,2,566.94,0.05
7338,2942,47,4,533.66,0.05
7339,2942,118,4,357.13,0.1
7340,2943,37,1,678.06,0.05
7341,2943,99,2,654.14,0.1
7342,2943,94,4,357.14,0.0
7343,2944,41,2,466.15,0.15
7344,2944,96,3,261.53,0.0
7345,2944,83,5,229.64,0.15
7346,2944,30,5,474.66,0.1
7347,2945,61,2,610.85,0.1
7348,2945,38,5,342.42,0.0
7349,2945,18,4,774.6,0.0
7350,2946,17,3,335.91,0.0
7351,2946,82,3,382.23,0.1
7352,2946,75,1,102.43,0.0
7353,2946,36,2,461.97,0.0
7354,2947,81,5,472.42,0.0
7355,2947,57,4,359.66,0.1
7356,2947,51,4,592.49,0.0
7357,2947,33,5,596.3,0.15
7358,2948,30,2,474.66,0.0
7359,2948,8,3,230.66,0.1
7360,2949,8,3,230.66,0.0
7361,2949,40,2,246.27,0.15
7362,2950,77,2,20.71,0.0
7363,2950,116,4,151.15,0.15
7364,2950,33,5,596.3,0.0
7365,2951,101,3,530.68,0.0
7366,2951,116,1,151.15,0.1
7367,2951,91,1,111.41,0.0
7368,2951,18,1,774.6,0.15
7369,2952,81,1,472.42,0.0
7370,2952,21,1,128.96,0.0
7371,2952,43,2,487.39,0.0
7372,2952,65,2,775.34,0.0
7373,2953,71,1,298.03,0.1
7374,2953,3,4,400.77,0.0
7375,2954,5,4,206.39,0.15
7376,2954,116,4,151.15,0.0
7377,2955,53,5,90.14,0.0
7378,2955,49,1,224.05,0.0
7379,2955,18,3,774.6,0.0
7380,2956,19,5,236.74,0.0
7381,2956,41,2,466.15,0.05
7382,2956,5,5,206.39,0.1
7383,2957,14,3,167.56,0.1
7384,2957,94,4,357.14,0.0
7385,2957,95,1,197.03,0.0
7386,2957,47,5,533.66,0.15
7387,2958,85,2,294.43,0.15
7388,2958,53,1,90.14,0.0
7389,2958,84,1,233.29,0.0
7390,2958,36,4,461.97,0.15
7391,2959,97,3,140.58,0.0
7392,2960,25,4,424.49,0.15
7393,2960,12,2,665.95,0.15
7394,2960,69,1,199.67,0.15
7395,2960,4,5,538.06,0.0
7396,2961,28,5,278.53,0.15
7397,2961,69,3,199.67,0.15
7398,2962,22,5,155.04,0.05
7399,2962,110,5,551.82,0.0
7400,2962,90,5,250.98,0.15
7401,2962,6,5,148.07,0.0
7402,2963,115,3,191.72,0.0
7403,2963,62,1,455.65,0.1
7404,2964,99,1,654.14,0.05
7405,2965,20,4,344.47,0.0
7406,2965,9,3,566.94,0.15
7407,2965,74,3,259.9,0.0
7408,2966,34,3,269.02,0.0
7409,2967,103,2,415.47,0.15
7410,2967,70,3,477.56,0.0
7411,2968,107,1,70.69,0.0
7412,2968,110,4,551.82,0.1
7413,2968,69,4,199.67,0.0
7414,2969,27,5,50.29,0.1
7415,2970,53,4,90.14,0.0
7416,2970,48,3,688.65,0.1
7417,2970,33,2,596.3,0.15
7418,2970,40,3,246.27,0.0
7419,2971,66,2,325.89,0.1
7420,2971,45,2,124.25,0.05
7421,2972,94,4,357.14,0.0
7422,2973,69,1,199.67,0.15
7423,2974,98,4,387.36,0.0
7424,2974,47,2,533.66,0.15
7425,2975,47,2,533.66,0.15
7426,2975,118,5,357.13,0.0
7427,2975,81,5,472.42,0.1
7428,2975,67,5,439.64,0.0
7429,2976,11,3,431.92,0.05
7430,2976,3,3,400.77,0.0
7431,2976,72,4,417.09,0.0
7432,2976,98,5,387.36,0.0
7433,2977,119,4,181.96,0.0
7434,2978,100,2,192.03,0.0
7435,2979,116,5,151.15,0.0
7436,2979,45,3,124.25,0.0
7437,2980,54,3,589.22,0.15
7438,2980,68,4,187.83,0.15
7439,2980,33,2,596.3,0.0
7440,2981,14,1,167.56,0.0
7441,2981,116,4,151.15,0.0
7442,2981,99,4,654.14,0.0
7443,2981,45,1,124.25,0.15
7444,2982,71,1,298.03,0.15
7445,2983,66,3,325.89,0.0
7446,2984,113,1,113.5,0.0
7447,2984,25,1,424.49,0.15
7448,2984,89,2,156.62,0.0
7449,2985,116,4,151.15,0.1
7450,2986,92,1,473.15,0.0
7451,2987,6,4,148.07,0.15
7452,2987,70,4,477.56,0.15
7453,2987,75,2,102.43,0.0
7454,2987,89,2,156.62,0.15
7455,2988,39,4,435.88,0.0
7456,2988,74,4,259.9,0.1
7457,2988,106,4,293.96,0.0
7458,2989,20,1,344.47,0.0
7459,2989,69,1,199.67,0.0
7460,2990,82,4,382.23,0.0
7461,2990,85,3,294.43,0.0
7462,2990,101,3,530.68,0.0
7463,2990,19,4,236.74,0.1
7464,2991,113,2,113.5,0.0
7465,2991,105,2,161.35,0.0
7466,2991,93,1,96.97,0.0
7467,2991,59,2,189.03,0.0
7468,2992,68,5,187.83,0.05
7469,2993,75,3,102.43,0.05
7470,2994,113,1,113.5,0.0
7471,2995,67,1,439.64,0.0
7472,2995,35,1,368.74,0.0
7473,2996,23,4,473.03,0.0
7474,2997,28,5,278.53,0.15
7475,2997,105,4,161.35,0.0
7476,2997,49,4,224.05,0.0
7477,2998,62,3,455.65,0.0
7478,2999,29,5,332.87,0.0
7479,2999,68,3,187.83,0.0
7480,2999,85,2,294.43,0.0
7481,3000,18,5,774.6,0.0
7482,3000,120,1,437.18,0.05
7483,3000,66,1,325.89,0.0
7484,3001,89,1,156.62,0.05
7485,3002,52,5,119.81,0.0
7486,3002,60,4,765.19,0.0
7487,3002,89,3,156.62,0.05
7488,3003,118,3,357.13,0.0
7489,3004,33,5,596.3,0.1
7490,3005,19,3,236.74,0.05
7491,3005,54,5,589.22,0.15
7492,3006,41,1,466.15,0.0
7493,3006,52,5,119.81,0.0
7494,3006,75,1,102.43,0.0
7495,3006,110,3,551.82,0.05
7496,3007,119,4,181.96,0.0
7497,3007,26,3,283.16,0.0
7498,3008,4,5,538.06,0.0
7499,3008,21,1,128.96,0.0
7500,3009,119,2,181.96,0.0
7501,3010,30,1,474.66,0.0
7502,3010,77,1,20.71,0.05
7503,3011,20,1,344.47,0.05
7504,3011,21,2,128.96,0.05
7505,3012,13,5,546.51,0.0
7506,3012,44,2,155.05,0.0
7507,3013,37,2,678.06,0.0
7508,3013,115,3,191.72,0.0
7509,3013,72,5,417.09,0.0
7510,3014,65,5,775.34,0.15
7511,3014,87,2,87.7,0.1
7512,3014,66,2,325.89,0.1
7513,3014,30,3,474.66,0.0
7514,3015,27,5,50.29,0.0
7515,3015,112,5,530.6,0.0
7516,3016,51,5,592.49,0.05
7517,3016,25,1,424.49,0.0
7518,3017,61,2,610.85,0.1
7519,3017,79,4,353.32,0.0
7520,3017,116,5,151.15,0.0
7521,3018,42,4,506.69,0.0
7522,3018,37,3,678.06,0.0
7523,3019,14,1,167.56,0.0
7524,3020,31,4,492.63,0.1
7525,3020,117,1,97.33,0.0
7526,3021,91,5,111.41,0.0
7527,3021,33,1,596.3,0.0
7528,3022,45,4,124.25,0.0
7529,3023,18,1,774.6,0.15
7530,3023,96,1,261.53,0.05
7531,3023,25,1,424.49,0.15
7532,3023,89,3,156.62,0.05
7533,3024,17,1,335.91,0.0
7534,3024,86,4,508.15,0.0
7535,3025,39,3,435.88,0.1
7536,3025,57,3,359.66,0.0
7537,3025,10,5,358.28,0.15
7538,3026,16,5,337.82,0.0
7539,3026,50,3,641.98,0.1
7540,3027,56,1,701.89,0.1
7541,3028,38,4,342.42,0.1
7542,3028,116,5,151.15,0.05
7543,3028,98,2,387.36,0.1
7544,3028,100,2,192.03,0.0
7545,3029,5,4,206.39,0.0
7546,3029,18,5,774.6,0.05
7547,3030,47,4,533.66,0.05
7548,3030,81,5,472.42,0.0
7549,3031,93,5,96.97,0.0
7550,3032,40,4,246.27,0.15
7551,3032,56,1,701.89,0.0
7552,3032,16,5,337.82,0.0
7553,3032,7,5,342.91,0.0
7554,3033,68,5,187.83,0.05
7555,3033,18,5,774.6,0.1
7556,3033,103,4,415.47,0.05
7557,3033,93,2,96.97,0.1
7558,3034,53,2,90.14,0.15
7559,3034,26,3,283.16,0.0
7560,3034,20,5,344.47,0.0
7561,3034,117,5,97.33,0.0
7562,3035,109,2,345.03,0.15
7563,3035,100,1,192.03,0.0
7564,3035,104,1,497.51,0.05
7565,3035,119,1,181.96,0.0
7566,3036,27,2,50.29,0.1
7567,3037,62,2,455.65,0.1
7568,3038,101,4,530.68,0.1
7569,3039,82,4,382.23,0.0
7570,3039,63,1,460.08,0.1
7571,3039,67,2,439.64,0.0
7572,3040,100,5,192.03,0.1
7573,3040,2,3,225.66,0.15
7574,3040,54,5,589.22,0.0
7575,3041,19,2,236.74,0.15
7576,3042,107,2,70.69,0.05
7577,3042,88,1,217.75,0.05
7578,3043,24,5,576.43,0.0
7579,3043,20,2,344.47,0.1
7580,3043,5,5,206.39,0.0
7581,3044,80,4,334.64,0.1
7582,3044,112,2,530.6,0.0
7583,3044,118,2,357.13,0.0
7584,3045,49,1,224.05,0.05
7585,3045,21,1,128.96,0.0
7586,3045,83,4,229.64,0.0
7587,3045,60,4,765.19,0.1
7588,3046,20,3,344.47,0.0
7589,3046,91,2,111.41,0.0
7590,3046,44,1,155.05,0.15
7591,3046,23,1,473.03,0.1
7592,3047,109,5,345.03,0.0
7593,3047,78,5,496.95,0.0
7594,3047,10,2,358.28,0.05
7595,3048,79,5,353.32,0.0
7596,3049,96,4,261.53,0.0
7597,3050,9,3,566.94,0.05
7598,3050,111,2,220.69,0.0
7599,3050,41,4,466.15,0.0
7600,3050,98,4,387.36,0.0
7601,3051,38,2,342.42,0.05
7602,3051,13,2,546.51,0.0
7603,3052,53,2,90.14,0.15
7604,3052,18,3,774.6,0.0
7605,3052,72,1,417.09,0.0
7606,3053,47,5,533.66,0.15
7607,3054,50,2,641.98,0.0
7608,3054,97,4,140.58,0.1
7609,3054,105,1,161.35,0.0
7610,3054,9,2,566.94,0.1
7611,3055,32,1,527.45,0.05
7612,3055,86,5,508.15,0.1
7613,3055,113,4,113.5,0.1
7614,3056,119,5,181.96,0.15
7615,3057,43,3,487.39,0.0
7616,3057,12,2,665.95,0.1
7617,3057,50,4,641.98,0.0
7618,3057,92,2,473.15,0.0
7619,3058,16,4,337.82,0.15
7620,3058,79,2,353.32,0.0
7621,3058,83,5,229.64,0.1
7622,3058,61,3,610.85,0.05
7623,3059,56,2,701.89,0.05
7624,3059,85,4,294.43,0.0
7625,3059,70,2,477.56,0.0
7626,3059,119,1,181.96,0.15
7627,3060,103,2,415.47,0.0
7628,3061,109,1,345.03,0.05
7629,3062,119,4,181.96,0.0
7630,3062,33,1,596.3,0.15
7631,3062,112,4,530.6,0.0
7632,3063,40,5,246.27,0.1
7633,3063,82,1,382.23,0.0
7634,3063,6,3,148.07,0.1
7635,3063,88,4,217.75,0.15
7636,3064,11,2,431.92,0.05
7637,3064,84,3,233.29,0.05
7638,3064,91,3,111.41,0.0
7639,3064,24,4,576.43,0.15
7640,3065,10,5,358.28,0.1
7641,3065,67,2,439.64,0.0
7642,3065,18,1,774.6,0.0
7643,3066,85,3,294.43,0.15
7644,3067,28,5,278.53,0.05
7645,3067,109,3,345.03,0.0
7646,3068,29,4,332.87,0.1
7647,3068,100,3,192.03,0.1
7648,3069,28,2,278.53,0.05
7649,3069,25,2,424.49,0.0
7650,3070,16,3,337.82,0.0
7651,3070,61,4,610.85,0.0
7652,3070,4,4,538.06,0.0
7653,3070,58,2,421.43,0.0
7654,3071,10,5,358.28,0.0
7655,3071,60,4,765.19,0.0
7656,3071,109,3,345.03,0.1
7657,3071,17,3,335.91,0.0
7658,3072,111,3,220.69,0.1
7659,3072,99,3,654.14,0.1
7660,3072,120,2,437.18,0.0
7661,3072,50,5,641.98,0.0
7662,3073,39,5,435.88,0.0
7663,3073,80,1,334.64,0.15
7664,3074,10,2,358.28,0.0
7665,3074,100,4,192.03,0.0
7666,3075,40,1,246.27,0.1
7667,3075,60,4,765.19,0.05
7668,3075,27,3,50.29,0.0
7669,3075,113,3,113.5,0.0
7670,3076,61,4,610.85,0.0
7671,3076,93,1,96.97,0.0
7672,3076,36,4,461.97,0.1
7673,3076,106,5,293.96,0.05
7674,3077,108,4,564.18,0.0
7675,3077,84,5,233.29,0.15
7676,3077,43,1,487.39,0.05
7677,3078,47,4,533.66,0.1
7678,3078,79,1,353.32,0.0
7679,3079,82,4,382.23,0.0
7680,3079,59,3,189.03,0.0
7681,3079,84,2,233.29,0.05
7682,3080,91,5,111.41,0.05
7683,3080,37,4,678.06,0.05
7684,3081,50,2,641.98,0.05
7685,3081,81,1,472.42,0.1
7686,3081,31,2,492.63,0.0
7687,3082,10,2,358.28,0.15
7688,3082,112,2,530.6,0.0
7689,3083,30,3,474.66,0.15
7690,3083,65,2,775.34,0.15
7691,3084,118,2,357.13,0.0
7692,3084,31,3,492.63,0.1
7693,3084,81,5,472.42,0.1
7694,3085,9,2,566.94,0.05
7695,3085,53,3,90.14,0.1
7696,3085,43,3,487.39,0.05
7697,3086,36,3,461.97,0.15
7698,3086,88,1,217.75,0.0
7699,3086,38,5,342.42,0.1
7700,3087,98,1,387.36,0.05
7701,3088,11,4,431.92,0.0
7702,3088,80,1,334.64,0.0
7703,3089,115,5,191.72,0.1
7704,3089,91,5,111.41,0.05
7705,3089,105,3,161.35,0.0
7706,3089,87,4,87.7,0.0
7707,3090,53,1,90.14,0.0
7708,3090,88,3,217.75,0.0
7709,3090,96,4,261.53,0.0
7710,3091,30,1,474.66,0.1
7711,3091,119,1,181.96,0.05
7712,3092,92,3,473.15,0.0
7713,3092,91,2,111.41,0.05
7714,3092,85,4,294.43,0.0
7715,3092,93,3,96.97,0.1
7716,3093,40,2,246.27,0.1
7717,3094,8,5,230.66,0.15
7718,3095,52,1,119.81,0.15
7719,3095,84,2,233.29,0.05
7720,3095,104,2,497.51,0.05
7721,3095,10,4,358.28,0.05
7722,3096,83,4,229.64,0.0
7723,3097,103,3,415.47,0.0
7724,3097,8,2,230.66,0.0
7725,3098,46,3,429.96,0.0
7726,3098,118,3,357.13,0.0
7727,3099,111,1,220.69,0.0
7728,3099,92,4,473.15,0.0
7729,3099,60,4,765.19,0.0
7730,3099,72,3,417.09,0.15
7731,3100,86,4,508.15,0.05
7732,3100,2,2,225.66,0.15
7733,3100,17,1,335.91,0.15
7734,3101,2,4,225.66,0.1
7735,3102,68,4,187.83,0.1
7736,3102,110,5,551.82,0.0
7737,3103,24,4,576.43,0.0
7738,3103,77,5,20.71,0.0
7739,3104,38,3,342.42,0.0
7740,3105,1,5,250.67,0.0
7741,3106,57,4,359.66,0.0
7742,3106,53,5,90.14,0.0
7743,3106,108,4,564.18,0.1
7744,3106,22,1,155.04,0.05
7745,3107,49,5,224.05,0.05
7746,3107,58,1,421.43,0.15
7747,3108,81,1,472.42,0.0
7748,3108,104,1,497.51,0.05
7749,3109,19,5,236.74,0.05
7750,3109,52,3,119.81,0.0
7751,3109,35,1,368.74,0.0
7752,3110,97,3,140.58,0.0
7753,3111,39,1,435.88,0.0
7754,3112,25,2,424.49,0.05
7755,3113,46,3,429.96,0.0
7756,3113,4,5,538.06,0.0
7757,3113,43,3,487.39,0.0
7758,3113,115,1,191.72,0.0
7759,3114,57,3,359.66,0.0
7760,3114,84,1,233.29,0.1
7761,3114,102,1,268.48,0.0
7762,3114,4,5,538.06,0.15
7763,3115,83,3,229.64,0.0
7764,3115,75,5,102.43,0.0
7765,3116,25,5,424.49,0.05
7766,3116,89,3,156.62,0.05
7767,3116,16,2,337.82,0.0
7768,3116,97,3,140.58,0.0
7769,3117,58,4,421.43,0.0
7770,3117,82,3,382.23,0.15
7771,3117,108,1,564.18,0.0
7772,3117,88,2,217.75,0.1
7773,3118,99,5,654.14,0.0
7774,3118,35,5,368.74,0.0
7775,3118,42,1,506.69,0.0
7776,3118,43,3,487.39,0.0
7777,3119,10,2,358.28,0.0
7778,3119,113,2,113.5,0.05
7779,3119,34,2,269.02,0.1
7780,3119,73,2,693.24,0.05
7781,3120,27,4,50.29,0.1
7782,3121,94,4,357.14,0.15
7783,3121,120,1,437.18,0.0
7784,3121,3,3,400.77,0.0
7785,3121,95,2,197.03,0.0
7786,3122,10,3,358.28,0.0
7787,3122,16,1,337.82,0.15
7788,3122,9,5,566.94,0.05
7789,3123,62,1,455.65,0.1
7790,3123,39,4,435.88,0.15
7791,3123,2,1,225.66,0.15
7792,3123,69,4,199.67,0.1
7793,3124,27,1,50.29,0.0
7794,3125,115,5,191.72,0.05
7795,3125,90,3,250.98,0.0
7796,3125,119,2,181.96,0.05
7797,3125,13,4,546.51,0.0
7798,3126,27,1,50.29,0.15
7799,3127,40,2,246.27,0.0
7800,3127,13,2,546.51,0.05
7801,3128,90,3,250.98,0.0
7802,3128,15,5,434.83,0.15
7803,3128,14,4,167.56,0.15
7804,3128,1,2,250.67,0.05
7805,3129,37,4,678.06,0.1
7806,3129,109,4,345.03,0.05
7807,3129,66,1,325.89,0.0
7808,3129,60,4,765.19,0.05
7809,3130,49,3,224.05,0.15
7810,3130,46,5,429.96,0.0
7811,3131,22,4,155.04,0.0
7812,3131,96,5,261.53,0.0
7813,3131,66,1,325.89,0.0
7814,3132,43,4,487.39,0.15
7815,3132,118,2,357.13,0.0
7816,3132,33,4,596.3,0.05
7817,3133,64,1,433.42,0.1
7818,3133,116,5,151.15,0.1
7819,3133,16,2,337.82,0.0
7820,3134,111,2,220.69,0.0
7821,3134,74,1,259.9,0.1
7822,3135,85,4,294.43,0.0
7823,3135,50,5,641.98,0.05
7824,3136,51,5,592.49,0.15
7825,3136,4,4,538.06,0.0
7826,3136,60,2,765.19,0.0
7827,3137,4,2,538.06,0.05
7828,3137,111,4,220.69,0.15
7829,3137,89,4,156.62,0.1
7830,3138,67,5,439.64,0.0
7831,3138,72,1,417.09,0.0
7832,3138,47,5,533.66,0.0
7833,3138,53,4,90.14,0.0
7834,3139,48,4,688.65,0.15
7835,3140,114,4,321.32,0.0
7836,3141,20,2,344.47,0.0
7837,3142,75,3,102.43,0.0
7838,3143,32,1,527.45,0.0
7839,3143,70,3,477.56,0.0
7840,3144,87,1,87.7,0.0
7841,3144,30,5,474.66,0.05
7842,3145,59,2,189.03,0.1
7843,3146,41,2,466.15,0.1
7844,3147,88,1,217.75,0.1
7845,3147,45,4,124.25,0.0
7846,3148,54,1,589.22,0.05
7847,3148,36,2,461.97,0.05
7848,3148,32,3,527.45,0.05
7849,3148,57,4,359.66,0.0
7850,3149,26,4,283.16,0.0
7851,3149,65,1,775.34,0.0
7852,3150,106,3,293.96,0.05
7853,3150,110,4,551.82,0.0
7854,3150,70,1,477.56,0.1
7855,3150,12,3,665.95,0.0
7856,3151,98,3,387.36,0.15
7857,3151,58,1,421.43,0.0
7858,3152,15,5,434.83,0.1
7859,3152,28,5,278.53,0.05
7860,3153,65,2,775.34,0.0
7861,3153,35,2,368.74,0.15
7862,3154,16,2,337.82,0.15
7863,3154,71,2,298.03,0.05
7864,3154,95,5,197.03,0.1
7865,3155,115,5,191.72,0.1
7866,3155,78,5,496.95,0.05
7867,3155,53,2,90.14,0.15
7868,3155,92,5,473.15,0.1
7869,3156,3,2,400.77,0.1
7870,3156,5,4,206.39,0.1
7871,3156,90,5,250.98,0.05
7872,3156,24,2,576.43,0.05
7873,3157,10,3,358.28,0.0
7874,3158,15,5,434.83,0.05
7875,3159,56,1,701.89,0.0
7876,3160,25,2,424.49,0.15
7877,3161,59,3,189.03,0.1
7878,3161,95,4,197.03,0.0
7879,3161,24,2,576.43,0.0
7880,3162,108,3,564.18,0.05
7881,3162,93,2,96.97,0.0
7882,3162,91,5,111.41,0.1
7883,3163,64,2,433.42,0.0
7884,3164,63,1,460.08,0.05
7885,3164,72,1,417.09,0.15
7886,3165,87,2,87.7,0.05
7887,3165,107,5,70.69,0.1
7888,3165,34,4,269.02,0.0
7889,3165,42,4,506.69,0.0
7890,3166,52,2,119.81,0.0
7891,3167,11,1,431.92,0.05
7892,3167,99,4,654.14,0.15
7893,3167,22,3,155.04,0.0
7894,3167,82,2,382.23,0.0
7895,3168,76,1,544.8,0.1
7896,3168,106,2,293.96,0.0
7897,3168,15,3,434.83,0.0
7898,3168,50,3,641.98,0.0
7899,3169,48,1,688.65,0.05
7900,3170,5,5,206.39,0.05
7901,3170,11,3,431.92,0.1
7902,3170,53,3,90.14,0.1
7903,3170,9,2,566.94,0.05
7904,3171,5,3,206.39,0.0
7905,3172,8,4,230.66,0.0
7906,3172,6,2,148.07,0.15
7907,3172,26,5,283.16,0.0
7908,3172,19,5,236.74,0.05
7909,3173,83,1,229.64,0.1
7910,3173,2,5,225.66,0.1
7911,3173,38,1,342.42,0.1
7912,3174,10,2,358.28,0.0
7913,3174,99,1,654.14,0.0
7914,3174,105,5,161.35,0.15
7915,3175,99,4,654.14,0.0
7916,3175,72,5,417.09,0.05
7917,3175,49,3,224.05,0.0
7918,3176,83,2,229.64,0.1
7919,3177,96,1,261.53,0.0
7920,3177,86,3,508.15,0.1
7921,3177,88,5,217.75,0.05
7922,3178,52,3,119.81,0.0
7923,3178,22,1,155.04,0.05
7924,3178,111,4,220.69,0.1
7925,3179,52,2,119.81,0.15
7926,3180,72,4,417.09,0.0
7927,3180,2,1,225.66,0.0
7928,3181,14,5,167.56,0.0
7929,3181,39,3,435.88,0.0
7930,3182,103,5,415.47,0.15
7931,3183,106,1,293.96,0.0
7932,3184,45,2,124.25,0.15
7933,3185,67,1,439.64,0.0
7934,3186,41,2,466.15,0.15
7935,3187,91,4,111.41,0.0
7936,3187,21,2,128.96,0.0
7937,3187,112,4,530.6,0.05
7938,3188,89,2,156.62,0.1
7939,3189,1,1,250.67,0.0
7940,3190,113,1,113.5,0.15
7941,3190,58,1,421.43,0.0
7942,3190,48,5,688.65,0.05
7943,3191,66,2,325.89,0.1
7944,3191,74,2,259.9,0.15
7945,3192,91,5,111.41,0.1
7946,3193,30,1,474.66,0.0
7947,3193,58,5,421.43,0.1
7948,3194,81,3,472.42,0.1
7949,3195,91,2,111.41,0.05
7950,3195,73,3,693.24,0.15
7951,3195,49,4,224.05,0.15
7952,3195,19,4,236.74,0.05
7953,3196,30,4,474.66,0.1
7954,3196,39,1,435.88,0.0
7955,3196,86,2,508.15,0.0
7956,3196,27,5,50.29,0.0
7957,3197,25,4,424.49,0.05
7958,3197,38,5,342.42,0.0
7959,3198,13,1,546.51,0.05
7960,3198,87,5,87.7,0.15
7961,3199,83,1,229.64,0.15
7962,3199,28,1,278.53,0.0
7963,3199,32,3,527.45,0.15
7964,3200,28,4,278.53,0.0
7965,3200,79,2,353.32,0.0
7966,3201,35,2,368.74,0.0
7967,3201,96,1,261.53,0.0
7968,3202,85,3,294.43,0.15
7969,3203,83,5,229.64,0.05
7970,3203,96,5,261.53,0.0
7971,3203,115,3,191.72,0.1
7972,3204,105,1,161.35,0.0
7973,3204,50,1,641.98,0.1
7974,3204,77,4,20.71,0.1
7975,3204,107,5,70.69,0.05
7976,3205,116,4,151.15,0.0
7977,3206,9,2,566.94,0.0
7978,3206,25,4,424.49,0.0
7979,3206,82,5,382.23,0.0
7980,3206,84,3,233.29,0.15
7981,3207,8,2,230.66,0.0
7982,3207,87,5,87.7,0.05
7983,3207,67,4,439.64,0.0
7984,3207,68,2,187.83,0.0
7985,3208,83,3,229.64,0.0
7986,3208,50,3,641.98,0.1
7987,3209,88,3,217.75,0.0
7988,3209,43,2,487.39,0.0
7989,3210,55,1,143.78,0.0
7990,3211,20,1,344.47,0.1
7991,3211,10,4,358.28,0.1
7992,3211,72,2,417.09,0.0
7993,3212,25,3,424.49,0.0
7994,3212,64,3,433.42,0.0
7995,3213,64,1,433.42,0.0
7996,3213,43,2,487.39,0.05
7997,3214,69,4,199.67,0.0
7998,3214,80,2,334.64,0.15
7999,3214,64,5,433.42,0.15
8000,3215,106,1,293.96,0.1
8001,3215,13,4,546.51,0.15
8002,3215,3,3,400.77,0.1
8003,3215,77,4,20.71,0.1
8004,3216,112,1,530.6,0.0
8005,3217,71,2,298.03,0.05
8006,3217,17,5,335.91,0.0
8007,3218,80,5,334.64,0.0
8008,3218,5,4,206.39,0.05
8009,3219,109,4,345.03,0.0
8010,3219,31,2,492.63,0.1
8011,3219,19,5,236.74,0.05
8012,3219,53,5,90.14,0.1
8013,3220,63,5,460.08,0.05
8014,3220,73,2,693.24,0.05
8015,3220,8,2,230.66,0.05
8016,3221,58,2,421.43,0.0
8017,3221,112,2,530.6,0.0
8018,3222,55,4,143.78,0.1
8019,3223,61,5,610.85,0.0
8020,3224,54,4,589.22,0.0
8021,3224,68,4,187.83,0.1
8022,3224,113,1,113.5,0.05
8023,3224,32,5,527.45,0.05
8024,3225,4,4,538.06,0.0
8025,3225,83,4,229.64,0.15
8026,3226,61,5,610.85,0.1
8027,3226,2,2,225.66,0.0
8028,3227,45,3,124.25,0.0
8029,3227,13,4,546.51,0.0
8030,3227,20,1,344.47,0.0
8031,3227,108,2,564.18,0.1
8032,3228,13,5,546.51,0.0
8033,3228,102,4,268.48,0.05
8034,3229,61,2,610.85,0.0
8035,3230,84,1,233.29,0.15
8036,3231,84,2,233.29,0.1
8037,3231,23,2,473.03,0.1
8038,3232,43,3,487.39,0.15
8039,3233,84,5,233.29,0.0
8040,3233,109,4,345.03,0.0
8041,3233,38,5,342.42,0.05
8042,3234,43,4,487.39,0.05
8043,3235,35,5,368.74,0.15
8044,3235,10,3,358.28,0.15
8045,3235,22,4,155.04,0.0
8046,3236,29,1,332.87,0.0
8047,3236,118,5,357.13,0.05
8048,3236,95,5,197.03,0.0
8049,3237,37,5,678.06,0.0
8050,3238,65,4,775.34,0.0
8051,3238,52,5,119.81,0.0
8052,3238,36,2,461.97,0.15
8053,3239,68,1,187.83,0.15
8054,3239,49,2,224.05,0.05
8055,3239,75,2,102.43,0.05
8056,3240,39,4,435.88,0.0
8057,3240,31,1,492.63,0.15
8058,3241,47,4,533.66,0.0
8059,3241,39,1,435.88,0.0
8060,3241,9,1,566.94,0.15
8061,3242,17,1,335.91,0.05
8062,3242,25,2,424.49,0.0
8063,3243,70,3,477.56,0.0
8064,3244,24,5,576.43,0.0
8065,3244,3,2,400.77,0.0
8066,3244,102,2,268.48,0.15
8067,3245,87,2,87.7,0.0
8068,3245,43,2,487.39,0.05
8069,3245,107,4,70.69,0.1
8070,3245,14,5,167.56,0.0
8071,3246,18,1,774.6,0.0
8072,3246,28,1,278.53,0.0
8073,3247,98,1,387.36,0.05
8074,3247,63,5,460.08,0.05
8075,3247,47,3,533.66,0.0
8076,3247,71,4,298.03,0.05
8077,3248,71,3,298.03,0.0
8078,3248,43,2,487.39,0.05
8079,3248,42,1,506.69,0.0
8080,3249,56,5,701.89,0.0
8081,3249,17,3,335.91,0.0
8082,3250,118,2,357.13,0.0
8083,3250,109,5,345.03,0.1
8084,3251,99,4,654.14,0.05
8085,3251,82,1,382.23,0.0
8086,3252,112,4,530.6,0.0
8087,3253,16,2,337.82,0.0
8088,3253,27,3,50.29,0.15
8089,3253,10,1,358.28,0.0
8090,3253,47,4,533.66,0.0
8091,3254,93,1,96.97,0.05
8092,3254,18,1,774.6,0.0
8093,3255,116,3,151.15,0.0
8094,3255,28,1,278.53,0.0
8095,3255,26,5,283.16,0.0
8096,3255,108,2,564.18,0.0
8097,3256,17,1,335.91,0.05
8098,3256,44,4,155.05,0.0
8099,3256,82,4,382.23,0.05
8100,3256,93,2,96.97,0.0
8101,3257,44,1,155.05,0.1
8102,3257,106,5,293.96,0.0
8103,3257,57,1,359.66,0.0
8104,3257,62,4,455.65,0.0
8105,3258,23,3,473.03,0.05
8106,3259,98,4,387.36,0.0
8107,3259,87,3,87.7,0.1
8108,3259,27,5,50.29,0.0
8109,3259,63,5,460.08,0.0
8110,3260,25,5,424.49,0.15
8111,3261,71,3,298.03,0.0
8112,3261,60,2,765.19,0.0
8113,3261,104,1,497.51,0.15
8114,3262,57,3,359.66,0.0
8115,3262,119,3,181.96,0.0
8116,3262,104,5,497.51,0.05
8117,3262,83,2,229.64,0.0
8118,3263,1,4,250.67,0.0
8119,3263,9,3,566.94,0.05
8120,3263,55,1,143.78,0.0
8121,3264,110,1,551.82,0.05
8122,3265,10,2,358.28,0.0
8123,3265,51,4,592.49,0.0
8124,3265,115,5,191.72,0.1
8125,3265,107,2,70.69,0.1
8126,3266,97,5,140.58,0.0
8127,3266,55,1,143.78,0.15
8128,3266,42,1,506.69,0.0
8129,3267,73,3,693.24,0.0
8130,3268,87,5,87.7,0.0
8131,3268,51,2,592.49,0.0
8132,3268,37,1,678.06,0.0
8133,3269,47,1,533.66,0.0
8134,3269,49,1,224.05,0.05
8135,3269,86,1,508.15,0.0
8136,3270,26,4,283.16,0.0
8137,3270,62,5,455.65,0.15
8138,3271,117,5,97.33,0.0
8139,3272,112,2,530.6,0.0
8140,3272,36,3,461.97,0.05
8141,3272,35,1,368.74,0.1
8142,3272,81,3,472.42,0.0
8143,3273,46,2,429.96,0.1
8144,3273,31,4,492.63,0.0
8145,3273,60,1,765.19,0.05
8146,3273,90,5,250.98,0.0
8147,3274,57,3,359.66,0.1
8148,3274,40,5,246.27,0.0
8149,3274,72,5,417.09,0.0
8150,3275,84,4,233.29,0.0
8151,3275,41,2,466.15,0.0
8152,3276,31,5,492.63,0.0
8153,3276,9,5,566.94,0.0
8154,3276,118,2,357.13,0.15
8155,3277,107,2,70.69,0.05
8156,3277,12,2,665.95,0.1
8157,3278,84,3,233.29,0.05
8158,3279,13,4,546.51,0.15
8159,3279,112,3,530.6,0.15
8160,3279,27,3,50.29,0.0
8161,3279,82,4,382.23,0.0
8162,3280,65,1,775.34,0.0
8163,3281,110,4,551.82,0.0
8164,3282,81,2,472.42,0.15
8165,3282,106,3,293.96,0.1
8166,3283,76,5,544.8,0.15
8167,3284,75,3,102.43,0.0
8168,3284,38,4,342.42,0.0
8169,3284,120,2,437.18,0.15
8170,3284,2,3,225.66,0.0
8171,3285,119,2,181.96,0.0
8172,3285,33,5,596.3,0.1
8173,3285,13,2,546.51,0.1
8174,3286,28,3,278.53,0.0
8175,3286,57,4,359.66,0.05
8176,3287,52,4,119.81,0.0
8177,3287,24,1,576.43,0.15
8178,3287,66,2,325.89,0.0
8179,3288,51,1,592.49,0.0
8180,3289,41,4,466.15,0.05
8181,3289,71,1,298.03,0.15
8182,3290,26,5,283.16,0.15
8183,3290,90,2,250.98,0.1
8184,3290,61,4,610.85,0.0
8185,3290,43,1,487.39,0.0
8186,3291,112,2,530.6,0.0
8187,3291,120,1,437.18,0.0
8188,3291,108,3,564.18,0.0
8189,3291,12,4,665.95,0.1
8190,3292,74,5,259.9,0.1
8191,3292,48,4,688.65,0.0
8192,3293,83,2,229.64,0.0
8193,3293,100,2,192.03,0.0
8194,3294,106,2,293.96,0.15
8195,3294,39,5,435.88,0.1
8196,3295,103,3,415.47,0.0
8197,3296,62,5,455.65,0.15
8198,3296,75,3,102.43,0.1
8199,3297,102,1,268.48,0.0
8200,3297,113,3,113.5,0.15
8201,3297,83,4,229.64,0.0
8202,3297,94,3,357.14,0.05
8203,3298,10,3,358.28,0.15
8204,3298,103,5,415.47,0.0
8205,3298,43,4,487.39,0.0
8206,3298,12,4,665.95,0.05
8207,3299,39,1,435.88,0.1
8208,3299,6,5,148.07,0.05
8209,3300,20,4,344.47,0.15
8210,3300,63,2,460.08,0.1
8211,3300,2,4,225.66,0.0
8212,3300,104,4,497.51,0.1
8213,3301,33,2,596.3,0.1
8214,3301,47,2,533.66,0.1
8215,3301,102,5,268.48,0.1
8216,3301,13,2,546.51,0.05
8217,3302,53,4,90.14,0.05
8218,3302,28,3,278.53,0.1
8219,3303,72,3,417.09,0.0
8220,3303,92,1,473.15,0.0
8221,3303,116,2,151.15,0.05
8222,3304,93,4,96.97,0.05
8223,3304,58,1,421.43,0.0
8224,3304,8,5,230.66,0.05
8225,3304,84,5,233.29,0.1
8226,3305,87,5,87.7,0.1
8227,3305,50,5,641.98,0.05
8228,3305,81,2,472.42,0.0
8229,3305,71,2,298.03,0.0
8230,3306,47,1,533.66,0.1
8231,3306,31,5,492.63,0.05
8232,3306,77,5,20.71,0.1
8233,3306,107,2,70.69,0.15
8234,3307,12,3,665.95,0.05
8235,3307,34,5,269.02,0.0
8236,3307,69,5,199.67,0.0
8237,3308,15,2,434.83,0.0
8238,3309,19,1,236.74,0.05
8239,3309,83,5,229.64,0.15
8240,3310,104,5,497.51,0.0
8241,3310,25,4,424.49,0.0
8242,3311,115,2,191.72,0.05
8243,3311,81,5,472.42,0.0
8244,3312,64,4,433.42,0.1
8245,3312,6,4,148.07,0.15
8246,3312,22,1,155.04,0.0
8247,3312,107,1,70.69,0.0
8248,3313,79,3,353.32,0.0
8249,3313,120,5,437.18,0.0
8250,3313,69,1,199.67,0.05
8251,3314,100,1,192.03,0.1
8252,3314,31,3,492.63,0.0
8253,3314,38,2,342.42,0.15
8254,3315,3,2,400.77,0.05
8255,3315,72,4,417.09,0.15
8256,3315,87,5,87.7,0.0
8257,3315,13,5,546.51,0.0
8258,3316,10,1,358.28,0.0
8259,3316,51,4,592.49,0.15
8260,3316,60,5,765.19,0.05
8261,3316,89,5,156.62,0.0
8262,3317,48,2,688.65,0.0
8263,3318,80,5,334.64,0.1
8264,3319,34,2,269.02,0.0
8265,3319,104,5,497.51,0.15
8266,3320,46,5,429.96,0.15
8267,3320,8,3,230.66,0.15
8268,3321,71,1,298.03,0.0
8269,3322,109,2,345.03,0.15
8270,3323,83,1,229.64,0.15
8271,3324,85,4,294.43,0.05
8272,3324,6,2,148.07,0.15
8273,3325,42,1,506.69,0.15
8274,3325,58,3,421.43,0.15
8275,3325,96,2,261.53,0.05
8276,3326,120,5,437.18,0.0
8277,3326,73,4,693.24,0.0
8278,3326,4,2,538.06,0.15
8279,3327,119,2,181.96,0.1
8280,3327,26,4,283.16,0.0
8281,3327,36,5,461.97,0.0
8282,3327,65,2,775.34,0.1
8283,3328,99,4,654.14,0.0
8284,3328,42,2,506.69,0.05
8285,3329,47,2,533.66,0.05
8286,3329,84,1,233.29,0.0
8287,3329,3,2,400.77,0.0
8288,3330,75,3,102.43,0.0
8289,3331,48,3,688.65,0.05
8290,3331,95,3,197.03,0.1
8291,3331,34,5,269.02,0.0
8292,3332,16,4,337.82,0.05
8293,3333,71,4,298.03,0.0
8294,3333,119,5,181.96,0.0
8295,3334,3,2,400.77,0.0
8296,3334,15,5,434.83,0.15
8297,3334,16,5,337.82,0.0
8298,3335,25,3,424.49,0.0
8299,3335,17,3,335.91,0.0
8300,3335,35,1,368.74,0.0
8301,3336,62,3,455.65,0.0
8302,3336,82,4,382.23,0.0
8303,3337,11,2,431.92,0.0
8304,3338,65,1,775.34,0.0
8305,3338,93,5,96.97,0.0
8306,3338,1,2,250.67,0.0
8307,3338,66,1,325.89,0.15
8308,3339,57,1,359.66,0.1
8309,3339,34,5,269.02,0.0
8310,3340,31,4,492.63,0.0
8311,3340,107,5,70.69,0.0
8312,3340,99,2,654.14,0.15
8313,3341,59,4,189.03,0.15
8314,3342,115,4,191.72,0.0
8315,3342,54,1,589.22,0.0
8316,3342,88,4,217.75,0.15
8317,3343,17,3,335.91,0.05
8318,3343,96,2,261.53,0.0
8319,3343,39,1,435.88,0.0
8320,3343,110,2,551.82,0.15
8321,3344,89,4,156.62,0.15
8322,3344,72,1,417.09,0.0
8323,3344,15,5,434.83,0.05
8324,3344,49,1,224.05,0.0
8325,3345,70,2,477.56,0.0
8326,3345,56,5,701.89,0.05
8327,3345,14,1,167.56,0.0
8328,3345,72,3,417.09,0.1
8329,3346,5,1,206.39,0.0
8330,3346,53,3,90.14,0.0
8331,3346,28,3,278.53,0.0
8332,3346,2,1,225.66,0.15
8333,3347,60,4,765.19,0.0
8334,3348,78,4,496.95,0.1
8335,3349,33,1,596.3,0.1
8336,3349,10,4,358.28,0.1
8337,3349,9,4,566.94,0.15
8338,3349,74,2,259.9,0.0
8339,3350,117,4,97.33,0.0
8340,3351,45,4,124.25,0.0
8341,3351,58,5,421.43,0.05
8342,3351,91,2,111.41,0.15
8343,3352,114,3,321.32,0.0
8344,3353,12,2,665.95,0.15
8345,3353,117,1,97.33,0.15
8346,3354,18,2,774.6,0.0
8347,3355,40,4,246.27,0.0
8348,3355,39,1,435.88,0.0
8349,3355,83,2,229.64,0.0
8350,3355,26,4,283.16,0.0
8351,3356,97,3,140.58,0.15
8352,3356,60,4,765.19,0.0
8353,3356,53,5,90.14,0.05
8354,3357,61,2,610.85,0.0
8355,3357,37,1,678.06,0.05
8356,3357,102,2,268.48,0.05
8357,3358,63,4,460.08,0.0
8358,3358,55,4,143.78,0.15
8359,3358,36,3,461.97,0.15
8360,3358,73,3,693.24,0.0
8361,3359,34,3,269.02,0.0
8362,3359,107,2,70.69,0.0
8363,3359,47,3,533.66,0.0
8364,3360,80,1,334.64,0.0
8365,3361,40,3,246.27,0.05
8366,3362,118,4,357.13,0.1
8367,3363,71,2,298.03,0.15
8368,3363,120,4,437.18,0.15
8369,3363,61,4,610.85,0.05
8370,3363,67,2,439.64,0.1
8371,3364,2,2,225.66,0.1
8372,3365,1,1,250.67,0.1
8373,3365,102,1,268.48,0.05
8374,3365,106,2,293.96,0.05
8375,3366,70,4,477.56,0.0
8376,3367,103,4,415.47,0.0
8377,3367,88,1,217.75,0.05
8378,3367,112,4,530.6,0.1
8379,3368,13,1,546.51,0.15
8380,3368,37,5,678.06,0.1
8381,3368,103,2,415.47,0.15
8382,3368,62,1,455.65,0.1
8383,3369,6,2,148.07,0.0
8384,3369,57,4,359.66,0.05
8385,3370,65,2,775.34,0.1
8386,3370,43,3,487.39,0.0
8387,3370,97,5,140.58,0.05
8388,3370,36,2,461.97,0.0
8389,3371,105,2,161.35,0.1
8390,3371,74,1,259.9,0.0
8391,3371,75,3,102.43,0.05
8392,3372,10,1,358.28,0.0
8393,3372,42,4,506.69,0.15
8394,3372,24,1,576.43,0.05
8395,3372,12,2,665.95,0.05
8396,3373,58,1,421.43,0.1
8397,3373,7,2,342.91,0.05
8398,3373,117,3,97.33,0.0
8399,3374,92,4,473.15,0.05
8400,3374,28,1,278.53,0.0
8401,3375,12,4,665.95,0.0
8402,3376,82,5,382.23,0.0
8403,3376,103,2,415.47,0.0
8404,3376,30,4,474.66,0.0
8405,3376,110,4,551.82,0.0
8406,3377,6,3,148.07,0.0
8407,3378,3,5,400.77,0.1
8408,3379,47,2,533.66,0.05
8409,3379,19,2,236.74,0.0
8410,3379,25,4,424.49,0.05
8411,3379,116,3,151.15,0.0
8412,3380,83,2,229.64,0.0
8413,3381,89,2,156.62,0.1
8414,3382,85,3,294.43,0.0
8415,3382,17,4,335.91,0.15
8416,3382,22,1,155.04,0.15
8417,3383,14,2,167.56,0.0
8418,3383,119,4,181.96,0.0
8419,3384,68,5,187.83,0.0
8420,3384,85,1,294.43,0.0
8421,3384,21,1,128.96,0.0
8422,3384,40,4,246.27,0.0
8423,3385,8,3,230.66,0.05
8424,3385,40,1,246.27,0.1
8425,3386,81,2,472.42,0.0
8426,3386,36,2,461.97,0.1
8427,3386,19,2,236.74,0.0
8428,3387,12,1,665.95,0.0
8429,3388,9,1,566.94,0.0
8430,3389,72,5,417.09,0.1
8431,3389,49,5,224.05,0.0
8432,3390,56,3,701.89,0.0
8433,3390,92,1,473.15,0.1
8434,3390,47,5,533.66,0.0
8435,3391,37,5,678.06,0.1
8436,3392,33,3,596.3,0.05
8437,3392,54,4,589.22,0.0
8438,3392,114,3,321.32,0.05
8439,3393,113,1,113.5,0.05
8440,3393,2,1,225.66,0.0
8441,3394,76,3,544.8,0.15
8442,3394,20,4,344.47,0.0
8443,3395,58,4,421.43,0.0
8444,3395,27,1,50.29,0.0
8445,3395,54,3,589.22,0.0
8446,3396,103,3,415.47,0.1
8447,3396,114,1,321.32,0.0
8448,3396,74,3,259.9,0.15
8449,3397,25,3,424.49,0.0
8450,3398,111,1,220.69,0.0
8451,3399,66,5,325.89,0.0
8452,3399,15,5,434.83,0.0
8453,3400,68,1,187.83,0.15
8454,3400,43,1,487.39,0.0
8455,3400,6,1,148.07,0.15
8456,3401,16,3,337.82,0.15
8457,3401,70,1,477.56,0.05
8458,3401,36,1,461.97,0.05
8459,3402,59,3,189.03,0.05
8460,3402,39,2,435.88,0.15
8461,3403,25,3,424.49,0.0
8462,3403,34,5,269.02,0.1
8463,3403,94,5,357.14,0.0
8464,3403,33,3,596.3,0.15
8465,3404,28,4,278.53,0.0
8466,3404,85,5,294.43,0.0
8467,3404,12,3,665.95,0.05
8468,3404,9,2,566.94,0.1
8469,3405,94,1,357.14,0.15
8470,3405,119,2,181.96,0.1
8471,3405,68,4,187.83,0.0
8472,3406,37,5,678.06,0.1
8473,3406,59,5,189.03,0.15
8474,3407,85,3,294.43,0.05
8475,3407,52,5,119.81,0.1
8476,3407,12,3,665.95,0.15
8477,3407,30,1,474.66,0.0
8478,3408,94,2,357.14,0.0
8479,3408,7,4,342.91,0.05
8480,3408,32,5,527.45,0.15
8481,3409,58,3,421.43,0.0
8482,3409,76,5,544.8,0.1
8483,3410,3,5,400.77,0.0
8484,3410,29,4,332.87,0.0
8485,3411,16,5,337.82,0.0
8486,3412,32,4,527.45,0.0
8487,3412,54,4,589.22,0.0
8488,3412,58,1,421.43,0.15
8489,3412,35,2,368.74,0.1
8490,3413,114,5,321.32,0.0
8491,3413,86,5,508.15,0.1
8492,3413,52,4,119.81,0.15
8493,3414,45,4,124.25,0.1
8494,3414,1,4,250.67,0.0
8495,3415,16,5,337.82,0.0
8496,3415,72,4,417.09,0.05
8497,3415,49,2,224.05,0.0
8498,3416,89,4,156.62,0.1
8499,3416,101,2,530.68,0.1
8500,3417,7,3,342.91,0.1
8501,3417,74,2,259.9,0.05
8502,3417,19,3,236.74,0.0
8503,3418,90,1,250.98,0.0
8504,3419,99,1,654.14,0.0
8505,3419,95,3,197.03,0.0
8506,3419,17,2,335.91,0.05
8507,3419,8,2,230.66,0.05
8508,3420,69,2,199.67,0.05
8509,3420,74,1,259.9,0.0
8510,3420,58,3,421.43,0.15
8511,3420,34,1,269.02,0.0
8512,3421,93,2,96.97,0.1
8513,3421,65,2,775.34,0.0
8514,3421,13,5,546.51,0.0
8515,3421,14,1,167.56,0.05
8516,3422,15,4,434.83,0.0
8517,3423,42,4,506.69,0.0
8518,3423,110,2,551.82,0.05
8519,3424,74,2,259.9,0.15
8520,3424,39,3,435.88,0.1
8521,3424,44,5,155.05,0.0
8522,3425,22,1,155.04,0.0
8523,3425,108,3,564.18,0.1
8524,3426,24,5,576.43,0.0
8525,3426,94,3,357.14,0.15
8526,3426,81,1,472.42,0.05
8527,3426,26,3,283.16,0.0
8528,3427,65,2,775.34,0.05
8529,3427,60,3,765.19,0.15
8530,3428,74,3,259.9,0.0
8531,3428,50,3,641.98,0.1
8532,3428,34,4,269.02,0.05
8533,3428,101,3,530.68,0.0
8534,3429,58,2,421.43,0.1
8535,3429,29,3,332.87,0.05
8536,3429,42,4,506.69,0.0
8537,3429,120,4,437.18,0.1
8538,3430,11,5,431.92,0.1
8539,3430,70,4,477.56,0.0
8540,3430,31,5,492.63,0.15
8541,3431,73,2,693.24,0.0
8542,3432,36,3,461.97,0.05
8543,3432,56,2,701.89,0.0
8544,3433,63,4,460.08,0.15
8545,3434,77,2,20.71,0.1
8546,3434,85,5,294.43,0.15
8547,3434,38,2,342.42,0.1
8548,3434,119,4,181.96,0.0
8549,3435,13,3,546.51,0.0
8550,3436,32,4,527.45,0.05
8551,3436,87,2,87.7,0.0
8552,3436,40,4,246.27,0.0
8553,3437,105,2,161.35,0.0
8554,3437,38,1,342.42,0.05
8555,3437,108,1,564.18,0.05
8556,3438,77,3,20.71,0.0
8557,3438,6,4,148.07,0.15
8558,3438,34,3,269.02,0.05
8559,3438,29,4,332.87,0.0
8560,3439,3,4,400.77,0.0
8561,3439,32,4,527.45,0.0
8562,3440,98,5,387.36,0.0
8563,3440,114,2,321.32,0.0
8564,3440,68,5,187.83,0.0
8565,3440,117,1,97.33,0.05
8566,3441,112,1,530.6,0.1
8567,3441,13,1,546.51,0.0
8568,3441,98,5,387.36,0.05
8569,3442,63,2,460.08,0.05
8570,3442,28,5,278.53,0.05
8571,3443,46,4,429.96,0.0
8572,3444,73,5,693.24,0.1
8573,3444,21,4,128.96,0.1
8574,3444,105,1,161.35,0.0
8575,3445,19,5,236.74,0.0
8576,3445,75,3,102.43,0.15
8577,3446,8,3,230.66,0.0
8578,3446,15,2,434.83,0.0
8579,3447,16,5,337.82,0.05
8580,3447,39,5,435.88,0.1
8581,3447,69,5,199.67,0.05
8582,3447,14,1,167.56,0.0
8583,3448,111,3,220.69,0.1
8584,3448,118,4,357.13,0.15
8585,3448,23,4,473.03,0.0
8586,3448,74,1,259.9,0.15
8587,3449,33,2,596.3,0.15
8588,3449,84,3,233.29,0.1
8589,3449,98,2,387.36,0.05
8590,3450,5,5,206.39,0.0
8591,3450,78,1,496.95,0.0
8592,3450,55,1,143.78,0.0
8593,3451,19,3,236.74,0.0
8594,3451,48,2,688.65,0.05
8595,3451,65,1,775.34,0.0
8596,3452,74,5,259.9,0.15
8597,3452,92,1,473.15,0.15
8598,3452,118,2,357.13,0.0
8599,3452,53,4,90.14,0.0
8600,3453,114,3,321.32,0.05
8601,3453,70,3,477.56,0.0
8602,3453,31,1,492.63,0.15
8603,3454,119,1,181.96,0.05
8604,3455,8,3,230.66,0.0
8605,3455,89,1,156.62,0.1
8606,3455,19,1,236.74,0.0
8607,3456,104,5,497.51,0.0
8608,3457,108,1,564.18,0.1
8609,3458,35,2,368.74,0.0
8610,3458,113,1,113.5,0.05
8611,3459,32,1,527.45,0.15
8612,3459,54,1,589.22,0.0
8613,3459,45,3,124.25,0.0
8614,3460,56,5,701.89,0.0
8615,3461,59,3,189.03,0.0
8616,3461,68,4,187.83,0.1
8617,3462,100,4,192.03,0.1
8618,3462,29,4,332.87,0.05
8619,3462,118,5,357.13,0.0
8620,3463,49,2,224.05,0.0
8621,3463,115,1,191.72,0.0
8622,3463,79,1,353.32,0.0
8623,3464,120,4,437.18,0.0
8624,3464,113,4,113.5,0.0
8625,3464,4,3,538.06,0.0
8626,3465,22,2,155.04,0.15
8627,3465,8,4,230.66,0.0
8628,3465,69,2,199.67,0.15
8629,3465,61,3,610.85,0.0
8630,3466,55,2,143.78,0.05
8631,3467,42,3,506.69,0.1
8632,3467,92,5,473.15,0.15
8633,3467,35,4,368.74,0.05
8634,3467,77,1,20.71,0.15
8635,3468,2,3,225.66,0.0
8636,3468,81,2,472.42,0.0
8637,3468,45,2,124.25,0.0
8638,3469,99,4,654.14,0.0
8639,3469,120,2,437.18,0.0
8640,3469,116,2,151.15,0.0
8641,3469,112,5,530.6,0.1
8642,3470,113,5,113.5,0.0
8643,3470,56,4,701.89,0.0
8644,3470,11,2,431.92,0.0
8645,3470,39,2,435.88,0.05
8646,3471,72,3,417.09,0.0
8647,3472,85,5,294.43,0.0
8648,3472,24,4,576.43,0.15
8649,3473,18,5,774.6,0.15
8650,3473,3,2,400.77,0.0
8651,3473,60,4,765.19,0.1
8652,3474,46,1,429.96,0.0
8653,3474,107,1,70.69,0.15
8654,3474,92,5,473.15,0.0
8655,3475,41,1,466.15,0.0
8656,3475,96,2,261.53,0.0
8657,3475,90,1,250.98,0.1
8658,3476,28,3,278.53,0.0
8659,3476,90,4,250.98,0.0
8660,3476,25,2,424.49,0.05
8661,3477,95,1,197.03,0.0
8662,3477,7,4,342.91,0.0
8663,3478,36,2,461.97,0.05
8664,3479,120,1,437.18,0.1
8665,3479,114,3,321.32,0.05
8666,3479,103,2,415.47,0.0
8667,3480,116,2,151.15,0.05
8668,3480,34,5,269.02,0.0
8669,3480,16,4,337.82,0.05
8670,3481,14,1,167.56,0.0
8671,3482,38,2,342.42,0.15
8672,3482,42,5,506.69,0.0
8673,3482,88,3,217.75,0.1
8674,3482,69,5,199.67,0.0
8675,3483,35,4,368.74,0.15
8676,3483,31,3,492.63,0.0
8677,3484,66,4,325.89,0.15
8678,3484,4,4,538.06,0.15
8679,3485,24,5,576.43,0.0
8680,3485,117,5,97.33,0.0
8681,3485,5,2,206.39,0.1
8682,3486,14,3,167.56,0.0
8683,3486,29,2,332.87,0.1
8684,3487,103,4,415.47,0.05
8685,3487,85,2,294.43,0.15
8686,3487,37,1,678.06,0.05
8687,3488,97,2,140.58,0.05
8688,3488,84,3,233.29,0.1
8689,3488,12,4,665.95,0.05
8690,3488,7,1,342.91,0.05
8691,3489,54,1,589.22,0.1
8692,3489,28,4,278.53,0.05
8693,3489,73,3,693.24,0.0
8694,3490,110,5,551.82,0.0
8695,3490,92,4,473.15,0.15
8696,3490,99,5,654.14,0.15
8697,3490,109,2,345.03,0.05
8698,3491,101,1,530.68,0.0
8699,3491,65,1,775.34,0.0
8700,3491,46,5,429.96,0.05
8701,3491,73,1,693.24,0.1
8702,3492,96,1,261.53,0.0
8703,3492,89,4,156.62,0.1
8704,3492,106,5,293.96,0.0
8705,3492,105,4,161.35,0.0
8706,3493,116,2,151.15,0.15
8707,3493,13,4,546.51,0.0
8708,3493,5,1,206.39,0.1
8709,3494,113,4,113.5,0.15
8710,3494,5,2,206.39,0.1
8711,3494,27,4,50.29,0.1
8712,3495,42,2,506.69,0.0
8713,3495,54,4,589.22,0.0
8714,3496,115,4,191.72,0.1
8715,3497,74,1,259.9,0.1
8716,3497,62,2,455.65,0.0
8717,3498,59,1,189.03,0.0
8718,3498,107,5,70.69,0.1
8719,3498,45,1,124.25,0.0
8720,3499,44,1,155.05,0.15
8721,3499,46,2,429.96,0.0
8722,3500,19,2,236.74,0.0
8723,3501,39,2,435.88,0.15
8724,3501,119,3,181.96,0.0
8725,3501,65,5,775.34,0.1
8726,3502,12,4,665.95,0.15
8727,3502,5,4,206.39,0.0
8728,3502,95,2,197.03,0.15
8729,3502,35,2,368.74,0.15
8730,3503,23,4,473.03,0.0
8731,3504,1,4,250.67,0.15
8732,3504,18,5,774.6,0.15
8733,3505,52,5,119.81,0.0
8734,3505,60,3,765.19,0.15
8735,3505,74,5,259.9,0.1
8736,3506,5,2,206.39,0.0
8737,3507,107,4,70.69,0.15
8738,3507,98,1,387.36,0.05
8739,3507,114,1,321.32,0.05
8740,3507,78,3,496.95,0.15
8741,3508,23,1,473.03,0.0
8742,3508,115,3,191.72,0.05
8743,3508,87,1,87.7,0.05
8744,3509,120,1,437.18,0.05
8745,3509,41,1,466.15,0.0
8746,3510,59,1,189.03,0.1
8747,3510,42,2,506.69,0.0
8748,3510,40,3,246.27,0.0
8749,3511,20,3,344.47,0.0
8750,3511,51,1,592.49,0.1
8751,3511,16,5,337.82,0.0
8752,3511,30,5,474.66,0.15
8753,3512,2,2,225.66,0.05
8754,3512,71,2,298.03,0.0
8755,3513,55,5,143.78,0.05
8756,3513,70,3,477.56,0.15
8757,3513,9,1,566.94,0.0
8758,3513,63,3,460.08,0.0
8759,3514,104,1,497.51,0.0
8760,3514,106,5,293.96,0.15
8761,3514,95,4,197.03,0.0
8762,3514,4,5,538.06,0.0
8763,3515,12,1,665.95,0.1
8764,3515,119,2,181.96,0.0
8765,3515,120,2,437.18,0.0
8766,3516,51,4,592.49,0.15
8767,3516,43,4,487.39,0.0
8768,3517,117,2,97.33,0.1
8769,3517,82,3,382.23,0.1
8770,3518,113,4,113.5,0.0
8771,3518,102,2,268.48,0.1
8772,3519,43,1,487.39,0.05
8773,3519,69,3,199.67,0.05
8774,3519,9,4,566.94,0.05
8775,3519,78,2,496.95,0.05
8776,3520,40,3,246.27,0.1
8777,3520,64,2,433.42,0.05
8778,3520,18,5,774.6,0.05
8779,3521,110,2,551.82,0.15
8780,3521,104,1,497.51,0.15
8781,3521,99,2,654.14,0.0
8782,3522,65,5,775.34,0.0
8783,3523,40,5,246.27,0.0
8784,3524,49,5,224.05,0.0
8785,3524,10,1,358.28,0.05
8786,3524,45,4,124.25,0.05
8787,3524,17,3,335.91,0.0
8788,3525,15,4,434.83,0.15
8789,3525,26,3,283.16,0.15
8790,3526,33,4,596.3,0.1
8791,3526,100,5,192.03,0.0
8792,3526,44,2,155.05,0.15
8793,3527,113,3,113.5,0.05
8794,3527,87,3,87.7,0.05
8795,3527,33,1,596.3,0.0
8796,3527,85,5,294.43,0.0
8797,3528,22,5,155.04,0.0
8798,3528,91,2,111.41,0.1
8799,3528,14,2,167.56,0.0
8800,3529,116,5,151.15,0.0
8801,3529,111,4,220.69,0.15
8802,3530,42,5,506.69,0.0
8803,3531,23,4,473.03,0.0
8804,3531,82,4,382.23,0.1
8805,3531,100,1,192.03,0.0
8806,3532,120,5,437.18,0.1
8807,3533,97,5,140.58,0.0
8808,3533,62,2,455.65,0.0
8809,3533,98,4,387.36,0.15
8810,3533,101,2,530.68,0.05
8811,3534,43,2,487.39,0.0
8812,3534,102,1,268.48,0.1
8813,3535,108,2,564.18,0.0
8814,3535,45,1,124.25,0.15
8815,3535,17,3,335.91,0.0
8816,3536,61,5,610.85,0.0
8817,3536,8,2,230.66,0.0
8818,3537,43,5,487.39,0.0
8819,3538,108,2,564.18,0.15
8820,3538,117,5,97.33,0.0
8821,3538,118,2,357.13,0.0
8822,3538,76,3,544.8,0.1
8823,3539,6,2,148.07,0.15
8824,3540,51,2,592.49,0.0
8825,3540,18,5,774.6,0.0
8826,3540,62,1,455.65,0.05
8827,3541,52,5,119.81,0.0
8828,3541,65,5,775.34,0.0
8829,3541,48,2,688.65,0.05
8830,3541,57,1,359.66,0.0
8831,3542,54,1,589.22,0.15
8832,3543,68,1,187.83,0.0
8833,3544,117,2,97.33,0.0
8834,3544,94,3,357.14,0.0
8835,3544,79,3,353.32,0.0
8836,3544,16,2,337.82,0.15
8837,3545,36,3,461.97,0.15
8838,3545,60,4,765.19,0.0
8839,3546,103,2,415.47,0.15
8840,3547,42,5,506.69,0.1
8841,3547,62,4,455.65,0.05
8842,3547,86,4,508.15,0.0
8843,3547,23,5,473.03,0.1
8844,3548,85,5,294.43,0.0
8845,3549,117,3,97.33,0.0
8846,3549,14,3,167.56,0.1
8847,3549,64,1,433.42,0.0
8848,3549,53,4,90.14,0.0
8849,3550,15,2,434.83,0.15
8850,3550,38,4,342.42,0.0
8851,3551,5,1,206.39,0.1
8852,3552,114,5,321.32,0.1
8853,3553,73,1,693.24,0.1
8854,3553,109,4,345.03,0.1
8855,3554,40,5,246.27,0.1
8856,3554,76,4,544.8,0.05
8857,3555,104,3,497.51,0.0
8858,3555,66,5,325.89,0.0
8859,3555,92,2,473.15,0.0
8860,3556,67,5,439.64,0.0
8861,3557,63,5,460.08,0.15
8862,3557,112,1,530.6,0.1
8863,3557,93,4,96.97,0.1
8864,3558,108,1,564.18,0.0
8865,3558,82,3,382.23,0.0
8866,3559,93,2,96.97,0.0
8867,3559,3,4,400.77,0.15
8868,3559,33,3,596.3,0.15
8869,3559,54,2,589.22,0.15
8870,3560,33,5,596.3,0.0
8871,3560,9,5,566.94,0.0
8872,3560,103,5,415.47,0.1
8873,3560,81,3,472.42,0.05
8874,3561,102,5,268.48,0.0
8875,3561,58,5,421.43,0.0
8876,3561,70,1,477.56,0.0
8877,3562,120,5,437.18,0.0
8878,3562,22,4,155.04,0.0
8879,3563,14,4,167.56,0.0
8880,3564,11,2,431.92,0.0
8881,3564,19,2,236.74,0.0
8882,3564,115,2,191.72,0.0
8883,3564,87,3,87.7,0.0
8884,3565,107,5,70.69,0.0
8885,3565,2,4,225.66,0.1
8886,3566,45,2,124.25,0.0
8887,3566,58,2,421.43,0.05
8888,3566,56,1,701.89,0.0
8889,3567,18,3,774.6,0.0
8890,3567,60,1,765.19,0.05
8891,3568,45,3,124.25,0.0
8892,3568,12,1,665.95,0.05
8893,3568,81,4,472.42,0.0
8894,3569,46,1,429.96,0.05
8895,3569,95,3,197.03,0.05
8896,3569,67,1,439.64,0.0
8897,3569,33,2,596.3,0.15
8898,3570,86,2,508.15,0.15
8899,3570,49,1,224.05,0.0
8900,3570,99,2,654.14,0.1
8901,3571,5,5,206.39,0.05
8902,3571,59,4,189.03,0.0
8903,3571,106,2,293.96,0.0
8904,3572,72,2,417.09,0.05
8905,3573,47,1,533.66,0.0
8906,3574,87,4,87.7,0.15
8907,3574,13,1,546.51,0.15
8908,3575,30,2,474.66,0.05
8909,3576,6,1,148.07,0.0
8910,3576,113,5,113.5,0.0
8911,3577,96,1,261.53,0.1
8912,3577,104,4,497.51,0.15
8913,3577,46,2,429.96,0.1
8914,3578,71,2,298.03,0.05
8915,3578,64,5,433.42,0.1
8916,3578,101,1,530.68,0.05
8917,3579,67,2,439.64,0.0
8918,3579,33,4,596.3,0.0
8919,3579,93,1,96.97,0.0
8920,3580,28,2,278.53,0.0
8921,3580,119,5,181.96,0.0
8922,3581,54,5,589.22,0.0
8923,3581,104,3,497.51,0.0
8924,3581,51,4,592.49,0.05
8925,3582,51,4,592.49,0.0
8926,3583,64,2,433.42,0.05
8927,3583,19,3,236.74,0.1
8928,3583,101,3,530.68,0.05
8929,3583,47,4,533.66,0.1
8930,3584,2,4,225.66,0.0
8931,3585,55,1,143.78,0.1
8932,3586,79,1,353.32,0.1
8933,3586,103,2,415.47,0.1
8934,3586,39,5,435.88,0.0
8935,3586,33,2,596.3,0.0
8936,3587,78,5,496.95,0.05
8937,3587,87,2,87.7,0.0
8938,3587,61,1,610.85,0.15
8939,3587,114,2,321.32,0.0
8940,3588,64,4,433.42,0.0
8941,3588,101,2,530.68,0.1
8942,3588,21,5,128.96,0.15
8943,3588,99,5,654.14,0.05
8944,3589,18,3,774.6,0.05
8945,3589,10,1,358.28,0.0
8946,3590,15,4,434.83,0.05
8947,3590,85,4,294.43,0.0
8948,3590,13,5,546.51,0.15
8949,3591,106,2,293.96,0.15
8950,3591,5,3,206.39,0.0
8951,3592,31,1,492.63,0.1
8952,3592,4,5,538.06,0.15
8953,3592,15,5,434.83,0.0
8954,3592,42,1,506.69,0.15
8955,3593,7,4,342.91,0.1
8956,3594,64,5,433.42,0.0
8957,3594,31,2,492.63,0.05
8958,3594,115,2,191.72,0.1
8959,3594,118,2,357.13,0.15
8960,3595,74,2,259.9,0.0
8961,3595,97,4,140.58,0.1
8962,3595,69,3,199.67,0.0
8963,3595,99,1,654.14,0.0
8964,3596,65,2,775.34,0.1
8965,3596,109,5,345.03,0.15
8966,3597,31,4,492.63,0.1
8967,3597,71,4,298.03,0.0
8968,3597,61,2,610.85,0.0
8969,3597,120,5,437.18,0.1
8970,3598,112,5,530.6,0.0
8971,3599,9,2,566.94,0.05
8972,3599,88,5,217.75,0.05
8973,3600,80,5,334.64,0.0
8974,3601,61,2,610.85,0.0
8975,3601,22,3,155.04,0.1
8976,3601,112,5,530.6,0.05
8977,3601,17,1,335.91,0.0
8978,3602,106,1,293.96,0.0
8979,3602,101,2,530.68,0.0
8980,3602,111,1,220.69,0.0
8981,3603,14,1,167.56,0.05
8982,3603,27,5,50.29,0.1
8983,3604,46,3,429.96,0.0
8984,3604,43,2,487.39,0.15
8985,3604,102,2,268.48,0.1
8986,3604,55,4,143.78,0.15
8987,3605,2,4,225.66,0.0
8988,3605,15,1,434.83,0.15
8989,3605,5,3,206.39,0.0
8990,3605,10,5,358.28,0.0
8991,3606,33,1,596.3,0.05
8992,3607,56,2,701.89,0.0
8993,3608,20,3,344.47,0.15
8994,3608,44,1,155.05,0.1
8995,3609,8,2,230.66,0.05
8996,3609,113,3,113.5,0.15
8997,3610,37,2,678.06,0.0
8998,3610,3,3,400.77,0.0
8999,3611,9,1,566.94,0.0
9000,3612,47,3,533.66,0.1
9001,3612,52,2,119.81,0.0
9002,3612,77,3,20.71,0.0
9003,3612,56,5,701.89,0.15
9004,3613,27,4,50.29,0.0
9005,3613,2,1,225.66,0.0
9006,3614,77,3,20.71,0.05
9007,3614,37,2,678.06,0.0
9008,3614,93,1,96.97,0.0
9009,3614,25,5,424.49,0.15
9010,3615,17,2,335.91,0.15
9011,3615,27,2,50.29,0.15
9012,3615,46,4,429.96,0.1
9013,3616,37,4,678.06,0.0
9014,3616,103,5,415.47,0.0
9015,3616,90,5,250.98,0.15
9016,3616,31,3,492.63,0.0
9017,3617,88,3,217.75,0.1
9018,3617,12,2,665.95,0.0
9019,3617,90,2,250.98,0.1
9020,3617,35,2,368.74,0.15
9021,3618,38,1,342.42,0.15
9022,3618,102,3,268.48,0.0
9023,3618,4,5,538.06,0.05
9024,3618,40,2,246.27,0.0
9025,3619,77,4,20.71,0.0
9026,3619,54,3,589.22,0.0
9027,3619,62,3,455.65,0.1
9028,3620,93,4,96.97,0.0
9029,3620,88,2,217.75,0.05
9030,3621,74,1,259.9,0.1
9031,3621,13,2,546.51,0.0
9032,3621,51,1,592.49,0.1
9033,3621,4,5,538.06,0.15
9034,3622,9,5,566.94,0.1
9035,3622,103,3,415.47,0.1
9036,3622,98,2,387.36,0.15
9037,3623,52,3,119.81,0.15
9038,3624,10,2,358.28,0.15
9039,3624,63,2,460.08,0.05
9040,3624,15,4,434.83,0.15
9041,3624,71,2,298.03,0.0
9042,3625,45,1,124.25,0.05
9043,3625,117,4,97.33,0.0
9044,3625,64,1,433.42,0.0
9045,3626,17,1,335.91,0.0
9046,3627,85,3,294.43,0.0
9047,3628,90,5,250.98,0.0
9048,3628,18,2,774.6,0.0
9049,3628,62,2,455.65,0.0
9050,3629,60,5,765.19,0.1
9051,3629,6,5,148.07,0.0
9052,3629,24,1,576.43,0.15
9053,3629,68,5,187.83,0.05
9054,3630,99,3,654.14,0.05
9055,3630,48,4,688.65,0.1
9056,3630,109,2,345.03,0.05
9057,3630,80,1,334.64,0.15
9058,3631,59,4,189.03,0.0
9059,3631,109,2,345.03,0.0
9060,3631,14,3,167.56,0.0
9061,3631,24,2,576.43,0.0
9062,3632,15,4,434.83,0.05
9063,3632,27,5,50.29,0.15
9064,3632,53,3,90.14,0.0
9065,3632,72,5,417.09,0.0
9066,3633,114,1,321.32,0.05
9067,3633,9,2,566.94,0.1
9068,3633,22,2,155.04,0.0
9069,3633,26,3,283.16,0.05
9070,3634,91,5,111.41,0.0
9071,3635,47,4,533.66,0.0
9072,3635,84,5,233.29,0.0
9073,3635,63,3,460.08,0.05
9074,3636,86,4,508.15,0.15
9075,3636,96,3,261.53,0.15
9076,3637,12,1,665.95,0.0
9077,3637,8,3,230.66,0.0
9078,3638,52,4,119.81,0.15
9079,3638,74,4,259.9,0.0
9080,3639,20,5,344.47,0.15
9081,3640,4,4,538.06,0.0
9082,3640,109,5,345.03,0.0
9083,3641,14,1,167.56,0.15
9084,3641,64,4,433.42,0.15
9085,3641,98,5,387.36,0.0
9086,3641,51,1,592.49,0.05
9087,3642,58,3,421.43,0.05
9088,3642,85,5,294.43,0.0
9089,3642,30,2,474.66,0.0
9090,3642,114,4,321.32,0.1
9091,3643,57,3,359.66,0.0
9092,3643,6,3,148.07,0.05
9093,3644,52,2,119.81,0.0
9094,3644,42,2,506.69,0.0
9095,3644,54,1,589.22,0.0
9096,3645,35,3,368.74,0.0
9097,3645,79,5,353.32,0.05
9098,3645,55,3,143.78,0.1
9099,3646,72,1,417.09,0.0
9100,3646,101,5,530.68,0.1
9101,3646,87,1,87.7,0.05
9102,3646,5,2,206.39,0.1
9103,3647,44,1,155.05,0.0
9104,3647,116,1,151.15,0.0
9105,3648,54,3,589.22,0.0
9106,3648,78,1,496.95,0.1
9107,3648,23,1,473.03,0.0
9108,3648,73,4,693.24,0.0
9109,3649,86,4,508.15,0.0
9110,3649,10,2,358.28,0.0
9111,3649,44,1,155.05,0.05
9112,3649,80,4,334.64,0.0
9113,3650,50,4,641.98,0.1
9114,3650,71,2,298.03,0.0
9115,3650,11,1,431.92,0.0
9116,3650,69,2,199.67,0.0
9117,3651,18,3,774.6,0.0
9118,3651,75,5,102.43,0.0
9119,3652,1,2,250.67,0.05
9120,3652,26,4,283.16,0.0
9121,3652,45,4,124.25,0.0
9122,3653,102,4,268.48,0.0
9123,3654,8,4,230.66,0.0
9124,3655,63,3,460.08,0.0
9125,3655,11,5,431.92,0.0
9126,3655,87,1,87.7,0.0
9127,3655,55,1,143.78,0.0
9128,3656,8,1,230.66,0.05
9129,3656,45,1,124.25,0.05
9130,3656,100,5,192.03,0.1
9131,3657,58,5,421.43,0.1
9132,3657,59,3,189.03,0.0
9133,3657,67,4,439.64,0.15
9134,3658,34,1,269.02,0.0
9135,3658,35,1,368.74,0.1
9136,3658,112,5,530.6,0.0
9137,3658,53,5,90.14,0.0
9138,3659,115,5,191.72,0.0
9139,3659,14,4,167.56,0.05
9140,3660,49,2,224.05,0.0
9141,3660,118,4,357.13,0.1
9142,3660,110,2,551.82,0.15
9143,3660,102,4,268.48,0.15
9144,3661,19,1,236.74,0.0
9145,3661,34,3,269.02,0.0
9146,3661,116,1,151.15,0.05
9147,3662,113,2,113.5,0.05
9148,3662,73,5,693.24,0.15
9149,3663,12,1,665.95,0.15
9150,3663,46,5,429.96,0.15
9151,3663,4,3,538.06,0.15
9152,3664,6,1,148.07,0.1
9153,3664,91,1,111.41,0.1
9154,3665,6,3,148.07,0.05
9155,3665,97,5,140.58,0.0
9156,3665,32,2,527.45,0.15
9157,3666,40,2,246.27,0.1
9158,3667,32,3,527.45,0.0
9159,3667,53,4,90.14,0.15
9160,3667,86,4,508.15,0.05
9161,3667,50,5,641.98,0.15
9162,3668,24,1,576.43,0.05
9163,3668,44,4,155.05,0.05
9164,3668,12,5,665.95,0.1
9165,3668,92,3,473.15,0.0
9166,3669,55,4,143.78,0.05
9167,3670,88,1,217.75,0.05
9168,3670,112,1,530.6,0.05
9169,3670,28,1,278.53,0.0
9170,3670,12,3,665.95,0.15
9171,3671,31,5,492.63,0.0
9172,3671,62,4,455.65,0.0
9173,3671,51,3,592.49,0.15
9174,3672,115,5,191.72,0.0
9175,3673,54,3,589.22,0.15
9176,3673,3,2,400.77,0.0
9177,3673,55,5,143.78,0.15
9178,3673,62,5,455.65,0.1
9179,3674,30,4,474.66,0.15
9180,3674,49,1,224.05,0.15
9181,3674,72,4,417.09,0.0
9182,3675,33,4,596.3,0.05
9183,3675,7,1,342.91,0.15
9184,3675,65,5,775.34,0.0
9185,3675,101,4,530.68,0.0
9186,3676,116,4,151.15,0.15
9187,3676,10,5,358.28,0.15
9188,3677,82,4,382.23,0.0
9189,3677,120,3,437.18,0.05
9190,3678,101,2,530.68,0.0
9191,3678,98,4,387.36,0.1
9192,3679,15,3,434.83,0.1
9193,3679,62,3,455.65,0.0
9194,3679,27,2,50.29,0.1
9195,3679,65,1,775.34,0.05
9196,3680,31,1,492.63,0.05
9197,3680,20,2,344.47,0.0
9198,3680,27,4,50.29,0.05
9199,3681,72,4,417.09,0.0
9200,3681,104,5,497.51,0.0
9201,3681,120,5,437.18,0.05
9202,3682,50,1,641.98,0.0
9203,3683,22,3,155.04,0.05
9204,3683,80,4,334.64,0.0
9205,3683,40,5,246.27,0.1
9206,3684,56,2,701.89,0.1
9207,3684,73,4,693.24,0.0
9208,3684,96,1,261.53,0.0
9209,3685,112,4,530.6,0.0
9210,3685,84,4,233.29,0.0
9211,3685,118,4,357.13,0.1
9212,3686,33,5,596.3,0.15
9213,3687,101,2,530.68,0.15
9214,3687,71,3,298.03,0.1
9215,3688,53,5,90.14,0.15
9216,3688,59,5,189.03,0.1
9217,3688,77,4,20.71,0.15
9218,3688,99,4,654.14,0.0
9219,3689,110,5,551.82,0.0
9220,3690,60,3,765.19,0.0
9221,3690,52,2,119.81,0.05
9222,3691,97,2,140.58,0.15
9223,3691,47,5,533.66,0.0
9224,3691,100,2,192.03,0.0
9225,3691,119,5,181.96,0.0
9226,3692,73,5,693.24,0.05
9227,3692,103,3,415.47,0.05
9228,3692,88,1,217.75,0.0
9229,3692,63,5,460.08,0.0
9230,3693,18,3,774.6,0.0
9231,3693,86,1,508.15,0.1
9232,3693,76,1,544.8,0.0
9233,3694,77,4,20.71,0.0
9234,3694,10,1,358.28,0.15
9235,3694,17,2,335.91,0.0
9236,3694,114,3,321.32,0.0
9237,3695,10,1,358.28,0.05
9238,3695,107,5,70.69,0.0
9239,3696,117,1,97.33,0.1
9240,3696,4,4,538.06,0.1
9241,3696,108,3,564.18,0.1
9242,3697,90,4,250.98,0.0
9243,3697,97,2,140.58,0.1
9244,3697,22,2,155.04,0.0
9245,3697,64,5,433.42,0.05
9246,3698,16,5,337.82,0.05
9247,3698,68,1,187.83,0.0
9248,3699,94,3,357.14,0.15
9249,3700,27,4,50.29,0.0
9250,3700,31,5,492.63,0.0
9251,3700,78,1,496.95,0.05
9252,3701,47,1,533.66,0.0
9253,3702,7,5,342.91,0.15
9254,3702,22,5,155.04,0.15
9255,3702,26,3,283.16,0.0
9256,3702,115,4,191.72,0.05
9257,3703,14,1,167.56,0.0
9258,3703,92,5,473.15,0.05
9259,3703,79,1,353.32,0.0
9260,3704,104,1,497.51,0.0
9261,3704,5,5,206.39,0.15
9262,3704,74,5,259.9,0.0
9263,3704,69,5,199.67,0.0
9264,3705,44,3,155.05,0.05
9265,3705,81,4,472.42,0.1
9266,3705,18,2,774.6,0.05
9267,3705,43,1,487.39,0.0
9268,3706,50,1,641.98,0.1
9269,3706,108,5,564.18,0.1
9270,3706,54,4,589.22,0.0
9271,3707,54,3,589.22,0.05
9272,3707,77,3,20.71,0.0
9273,3708,63,3,460.08,0.15
9274,3708,56,5,701.89,0.15
9275,3709,104,5,497.51,0.15
9276,3709,80,3,334.64,0.0
9277,3710,113,3,113.5,0.0
9278,3710,86,5,508.15,0.0
9279,3711,25,2,424.49,0.0
9280,3712,63,1,460.08,0.05
9281,3713,100,1,192.03,0.0
9282,3713,56,1,701.89,0.0
9283,3713,115,5,191.72,0.05
9284,3713,2,2,225.66,0.05
9285,3714,17,5,335.91,0.0
9286,3714,88,2,217.75,0.05
9287,3714,22,5,155.04,0.1
9288,3715,69,3,199.67,0.05
9289,3715,62,5,455.65,0.0
9290,3715,34,3,269.02,0.0
9291,3715,19,2,236.74,0.1
9292,3716,104,5,497.51,0.0
9293,3716,97,4,140.58,0.0
9294,3717,71,5,298.03,0.1
9295,3717,25,5,424.49,0.0
9296,3717,34,4,269.02,0.0
9297,3718,93,2,96.97,0.15
9298,3718,58,3,421.43,0.15
9299,3718,41,4,466.15,0.1
9300,3719,83,1,229.64,0.15
9301,3719,71,4,298.03,0.05
9302,3719,89,3,156.62,0.0
9303,3719,46,2,429.96,0.0
9304,3720,107,5,70.69,0.0
9305,3720,40,5,246.27,0.1
9306,3720,71,2,298.03,0.05
9307,3720,99,3,654.14,0.1
9308,3721,86,2,508.15,0.0
9309,3721,12,3,665.95,0.1
9310,3722,58,5,421.43,0.15
9311,3722,113,2,113.5,0.0
9312,3723,5,1,206.39,0.0
9313,3724,69,3,199.67,0.1
9314,3724,97,5,140.58,0.1
9315,3724,26,1,283.16,0.15
9316,3724,53,4,90.14,0.0
9317,3725,105,5,161.35,0.0
9318,3725,48,2,688.65,0.0
9319,3725,113,4,113.5,0.1
9320,3725,57,4,359.66,0.15
9321,3726,48,5,688.65,0.0
9322,3726,73,3,693.24,0.1
9323,3726,31,2,492.63,0.0
9324,3726,62,2,455.65,0.0
9325,3727,31,4,492.63,0.05
9326,3727,63,4,460.08,0.15
9327,3728,22,4,155.04,0.05
9328,3728,1,1,250.67,0.1
9329,3728,87,3,87.7,0.15
9330,3729,104,4,497.51,0.0
9331,3730,114,4,321.32,0.15
9332,3730,69,5,199.67,0.05
9333,3730,77,1,20.71,0.1
9334,3731,117,1,97.33,0.05
9335,3731,41,4,466.15,0.15
9336,3732,14,5,167.56,0.15
9337,3732,101,1,530.68,0.15
9338,3732,97,5,140.58,0.05
9339,3732,25,2,424.49,0.05
9340,3733,87,2,87.7,0.0
9341,3734,88,2,217.75,0.05
9342,3734,100,5,192.03,0.0
9343,3735,119,1,181.96,0.05
9344,3735,12,2,665.95,0.0
9345,3735,87,2,87.7,0.15
9346,3735,19,3,236.74,0.1
9347,3736,72,2,417.09,0.0
9348,3736,102,5,268.48,0.0
9349,3737,89,5,156.62,0.0
9350,3738,46,1,429.96,0.0
9351,3738,9,1,566.94,0.05
9352,3738,34,4,269.02,0.05
9353,3738,5,2,206.39,0.0
9354,3739,99,5,654.14,0.05
9355,3740,85,4,294.43,0.0
9356,3740,119,4,181.96,0.15
9357,3740,86,1,508.15,0.15
9358,3741,13,5,546.51,0.0
9359,3741,86,2,508.15,0.05
9360,3742,12,5,665.95,0.0
9361,3742,46,3,429.96,0.0
9362,3742,80,5,334.64,0.0
9363,3743,112,1,530.6,0.0
9364,3744,119,4,181.96,0.05
9365,3744,13,1,546.51,0.15
9366,3744,49,1,224.05,0.0
9367,3744,72,4,417.09,0.15
9368,3745,80,1,334.64,0.05
9369,3746,38,4,342.42,0.15
9370,3746,60,2,765.19,0.0
9371,3747,84,1,233.29,0.0
9372,3747,81,2,472.42,0.0
9373,3748,99,4,654.14,0.0
9374,3749,89,1,156.62,0.0
9375,3750,108,3,564.18,0.0
9376,3750,94,3,357.14,0.05
9377,3750,109,5,345.03,0.0
9378,3751,89,1,156.62,0.0
9379,3751,84,5,233.29,0.0
9380,3752,101,2,530.68,0.15
9381,3753,119,2,181.96,0.05
9382,3753,74,4,259.9,0.05
9383,3754,106,3,293.96,0.1
9384,3754,37,5,678.06,0.05
9385,3754,42,2,506.69,0.0
9386,3754,102,5,268.48,0.0
9387,3755,50,4,641.98,0.0
9388,3755,11,1,431.92,0.05
9389,3755,109,2,345.03,0.0
9390,3755,82,4,382.23,0.1
9391,3756,43,1,487.39,0.0
9392,3756,63,4,460.08,0.1
9393,3756,37,5,678.06,0.05
9394,3756,56,1,701.89,0.0
9395,3757,46,3,429.96,0.0
9396,3758,110,2,551.82,0.1
9397,3758,18,3,774.6,0.05
9398,3758,47,5,533.66,0.15
9399,3758,44,2,155.05,0.05
9400,3759,105,5,161.35,0.0
9401,3759,67,5,439.64,0.05
9402,3760,89,2,156.62,0.0
9403,3760,25,4,424.49,0.1
9404,3761,50,4,641.98,0.0
9405,3761,5,2,206.39,0.15
9406,3761,81,1,472.42,0.1
9407,3762,3,4,400.77,0.1
9408,3762,99,5,654.14,0.1
9409,3762,46,5,429.96,0.05
9410,3762,113,1,113.5,0.1
9411,3763,5,3,206.39,0.05
9412,3764,44,5,155.05,0.05
9413,3764,95,4,197.03,0.05
9414,3764,80,4,334.64,0.1
9415,3765,112,3,530.6,0.15
9416,3766,102,3,268.48,0.0
9417,3767,112,5,530.6,0.05
9418,3767,48,1,688.65,0.0
9419,3768,56,3,701.89,0.15
9420,3769,97,5,140.58,0.05
9421,3770,120,3,437.18,0.0
9422,3770,43,1,487.39,0.05
9423,3770,48,1,688.65,0.0
9424,3771,3,4,400.77,0.0
9425,3771,85,1,294.43,0.0
9426,3771,76,2,544.8,0.0
9427,3772,53,2,90.14,0.15
9428,3773,88,2,217.75,0.0
9429,3773,16,4,337.82,0.05
9430,3774,109,4,345.03,0.0
9431,3774,112,4,530.6,0.0
9432,3775,49,3,224.05,0.0
9433,3776,113,4,113.5,0.0
9434,3776,14,4,167.56,0.1
9435,3776,25,5,424.49,0.0
9436,3776,107,2,70.69,0.0
9437,3777,13,5,546.51,0.15
9438,3777,83,2,229.64,0.05
9439,3777,86,4,508.15,0.15
9440,3777,54,1,589.22,0.0
9441,3778,75,5,102.43,0.0
9442,3778,35,3,368.74,0.05
9443,3779,73,4,693.24,0.15
9444,3779,105,5,161.35,0.0
9445,3780,111,1,220.69,0.1
9446,3780,52,4,119.81,0.15
9447,3781,106,4,293.96,0.1
9448,3782,99,1,654.14,0.1
9449,3782,22,3,155.04,0.0
9450,3782,87,4,87.7,0.1
9451,3783,99,3,654.14,0.0
9452,3784,61,4,610.85,0.0
9453,3784,119,3,181.96,0.0
9454,3784,31,1,492.63,0.05
9455,3784,87,1,87.7,0.15
9456,3785,5,1,206.39,0.15
9457,3785,103,2,415.47,0.0
9458,3785,69,4,199.67,0.05
9459,3786,98,5,387.36,0.0
9460,3786,82,5,382.23,0.0
9461,3786,23,2,473.03,0.0
9462,3786,9,3,566.94,0.05
9463,3787,1,2,250.67,0.15
9464,3787,8,2,230.66,0.1
9465,3787,37,5,678.06,0.05
9466,3788,21,2,128.96,0.05
9467,3789,109,1,345.03,0.0
9468,3789,103,3,415.47,0.15
9469,3789,1,1,250.67,0.05
9470,3789,58,1,421.43,0.0
9471,3790,86,1,508.15,0.15
9472,3790,80,4,334.64,0.1
9473,3790,4,3,538.06,0.1
9474,3791,21,5,128.96,0.0
9475,3791,96,3,261.53,0.15
9476,3791,73,4,693.24,0.0
9477,3792,73,3,693.24,0.1
9478,3792,75,5,102.43,0.1
9479,3792,70,5,477.56,0.0
9480,3793,93,3,96.97,0.0
9481,3793,2,3,225.66,0.0
9482,3793,32,3,527.45,0.0
9483,3793,83,3,229.64,0.0
9484,3794,42,4,506.69,0.05
9485,3794,98,2,387.36,0.15
9486,3794,100,5,192.03,0.1
9487,3794,71,2,298.03,0.0
9488,3795,49,3,224.05,0.15
9489,3796,76,1,544.8,0.1
9490,3796,102,5,268.48,0.05
9491,3796,104,2,497.51,0.0
9492,3797,12,5,665.95,0.1
9493,3797,4,2,538.06,0.05
9494,3797,115,4,191.72,0.1
9495,3797,88,2,217.75,0.15
9496,3798,47,2,533.66,0.0
9497,3799,68,5,187.83,0.0
9498,3799,30,1,474.66,0.15
9499,3799,12,4,665.95,0.1
9500,3799,34,4,269.02,0.0
9501,3800,100,3,192.03,0.05
9502,3800,67,1,439.64,0.0
9503,3800,105,3,161.35,0.0
9504,3801,54,2,589.22,0.0
9505,3801,111,4,220.69,0.0
9506,3801,39,4,435.88,0.0
9507,3802,30,4,474.66,0.0
9508,3803,75,2,102.43,0.0
9509,3803,108,1,564.18,0.0
9510,3804,67,2,439.64,0.1
9511,3805,24,3,576.43,0.05
9512,3805,80,1,334.64,0.05
9513,3805,101,1,530.68,0.0
9514,3806,78,3,496.95,0.05
9515,3806,110,3,551.82,0.15
9516,3807,85,3,294.43,0.15
9517,3807,41,1,466.15,0.0
9518,3807,4,3,538.06,0.0
9519,3807,64,5,433.42,0.05
9520,3808,20,1,344.47,0.05
9521,3809,24,3,576.43,0.1
9522,3810,58,1,421.43,0.1
9523,3810,89,4,156.62,0.0
9524,3811,31,5,492.63,0.0
9525,3811,14,3,167.56,0.0
9526,3812,81,3,472.42,0.0
9527,3812,47,4,533.66,0.0
9528,3812,97,2,140.58,0.0
9529,3813,9,4,566.94,0.0
9530,3813,70,5,477.56,0.05
9531,3813,62,2,455.65,0.0
9532,3813,111,1,220.69,0.0
9533,3814,22,4,155.04,0.1
9534,3814,59,2,189.03,0.0
9535,3815,83,5,229.64,0.0
9536,3815,26,2,283.16,0.0
9537,3815,79,1,353.32,0.0
9538,3815,40,2,246.27,0.0
9539,3816,64,2,433.42,0.1
9540,3817,13,2,546.51,0.0
9541,3817,44,2,155.05,0.15
9542,3817,18,1,774.6,0.15
9543,3818,111,1,220.69,0.0
9544,3818,22,3,155.04,0.0
9545,3818,12,4,665.95,0.15
9546,3819,29,1,332.87,0.1
9547,3819,45,5,124.25,0.0
9548,3819,68,3,187.83,0.05
9549,3819,20,4,344.47,0.0
9550,3820,50,3,641.98,0.0
9551,3820,81,1,472.42,0.0
9552,3821,57,2,359.66,0.0
9553,3821,79,4,353.32,0.0
9554,3821,120,5,437.18,0.0
9555,3821,7,1,342.91,0.1
9556,3822,19,2,236.74,0.05
9557,3823,115,2,191.72,0.1
9558,3823,21,2,128.96,0.0
9559,3823,29,2,332.87,0.0
9560,3824,95,1,197.03,0.0
9561,3824,118,3,357.13,0.15
9562,3824,24,4,576.43,0.0
9563,3824,62,4,455.65,0.0
9564,3825,72,1,417.09,0.0
9565,3825,55,2,143.78,0.0
9566,3825,58,5,421.43,0.0
9567,3825,45,3,124.25,0.0
9568,3826,42,5,506.69,0.0
9569,3826,23,5,473.03,0.0
9570,3827,72,5,417.09,0.0
9571,3827,56,5,701.89,0.15
9572,3827,104,3,497.51,0.0
9573,3827,44,1,155.05,0.0
9574,3828,27,2,50.29,0.05
9575,3828,118,3,357.13,0.05
9576,3829,17,5,335.91,0.0
9577,3829,1,3,250.67,0.0
9578,3829,115,1,191.72,0.1
9579,3829,76,1,544.8,0.0
9580,3830,13,1,546.51,0.05
9581,3830,43,3,487.39,0.05
9582,3830,65,3,775.34,0.05
9583,3830,47,4,533.66,0.0
9584,3831,43,3,487.39,0.05
9585,3832,95,5,197.03,0.05
9586,3832,6,5,148.07,0.15
9587,3833,110,1,551.82,0.05
9588,3833,75,3,102.43,0.1
9589,3833,84,4,233.29,0.0
9590,3833,104,5,497.51,0.0
9591,3834,115,4,191.72,0.0
9592,3834,101,3,530.68,0.0
9593,3834,21,5,128.96,0.05
9594,3834,47,1,533.66,0.0
9595,3835,6,5,148.07,0.05
9596,3835,36,5,461.97,0.0
9597,3835,69,2,199.67,0.05
9598,3835,20,4,344.47,0.0
9599,3836,24,3,576.43,0.05
9600,3836,14,1,167.56,0.1
9601,3836,76,4,544.8,0.0
9602,3837,102,5,268.48,0.0
9603,3837,28,4,278.53,0.0
9604,3837,79,4,353.32,0.15
9605,3837,75,3,102.43,0.0
9606,3838,32,2,527.45,0.0
9607,3838,52,4,119.81,0.05
9608,3838,57,5,359.66,0.0
9609,3839,63,5,460.08,0.0
9610,3840,51,1,592.49,0.1
9611,3840,103,1,415.47,0.1
9612,3840,58,3,421.43,0.0
9613,3841,20,3,344.47,0.0
9614,3841,16,1,337.82,0.1
9615,3841,98,4,387.36,0.0
9616,3841,115,3,191.72,0.0
9617,3842,19,4,236.74,0.0
9618,3842,37,5,678.06,0.0
9619,3842,21,2,128.96,0.0
9620,3843,49,5,224.05,0.1
9621,3844,47,1,533.66,0.0
9622,3844,90,3,250.98,0.05
9623,3844,59,2,189.03,0.1
9624,3844,113,5,113.5,0.0
9625,3845,105,5,161.35,0.0
9626,3845,37,5,678.06,0.05
9627,3846,111,5,220.69,0.0
9628,3846,37,4,678.06,0.05
9629,3846,34,1,269.02,0.05
9630,3847,29,5,332.87,0.0
9631,3847,28,1,278.53,0.1
9632,3848,13,2,546.51,0.0
9633,3848,24,3,576.43,0.0
9634,3848,16,3,337.82,0.0
9635,3848,46,5,429.96,0.1
9636,3849,53,3,90.14,0.05
9637,3850,32,3,527.45,0.1
9638,3850,35,3,368.74,0.0
9639,3851,42,1,506.69,0.0
9640,3852,50,2,641.98,0.05
9641,3852,91,4,111.41,0.1
9642,3852,101,4,530.68,0.0
9643,3852,36,2,461.97,0.1
9644,3853,80,3,334.64,0.05
9645,3853,58,1,421.43,0.0
9646,3853,92,4,473.15,0.0
9647,3853,10,4,358.28,0.0
9648,3854,54,5,589.22,0.0
9649,3854,104,3,497.51,0.1
9650,3855,61,2,610.85,0.0
9651,3855,56,4,701.89,0.1
9652,3856,79,4,353.32,0.05
9653,3856,95,2,197.03,0.05
9654,3856,40,2,246.27,0.15
9655,3856,100,4,192.03,0.0
9656,3857,28,4,278.53,0.1
9657,3857,99,2,654.14,0.1
9658,3857,79,4,353.32,0.0
9659,3857,49,5,224.05,0.15
9660,3858,64,2,433.42,0.15
9661,3858,96,2,261.53,0.0
9662,3858,68,1,187.83,0.15
9663,3858,88,4,217.75,0.0
9664,3859,107,4,70.69,0.1
9665,3859,14,1,167.56,0.0
9666,3860,39,4,435.88,0.0
9667,3861,72,5,417.09,0.0
9668,3862,65,2,775.34,0.05
9669,3863,2,2,225.66,0.15
9670,3863,18,1,774.6,0.0
9671,3863,113,1,113.5,0.05
9672,3863,117,5,97.33,0.05
9673,3864,16,4,337.82,0.15
9674,3864,39,5,435.88,0.0
9675,3864,74,4,259.9,0.05
9676,3865,97,3,140.58,0.15
9677,3866,114,1,321.32,0.0
9678,3867,99,1,654.14,0.0
9679,3867,70,4,477.56,0.1
9680,3868,31,3,492.63,0.05
9681,3868,116,2,151.15,0.15
9682,3868,57,2,359.66,0.1
9683,3869,54,3,589.22,0.1
9684,3869,61,3,610.85,0.15
9685,3869,73,3,693.24,0.05
9686,3869,77,3,20.71,0.0
9687,3870,14,4,167.56,0.0
9688,3870,97,4,140.58,0.05
9689,3871,30,5,474.66,0.0
9690,3871,78,1,496.95,0.15
9691,3872,95,2,197.03,0.15
9692,3872,106,4,293.96,0.1
9693,3873,55,1,143.78,0.0
9694,3874,18,2,774.6,0.0
9695,3874,5,3,206.39,0.0
9696,3874,118,1,357.13,0.15
9697,3874,44,5,155.05,0.0
9698,3875,48,4,688.65,0.0
9699,3876,75,3,102.43,0.1
9700,3876,49,4,224.05,0.1
9701,3877,84,3,233.29,0.0
9702,3877,119,3,181.96,0.0
9703,3877,24,4,576.43,0.0
9704,3877,4,4,538.06,0.0
9705,3878,86,1,508.15,0.0
9706,3878,113,4,113.5,0.0
9707,3878,118,2,357.13,0.0
9708,3878,93,4,96.97,0.0
9709,3879,106,1,293.96,0.0
9710,3879,75,3,102.43,0.05
9711,3879,9,3,566.94,0.0
9712,3879,20,5,344.47,0.0
9713,3880,38,1,342.42,0.0
9714,3880,35,5,368.74,0.0
9715,3880,17,4,335.91,0.05
9716,3881,54,2,589.22,0.1
9717,3881,26,1,283.16,0.1
9718,3881,115,5,191.72,0.05
9719,3881,35,3,368.74,0.0
9720,3882,15,3,434.83,0.15
9721,3882,62,2,455.65,0.15
9722,3883,38,3,342.42,0.15
9723,3883,20,1,344.47,0.0
9724,3883,95,1,197.03,0.0
9725,3884,98,2,387.36,0.15
9726,3884,77,3,20.71,0.0
9727,3884,73,2,693.24,0.0
9728,3884,19,3,236.74,0.1
9729,3885,39,3,435.88,0.0
9730,3886,49,5,224.05,0.1
9731,3886,10,4,358.28,0.0
9732,3886,93,4,96.97,0.0
9733,3887,10,3,358.28,0.05
9734,3887,98,2,387.36,0.05
9735,3887,53,5,90.14,0.05
9736,3887,47,4,533.66,0.0
9737,3888,93,4,96.97,0.0
9738,3888,9,1,566.94,0.1
9739,3888,115,5,191.72,0.0
9740,3889,4,1,538.06,0.0
9741,3889,80,1,334.64,0.0
9742,3889,60,4,765.19,0.0
9743,3889,118,3,357.13,0.05
9744,3890,74,5,259.9,0.1
9745,3890,15,5,434.83,0.05
9746,3890,1,1,250.67,0.05
9747,3891,3,4,400.77,0.0
9748,3892,36,4,461.97,0.05
9749,3892,48,4,688.65,0.15
9750,3893,68,3,187.83,0.0
9751,3894,90,2,250.98,0.15
9752,3894,94,1,357.14,0.15
9753,3894,83,2,229.64,0.1
9754,3895,47,2,533.66,0.0
9755,3895,117,2,97.33,0.15
9756,3895,120,1,437.18,0.0
9757,3896,49,5,224.05,0.05
9758,3896,1,2,250.67,0.1
9759,3896,75,3,102.43,0.0
9760,3897,89,2,156.62,0.0
9761,3898,37,4,678.06,0.0
9762,3898,48,4,688.65,0.15
9763,3898,27,3,50.29,0.15
9764,3898,57,2,359.66,0.0
9765,3899,45,3,124.25,0.0
9766,3900,43,3,487.39,0.15
9767,3900,68,1,187.83,0.0
9768,3900,34,4,269.02,0.15
9769,3901,4,5,538.06,0.05
9770,3901,81,5,472.42,0.15
9771,3902,64,5,433.42,0.0
9772,3902,10,3,358.28,0.15
9773,3903,80,3,334.64,0.0
9774,3903,93,1,96.97,0.0
9775,3903,8,1,230.66,0.05
9776,3903,6,3,148.07,0.0
9777,3904,27,3,50.29,0.1
9778,3905,118,2,357.13,0.05
9779,3905,103,5,415.47,0.05
9780,3906,33,1,596.3,0.15
9781,3907,108,2,564.18,0.15
9782,3908,99,3,654.14,0.05
9783,3908,45,5,124.25,0.0
9784,3908,94,5,357.14,0.0
9785,3909,15,1,434.83,0.05
9786,3909,8,5,230.66,0.1
9787,3910,91,3,111.41,0.1
9788,3910,12,2,665.95,0.0
9789,3910,60,3,765.19,0.0
9790,3911,91,2,111.41,0.15
9791,3912,43,1,487.39,0.0
9792,3912,101,1,530.68,0.15
9793,3912,102,1,268.48,0.0
9794,3912,89,4,156.62,0.1
9795,3913,21,5,128.96,0.05
9796,3913,78,3,496.95,0.0
9797,3913,61,1,610.85,0.0
9798,3913,114,3,321.32,0.0
9799,3914,36,2,461.97,0.15
9800,3914,98,5,387.36,0.0
9801,3914,113,1,113.5,0.05
9802,3915,89,4,156.62,0.15
9803,3916,20,5,344.47,0.05
9804,3916,13,5,546.51,0.0
9805,3917,17,3,335.91,0.0
9806,3917,77,4,20.71,0.0
9807,3918,119,5,181.96,0.0
9808,3919,26,2,283.16,0.1
9809,3919,106,5,293.96,0.1
9810,3919,113,5,113.5,0.0
9811,3920,77,1,20.71,0.15
9812,3920,44,2,155.05,0.0
9813,3921,13,3,546.51,0.0
9814,3921,110,2,551.82,0.1
9815,3921,58,5,421.43,0.0
9816,3922,104,4,497.51,0.0
9817,3922,99,2,654.14,0.1
9818,3922,13,4,546.51,0.0
9819,3922,97,3,140.58,0.0
9820,3923,120,3,437.18,0.05
9821,3923,40,3,246.27,0.0
9822,3923,27,3,50.29,0.0
9823,3924,83,4,229.64,0.0
9824,3924,117,1,97.33,0.05
9825,3925,18,2,774.6,0.0
9826,3925,88,4,217.75,0.0
9827,3925,95,1,197.03,0.0
9828,3925,41,2,466.15,0.0
9829,3926,29,5,332.87,0.0
9830,3926,5,4,206.39,0.0
9831,3926,61,5,610.85,0.1
9832,3927,102,1,268.48,0.05
9833,3928,116,2,151.15,0.0
9834,3928,2,5,225.66,0.0
9835,3928,85,5,294.43,0.05
9836,3929,103,3,415.47,0.0
9837,3929,6,4,148.07,0.05
9838,3930,33,5,596.3,0.0
9839,3930,31,3,492.63,0.0
9840,3931,60,4,765.19,0.0
9841,3931,74,2,259.9,0.0
9842,3931,104,1,497.51,0.0
9843,3932,46,5,429.96,0.0
9844,3932,97,1,140.58,0.05
9845,3932,102,2,268.48,0.0
9846,3933,97,5,140.58,0.05
9847,3933,95,5,197.03,0.1
9848,3933,73,5,693.24,0.05
9849,3933,67,2,439.64,0.0
9850,3934,20,1,344.47,0.0
9851,3934,59,3,189.03,0.0
9852,3934,86,1,508.15,0.15
9853,3935,77,5,20.71,0.15
9854,3936,28,3,278.53,0.1
9855,3936,1,1,250.67,0.0
9856,3936,105,3,161.35,0.0
9857,3937,2,1,225.66,0.1
9858,3937,104,3,497.51,0.0
9859,3937,20,1,344.47,0.0
9860,3938,64,3,433.42,0.0
9861,3938,5,2,206.39,0.05
9862,3938,31,5,492.63,0.0
9863,3938,105,1,161.35,0.0
9864,3939,70,5,477.56,0.15
9865,3940,37,1,678.06,0.0
9866,3940,119,5,181.96,0.0
9867,3941,14,3,167.56,0.1
9868,3942,94,5,357.14,0.0
9869,3942,16,5,337.82,0.0
9870,3942,70,3,477.56,0.1
9871,3943,90,5,250.98,0.1
9872,3944,39,3,435.88,0.0
9873,3944,92,1,473.15,0.15
9874,3944,93,3,96.97,0.0
9875,3944,94,2,357.14,0.15
9876,3945,30,2,474.66,0.1
9877,3945,83,2,229.64,0.1
9878,3945,102,3,268.48,0.0
9879,3946,32,1,527.45,0.15
9880,3946,67,2,439.64,0.05
9881,3947,4,1,538.06,0.0
9882,3947,22,2,155.04,0.05
9883,3947,40,3,246.27,0.1
9884,3947,107,4,70.69,0.0
9885,3948,119,3,181.96,0.15
9886,3948,13,3,546.51,0.15
9887,3948,36,3,461.97,0.0
9888,3948,108,3,564.18,0.05
9889,3949,112,3,530.6,0.0
9890,3949,96,1,261.53,0.1
9891,3949,106,2,293.96,0.0
9892,3950,114,5,321.32,0.0
9893,3950,21,3,128.96,0.1
9894,3950,87,4,87.7,0.05
9895,3950,66,2,325.89,0.0
9896,3951,6,2,148.07,0.1
9897,3951,78,1,496.95,0.0
9898,3952,6,4,148.07,0.0
9899,3952,111,2,220.69,0.05
9900,3952,115,5,191.72,0.0
9901,3952,108,1,564.18,0.15
9902,3953,14,2,167.56,0.1
9903,3953,92,1,473.15,0.0
9904,3953,80,5,334.64,0.15
9905,3953,32,5,527.45,0.1
9906,3954,84,1,233.29,0.0
9907,3954,99,3,654.14,0.1
9908,3954,70,5,477.56,0.0
9909,3954,49,4,224.05,0.05
9910,3955,26,1,283.16,0.15
9911,3955,27,1,50.29,0.0
9912,3955,39,3,435.88,0.1
9913,3956,106,5,293.96,0.0
9914,3956,59,1,189.03,0.0
9915,3956,60,3,765.19,0.0
9916,3956,42,2,506.69,0.15
9917,3957,11,5,431.92,0.0
9918,3957,115,5,191.72,0.0
9919,3958,18,5,774.6,0.15
9920,3958,114,1,321.32,0.0
9921,3958,56,2,701.89,0.0
9922,3959,4,4,538.06,0.05
9923,3959,41,1,466.15,0.15
9924,3959,67,3,439.64,0.0
9925,3959,38,4,342.42,0.0
9926,3960,26,3,283.16,0.1
9927,3960,28,4,278.53,0.0
9928,3960,35,5,368.74,0.0
9929,3960,115,1,191.72,0.1
9930,3961,117,3,97.33,0.1
9931,3961,88,5,217.75,0.0
9932,3962,8,5,230.66,0.0
9933,3962,90,5,250.98,0.05
9934,3962,11,4,431.92,0.05
9935,3963,72,5,417.09,0.05
9936,3963,76,2,544.8,0.0
9937,3963,46,2,429.96,0.05
9938,3963,41,1,466.15,0.05
9939,3964,33,4,596.3,0.1
9940,3964,111,5,220.69,0.1
9941,3965,49,2,224.05,0.0
9942,3965,54,2,589.22,0.0
9943,3965,117,2,97.33,0.0
9944,3966,25,1,424.49,0.0
9945,3966,23,5,473.03,0.1
9946,3966,62,4,455.65,0.0
9947,3966,79,5,353.32,0.0
9948,3967,42,1,506.69,0.0
9949,3967,77,1,20.71,0.0
9950,3967,75,4,102.43,0.0
9951,3967,34,4,269.02,0.05
9952,3968,55,4,143.78,0.0
9953,3969,88,2,217.75,0.0
9954,3969,16,3,337.82,0.0
9955,3969,38,3,342.42,0.0
9956,3969,46,1,429.96,0.1
9957,3970,113,5,113.5,0.0
9958,3971,70,4,477.56,0.15
9959,3971,100,1,192.03,0.15
9960,3972,52,5,119.81,0.0
9961,3972,9,1,566.94,0.0
9962,3972,6,1,148.07,0.1
9963,3972,2,5,225.66,0.0
9964,3973,1,3,250.67,0.0
9965,3973,26,5,283.16,0.15
9966,3974,50,5,641.98,0.0
9967,3975,109,4,345.03,0.15
9968,3975,59,5,189.03,0.15
9969,3976,82,3,382.23,0.0
9970,3976,42,2,506.69,0.05
9971,3977,107,4,70.69,0.0
9972,3977,68,4,187.83,0.1
9973,3977,34,3,269.02,0.0
9974,3978,120,5,437.18,0.05
9975,3979,120,3,437.18,0.0
9976,3979,68,3,187.83,0.15
9977,3979,85,3,294.43,0.0
9978,3980,101,5,530.68,0.0
9979,3981,80,1,334.64,0.1
9980,3981,12,4,665.95,0.0
9981,3981,39,3,435.88,0.05
9982,3981,99,1,654.14,0.0
9983,3982,112,1,530.6,0.15
9984,3983,66,5,325.89,0.1
9985,3983,40,5,246.27,0.0
9986,3983,23,2,473.03,0.0
9987,3984,62,2,455.65,0.1
9988,3984,95,2,197.03,0.0
9989,3984,14,4,167.56,0.0
9990,3985,26,5,283.16,0.05
9991,3985,48,3,688.65,0.05
9992,3985,32,3,527.45,0.0
9993,3986,81,3,472.42,0.15
9994,3986,14,4,167.56,0.1
9995,3986,4,1,538.06,0.15
9996,3986,11,3,431.92,0.0
9997,3987,86,2,508.15,0.15
9998,3987,84,4,233.29,0.0
9999,3988,76,5,544.8,0.0
10000,3988,87,3,87.7,0.0
10001,3988,32,2,527.45,0.0
10002,3988,43,1,487.39,0.05
10003,3989,16,3,337.82,0.0
10004,3989,64,5,433.42,0.0
10005,3990,112,2,530.6,0.0
10006,3990,9,1,566.94,0.1
10007,3990,25,3,424.49,0.05
10008,3991,72,4,417.09,0.1
10009,3991,37,4,678.06,0.0
10010,3992,68,5,187.83,0.15
10011,3992,62,4,455.65,0.0
10012,3992,77,2,20.71,0.15
10013,3993,11,2,431.92,0.15
10014,3993,22,3,155.04,0.0
10015,3993,5,2,206.39,0.0
10016,3994,120,1,437.18,0.1
10017,3994,34,3,269.02,0.15
10018,3994,4,1,538.06,0.15
10019,3994,72,3,417.09,0.0
10020,3995,98,4,387.36,0.15
10021,3995,27,4,50.29,0.15
10022,3995,33,3,596.3,0.15
10023,3995,106,1,293.96,0.15
10024,3996,39,3,435.88,0.0
10025,3996,16,5,337.82,0.0
10026,3996,50,1,641.98,0.0
10027,3996,24,4,576.43,0.0
10028,3997,78,3,496.95,0.0
10029,3997,74,1,259.9,0.0
10030,3998,8,4,230.66,0.05
10031,3999,113,4,113.5,0.05
10032,3999,70,2,477.56,0.0
10033,3999,28,3,278.53,0.15
10034,3999,78,4,496.95,0.0
10035,4000,106,1,293.96,0.15
10036,4000,1,1,250.67,0.1
10037,4000,43,4,487.39,0.1
10038,4001,90,1,250.98,0.0
10039,4001,11,2,431.92,0.0
10040,4001,107,5,70.69,0.1
10041,4002,84,1,233.29,0.0
10042,4003,13,2,546.51,0.1
10043,4003,102,3,268.48,0.0
10044,4003,30,4,474.66,0.0
10045,4004,4,1,538.06,0.0
10046,4005,54,2,589.22,0.05
10047,4006,29,4,332.87,0.05
10048,4006,21,3,128.96,0.0
10049,4006,86,4,508.15,0.0
10050,4006,101,1,530.68,0.0
10051,4007,75,2,102.43,0.05
10052,4007,33,2,596.3,0.0
10053,4008,107,3,70.69,0.15
10054,4008,72,5,417.09,0.0
10055,4008,3,5,400.77,0.0
10056,4009,81,4,472.42,0.05
10057,4009,49,4,224.05,0.0
10058,4010,78,5,496.95,0.0
10059,4010,45,2,124.25,0.1
10060,4010,95,2,197.03,0.1
10061,4010,28,4,278.53,0.15
10062,4011,1,5,250.67,0.0
10063,4012,118,5,357.13,0.0
10064,4013,46,1,429.96,0.05
10065,4013,58,1,421.43,0.15
10066,4014,58,1,421.43,0.0
10067,4015,60,5,765.19,0.05
10068,4015,30,4,474.66,0.05
10069,4015,2,5,225.66,0.05
10070,4015,84,3,233.29,0.0
10071,4016,84,4,233.29,0.15
10072,4016,43,2,487.39,0.05
10073,4016,86,2,508.15,0.1
10074,4016,39,4,435.88,0.1
10075,4017,31,1,492.63,0.0
10076,4017,114,3,321.32,0.0
10077,4018,35,4,368.74,0.0
10078,4018,69,5,199.67,0.0
10079,4018,79,5,353.32,0.05
10080,4019,31,4,492.63,0.0
10081,4019,85,1,294.43,0.0
10082,4019,119,2,181.96,0.05
10083,4020,104,2,497.51,0.0
10084,4020,107,5,70.69,0.0
10085,4020,3,1,400.77,0.15
10086,4021,71,4,298.03,0.1
10087,4021,1,4,250.67,0.0
10088,4021,42,2,506.69,0.05
10089,4022,115,3,191.72,0.0
10090,4022,14,3,167.56,0.0
10091,4022,44,5,155.05,0.1
10092,4023,102,1,268.48,0.0
10093,4023,10,4,358.28,0.05
10094,4023,11,3,431.92,0.0
10095,4024,63,3,460.08,0.05
10096,4024,13,2,546.51,0.15
10097,4025,47,1,533.66,0.0
10098,4025,29,3,332.87,0.0
10099,4026,76,5,544.8,0.15
10100,4026,54,5,589.22,0.0
10101,4026,79,3,353.32,0.15
10102,4026,31,5,492.63,0.0
10103,4027,15,1,434.83,0.0
10104,4028,80,4,334.64,0.1
10105,4028,55,3,143.78,0.05
10106,4028,52,2,119.81,0.15
10107,4028,31,3,492.63,0.0
10108,4029,105,2,161.35,0.0
10109,4029,37,1,678.06,0.0
10110,4029,24,3,576.43,0.0
10111,4029,42,3,506.69,0.0
10112,4030,48,2,688.65,0.15
10113,4030,90,4,250.98,0.0
10114,4030,22,3,155.04,0.0
10115,4030,17,1,335.91,0.0
10116,4031,103,5,415.47,0.0
10117,4031,89,5,156.62,0.1
10118,4031,76,1,544.8,0.0
10119,4031,90,1,250.98,0.0
10120,4032,98,1,387.36,0.15
10121,4032,116,5,151.15,0.0
10122,4032,67,5,439.64,0.15
10123,4032,16,3,337.82,0.0
10124,4033,74,3,259.9,0.0
10125,4033,103,3,415.47,0.0
10126,4034,1,1,250.67,0.0
10127,4035,3,3,400.77,0.0
10128,4035,36,1,461.97,0.1
10129,4035,50,4,641.98,0.15
10130,4036,107,3,70.69,0.15
10131,4036,61,4,610.85,0.1
10132,4036,5,1,206.39,0.05
10133,4037,76,3,544.8,0.0
10134,4037,101,2,530.68,0.0
10135,4037,81,3,472.42,0.05
10136,4037,108,4,564.18,0.1
10137,4038,113,5,113.5,0.05
10138,4038,103,4,415.47,0.0
10139,4038,87,2,87.7,0.0
10140,4038,30,1,474.66,0.0
10141,4039,40,2,246.27,0.0
10142,4040,74,5,259.9,0.0
10143,4040,103,1,415.47,0.0
10144,4040,51,2,592.49,0.0
10145,4041,38,2,342.42,0.05
10146,4041,103,2,415.47,0.0
10147,4041,66,3,325.89,0.15
10148,4042,18,4,774.6,0.15
10149,4042,106,3,293.96,0.1
10150,4042,47,5,533.66,0.1
10151,4042,65,3,775.34,0.05
10152,4043,110,4,551.82,0.05
10153,4043,89,4,156.62,0.05
10154,4043,61,2,610.85,0.0
10155,4043,32,5,527.45,0.0
10156,4044,21,1,128.96,0.15
10157,4044,102,4,268.48,0.1
10158,4044,104,3,497.51,0.15
10159,4044,99,4,654.14,0.05
10160,4045,17,1,335.91,0.0
10161,4045,103,3,415.47,0.15
10162,4046,47,5,533.66,0.0
10163,4046,103,2,415.47,0.05
10164,4046,24,1,576.43,0.05
10165,4046,119,5,181.96,0.0
10166,4047,89,3,156.62,0.0
10167,4047,19,3,236.74,0.15
10168,4047,11,3,431.92,0.0
10169,4047,3,2,400.77,0.15
10170,4048,87,1,87.7,0.15
10171,4048,77,5,20.71,0.1
10172,4048,2,4,225.66,0.1
10173,4049,62,2,455.65,0.15
10174,4049,59,5,189.03,0.0
10175,4049,89,1,156.62,0.0
10176,4049,17,4,335.91,0.0
10177,4050,67,1,439.64,0.05
10178,4050,64,1,433.42,0.0
10179,4051,111,4,220.69,0.15
10180,4051,86,5,508.15,0.1
10181,4052,118,5,357.13,0.0
10182,4053,98,2,387.36,0.0
10183,4053,77,1,20.71,0.15
10184,4054,47,3,533.66,0.15
10185,4055,4,2,538.06,0.0
10186,4056,57,5,359.66,0.1
10187,4056,95,5,197.03,0.15
10188,4056,23,5,473.03,0.15
10189,4056,4,3,538.06,0.1
10190,4057,59,3,189.03,0.0
10191,4057,43,3,487.39,0.0
10192,4057,33,4,596.3,0.15
10193,4057,99,1,654.14,0.0
10194,4058,1,3,250.67,0.05
10195,4058,94,2,357.14,0.15
10196,4059,112,3,530.6,0.0
10197,4060,55,4,143.78,0.1
10198,4061,26,1,283.16,0.0
10199,4061,75,2,102.43,0.15
10200,4061,20,4,344.47,0.0
10201,4062,30,4,474.66,0.05
10202,4062,41,3,466.15,0.05
10203,4062,119,3,181.96,0.0
10204,4062,107,3,70.69,0.15
10205,4063,76,2,544.8,0.0
10206,4064,93,1,96.97,0.15
10207,4065,28,5,278.53,0.05
10208,4066,49,1,224.05,0.1
10209,4067,68,5,187.83,0.15
10210,4067,25,2,424.49,0.0
10211,4068,46,3,429.96,0.0
10212,4068,79,2,353.32,0.05
10213,4068,16,5,337.82,0.0
10214,4069,12,2,665.95,0.0
10215,4069,29,4,332.87,0.0
10216,4069,49,5,224.05,0.1
10217,4069,95,2,197.03,0.0
10218,4070,40,1,246.27,0.1
10219,4070,74,2,259.9,0.15
10220,4070,9,1,566.94,0.0
10221,4070,25,1,424.49,0.05
10222,4071,106,1,293.96,0.05
10223,4071,69,5,199.67,0.0
10224,4071,46,2,429.96,0.0
10225,4072,25,5,424.49,0.1
10226,4073,104,1,497.51,0.1
10227,4073,42,4,506.69,0.0
10228,4073,105,1,161.35,0.15
10229,4073,48,4,688.65,0.15
10230,4074,57,4,359.66,0.05
10231,4074,65,4,775.34,0.1
10232,4074,38,4,342.42,0.05
10233,4074,29,3,332.87,0.05
10234,4075,31,4,492.63,0.0
10235,4075,22,3,155.04,0.0
10236,4076,66,2,325.89,0.15
10237,4076,101,1,530.68,0.0
10238,4076,67,4,439.64,0.1
10239,4076,103,4,415.47,0.0
10240,4077,105,5,161.35,0.0
10241,4077,39,1,435.88,0.05
10242,4077,78,2,496.95,0.0
10243,4077,2,3,225.66,0.05
10244,4078,81,4,472.42,0.0
10245,4078,100,1,192.03,0.0
10246,4078,29,3,332.87,0.0
10247,4078,79,3,353.32,0.0
10248,4079,28,1,278.53,0.05
10249,4079,47,3,533.66,0.1
10250,4080,113,4,113.5,0.0
10251,4081,117,4,97.33,0.15
10252,4081,35,2,368.74,0.15
10253,4081,23,1,473.03,0.0
10254,4082,99,1,654.14,0.05
10255,4082,19,3,236.74,0.0
10256,4083,37,4,678.06,0.0
10257,4083,117,2,97.33,0.0
10258,4083,83,4,229.64,0.15
10259,4084,32,4,527.45,0.0
10260,4084,116,1,151.15,0.15
10261,4084,76,2,544.8,0.15
10262,4085,33,5,596.3,0.0
10263,4085,17,3,335.91,0.0
10264,4085,105,3,161.35,0.15
10265,4086,116,2,151.15,0.0
10266,4086,52,5,119.81,0.05
10267,4086,55,2,143.78,0.0
10268,4087,1,5,250.67,0.0
10269,4087,84,2,233.29,0.0
10270,4088,57,4,359.66,0.15
10271,4089,86,4,508.15,0.0
10272,4089,6,5,148.07,0.15
10273,4089,115,2,191.72,0.0
10274,4089,10,5,358.28,0.15
10275,4090,91,4,111.41,0.05
10276,4090,114,4,321.32,0.0
10277,4090,46,2,429.96,0.05
10278,4091,68,1,187.83,0.1
10279,4091,57,1,359.66,0.0
10280,4091,40,3,246.27,0.0
10281,4091,38,4,342.42,0.15
10282,4092,120,2,437.18,0.05
10283,4093,32,5,527.45,0.1
10284,4094,110,2,551.82,0.0
10285,4094,86,5,508.15,0.0
10286,4094,87,2,87.7,0.1
10287,4094,116,3,151.15,0.0
10288,4095,90,5,250.98,0.0
10289,4095,10,5,358.28,0.0
10290,4095,104,2,497.51,0.05
10291,4095,1,1,250.67,0.0
10292,4096,99,4,654.14,0.0
10293,4097,13,3,546.51,0.0
10294,4097,81,5,472.42,0.0
10295,4098,111,3,220.69,0.1
10296,4098,98,5,387.36,0.1
10297,4098,109,3,345.03,0.15
10298,4099,36,5,461.97,0.0
10299,4099,57,3,359.66,0.0
10300,4099,95,4,197.03,0.15
10301,4099,31,2,492.63,0.15
10302,4100,55,5,143.78,0.05
10303,4100,115,4,191.72,0.0
10304,4100,31,1,492.63,0.0
10305,4100,65,3,775.34,0.0
10306,4101,36,2,461.97,0.0
10307,4101,31,4,492.63,0.1
10308,4101,94,2,357.14,0.15
10309,4101,39,3,435.88,0.15
10310,4102,44,2,155.05,0.0
10311,4103,82,2,382.23,0.15
10312,4103,2,5,225.66,0.0
10313,4104,39,1,435.88,0.0
10314,4104,65,3,775.34,0.0
10315,4104,29,5,332.87,0.05
10316,4104,119,1,181.96,0.15
10317,4105,78,3,496.95,0.1
10318,4105,58,5,421.43,0.05
10319,4105,79,4,353.32,0.0
10320,4106,98,5,387.36,0.05
10321,4106,106,1,293.96,0.0
10322,4107,61,5,610.85,0.0
10323,4107,60,1,765.19,0.15
10324,4107,38,2,342.42,0.1
10325,4107,47,2,533.66,0.15
10326,4108,69,4,199.67,0.0
10327,4109,113,2,113.5,0.05
10328,4109,120,1,437.18,0.05
10329,4109,117,4,97.33,0.1
10330,4109,52,5,119.81,0.0
10331,4110,59,5,189.03,0.0
10332,4110,64,2,433.42,0.15
10333,4110,75,3,102.43,0.0
10334,4111,56,2,701.89,0.0
10335,4112,84,3,233.29,0.05
10336,4112,73,2,693.24,0.0
10337,4113,120,5,437.18,0.0
10338,4113,33,5,596.3,0.1
10339,4113,95,1,197.03,0.15
10340,4113,55,4,143.78,0.0
10341,4114,38,5,342.42,0.0
10342,4114,105,3,161.35,0.05
10343,4114,114,2,321.32,0.05
10344,4115,55,1,143.78,0.05
10345,4115,18,5,774.6,0.0
10346,4116,71,5,298.03,0.0
10347,4116,110,4,551.82,0.0
10348,4117,22,1,155.04,0.05
10349,4117,23,1,473.03,0.1
10350,4117,108,3,564.18,0.0
10351,4117,53,3,90.14,0.15
10352,4118,106,4,293.96,0.05
10353,4118,119,5,181.96,0.05
10354,4118,117,2,97.33,0.15
10355,4118,74,3,259.9,0.15
10356,4119,115,1,191.72,0.1
10357,4120,2,1,225.66,0.0
10358,4120,3,2,400.77,0.0
10359,4120,5,5,206.39,0.1
10360,4121,38,1,342.42,0.0
10361,4121,14,2,167.56,0.0
10362,4121,60,4,765.19,0.05
10363,4121,110,3,551.82,0.15
10364,4122,80,1,334.64,0.05
10365,4122,38,3,342.42,0.1
10366,4122,18,2,774.6,0.0
10367,4122,28,5,278.53,0.0
10368,4123,56,5,701.89,0.0
10369,4123,12,1,665.95,0.0
10370,4124,41,1,466.15,0.05
10371,4124,85,2,294.43,0.1
10372,4125,84,3,233.29,0.0
10373,4125,99,5,654.14,0.0
10374,4125,32,2,527.45,0.05
10375,4125,83,1,229.64,0.0
10376,4126,100,2,192.03,0.15
10377,4127,58,1,421.43,0.15
10378,4127,19,2,236.74,0.0
10379,4127,55,3,143.78,0.0
10380,4127,17,2,335.91,0.05
10381,4128,97,5,140.58,0.1
10382,4128,68,4,187.83,0.0
10383,4128,117,3,97.33,0.05
10384,4129,76,4,544.8,0.0
10385,4129,73,1,693.24,0.1
10386,4129,82,2,382.23,0.1
10387,4130,1,3,250.67,0.15
10388,4131,7,5,342.91,0.1
10389,4132,48,1,688.65,0.15
10390,4132,85,4,294.43,0.1
10391,4132,76,2,544.8,0.0
10392,4133,18,2,774.6,0.15
10393,4133,92,5,473.15,0.15
10394,4133,115,2,191.72,0.0
10395,4134,24,2,576.43,0.1
10396,4134,21,5,128.96,0.0
10397,4134,103,1,415.47,0.15
10398,4135,43,5,487.39,0.1
10399,4135,105,5,161.35,0.0
10400,4135,81,5,472.42,0.0
10401,4135,99,4,654.14,0.0
10402,4136,19,4,236.74,0.0
10403,4136,88,2,217.75,0.1
10404,4136,33,1,596.3,0.0
10405,4136,96,1,261.53,0.0
10406,4137,37,5,678.06,0.05
10407,4137,97,1,140.58,0.15
10408,4137,30,1,474.66,0.1
10409,4138,77,1,20.71,0.0
10410,4138,33,4,596.3,0.15
10411,4138,93,4,96.97,0.0
10412,4138,23,2,473.03,0.05
10413,4139,52,5,119.81,0.1
10414,4139,117,5,97.33,0.0
10415,4139,4,2,538.06,0.15
10416,4140,74,4,259.9,0.1
10417,4140,70,3,477.56,0.0
10418,4140,15,2,434.83,0.05
10419,4141,96,1,261.53,0.15
10420,4142,81,5,472.42,0.15
10421,4143,75,5,102.43,0.05
10422,4143,28,1,278.53,0.0
10423,4143,54,3,589.22,0.1
10424,4143,113,2,113.5,0.05
10425,4144,30,3,474.66,0.15
10426,4144,55,4,143.78,0.05
10427,4144,49,5,224.05,0.0
10428,4144,74,2,259.9,0.0
10429,4145,79,4,353.32,0.05
10430,4146,23,5,473.03,0.0
10431,4146,51,1,592.49,0.1
10432,4147,81,2,472.42,0.0
10433,4147,41,1,466.15,0.0
10434,4147,95,1,197.03,0.15
10435,4147,34,1,269.02,0.0
10436,4148,30,4,474.66,0.0
10437,4148,54,1,589.22,0.05
10438,4148,39,2,435.88,0.0
10439,4149,104,3,497.51,0.0
10440,4149,105,1,161.35,0.1
10441,4149,16,3,337.82,0.0
10442,4149,93,2,96.97,0.05
10443,4150,55,1,143.78,0.1
10444,4150,10,5,358.28,0.0
10445,4150,54,2,589.22,0.1
10446,4150,9,3,566.94,0.1
10447,4151,65,3,775.34,0.15
10448,4152,78,2,496.95,0.0
10449,4152,10,2,358.28,0.0
10450,4152,81,5,472.42,0.15
10451,4152,64,1,433.42,0.0
10452,4153,76,3,544.8,0.15
10453,4153,11,1,431.92,0.0
10454,4154,63,4,460.08,0.1
10455,4154,36,2,461.97,0.0
10456,4155,72,3,417.09,0.0
10457,4155,114,3,321.32,0.15
10458,4155,96,3,261.53,0.05
10459,4156,7,3,342.91,0.0
10460,4157,58,2,421.43,0.0
10461,4157,69,3,199.67,0.15
10462,4157,6,1,148.07,0.0
10463,4158,96,4,261.53,0.1
10464,4159,31,1,492.63,0.0
10465,4159,98,3,387.36,0.1
10466,4159,30,1,474.66,0.1
10467,4159,21,1,128.96,0.0
10468,4160,26,2,283.16,0.05
10469,4160,68,1,187.83,0.0
10470,4160,5,5,206.39,0.0
10471,4161,95,2,197.03,0.0
10472,4162,96,5,261.53,0.0
10473,4163,38,2,342.42,0.1
10474,4163,1,5,250.67,0.1
10475,4163,100,5,192.03,0.0
10476,4163,90,3,250.98,0.05
10477,4164,51,1,592.49,0.1
10478,4165,1,4,250.67,0.0
10479,4165,12,4,665.95,0.05
10480,4165,102,4,268.48,0.15
10481,4166,37,4,678.06,0.0
10482,4166,85,3,294.43,0.0
10483,4166,112,3,530.6,0.1
10484,4166,38,3,342.42,0.0
10485,4167,42,3,506.69,0.1
10486,4167,17,5,335.91,0.05
10487,4167,34,1,269.02,0.0
10488,4167,58,2,421.43,0.1
10489,4168,13,2,546.51,0.0
10490,4168,114,2,321.32,0.0
10491,4168,101,3,530.68,0.0
10492,4168,93,1,96.97,0.0
10493,4169,9,1,566.94,0.15
10494,4169,47,2,533.66,0.0
10495,4169,82,3,382.23,0.0
10496,4169,39,4,435.88,0.1
10497,4170,41,1,466.15,0.05
10498,4171,100,2,192.03,0.15
10499,4171,78,4,496.95,0.15
10500,4172,72,3,417.09,0.1
10501,4173,20,3,344.47,0.1
10502,4173,4,3,538.06,0.15
10503,4173,115,1,191.72,0.0
10504,4173,55,4,143.78,0.0
10505,4174,74,2,259.9,0.0
10506,4175,96,2,261.53,0.0
10507,4175,58,3,421.43,0.0
10508,4176,7,4,342.91,0.1
10509,4177,38,2,342.42,0.05
10510,4177,33,1,596.3,0.05
10511,4177,76,1,544.8,0.1
10512,4178,72,3,417.09,0.0
10513,4179,66,4,325.89,0.05
10514,4179,61,1,610.85,0.0
10515,4179,78,2,496.95,0.05
10516,4180,89,3,156.62,0.1
10517,4180,18,1,774.6,0.05
10518,4181,46,3,429.96,0.0
10519,4182,85,3,294.43,0.0
10520,4182,6,2,148.07,0.1
10521,4183,90,2,250.98,0.0
10522,4183,18,5,774.6,0.05
10523,4184,42,2,506.69,0.15
10524,4184,120,4,437.18,0.0
10525,4185,28,2,278.53,0.1
10526,4185,7,3,342.91,0.0
10527,4185,99,5,654.14,0.0
10528,4186,9,5,566.94,0.1
10529,4186,58,5,421.43,0.1
10530,4186,62,2,455.65,0.05
10531,4186,94,4,357.14,0.0
10532,4187,113,5,113.5,0.0
10533,4187,80,4,334.64,0.05
10534,4187,60,1,765.19,0.0
10535,4187,89,1,156.62,0.0
10536,4188,30,1,474.66,0.0
10537,4188,95,1,197.03,0.0
10538,4188,26,2,283.16,0.0
10539,4189,103,4,415.47,0.05
10540,4189,25,5,424.49,0.1
10541,4189,51,4,592.49,0.0
10542,4189,18,3,774.6,0.0
10543,4190,17,4,335.91,0.0
10544,4190,95,5,197.03,0.0
10545,4191,96,1,261.53,0.0
10546,4191,20,4,344.47,0.0
10547,4191,117,4,97.33,0.0
10548,4191,93,5,96.97,0.0
10549,4192,31,4,492.63,0.1
10550,4192,81,1,472.42,0.1
10551,4192,118,4,357.13,0.0
10552,4192,65,1,775.34,0.0
10553,4193,36,4,461.97,0.15
10554,4194,81,3,472.42,0.0
10555,4194,4,4,538.06,0.15
10556,4194,8,1,230.66,0.05
10557,4195,109,3,345.03,0.05
10558,4195,20,1,344.47,0.0
10559,4196,72,4,417.09,0.0
10560,4196,29,4,332.87,0.05
10561,4197,95,2,197.03,0.0
10562,4197,77,4,20.71,0.1
10563,4197,52,2,119.81,0.1
10564,4197,12,1,665.95,0.0
10565,4198,54,1,589.22,0.15
10566,4198,43,4,487.39,0.0
10567,4198,107,5,70.69,0.0
10568,4199,72,4,417.09,0.0
10569,4200,89,1,156.62,0.0
10570,4200,13,3,546.51,0.15
10571,4201,78,2,496.95,0.0
10572,4202,48,5,688.65,0.05
10573,4202,105,4,161.35,0.1
10574,4203,73,5,693.24,0.15
10575,4203,83,2,229.64,0.05
10576,4203,45,1,124.25,0.0
10577,4203,93,3,96.97,0.15
10578,4204,8,4,230.66,0.0
10579,4205,115,3,191.72,0.15
10580,4205,3,1,400.77,0.15
10581,4205,2,4,225.66,0.15
10582,4205,89,2,156.62,0.05
10583,4206,60,5,765.19,0.15
10584,4207,31,3,492.63,0.0
10585,4207,28,5,278.53,0.0
10586,4208,61,1,610.85,0.15
10587,4209,64,1,433.42,0.1
10588,4209,98,5,387.36,0.0
10589,4209,88,5,217.75,0.05
10590,4210,90,4,250.98,0.15
10591,4210,107,2,70.69,0.15
10592,4211,69,5,199.67,0.0
10593,4211,58,1,421.43,0.0
10594,4211,84,2,233.29,0.1
10595,4212,72,3,417.09,0.0
10596,4212,10,1,358.28,0.0
10597,4212,47,1,533.66,0.15
10598,4213,62,3,455.65,0.05
10599,4213,17,3,335.91,0.15
10600,4214,67,1,439.64,0.05
10601,4214,20,3,344.47,0.0
10602,4214,2,2,225.66,0.0
10603,4215,102,3,268.48,0.1
10604,4215,11,2,431.92,0.15
10605,4216,42,4,506.69,0.0
10606,4217,60,2,765.19,0.0
10607,4217,95,3,197.03,0.1
10608,4218,57,2,359.66,0.15
10609,4219,10,2,358.28,0.0
10610,4219,54,4,589.22,0.0
10611,4220,36,3,461.97,0.0
10612,4220,62,1,455.65,0.0
10613,4220,67,2,439.64,0.0
10614,4220,94,3,357.14,0.0
10615,4221,83,1,229.64,0.0
10616,4221,113,5,113.5,0.0
10617,4221,89,2,156.62,0.0
10618,4222,16,5,337.82,0.0
10619,4223,109,2,345.03,0.1
10620,4223,23,2,473.03,0.15
10621,4223,34,3,269.02,0.15
10622,4223,20,2,344.47,0.15
10623,4224,28,3,278.53,0.05
10624,4225,35,3,368.74,0.1
10625,4225,21,4,128.96,0.0
10626,4225,89,3,156.62,0.0
10627,4225,29,4,332.87,0.0
10628,4226,12,5,665.95,0.0
10629,4226,7,3,342.91,0.0
10630,4227,4,1,538.06,0.0
10631,4227,97,2,140.58,0.15
10632,4228,99,2,654.14,0.1
10633,4228,68,3,187.83,0.0
10634,4228,23,2,473.03,0.15
10635,4229,17,4,335.91,0.0
10636,4229,52,4,119.81,0.05
10637,4230,65,1,775.34,0.0
10638,4231,118,1,357.13,0.0
10639,4231,78,4,496.95,0.0
10640,4231,114,3,321.32,0.15
10641,4232,109,3,345.03,0.0
10642,4232,30,3,474.66,0.0
10643,4232,67,2,439.64,0.15
10644,4233,62,2,455.65,0.0
10645,4234,86,1,508.15,0.05
10646,4234,117,4,97.33,0.0
10647,4234,33,3,596.3,0.0
10648,4234,61,4,610.85,0.1
10649,4235,8,4,230.66,0.0
10650,4235,100,3,192.03,0.15
10651,4235,50,5,641.98,0.0
10652,4235,10,2,358.28,0.0
10653,4236,119,3,181.96,0.15
10654,4236,23,2,473.03,0.1
10655,4236,67,5,439.64,0.15
10656,4237,66,3,325.89,0.05
10657,4237,58,2,421.43,0.0
10658,4237,85,5,294.43,0.1
10659,4238,80,1,334.64,0.05
10660,4238,46,4,429.96,0.15
10661,4239,19,4,236.74,0.05
10662,4239,37,4,678.06,0.05
10663,4239,75,3,102.43,0.0
10664,4240,11,3,431.92,0.05
10665,4240,28,5,278.53,0.15
10666,4240,89,2,156.62,0.0
10667,4241,43,3,487.39,0.0
10668,4241,15,2,434.83,0.0
10669,4241,33,1,596.3,0.1
10670,4242,86,5,508.15,0.1
10671,4242,88,5,217.75,0.05
10672,4242,15,5,434.83,0.0
10673,4242,28,3,278.53,0.1
10674,4243,11,4,431.92,0.0
10675,4243,75,3,102.43,0.0
10676,4244,80,2,334.64,0.1
10677,4244,31,4,492.63,0.1
10678,4244,98,3,387.36,0.05
10679,4245,97,5,140.58,0.0
10680,4245,25,4,424.49,0.0
10681,4246,70,5,477.56,0.05
10682,4246,22,1,155.04,0.0
10683,4246,24,5,576.43,0.0
10684,4246,103,4,415.47,0.0
10685,4247,111,3,220.69,0.05
10686,4247,72,4,417.09,0.0
10687,4247,9,3,566.94,0.05
10688,4248,97,5,140.58,0.0
10689,4248,103,4,415.47,0.1
10690,4249,97,5,140.58,0.1
10691,4249,103,2,415.47,0.05
10692,4249,17,3,335.91,0.0
10693,4249,38,4,342.42,0.0
10694,4250,113,3,113.5,0.1
10695,4251,60,3,765.19,0.0
10696,4251,29,5,332.87,0.0
10697,4251,14,3,167.56,0.1
10698,4252,39,2,435.88,0.0
10699,4252,101,4,530.68,0.1
10700,4252,110,5,551.82,0.1
10701,4252,81,5,472.42,0.05
10702,4253,117,5,97.33,0.0
10703,4253,107,4,70.69,0.0
10704,4254,73,2,693.24,0.0
10705,4254,71,2,298.03,0.0
10706,4254,56,3,701.89,0.0
10707,4255,11,5,431.92,0.0
10708,4255,17,4,335.91,0.0
10709,4255,6,1,148.07,0.0
10710,4256,36,3,461.97,0.0
10711,4257,42,2,506.69,0.0
10712,4257,7,5,342.91,0.0
10713,4257,43,3,487.39,0.15
10714,4257,106,4,293.96,0.0
10715,4258,9,5,566.94,0.1
10716,4258,110,2,551.82,0.0
10717,4259,50,3,641.98,0.0
10718,4259,18,3,774.6,0.0
10719,4260,37,4,678.06,0.1
10720,4261,23,2,473.03,0.1
10721,4262,32,2,527.45,0.15
10722,4262,24,5,576.43,0.0
10723,4262,85,1,294.43,0.05
10724,4263,65,5,775.34,0.15
10725,4263,81,4,472.42,0.15
10726,4264,50,4,641.98,0.0
10727,4264,32,5,527.45,0.0
10728,4264,67,1,439.64,0.05
10729,4265,15,1,434.83,0.05
10730,4265,71,2,298.03,0.0
10731,4265,87,4,87.7,0.0
10732,4265,59,2,189.03,0.0
10733,4266,25,4,424.49,0.15
10734,4266,11,3,431.92,0.1
10735,4266,62,3,455.65,0.0
10736,4267,92,4,473.15,0.0
10737,4267,18,2,774.6,0.0
10738,4267,19,4,236.74,0.0
10739,4268,103,1,415.47,0.15
10740,4269,86,5,508.15,0.0
10741,4269,81,3,472.42,0.0
10742,4269,101,4,530.68,0.0
10743,4270,72,1,417.09,0.0
10744,4270,79,2,353.32,0.1
10745,4270,98,1,387.36,0.0
10746,4271,47,4,533.66,0.05
10747,4271,60,4,765.19,0.0
10748,4271,110,4,551.82,0.0
10749,4272,15,4,434.83,0.05
10750,4272,64,2,433.42,0.0
10751,4273,33,4,596.3,0.0
10752,4273,6,5,148.07,0.0
10753,4273,81,4,472.42,0.0
10754,4273,46,2,429.96,0.0
10755,4274,5,2,206.39,0.0
10756,4275,50,2,641.98,0.1
10757,4275,104,1,497.51,0.0
10758,4276,116,4,151.15,0.0
10759,4276,87,1,87.7,0.1
10760,4276,11,5,431.92,0.05
10761,4276,84,3,233.29,0.15
10762,4277,38,3,342.42,0.1
10763,4277,25,3,424.49,0.15
10764,4277,33,5,596.3,0.1
10765,4277,109,5,345.03,0.0
10766,4278,112,5,530.6,0.0
10767,4279,57,2,359.66,0.0
10768,4279,60,5,765.19,0.15
10769,4279,6,3,148.07,0.0
10770,4280,66,3,325.89,0.0
10771,4281,74,2,259.9,0.1
10772,4281,67,3,439.64,0.0
10773,4281,14,3,167.56,0.1
10774,4281,73,1,693.24,0.0
10775,4282,46,3,429.96,0.0
10776,4282,65,3,775.34,0.15
10777,4282,26,1,283.16,0.15
10778,4283,94,1,357.14,0.0
10779,4283,36,5,461.97,0.0
10780,4284,33,2,596.3,0.0
10781,4284,106,1,293.96,0.0
10782,4284,116,4,151.15,0.05
10783,4284,32,1,527.45,0.0
10784,4285,101,1,530.68,0.05
10785,4285,76,4,544.8,0.15
10786,4285,71,1,298.03,0.15
10787,4285,41,1,466.15,0.1
10788,4286,66,4,325.89,0.15
10789,4286,24,3,576.43,0.05
10790,4287,98,1,387.36,0.0
10791,4287,115,1,191.72,0.1
10792,4287,109,3,345.03,0.1
10793,4287,110,2,551.82,0.1
10794,4288,64,5,433.42,0.0
10795,4288,45,1,124.25,0.15
10796,4288,105,3,161.35,0.05
10797,4289,101,2,530.68,0.1
10798,4289,88,5,217.75,0.15
10799,4290,86,3,508.15,0.05
10800,4290,52,4,119.81,0.0
10801,4290,64,1,433.42,0.0
10802,4290,77,4,20.71,0.15
10803,4291,54,4,589.22,0.0
10804,4292,39,5,435.88,0.0
10805,4292,93,3,96.97,0.05
10806,4292,119,2,181.96,0.15
10807,4293,109,5,345.03,0.15
10808,4294,25,4,424.49,0.1
10809,4295,13,1,546.51,0.15
10810,4296,88,3,217.75,0.1
10811,4297,79,3,353.32,0.0
10812,4297,111,5,220.69,0.0
10813,4297,108,1,564.18,0.0
10814,4297,103,1,415.47,0.1
10815,4298,106,2,293.96,0.0
10816,4299,49,5,224.05,0.0
10817,4300,48,3,688.65,0.0
10818,4300,31,4,492.63,0.0
10819,4301,44,3,155.05,0.1
10820,4301,61,5,610.85,0.0
10821,4301,51,5,592.49,0.0
10822,4302,98,5,387.36,0.15
10823,4302,97,1,140.58,0.05
10824,4302,80,2,334.64,0.0
10825,4302,67,5,439.64,0.0
10826,4303,85,5,294.43,0.1
10827,4303,44,2,155.05,0.0
10828,4303,30,3,474.66,0.0
10829,4304,110,5,551.82,0.0
10830,4304,42,2,506.69,0.0
10831,4304,20,5,344.47,0.1
10832,4304,31,3,492.63,0.0
10833,4305,95,4,197.03,0.05
10834,4305,92,2,473.15,0.1
10835,4306,114,2,321.32,0.15
10836,4306,56,2,701.89,0.15
10837,4306,74,1,259.9,0.0
10838,4306,82,5,382.23,0.05
10839,4307,43,2,487.39,0.15
10840,4307,114,4,321.32,0.05
10841,4308,72,5,417.09,0.1
10842,4308,105,1,161.35,0.0
10843,4308,45,3,124.25,0.0
10844,4308,9,5,566.94,0.15
10845,4309,85,5,294.43,0.15
10846,4310,76,2,544.8,0.1
10847,4310,16,4,337.82,0.05
10848,4310,105,2,161.35,0.0
10849,4310,49,1,224.05,0.15
10850,4311,7,5,342.91,0.0
10851,4311,18,4,774.6,0.0
10852,4312,73,1,693.24,0.0
10853,4312,18,1,774.6,0.0
10854,4313,72,5,417.09,0.1
10855,4313,17,5,335.91,0.1
10856,4313,52,1,119.81,0.0
10857,4314,28,4,278.53,0.15
10858,4314,109,2,345.03,0.15
10859,4314,60,4,765.19,0.1
10860,4315,47,3,533.66,0.0
10861,4316,102,5,268.48,0.0
10862,4316,78,2,496.95,0.0
10863,4316,75,4,102.43,0.0
10864,4317,14,5,167.56,0.0
10865,4318,38,4,342.42,0.15
10866,4318,68,2,187.83,0.05
10867,4319,74,1,259.9,0.15
10868,4320,110,4,551.82,0.0
10869,4320,104,1,497.51,0.0
10870,4321,53,3,90.14,0.1
10871,4321,75,1,102.43,0.0
10872,4322,111,2,220.69,0.0
10873,4322,11,1,431.92,0.1
10874,4322,117,5,97.33,0.1
10875,4323,64,3,433.42,0.1
10876,4323,109,3,345.03,0.0
10877,4324,104,4,497.51,0.1
10878,4325,102,1,268.48,0.1
10879,4326,111,2,220.69,0.0
10880,4326,55,3,143.78,0.0
10881,4327,85,2,294.43,0.0
10882,4327,42,4,506.69,0.0
10883,4327,32,4,527.45,0.0
10884,4327,118,5,357.13,0.15
10885,4328,22,4,155.04,0.0
10886,4329,11,5,431.92,0.05
10887,4330,79,3,353.32,0.05
10888,4330,94,2,357.14,0.1
10889,4331,69,4,199.67,0.0
10890,4331,58,3,421.43,0.0
10891,4332,6,4,148.07,0.15
10892,4332,9,3,566.94,0.0
10893,4332,112,3,530.6,0.0
10894,4333,107,1,70.69,0.05
10895,4333,118,3,357.13,0.1
10896,4333,14,1,167.56,0.05
10897,4334,86,2,508.15,0.0
10898,4334,15,3,434.83,0.05
10899,4335,42,1,506.69,0.0
10900,4335,119,1,181.96,0.0
10901,4335,72,5,417.09,0.15
10902,4336,110,2,551.82,0.0
10903,4337,66,3,325.89,0.1
10904,4337,95,4,197.03,0.1
10905,4338,119,5,181.96,0.15
10906,4338,38,1,342.42,0.0
10907,4339,101,4,530.68,0.1
10908,4339,2,2,225.66,0.1
10909,4339,52,5,119.81,0.0
10910,4340,92,4,473.15,0.1
10911,4340,25,1,424.49,0.0
10912,4340,58,4,421.43,0.1
10913,4341,29,3,332.87,0.0
10914,4342,46,5,429.96,0.0
10915,4343,1,4,250.67,0.0
10916,4343,36,2,461.97,0.0
10917,4343,42,5,506.69,0.0
10918,4344,60,4,765.19,0.0
10919,4344,104,2,497.51,0.0
10920,4344,84,4,233.29,0.15
10921,4345,16,2,337.82,0.0
10922,4345,89,1,156.62,0.0
10923,4345,15,1,434.83,0.0
10924,4345,29,1,332.87,0.15
10925,4346,35,5,368.74,0.05
10926,4347,23,2,473.03,0.15
10927,4347,115,5,191.72,0.05
10928,4348,1,1,250.67,0.15
10929,4349,11,4,431.92,0.0
10930,4349,1,1,250.67,0.05
10931,4350,107,4,70.69,0.05
10932,4350,92,2,473.15,0.15
10933,4350,21,2,128.96,0.0
10934,4351,16,1,337.82,0.0
10935,4352,101,2,530.68,0.0
10936,4352,79,5,353.32,0.05
10937,4352,6,1,148.07,0.0
10938,4352,31,4,492.63,0.0
10939,4353,37,4,678.06,0.05
10940,4353,13,3,546.51,0.0
10941,4353,74,3,259.9,0.0
10942,4353,62,1,455.65,0.05
10943,4354,84,5,233.29,0.05
10944,4354,10,1,358.28,0.0
10945,4354,46,3,429.96,0.05
10946,4355,70,1,477.56,0.15
10947,4355,5,2,206.39,0.05
10948,4355,18,2,774.6,0.1
10949,4355,39,2,435.88,0.1
10950,4356,118,5,357.13,0.15
10951,4356,82,4,382.23,0.0
10952,4356,56,4,701.89,0.15
10953,4356,103,5,415.47,0.1
10954,4357,1,1,250.67,0.15
10955,4357,108,5,564.18,0.0
10956,4357,61,5,610.85,0.05
10957,4358,118,3,357.13,0.0
10958,4358,87,2,87.7,0.1
10959,4358,57,1,359.66,0.0
10960,4358,105,5,161.35,0.0
10961,4359,86,4,508.15,0.15
10962,4359,116,3,151.15,0.1
10963,4359,33,1,596.3,0.0
10964,4359,71,5,298.03,0.0
10965,4360,67,5,439.64,0.0
10966,4360,4,2,538.06,0.15
10967,4361,4,5,538.06,0.05
10968,4361,113,1,113.5,0.1
10969,4361,74,4,259.9,0.1
10970,4361,24,1,576.43,0.1
10971,4362,11,4,431.92,0.0
10972,4363,89,4,156.62,0.0
10973,4364,24,5,576.43,0.1
10974,4365,106,3,293.96,0.05
10975,4365,28,5,278.53,0.1
10976,4365,72,5,417.09,0.1
10977,4366,84,1,233.29,0.15
10978,4366,97,4,140.58,0.0
10979,4367,45,5,124.25,0.0
10980,4367,23,3,473.03,0.0
10981,4367,81,5,472.42,0.0
10982,4368,101,1,530.68,0.15
10983,4368,44,2,155.05,0.1
10984,4369,119,5,181.96,0.0
10985,4370,80,2,334.64,0.15
10986,4371,80,1,334.64,0.05
10987,4371,14,2,167.56,0.0
10988,4371,11,4,431.92,0.05
10989,4372,68,3,187.83,0.05
10990,4372,43,5,487.39,0.0
10991,4372,96,1,261.53,0.15
10992,4373,116,1,151.15,0.05
10993,4373,104,1,497.51,0.0
10994,4374,57,2,359.66,0.1
10995,4374,1,5,250.67,0.0
10996,4374,3,5,400.77,0.0
10997,4375,14,1,167.56,0.0
10998,4375,72,5,417.09,0.0
10999,4375,116,3,151.15,0.0
11000,4376,76,2,544.8,0.0
11001,4377,111,4,220.69,0.15
11002,4377,108,3,564.18,0.1
11003,4377,99,5,654.14,0.0
11004,4377,60,4,765.19,0.1
11005,4378,29,1,332.87,0.0
11006,4378,44,2,155.05,0.05
11007,4378,38,3,342.42,0.1
11008,4379,69,1,199.67,0.15
11009,4379,60,4,765.19,0.1
11010,4379,74,2,259.9,0.05
11011,4379,51,4,592.49,0.0
11012,4380,90,5,250.98,0.0
11013,4380,83,2,229.64,0.15
11014,4380,34,5,269.02,0.0
11015,4380,106,2,293.96,0.0
11016,4381,67,5,439.64,0.1
11017,4382,25,4,424.49,0.15
11018,4383,17,2,335.91,0.0
11019,4384,119,1,181.96,0.15
11020,4384,73,5,693.24,0.0
11021,4384,65,4,775.34,0.0
11022,4385,119,2,181.96,0.15
11023,4385,72,1,417.09,0.0
11024,4385,4,3,538.06,0.05
11025,4385,114,3,321.32,0.0
11026,4386,119,3,181.96,0.15
11027,4387,99,1,654.14,0.05
11028,4388,9,3,566.94,0.1
11029,4389,95,2,197.03,0.0
11030,4389,85,4,294.43,0.1
11031,4390,51,3,592.49,0.0
11032,4391,83,5,229.64,0.1
11033,4392,80,2,334.64,0.1
11034,4392,93,2,96.97,0.0
11035,4393,106,2,293.96,0.0
11036,4393,87,4,87.7,0.05
11037,4393,19,1,236.74,0.0
11038,4393,30,2,474.66,0.0
11039,4394,91,3,111.41,0.0
11040,4395,81,2,472.42,0.1
11041,4395,23,1,473.03,0.05
11042,4395,102,2,268.48,0.0
11043,4396,48,4,688.65,0.05
11044,4396,72,5,417.09,0.0
11045,4396,6,1,148.07,0.1
11046,4396,24,4,576.43,0.0
11047,4397,10,2,358.28,0.05
11048,4397,100,1,192.03,0.1
11049,4397,66,3,325.89,0.05
11050,4398,83,2,229.64,0.05
11051,4398,17,3,335.91,0.0
11052,4398,73,1,693.24,0.1
11053,4399,24,2,576.43,0.1
11054,4399,44,3,155.05,0.0
11055,4399,79,4,353.32,0.0
11056,4399,55,1,143.78,0.0
11057,4400,66,5,325.89,0.0
11058,4400,46,4,429.96,0.0
11059,4400,56,1,701.89,0.1
11060,4400,48,5,688.65,0.15
11061,4401,36,1,461.97,0.15
11062,4401,35,2,368.74,0.05
11063,4402,76,5,544.8,0.0
11064,4403,89,3,156.62,0.05
11065,4403,14,5,167.56,0.05
11066,4403,115,2,191.72,0.0
11067,4404,96,2,261.53,0.0
11068,4404,86,1,508.15,0.15
11069,4404,102,3,268.48,0.1
11070,4405,88,4,217.75,0.0
11071,4406,77,5,20.71,0.0
11072,4406,74,2,259.9,0.0
11073,4406,114,1,321.32,0.0
11074,4406,105,2,161.35,0.15
11075,4407,55,5,143.78,0.0
11076,4408,72,4,417.09,0.05
11077,4409,61,2,610.85,0.0
11078,4409,29,4,332.87,0.1
11079,4409,21,5,128.96,0.0
11080,4409,13,4,546.51,0.0
11081,4410,99,5,654.14,0.0
11082,4410,38,5,342.42,0.0
11083,4410,47,1,533.66,0.0
11084,4410,43,2,487.39,0.05
11085,4411,119,3,181.96,0.0
11086,4411,70,4,477.56,0.1
11087,4411,98,3,387.36,0.0
11088,4412,44,1,155.05,0.0
11089,4412,68,3,187.83,0.05
11090,4413,76,3,544.8,0.15
11091,4413,45,4,124.25,0.0
11092,4413,52,5,119.81,0.05
11093,4413,12,5,665.95,0.0
11094,4414,115,5,191.72,0.05
11095,4414,100,3,192.03,0.0
11096,4414,52,3,119.81,0.15
11097,4414,101,1,530.68,0.15
11098,4415,4,4,538.06,0.0
11099,4416,116,1,151.15,0.0
11100,4416,108,3,564.18,0.0
11101,4416,40,4,246.27,0.05
11102,4417,93,5,96.97,0.0
11103,4417,104,5,497.51,0.1
11104,4417,40,3,246.27,0.05
11105,4417,44,2,155.05,0.1
11106,4418,30,1,474.66,0.0
11107,4418,35,4,368.74,0.0
11108,4418,97,3,140.58,0.05
11109,4419,76,4,544.8,0.0
11110,4419,119,4,181.96,0.15
11111,4419,61,4,610.85,0.1
11112,4419,71,4,298.03,0.15
11113,4420,60,3,765.19,0.0
11114,4420,94,2,357.14,0.0
11115,4420,47,2,533.66,0.15
11116,4420,3,4,400.77,0.15
11117,4421,55,4,143.78,0.15
11118,4421,117,3,97.33,0.0
11119,4422,107,5,70.69,0.1
11120,4422,108,1,564.18,0.05
11121,4423,12,4,665.95,0.1
11122,4424,68,1,187.83,0.15
11123,4424,111,4,220.69,0.0
11124,4425,74,1,259.9,0.0
11125,4425,12,1,665.95,0.1
11126,4425,112,4,530.6,0.1
11127,4426,19,1,236.74,0.0
11128,4426,18,4,774.6,0.15
11129,4427,41,4,466.15,0.0
11130,4428,85,4,294.43,0.05
11131,4428,36,4,461.97,0.0
11132,4429,87,2,87.7,0.05
11133,4429,82,1,382.23,0.15
11134,4429,61,2,610.85,0.05
11135,4430,21,1,128.96,0.0
11136,4430,84,1,233.29,0.0
11137,4431,82,3,382.23,0.0
11138,4431,3,1,400.77,0.15
11139,4432,58,3,421.43,0.15
11140,4432,16,2,337.82,0.05
11141,4432,87,1,87.7,0.1
11142,4433,69,2,199.67,0.0
11143,4433,104,4,497.51,0.15
11144,4433,2,3,225.66,0.0
11145,4433,79,1,353.32,0.0
11146,4434,22,5,155.04,0.0
11147,4434,17,1,335.91,0.0
11148,4435,95,5,197.03,0.0
11149,4435,69,2,199.67,0.0
11150,4435,5,5,206.39,0.05
11151,4435,60,2,765.19,0.15
11152,4436,8,1,230.66,0.0
11153,4436,59,5,189.03,0.0
11154,4436,84,2,233.29,0.15
11155,4437,69,1,199.67,0.0
11156,4438,60,3,765.19,0.0
11157,4439,120,1,437.18,0.15
11158,4440,72,3,417.09,0.0
11159,4441,55,2,143.78,0.0
11160,4442,101,2,530.68,0.0
11161,4443,74,4,259.9,0.0
11162,4443,32,3,527.45,0.0
11163,4443,34,3,269.02,0.05
11164,4443,85,4,294.43,0.0
11165,4444,35,2,368.74,0.0
11166,4444,111,3,220.69,0.0
11167,4444,22,5,155.04,0.0
11168,4445,98,4,387.36,0.15
11169,4445,68,2,187.83,0.0
11170,4445,91,4,111.41,0.05
11171,4446,74,3,259.9,0.05
11172,4446,44,3,155.05,0.15
11173,4447,63,5,460.08,0.0
11174,4447,43,3,487.39,0.15
11175,4447,5,4,206.39,0.05
11176,4447,58,1,421.43,0.0
11177,4448,90,2,250.98,0.0
11178,4448,44,4,155.05,0.05
11179,4448,112,4,530.6,0.0
11180,4449,96,4,261.53,0.1
11181,4449,90,2,250.98,0.05
11182,4449,120,2,437.18,0.0
11183,4449,3,1,400.77,0.1
11184,4450,85,4,294.43,0.0
11185,4450,31,5,492.63,0.05
11186,4450,60,1,765.19,0.15
11187,4450,87,1,87.7,0.15
11188,4451,86,2,508.15,0.05
11189,4452,3,4,400.77,0.0
11190,4452,39,3,435.88,0.15
11191,4453,86,3,508.15,0.0
11192,4453,70,4,477.56,0.1
11193,4453,33,5,596.3,0.0
11194,4453,19,1,236.74,0.05
11195,4454,3,1,400.77,0.05
11196,4455,40,1,246.27,0.0
11197,4455,97,4,140.58,0.1
11198,4456,113,1,113.5,0.15
11199,4456,72,3,417.09,0.0
11200,4457,83,1,229.64,0.05
11201,4457,95,5,197.03,0.15
11202,4458,10,4,358.28,0.15
11203,4459,44,5,155.05,0.0
11204,4459,22,4,155.04,0.0
11205,4459,76,4,544.8,0.0
11206,4460,95,1,197.03,0.05
11207,4461,20,5,344.47,0.15
11208,4462,45,4,124.25,0.05
11209,4462,30,4,474.66,0.0
11210,4462,19,4,236.74,0.0
11211,4463,73,1,693.24,0.0
11212,4463,23,1,473.03,0.1
11213,4463,114,4,321.32,0.05
11214,4464,44,1,155.05,0.15
11215,4464,90,2,250.98,0.0
11216,4464,107,4,70.69,0.0
11217,4464,16,3,337.82,0.0
11218,4465,12,3,665.95,0.0
11219,4465,98,3,387.36,0.1
11220,4465,5,5,206.39,0.1
11221,4466,46,1,429.96,0.15
11222,4466,40,5,246.27,0.05
11223,4467,41,1,466.15,0.1
11224,4468,93,4,96.97,0.15
11225,4468,35,5,368.74,0.05
11226,4468,38,1,342.42,0.15
11227,4469,35,3,368.74,0.0
11228,4469,37,2,678.06,0.0
11229,4470,70,5,477.56,0.0
11230,4471,116,4,151.15,0.15
11231,4471,105,3,161.35,0.05
11232,4472,13,4,546.51,0.05
11233,4472,70,3,477.56,0.0
11234,4472,25,4,424.49,0.1
11235,4472,18,1,774.6,0.15
11236,4473,22,4,155.04,0.0
11237,4474,23,1,473.03,0.0
11238,4474,77,5,20.71,0.05
11239,4474,87,2,87.7,0.15
11240,4474,21,3,128.96,0.15
11241,4475,84,1,233.29,0.15
11242,4475,75,2,102.43,0.0
11243,4475,103,4,415.47,0.0
11244,4475,118,3,357.13,0.1
11245,4476,32,3,527.45,0.1
11246,4477,73,2,693.24,0.15
11247,4477,95,1,197.03,0.05
11248,4477,91,4,111.41,0.0
11249,4478,70,5,477.56,0.0
11250,4478,20,4,344.47,0.1
11251,4478,83,3,229.64,0.0
11252,4479,48,4,688.65,0.05
11253,4479,93,3,96.97,0.1
11254,4479,76,2,544.8,0.0
11255,4480,50,2,641.98,0.0
11256,4480,36,4,461.97,0.15
11257,4480,106,1,293.96,0.05
11258,4481,119,4,181.96,0.15
11259,4481,75,4,102.43,0.1
11260,4482,28,3,278.53,0.15
11261,4483,44,5,155.05,0.0
11262,4483,85,5,294.43,0.15
11263,4483,13,4,546.51,0.0
11264,4484,49,1,224.05,0.1
11265,4484,108,3,564.18,0.15
11266,4484,26,5,283.16,0.0
11267,4485,41,2,466.15,0.0
11268,4485,97,5,140.58,0.15
11269,4485,43,3,487.39,0.05
11270,4485,33,2,596.3,0.0
11271,4486,14,3,167.56,0.1
11272,4486,120,3,437.18,0.0
11273,4486,35,5,368.74,0.05
11274,4487,21,2,128.96,0.15
11275,4487,3,1,400.77,0.0
11276,4487,12,5,665.95,0.0
11277,4488,44,2,155.05,0.0
11278,4489,13,2,546.51,0.0
11279,4489,17,5,335.91,0.1
11280,4489,48,3,688.65,0.0
11281,4489,10,5,358.28,0.0
11282,4490,66,5,325.89,0.0
11283,4490,36,4,461.97,0.15
11284,4490,44,4,155.05,0.0
11285,4490,4,1,538.06,0.0
11286,4491,53,1,90.14,0.15
11287,4491,117,2,97.33,0.1
11288,4491,34,5,269.02,0.0
11289,4491,118,3,357.13,0.1
11290,4492,98,1,387.36,0.1
11291,4492,59,2,189.03,0.0
11292,4493,75,4,102.43,0.0
11293,4493,102,1,268.48,0.0
11294,4493,67,3,439.64,0.0
11295,4494,12,3,665.95,0.0
11296,4494,57,5,359.66,0.0
11297,4494,49,4,224.05,0.15
11298,4495,93,3,96.97,0.0
11299,4496,16,2,337.82,0.0
11300,4496,45,2,124.25,0.1
11301,4496,3,4,400.77,0.1
11302,4496,48,5,688.65,0.05
11303,4497,111,5,220.69,0.15
11304,4497,42,4,506.69,0.15
11305,4497,84,4,233.29,0.05
11306,4497,7,2,342.91,0.15
11307,4498,120,1,437.18,0.1
11308,4498,91,3,111.41,0.0
11309,4498,105,5,161.35,0.15
11310,4498,116,1,151.15,0.15
11311,4499,96,5,261.53,0.0
11312,4499,40,1,246.27,0.1
11313,4499,85,3,294.43,0.0
11314,4499,80,3,334.64,0.0
11315,4500,61,4,610.85,0.15
11316,4500,107,1,70.69,0.05
11317,4500,37,1,678.06,0.05
11318,4500,39,1,435.88,0.0
11319,4501,73,3,693.24,0.15
11320,4502,55,5,143.78,0.0
11321,4503,115,5,191.72,0.15
11322,4504,100,3,192.03,0.1
11323,4504,55,1,143.78,0.0
11324,4504,19,5,236.74,0.0
11325,4504,30,1,474.66,0.0
11326,4505,26,4,283.16,0.05
11327,4506,68,5,187.83,0.05
11328,4507,102,2,268.48,0.0
11329,4508,117,2,97.33,0.05
11330,4508,61,3,610.85,0.1
11331,4509,113,5,113.5,0.0
11332,4510,92,5,473.15,0.0
11333,4510,62,3,455.65,0.1
11334,4510,54,3,589.22,0.15
11335,4510,95,5,197.03,0.0
11336,4511,38,5,342.42,0.1
11337,4511,61,2,610.85,0.0
11338,4511,48,3,688.65,0.15
11339,4512,72,5,417.09,0.1
11340,4512,71,5,298.03,0.0
11341,4513,62,1,455.65,0.0
11342,4513,60,3,765.19,0.0
11343,4513,27,3,50.29,0.0
11344,4513,70,1,477.56,0.0
11345,4514,38,3,342.42,0.1
11346,4514,63,1,460.08,0.1
11347,4514,13,1,546.51,0.05
11348,4515,38,1,342.42,0.05
11349,4515,64,3,433.42,0.15
11350,4516,25,3,424.49,0.0
11351,4516,111,5,220.69,0.0
11352,4516,48,5,688.65,0.15
11353,4516,59,5,189.03,0.0
11354,4517,89,2,156.62,0.15
11355,4517,102,1,268.48,0.1
11356,4517,58,2,421.43,0.05
11357,4517,26,3,283.16,0.05
11358,4518,59,1,189.03,0.1
11359,4518,67,4,439.64,0.0
11360,4518,22,5,155.04,0.05
11361,4518,109,2,345.03,0.0
11362,4519,4,3,538.06,0.15
11363,4519,61,2,610.85,0.0
11364,4519,97,5,140.58,0.05
11365,4520,73,1,693.24,0.15
11366,4521,76,3,544.8,0.15
11367,4522,74,4,259.9,0.1
11368,4522,6,4,148.07,0.15
11369,4522,100,2,192.03,0.1
11370,4522,106,5,293.96,0.0
11371,4523,78,5,496.95,0.05
11372,4523,48,1,688.65,0.0
11373,4523,14,1,167.56,0.05
11374,4523,53,1,90.14,0.0
11375,4524,108,3,564.18,0.15
11376,4524,60,1,765.19,0.1
11377,4525,75,5,102.43,0.0
11378,4525,120,2,437.18,0.1
11379,4525,64,1,433.42,0.0
11380,4526,55,5,143.78,0.15
11381,4527,9,4,566.94,0.0
11382,4527,51,5,592.49,0.0
11383,4527,94,5,357.14,0.0
11384,4528,39,1,435.88,0.0
11385,4528,75,2,102.43,0.0
11386,4529,48,1,688.65,0.1
11387,4529,111,4,220.69,0.0
11388,4530,34,3,269.02,0.0
11389,4530,108,3,564.18,0.0
11390,4530,68,5,187.83,0.0
11391,4530,61,1,610.85,0.15
11392,4531,81,2,472.42,0.0
11393,4531,4,1,538.06,0.0
11394,4531,23,2,473.03,0.0
11395,4531,32,4,527.45,0.0
11396,4532,83,4,229.64,0.0
11397,4532,56,4,701.89,0.0
11398,4533,7,4,342.91,0.05
11399,4533,33,3,596.3,0.0
11400,4534,111,4,220.69,0.1
11401,4534,93,2,96.97,0.1
11402,4534,10,2,358.28,0.0
11403,4534,101,1,530.68,0.15
11404,4535,101,2,530.68,0.05
11405,4535,17,1,335.91,0.15
11406,4535,14,4,167.56,0.1
11407,4535,15,2,434.83,0.1
11408,4536,80,5,334.64,0.15
11409,4536,13,3,546.51,0.0
11410,4536,112,1,530.6,0.05
11411,4537,35,3,368.74,0.0
11412,4537,8,1,230.66,0.1
11413,4537,62,5,455.65,0.1
11414,4537,87,2,87.7,0.1
11415,4538,112,4,530.6,0.15
11416,4538,53,1,90.14,0.15
11417,4539,34,1,269.02,0.0
11418,4539,77,3,20.71,0.0
11419,4540,56,4,701.89,0.0
11420,4540,82,1,382.23,0.1
11421,4541,10,1,358.28,0.0
11422,4541,100,5,192.03,0.0
11423,4541,25,2,424.49,0.15
11424,4542,52,2,119.81,0.1
11425,4542,16,4,337.82,0.0
11426,4543,95,1,197.03,0.0
11427,4543,85,5,294.43,0.0
11428,4544,91,1,111.41,0.1
11429,4544,20,1,344.47,0.0
11430,4544,97,5,140.58,0.15
11431,4544,111,1,220.69,0.0
11432,4545,4,5,538.06,0.05
11433,4545,97,5,140.58,0.0
11434,4545,17,3,335.91,0.05
11435,4545,89,2,156.62,0.1
11436,4546,65,1,775.34,0.1
11437,4546,83,5,229.64,0.0
11438,4547,33,5,596.3,0.0
11439,4548,59,2,189.03,0.0
11440,4548,51,5,592.49,0.05
11441,4548,14,3,167.56,0.1
11442,4548,114,1,321.32,0.0
11443,4549,64,1,433.42,0.0
11444,4549,89,2,156.62,0.0
11445,4549,97,4,140.58,0.05
11446,4550,57,2,359.66,0.15
11447,4550,71,3,298.03,0.0
11448,4550,88,4,217.75,0.0
11449,4550,3,4,400.77,0.15
11450,4551,34,2,269.02,0.15
11451,4551,68,1,187.83,0.0
11452,4551,97,2,140.58,0.1
11453,4551,110,5,551.82,0.15
11454,4552,107,2,70.69,0.0
11455,4553,36,3,461.97,0.1
11456,4553,56,3,701.89,0.1
11457,4553,77,5,20.71,0.15
11458,4553,28,2,278.53,0.05
11459,4554,5,1,206.39,0.0
11460,4555,114,5,321.32,0.0
11461,4556,102,3,268.48,0.15
11462,4556,64,3,433.42,0.15
11463,4556,5,2,206.39,0.05
11464,4556,10,5,358.28,0.0
11465,4557,20,5,344.47,0.0
11466,4557,58,2,421.43,0.05
11467,4557,23,2,473.03,0.0
11468,4558,74,2,259.9,0.0
11469,4558,31,3,492.63,0.0
11470,4558,79,3,353.32,0.1
11471,4558,112,1,530.6,0.0
11472,4559,58,3,421.43,0.05
11473,4560,95,4,197.03,0.0
11474,4561,103,3,415.47,0.15
11475,4561,14,2,167.56,0.0
11476,4562,80,5,334.64,0.15
11477,4563,96,1,261.53,0.1
11478,4563,76,3,544.8,0.05
11479,4563,56,5,701.89,0.0
11480,4564,84,2,233.29,0.0
11481,4564,35,4,368.74,0.0
11482,4565,61,2,610.85,0.0
11483,4565,16,2,337.82,0.0
11484,4565,77,1,20.71,0.15
11485,4566,91,3,111.41,0.0
11486,4566,93,3,96.97,0.0
11487,4566,70,2,477.56,0.15
11488,4566,69,3,199.67,0.1
11489,4567,84,1,233.29,0.0
11490,4567,2,2,225.66,0.15
11491,4568,88,4,217.75,0.0
11492,4568,19,5,236.74,0.0
11493,4568,2,3,225.66,0.05
11494,4569,88,5,217.75,0.0
11495,4570,29,4,332.87,0.0
11496,4570,41,4,466.15,0.0
11497,4570,99,5,654.14,0.0
11498,4571,105,5,161.35,0.15
11499,4572,48,4,688.65,0.05
11500,4572,28,1,278.53,0.1
11501,4573,97,2,140.58,0.0
11502,4574,73,3,693.24,0.05
11503,4574,93,4,96.97,0.0
11504,4574,7,5,342.91,0.0
11505,4575,73,5,693.24,0.15
11506,4575,104,2,497.51,0.0
11507,4575,66,4,325.89,0.15
11508,4576,61,1,610.85,0.15
11509,4577,60,1,765.19,0.0
11510,4577,96,2,261.53,0.05
11511,4577,100,4,192.03,0.0
11512,4577,112,4,530.6,0.1
11513,4578,120,3,437.18,0.05
11514,4578,17,1,335.91,0.0
11515,4579,117,5,97.33,0.15
11516,4579,44,1,155.05,0.0
11517,4579,15,3,434.83,0.1
11518,4579,118,2,357.13,0.0
11519,4580,27,5,50.29,0.0
11520,4580,42,2,506.69,0.0
11521,4580,35,4,368.74,0.15
11522,4580,7,3,342.91,0.05
11523,4581,66,4,325.89,0.0
11524,4581,120,3,437.18,0.05
11525,4581,21,3,128.96,0.0
11526,4582,55,3,143.78,0.1
11527,4582,38,4,342.42,0.0
11528,4582,102,1,268.48,0.0
11529,4583,50,1,641.98,0.0
11530,4584,119,5,181.96,0.0
11531,4584,35,3,368.74,0.05
11532,4584,118,4,357.13,0.0
11533,4585,107,1,70.69,0.0
11534,4585,68,1,187.83,0.05
11535,4586,44,4,155.05,0.0
11536,4586,2,3,225.66,0.05
11537,4586,112,2,530.6,0.15
11538,4586,12,5,665.95,0.05
11539,4587,94,5,357.14,0.15
11540,4588,30,3,474.66,0.0
11541,4588,21,1,128.96,0.0
11542,4588,64,4,433.42,0.05
11543,4589,36,4,461.97,0.1
11544,4589,97,2,140.58,0.0
11545,4590,85,2,294.43,0.05
11546,4590,95,2,197.03,0.0
11547,4590,36,2,461.97,0.0
11548,4590,87,5,87.7,0.0
11549,4591,113,2,113.5,0.0
11550,4591,55,2,143.78,0.05
11551,4591,119,5,181.96,0.1
11552,4592,115,4,191.72,0.15
11553,4592,74,2,259.9,0.1
11554,4592,119,5,181.96,0.05
11555,4593,120,4,437.18,0.0
11556,4593,74,5,259.9,0.0
11557,4593,116,5,151.15,0.0
11558,4594,67,1,439.64,0.1
11559,4594,35,2,368.74,0.15
11560,4594,48,4,688.65,0.0
11561,4594,26,3,283.16,0.0
11562,4595,83,5,229.64,0.0
11563,4595,101,2,530.68,0.1
11564,4595,103,1,415.47,0.1
11565,4596,9,3,566.94,0.05
11566,4596,40,4,246.27,0.0
11567,4596,119,2,181.96,0.0
11568,4597,33,4,596.3,0.1
11569,4597,105,3,161.35,0.0
11570,4597,46,2,429.96,0.1
11571,4597,113,2,113.5,0.05
11572,4598,66,1,325.89,0.0
11573,4599,15,5,434.83,0.0
11574,4599,62,2,455.65,0.15
11575,4599,89,4,156.62,0.0
11576,4600,21,2,128.96,0.0
11577,4600,31,2,492.63,0.0
11578,4601,87,2,87.7,0.0
11579,4602,85,1,294.43,0.05
11580,4603,96,4,261.53,0.0
11581,4604,44,1,155.05,0.0
11582,4604,41,2,466.15,0.1
11583,4604,58,1,421.43,0.1
11584,4604,4,4,538.06,0.0
11585,4605,20,1,344.47,0.0
11586,4605,34,3,269.02,0.0
11587,4605,40,5,246.27,0.0
11588,4606,42,5,506.69,0.15
11589,4606,40,2,246.27,0.05
11590,4606,102,5,268.48,0.0
11591,4607,93,1,96.97,0.0
11592,4607,56,2,701.89,0.15
11593,4607,27,4,50.29,0.15
11594,4608,13,1,546.51,0.0
11595,4608,65,2,775.34,0.0
11596,4609,63,1,460.08,0.0
11597,4609,57,2,359.66,0.15
11598,4609,76,4,544.8,0.0
11599,4609,26,3,283.16,0.0
11600,4610,63,4,460.08,0.05
11601,4611,82,2,382.23,0.1
11602,4611,87,3,87.7,0.0
11603,4611,38,3,342.42,0.05
11604,4611,29,2,332.87,0.0
11605,4612,87,5,87.7,0.0
11606,4612,70,1,477.56,0.0
11607,4612,65,4,775.34,0.0
11608,4613,91,1,111.41,0.0
11609,4614,116,1,151.15,0.0
11610,4615,43,1,487.39,0.15
11611,4615,73,5,693.24,0.0
11612,4615,28,4,278.53,0.1
11613,4616,93,1,96.97,0.15
11614,4617,52,5,119.81,0.1
11615,4617,8,1,230.66,0.0
11616,4618,99,5,654.14,0.0
11617,4618,38,4,342.42,0.1
11618,4618,73,4,693.24,0.1
11619,4619,58,4,421.43,0.0
11620,4619,107,1,70.69,0.0
11621,4620,93,2,96.97,0.0
11622,4621,62,1,455.65,0.0
11623,4622,54,2,589.22,0.0
11624,4622,19,1,236.74,0.0
11625,4623,32,5,527.45,0.0
11626,4623,42,3,506.69,0.0
11627,4623,47,5,533.66,0.05
11628,4623,9,2,566.94,0.15
11629,4624,61,1,610.85,0.0
11630,4624,87,3,87.7,0.0
11631,4624,6,2,148.07,0.05
11632,4625,97,1,140.58,0.05
11633,4626,20,5,344.47,0.0
11634,4627,54,1,589.22,0.0
11635,4627,7,2,342.91,0.1
11636,4628,36,5,461.97,0.0
11637,4628,42,1,506.69,0.0
11638,4628,106,3,293.96,0.1
11639,4629,82,3,382.23,0.0
11640,4629,110,3,551.82,0.05
11641,4629,21,2,128.96,0.0
11642,4630,85,3,294.43,0.1
11643,4630,53,2,90.14,0.05
11644,4631,70,1,477.56,0.05
11645,4632,29,4,332.87,0.15
11646,4633,103,5,415.47,0.0
11647,4633,53,3,90.14,0.05
11648,4634,77,3,20.71,0.0
11649,4634,1,2,250.67,0.15
11650,4635,49,4,224.05,0.0
11651,4635,30,3,474.66,0.15
11652,4636,82,4,382.23,0.0
11653,4636,64,3,433.42,0.0
11654,4636,45,5,124.25,0.0
11655,4637,17,1,335.91,0.15
11656,4638,19,5,236.74,0.0
11657,4638,51,3,592.49,0.15
11658,4639,79,2,353.32,0.1
11659,4639,116,2,151.15,0.0
11660,4640,29,4,332.87,0.0
11661,4640,76,2,544.8,0.0
11662,4640,119,3,181.96,0.1
11663,4640,72,5,417.09,0.15
11664,4641,85,3,294.43,0.0
11665,4641,90,3,250.98,0.0
11666,4642,68,2,187.83,0.15
11667,4643,36,3,461.97,0.1
11668,4643,44,3,155.05,0.1
11669,4643,29,5,332.87,0.15
11670,4643,68,3,187.83,0.05
11671,4644,115,4,191.72,0.1
11672,4645,96,5,261.53,0.1
11673,4645,67,3,439.64,0.0
11674,4645,10,3,358.28,0.0
11675,4645,39,2,435.88,0.0
11676,4646,51,2,592.49,0.0
11677,4646,26,2,283.16,0.1
11678,4646,22,5,155.04,0.0
11679,4646,5,3,206.39,0.05
11680,4647,47,3,533.66,0.0
11681,4647,7,3,342.91,0.0
11682,4648,55,5,143.78,0.15
11683,4648,39,1,435.88,0.05
11684,4649,112,4,530.6,0.0
11685,4649,55,4,143.78,0.0
11686,4650,12,1,665.95,0.0
11687,4650,8,5,230.66,0.1
11688,4650,85,2,294.43,0.0
11689,4651,102,2,268.48,0.15
11690,4651,98,2,387.36,0.1
11691,4651,37,2,678.06,0.15
11692,4652,47,5,533.66,0.0
11693,4652,72,4,417.09,0.0
11694,4653,64,4,433.42,0.1
11695,4654,120,1,437.18,0.0
11696,4655,62,3,455.65,0.1
11697,4655,81,4,472.42,0.05
11698,4656,23,3,473.03,0.05
11699,4656,8,1,230.66,0.0
11700,4656,115,1,191.72,0.0
11701,4657,72,1,417.09,0.15
11702,4657,68,3,187.83,0.0
11703,4657,48,5,688.65,0.0
11704,4657,52,1,119.81,0.05
11705,4658,7,2,342.91,0.1
11706,4658,48,5,688.65,0.0
11707,4658,63,4,460.08,0.1
11708,4659,80,5,334.64,0.1
11709,4659,36,3,461.97,0.0
11710,4660,101,2,530.68,0.0
11711,4660,27,1,50.29,0.15
11712,4660,107,2,70.69,0.0
11713,4661,47,4,533.66,0.0
11714,4661,108,5,564.18,0.0
11715,4661,77,4,20.71,0.0
11716,4661,117,5,97.33,0.05
11717,4662,6,4,148.07,0.15
11718,4662,62,2,455.65,0.15
11719,4662,1,5,250.67,0.0
11720,4662,94,5,357.14,0.05
11721,4663,86,3,508.15,0.1
11722,4664,111,2,220.69,0.0
11723,4665,105,5,161.35,0.1
11724,4665,108,1,564.18,0.15
11725,4665,44,3,155.05,0.0
11726,4666,27,5,50.29,0.05
11727,4666,8,2,230.66,0.0
11728,4666,24,5,576.43,0.0
11729,4666,17,4,335.91,0.0
11730,4667,59,2,189.03,0.1
11731,4667,61,1,610.85,0.0
11732,4667,12,1,665.95,0.0
11733,4667,106,5,293.96,0.0
11734,4668,36,3,461.97,0.0
11735,4669,47,4,533.66,0.0
11736,4669,52,2,119.81,0.0
11737,4669,41,2,466.15,0.0
11738,4670,4,5,538.06,0.0
11739,4670,107,5,70.69,0.0
11740,4670,65,5,775.34,0.0
11741,4670,79,3,353.32,0.15
11742,4671,112,5,530.6,0.1
11743,4671,100,1,192.03,0.0
11744,4671,54,2,589.22,0.0
11745,4671,12,4,665.95,0.1
11746,4672,5,5,206.39,0.1
11747,4673,46,4,429.96,0.05
11748,4674,67,4,439.64,0.1
11749,4675,24,2,576.43,0.05
11750,4675,31,3,492.63,0.05
11751,4675,38,5,342.42,0.0
11752,4676,90,2,250.98,0.0
11753,4677,56,4,701.89,0.0
11754,4677,21,5,128.96,0.0
11755,4678,101,3,530.68,0.15
11756,4678,68,2,187.83,0.0
11757,4679,16,3,337.82,0.15
11758,4679,22,1,155.04,0.0
11759,4680,67,2,439.64,0.0
11760,4681,74,4,259.9,0.1
11761,4681,17,3,335.91,0.0
11762,4681,52,3,119.81,0.0
11763,4682,58,2,421.43,0.15
11764,4683,27,3,50.29,0.0
11765,4683,33,1,596.3,0.05
11766,4683,63,5,460.08,0.0
11767,4684,71,1,298.03,0.0
11768,4684,32,4,527.45,0.15
11769,4684,10,3,358.28,0.0
11770,4685,114,2,321.32,0.0
11771,4685,47,2,533.66,0.15
11772,4686,87,4,87.7,0.0
11773,4686,36,5,461.97,0.1
11774,4686,45,2,124.25,0.0
11775,4686,71,3,298.03,0.1
11776,4687,2,4,225.66,0.1
11777,4687,48,4,688.65,0.15
11778,4687,31,3,492.63,0.0
11779,4687,105,3,161.35,0.1
11780,4688,101,1,530.68,0.05
11781,4688,25,3,424.49,0.05
11782,4689,55,3,143.78,0.0
11783,4689,21,3,128.96,0.0
11784,4690,101,3,530.68,0.1
11785,4690,98,1,387.36,0.15
11786,4690,73,2,693.24,0.0
11787,4691,39,1,435.88,0.1
11788,4691,109,5,345.03,0.05
11789,4692,89,1,156.62,0.0
11790,4692,102,4,268.48,0.15
11791,4692,19,3,236.74,0.0
11792,4693,28,2,278.53,0.0
11793,4694,30,1,474.66,0.0
11794,4695,13,4,546.51,0.0
11795,4696,89,3,156.62,0.0
11796,4696,11,1,431.92,0.15
11797,4697,114,2,321.32,0.05
11798,4698,12,2,665.95,0.05
11799,4699,88,2,217.75,0.15
11800,4700,11,5,431.92,0.1
11801,4700,77,4,20.71,0.0
11802,4701,38,2,342.42,0.15
11803,4701,81,2,472.42,0.15
11804,4701,96,1,261.53,0.0
11805,4702,102,3,268.48,0.15
11806,4702,119,3,181.96,0.1
11807,4702,67,2,439.64,0.0
11808,4703,23,1,473.03,0.0
11809,4703,83,1,229.64,0.0
11810,4703,80,5,334.64,0.15
11811,4703,51,5,592.49,0.0
11812,4704,68,2,187.83,0.0
11813,4704,33,4,596.3,0.0
11814,4705,114,5,321.32,0.0
11815,4705,120,1,437.18,0.1
11816,4705,97,1,140.58,0.0
11817,4705,66,3,325.89,0.0
11818,4706,3,4,400.77,0.15
11819,4706,7,2,342.91,0.05
11820,4706,30,5,474.66,0.0
11821,4707,120,5,437.18,0.0
11822,4708,102,3,268.48,0.1
11823,4708,41,4,466.15,0.05
11824,4708,64,2,433.42,0.0
11825,4708,78,3,496.95,0.15
11826,4709,43,3,487.39,0.0
11827,4709,25,2,424.49,0.0
11828,4709,2,1,225.66,0.15
11829,4709,97,3,140.58,0.05
11830,4710,11,4,431.92,0.1
11831,4710,99,5,654.14,0.0
11832,4711,32,3,527.45,0.15
11833,4711,119,5,181.96,0.05
11834,4711,16,3,337.82,0.0
11835,4711,70,4,477.56,0.0
11836,4712,39,5,435.88,0.1
11837,4712,12,4,665.95,0.0
11838,4713,22,5,155.04,0.0
11839,4714,3,5,400.77,0.0
11840,4714,116,5,151.15,0.15
11841,4714,69,2,199.67,0.0
11842,4715,81,2,472.42,0.0
11843,4715,102,5,268.48,0.0
11844,4715,31,5,492.63,0.1
11845,4716,21,5,128.96,0.0
11846,4717,53,5,90.14,0.0
11847,4717,44,3,155.05,0.05
11848,4717,56,4,701.89,0.15
11849,4717,12,1,665.95,0.0
11850,4718,50,4,641.98,0.05
11851,4718,33,4,596.3,0.15
11852,4719,3,3,400.77,0.0
11853,4719,92,4,473.15,0.05
11854,4719,93,5,96.97,0.15
11855,4719,45,2,124.25,0.05
11856,4720,44,2,155.05,0.1
11857,4720,116,4,151.15,0.15
11858,4720,8,2,230.66,0.0
11859,4720,109,5,345.03,0.05
11860,4721,3,5,400.77,0.15
11861,4722,58,3,421.43,0.0
11862,4723,6,3,148.07,0.15
11863,4723,14,1,167.56,0.05
11864,4724,51,4,592.49,0.0
11865,4724,1,1,250.67,0.1
11866,4724,53,4,90.14,0.0
11867,4724,32,5,527.45,0.1
11868,4725,22,4,155.04,0.15
11869,4725,20,3,344.47,0.1
11870,4725,24,3,576.43,0.15
11871,4726,2,2,225.66,0.15
11872,4726,107,5,70.69,0.15
11873,4726,47,3,533.66,0.1
11874,4726,43,5,487.39,0.1
11875,4727,12,4,665.95,0.05
11876,4727,20,5,344.47,0.05
11877,4727,58,3,421.43,0.0
11878,4728,46,4,429.96,0.0
11879,4728,93,5,96.97,0.0
11880,4728,108,5,564.18,0.0
11881,4728,88,2,217.75,0.0
11882,4729,62,2,455.65,0.1
11883,4729,35,3,368.74,0.05
11884,4730,63,4,460.08,0.0
11885,4730,116,5,151.15,0.0
11886,4730,58,1,421.43,0.15
11887,4730,38,4,342.42,0.15
11888,4731,46,3,429.96,0.05
11889,4731,101,5,530.68,0.0
11890,4732,70,5,477.56,0.0
11891,4732,115,4,191.72,0.05
11892,4732,27,4,50.29,0.0
11893,4732,74,5,259.9,0.0
11894,4733,114,5,321.32,0.0
11895,4733,17,4,335.91,0.05
11896,4734,81,3,472.42,0.05
11897,4734,17,5,335.91,0.15
11898,4735,95,1,197.03,0.0
11899,4735,11,2,431.92,0.15
11900,4735,104,3,497.51,0.05
11901,4735,85,4,294.43,0.0
11902,4736,31,1,492.63,0.0
11903,4736,21,2,128.96,0.1
11904,4736,36,4,461.97,0.15
11905,4737,58,2,421.43,0.1
11906,4737,16,1,337.82,0.0
11907,4738,8,5,230.66,0.1
11908,4738,1,3,250.67,0.15
11909,4738,3,1,400.77,0.15
11910,4738,49,5,224.05,0.0
11911,4739,57,4,359.66,0.0
11912,4739,26,2,283.16,0.1
11913,4739,13,4,546.51,0.0
11914,4739,84,1,233.29,0.1
11915,4740,102,2,268.48,0.0
11916,4740,117,4,97.33,0.1
11917,4740,118,2,357.13,0.0
11918,4740,83,5,229.64,0.15
11919,4741,54,1,589.22,0.0
11920,4741,1,2,250.67,0.05
11921,4741,32,4,527.45,0.05
11922,4741,15,4,434.83,0.05
11923,4742,63,4,460.08,0.1
11924,4742,19,5,236.74,0.0
11925,4743,111,3,220.69,0.1
11926,4743,116,4,151.15,0.0
11927,4743,64,2,433.42,0.1
11928,4744,18,1,774.6,0.05
11929,4744,36,3,461.97,0.0
11930,4745,35,2,368.74,0.0
11931,4746,85,4,294.43,0.0
11932,4746,117,3,97.33,0.05
11933,4747,105,5,161.35,0.0
11934,4747,45,2,124.25,0.1
11935,4748,47,1,533.66,0.0
11936,4748,44,1,155.05,0.05
11937,4748,40,5,246.27,0.0
11938,4749,79,5,353.32,0.0
11939,4749,1,3,250.67,0.0
11940,4749,114,4,321.32,0.1
11941,4750,66,2,325.89,0.0
11942,4750,60,4,765.19,0.0
11943,4750,33,1,596.3,0.05
11944,4750,69,3,199.67,0.05
11945,4751,60,4,765.19,0.0
11946,4751,81,5,472.42,0.0
11947,4751,34,4,269.02,0.1
11948,4752,106,3,293.96,0.0
11949,4752,68,4,187.83,0.1
11950,4752,20,5,344.47,0.0
11951,4753,14,2,167.56,0.0
11952,4753,92,3,473.15,0.0
11953,4754,100,1,192.03,0.05
11954,4754,59,1,189.03,0.15
11955,4755,59,1,189.03,0.15
11956,4755,107,2,70.69,0.0
11957,4756,14,3,167.56,0.15
11958,4756,68,4,187.83,0.0
11959,4757,24,3,576.43,0.15
11960,4757,64,2,433.42,0.1
11961,4758,58,3,421.43,0.1
11962,4758,80,5,334.64,0.15
11963,4758,1,2,250.67,0.0
11964,4759,17,4,335.91,0.0
11965,4759,43,4,487.39,0.1
11966,4759,102,2,268.48,0.1
11967,4759,18,1,774.6,0.0
11968,4760,74,4,259.9,0.0
11969,4760,72,5,417.09,0.0
11970,4761,9,2,566.94,0.1
11971,4761,2,1,225.66,0.0
11972,4761,42,3,506.69,0.15
11973,4762,14,2,167.56,0.05
11974,4762,55,1,143.78,0.0
11975,4762,114,3,321.32,0.0
11976,4762,38,5,342.42,0.05
11977,4763,20,5,344.47,0.0
11978,4763,97,3,140.58,0.0
11979,4764,110,4,551.82,0.05
11980,4764,56,4,701.89,0.05
11981,4765,21,1,128.96,0.05
11982,4765,23,4,473.03,0.0
11983,4765,41,5,466.15,0.15
11984,4765,95,5,197.03,0.15
11985,4766,113,4,113.5,0.0
11986,4766,3,3,400.77,0.0
11987,4767,27,3,50.29,0.15
11988,4767,68,3,187.83,0.0
11989,4767,31,4,492.63,0.15
11990,4768,9,3,566.94,0.15
11991,4768,72,4,417.09,0.0
11992,4768,3,5,400.77,0.0
11993,4769,12,5,665.95,0.05
11994,4769,36,1,461.97,0.1
11995,4769,25,5,424.49,0.05
11996,4770,19,5,236.74,0.0
11997,4770,18,3,774.6,0.0
11998,4770,92,3,473.15,0.0
11999,4770,40,4,246.27,0.0
12000,4771,86,5,508.15,0.15
12001,4771,66,2,325.89,0.05
12002,4772,100,3,192.03,0.1
12003,4772,59,2,189.03,0.1
12004,4773,76,5,544.8,0.15
12005,4773,21,1,128.96,0.0
12006,4773,51,4,592.49,0.15
12007,4773,45,3,124.25,0.05
12008,4774,9,2,566.94,0.05
12009,4774,8,1,230.66,0.0
12010,4774,15,1,434.83,0.0
12011,4775,109,1,345.03,0.1
12012,4775,32,4,527.45,0.0
12013,4775,102,1,268.48,0.1
12014,4775,86,1,508.15,0.05
12015,4776,10,1,358.28,0.1
12016,4777,17,3,335.91,0.0
12017,4777,28,1,278.53,0.05
12018,4777,21,5,128.96,0.0
12019,4778,24,1,576.43,0.1
12020,4778,68,4,187.83,0.0
12021,4778,106,3,293.96,0.05
12022,4778,88,4,217.75,0.05
12023,4779,31,5,492.63,0.1
12024,4779,48,5,688.65,0.1
12025,4779,30,1,474.66,0.1
12026,4779,11,5,431.92,0.0
12027,4780,88,1,217.75,0.05
12028,4780,93,1,96.97,0.0
12029,4780,57,4,359.66,0.15
12030,4780,80,2,334.64,0.0
12031,4781,51,4,592.49,0.05
12032,4781,13,5,546.51,0.05
12033,4781,105,3,161.35,0.0
12034,4782,107,3,70.69,0.15
12035,4782,50,2,641.98,0.1
12036,4783,91,1,111.41,0.15
12037,4783,109,2,345.03,0.15
12038,4783,25,2,424.49,0.15
12039,4784,24,5,576.43,0.0
12040,4784,17,2,335.91,0.05
12041,4784,76,2,544.8,0.1
12042,4785,40,3,246.27,0.0
12043,4785,71,5,298.03,0.1
12044,4786,106,1,293.96,0.1
12045,4787,104,1,497.51,0.0
12046,4787,68,4,187.83,0.1
12047,4787,59,5,189.03,0.0
12048,4788,44,3,155.05,0.0
12049,4788,60,2,765.19,0.1
12050,4789,89,3,156.62,0.1
12051,4790,13,5,546.51,0.0
12052,4790,118,2,357.13,0.0
12053,4791,12,1,665.95,0.15
12054,4791,88,4,217.75,0.0
12055,4791,26,3,283.16,0.0
12056,4791,56,2,701.89,0.1
12057,4792,21,5,128.96,0.1
12058,4793,108,5,564.18,0.1
12059,4793,22,2,155.04,0.1
12060,4794,113,4,113.5,0.0
12061,4794,26,5,283.16,0.15
12062,4794,49,4,224.05,0.1
12063,4794,84,1,233.29,0.1
12064,4795,4,4,538.06,0.0
12065,4795,79,1,353.32,0.05
12066,4795,96,2,261.53,0.1
12067,4796,19,3,236.74,0.0
12068,4796,48,3,688.65,0.15
12069,4796,70,4,477.56,0.1
12070,4796,107,3,70.69,0.1
12071,4797,58,5,421.43,0.0
12072,4797,61,5,610.85,0.1
12073,4797,32,2,527.45,0.15
12074,4798,55,5,143.78,0.0
12075,4798,19,1,236.74,0.0
12076,4798,52,2,119.81,0.05
12077,4798,3,1,400.77,0.05
12078,4799,52,1,119.81,0.0
12079,4799,72,5,417.09,0.15
12080,4800,64,2,433.42,0.0
12081,4801,74,3,259.9,0.1
12082,4802,111,1,220.69,0.1
12083,4803,77,1,20.71,0.05
12084,4804,51,3,592.49,0.0
12085,4804,113,5,113.5,0.1
12086,4804,104,3,497.51,0.0
12087,4804,60,4,765.19,0.0
12088,4805,1,3,250.67,0.15
12089,4805,46,3,429.96,0.0
12090,4805,65,1,775.34,0.0
12091,4805,14,5,167.56,0.15
12092,4806,7,1,342.91,0.0
12093,4807,94,5,357.14,0.0
12094,4807,93,4,96.97,0.0
12095,4807,83,1,229.64,0.05
12096,4807,55,4,143.78,0.05
12097,4808,38,1,342.42,0.05
12098,4808,43,3,487.39,0.15
12099,4808,84,2,233.29,0.05
12100,4808,63,3,460.08,0.0
12101,4809,107,1,70.69,0.15
12102,4809,9,5,566.94,0.05
12103,4810,92,3,473.15,0.1
12104,4811,106,3,293.96,0.15
12105,4811,36,2,461.97,0.05
12106,4811,76,2,544.8,0.0
12107,4812,22,1,155.04,0.0
12108,4813,115,3,191.72,0.15
12109,4813,118,4,357.13,0.0
12110,4814,112,3,530.6,0.1
12111,4815,25,4,424.49,0.0
12112,4815,106,5,293.96,0.1
12113,4816,80,1,334.64,0.0
12114,4817,49,3,224.05,0.1
12115,4817,41,4,466.15,0.15
12116,4817,84,3,233.29,0.15
12117,4818,25,3,424.49,0.05
12118,4819,63,1,460.08,0.0
12119,4819,8,1,230.66,0.05
12120,4820,58,5,421.43,0.05
12121,4821,80,1,334.64,0.05
12122,4821,102,5,268.48,0.15
12123,4822,45,1,124.25,0.0
12124,4822,14,2,167.56,0.0
12125,4822,100,2,192.03,0.0
12126,4822,107,3,70.69,0.05
12127,4823,96,5,261.53,0.15
12128,4823,29,5,332.87,0.0
12129,4823,40,1,246.27,0.0
12130,4824,15,2,434.83,0.0
12131,4825,70,3,477.56,0.15
12132,4825,114,4,321.32,0.15
12133,4826,66,2,325.89,0.0
12134,4826,20,2,344.47,0.0
12135,4826,32,4,527.45,0.15
12136,4826,93,3,96.97,0.0
12137,4827,3,2,400.77,0.0
12138,4827,94,3,357.14,0.05
12139,4828,11,5,431.92,0.1
12140,4828,12,4,665.95,0.0
12141,4828,20,1,344.47,0.0
12142,4829,101,5,530.68,0.1
12143,4829,12,5,665.95,0.05
12144,4829,13,3,546.51,0.15
12145,4830,104,1,497.51,0.0
12146,4830,19,3,236.74,0.0
12147,4830,5,1,206.39,0.15
12148,4831,31,1,492.63,0.0
12149,4831,110,3,551.82,0.0
12150,4831,42,4,506.69,0.15
12151,4831,83,1,229.64,0.05
12152,4832,9,2,566.94,0.0
12153,4832,13,5,546.51,0.0
12154,4833,96,1,261.53,0.05
12155,4833,65,5,775.34,0.0
12156,4833,101,1,530.68,0.15
12157,4833,27,5,50.29,0.05
12158,4834,44,1,155.05,0.0
12159,4834,66,4,325.89,0.1
12160,4834,10,4,358.28,0.0
12161,4834,101,2,530.68,0.0
12162,4835,86,2,508.15,0.0
12163,4836,65,2,775.34,0.1
12164,4836,98,5,387.36,0.0
12165,4836,118,5,357.13,0.0
12166,4836,106,2,293.96,0.1
12167,4837,20,5,344.47,0.05
12168,4837,14,3,167.56,0.15
12169,4837,57,1,359.66,0.0
12170,4838,90,4,250.98,0.0
12171,4838,23,3,473.03,0.15
12172,4838,11,5,431.92,0.0
12173,4839,63,5,460.08,0.05
12174,4840,43,3,487.39,0.0
12175,4841,62,2,455.65,0.05
12176,4841,65,2,775.34,0.15
12177,4841,71,4,298.03,0.0
12178,4841,66,2,325.89,0.0
12179,4842,69,5,199.67,0.0
12180,4842,18,2,774.6,0.1
12181,4842,6,2,148.07,0.0
12182,4843,51,5,592.49,0.0
12183,4844,53,5,90.14,0.0
12184,4844,100,2,192.03,0.0
12185,4845,9,5,566.94,0.0
12186,4845,13,4,546.51,0.0
12187,4845,112,2,530.6,0.1
12188,4845,31,3,492.63,0.15
12189,4846,96,3,261.53,0.05
12190,4846,4,2,538.06,0.15
12191,4846,69,5,199.67,0.1
12192,4846,100,4,192.03,0.05
12193,4847,92,1,473.15,0.0
12194,4847,82,5,382.23,0.05
12195,4847,35,4,368.74,0.0
12196,4847,50,4,641.98,0.0
12197,4848,108,5,564.18,0.1
12198,4849,18,4,774.6,0.05
12199,4849,116,2,151.15,0.0
12200,4849,22,4,155.04,0.1
12201,4849,44,3,155.05,0.0
12202,4850,33,2,596.3,0.0
12203,4850,94,3,357.14,0.0
12204,4850,3,4,400.77,0.15
12205,4850,95,1,197.03,0.0
12206,4851,36,1,461.97,0.0
12207,4851,23,1,473.03,0.1
12208,4852,36,1,461.97,0.1
12209,4852,37,5,678.06,0.15
12210,4853,106,4,293.96,0.0
12211,4853,100,4,192.03,0.0
12212,4853,80,5,334.64,0.05
12213,4853,113,4,113.5,0.0
12214,4854,102,4,268.48,0.15
12215,4854,119,4,181.96,0.0
12216,4855,26,2,283.16,0.0
12217,4855,82,5,382.23,0.15
12218,4856,35,1,368.74,0.05
12219,4856,114,3,321.32,0.05
12220,4857,113,2,113.5,0.0
12221,4857,101,1,530.68,0.0
12222,4857,56,5,701.89,0.0
12223,4858,81,4,472.42,0.15
12224,4859,61,2,610.85,0.0
12225,4859,70,2,477.56,0.0
12226,4859,120,2,437.18,0.0
12227,4860,50,1,641.98,0.05
12228,4860,23,2,473.03,0.05
12229,4861,71,3,298.03,0.0
12230,4861,72,4,417.09,0.0
12231,4861,64,3,433.42,0.1
12232,4862,66,3,325.89,0.1
12233,4862,52,2,119.81,0.0
12234,4862,77,2,20.71,0.0
12235,4863,35,3,368.74,0.0
12236,4863,48,1,688.65,0.0
12237,4863,105,3,161.35,0.05
12238,4863,87,5,87.7,0.1
12239,4864,101,3,530.68,0.0
12240,4864,107,3,70.69,0.0
12241,4865,4,5,538.06,0.0
12242,4866,77,3,20.71,0.05
12243,4866,67,4,439.64,0.15
12244,4867,111,2,220.69,0.15
12245,4867,24,1,576.43,0.0
12246,4867,87,4,87.7,0.15
12247,4867,118,1,357.13,0.0
12248,4868,29,3,332.87,0.1
12249,4868,89,2,156.62,0.1
12250,4868,17,4,335.91,0.15
12251,4868,62,3,455.65,0.0
12252,4869,24,2,576.43,0.05
12253,4870,113,4,113.5,0.05
12254,4871,23,2,473.03,0.05
12255,4871,39,3,435.88,0.0
12256,4871,54,4,589.22,0.0
12257,4871,36,3,461.97,0.0
12258,4872,10,4,358.28,0.0
12259,4872,27,3,50.29,0.0
12260,4873,82,4,382.23,0.0
12261,4874,76,3,544.8,0.0
12262,4875,83,5,229.64,0.0
12263,4875,103,2,415.47,0.0
12264,4876,10,1,358.28,0.15
12265,4877,117,2,97.33,0.0
12266,4878,83,5,229.64,0.05
12267,4878,51,2,592.49,0.1
12268,4878,9,4,566.94,0.1
12269,4878,34,5,269.02,0.05
12270,4879,16,1,337.82,0.0
12271,4879,24,4,576.43,0.0
12272,4880,5,4,206.39,0.0
12273,4880,48,2,688.65,0.15
12274,4881,106,2,293.96,0.0
12275,4881,115,3,191.72,0.0
12276,4881,6,2,148.07,0.15
12277,4882,101,4,530.68,0.0
12278,4882,103,2,415.47,0.15
12279,4883,114,3,321.32,0.0
12280,4883,20,1,344.47,0.0
12281,4883,54,4,589.22,0.1
12282,4884,45,5,124.25,0.05
12283,4884,25,4,424.49,0.05
12284,4884,46,2,429.96,0.15
12285,4885,4,2,538.06,0.05
12286,4885,98,5,387.36,0.0
12287,4885,15,2,434.83,0.0
12288,4886,63,1,460.08,0.0
12289,4886,85,3,294.43,0.05
12290,4886,38,5,342.42,0.0
12291,4886,58,2,421.43,0.0
12292,4887,84,1,233.29,0.0
12293,4887,99,3,654.14,0.1
12294,4887,70,1,477.56,0.1
12295,4887,98,5,387.36,0.0
12296,4888,54,2,589.22,0.05
12297,4888,47,2,533.66,0.1
12298,4889,32,3,527.45,0.0
12299,4889,112,1,530.6,0.05
12300,4889,63,1,460.08,0.0
12301,4889,82,3,382.23,0.0
12302,4890,5,5,206.39,0.0
12303,4890,102,5,268.48,0.0
12304,4891,72,3,417.09,0.0
12305,4891,32,5,527.45,0.0
12306,4891,89,4,156.62,0.0
12307,4891,9,2,566.94,0.15
12308,4892,25,2,424.49,0.1
12309,4892,78,5,496.95,0.0
12310,4893,92,3,473.15,0.1
12311,4894,16,2,337.82,0.15
12312,4895,98,5,387.36,0.15
12313,4895,72,5,417.09,0.0
12314,4896,97,5,140.58,0.0
12315,4896,28,1,278.53,0.0
12316,4896,13,5,546.51,0.05
12317,4897,9,4,566.94,0.1
12318,4897,62,1,455.65,0.05
12319,4897,54,2,589.22,0.0
12320,4898,3,4,400.77,0.0
12321,4898,93,1,96.97,0.0
12322,4898,59,5,189.03,0.15
12323,4899,78,4,496.95,0.0
12324,4899,82,2,382.23,0.1
12325,4899,37,2,678.06,0.1
12326,4900,111,2,220.69,0.05
12327,4900,40,2,246.27,0.05
12328,4900,116,5,151.15,0.05
12329,4901,13,3,546.51,0.1
12330,4901,35,3,368.74,0.15
12331,4901,68,2,187.83,0.0
12332,4902,114,2,321.32,0.0
12333,4902,64,3,433.42,0.0
12334,4902,70,4,477.56,0.15
12335,4902,57,3,359.66,0.15
12336,4903,76,4,544.8,0.0
12337,4903,68,4,187.83,0.0
12338,4903,41,1,466.15,0.15
12339,4903,115,5,191.72,0.1
12340,4904,102,2,268.48,0.05
12341,4905,95,5,197.03,0.0
12342,4906,67,4,439.64,0.0
12343,4907,100,2,192.03,0.15
12344,4908,57,1,359.66,0.15
12345,4908,115,4,191.72,0.15
12346,4908,24,1,576.43,0.0
12347,4908,107,4,70.69,0.0
12348,4909,88,3,217.75,0.15
12349,4909,92,1,473.15,0.0
12350,4909,75,2,102.43,0.0
12351,4910,14,4,167.56,0.0
12352,4911,20,2,344.47,0.0
12353,4911,41,2,466.15,0.0
12354,4911,39,5,435.88,0.15
12355,4911,91,2,111.41,0.1
12356,4912,74,1,259.9,0.05
12357,4912,75,2,102.43,0.05
12358,4912,52,3,119.81,0.0
12359,4912,96,2,261.53,0.05
12360,4913,52,4,119.81,0.05
12361,4914,99,1,654.14,0.05
12362,4914,96,5,261.53,0.0
12363,4915,104,5,497.51,0.0
12364,4915,93,2,96.97,0.0
12365,4915,73,1,693.24,0.0
12366,4915,68,5,187.83,0.0
12367,4916,48,4,688.65,0.05
12368,4917,33,3,596.3,0.0
12369,4917,19,3,236.74,0.0
12370,4917,62,3,455.65,0.1
12371,4917,94,3,357.14,0.0
12372,4918,90,3,250.98,0.0
12373,4918,73,1,693.24,0.15
12374,4918,108,5,564.18,0.0
12375,4918,28,3,278.53,0.1
12376,4919,25,5,424.49,0.0
12377,4919,10,1,358.28,0.05
12378,4919,3,2,400.77,0.0
12379,4920,12,4,665.95,0.1
12380,4921,28,3,278.53,0.1
12381,4922,97,1,140.58,0.05
12382,4922,105,2,161.35,0.0
12383,4922,53,2,90.14,0.05
12384,4923,27,1,50.29,0.05
12385,4923,99,3,654.14,0.1
12386,4923,120,5,437.18,0.0
12387,4923,114,5,321.32,0.1
12388,4924,82,1,382.23,0.1
12389,4924,9,1,566.94,0.1
12390,4925,64,1,433.42,0.0
12391,4925,20,3,344.47,0.05
12392,4926,95,3,197.03,0.0
12393,4927,20,3,344.47,0.15
12394,4927,28,1,278.53,0.0
12395,4927,109,4,345.03,0.15
12396,4927,92,5,473.15,0.0
12397,4928,119,2,181.96,0.0
12398,4928,28,4,278.53,0.0
12399,4929,66,2,325.89,0.0
12400,4930,50,1,641.98,0.0
12401,4930,60,3,765.19,0.05
12402,4930,92,1,473.15,0.0
12403,4931,1,4,250.67,0.1
12404,4931,32,3,527.45,0.1
12405,4932,107,1,70.69,0.0
12406,4932,101,4,530.68,0.1
12407,4933,117,2,97.33,0.1
12408,4933,53,4,90.14,0.05
12409,4933,113,1,113.5,0.0
12410,4934,101,1,530.68,0.1
12411,4934,99,2,654.14,0.05
12412,4934,49,5,224.05,0.1
12413,4934,75,4,102.43,0.0
12414,4935,72,5,417.09,0.15
12415,4935,89,2,156.62,0.0
12416,4935,41,2,466.15,0.05
12417,4935,40,3,246.27,0.0
12418,4936,29,5,332.87,0.0
12419,4936,46,4,429.96,0.15
12420,4937,100,1,192.03,0.0
12421,4938,102,2,268.48,0.05
12422,4938,106,2,293.96,0.1
12423,4939,13,5,546.51,0.05
12424,4939,84,4,233.29,0.15
12425,4940,93,2,96.97,0.05
12426,4941,105,2,161.35,0.15
12427,4941,14,4,167.56,0.0
12428,4941,100,5,192.03,0.0
12429,4942,108,4,564.18,0.0
12430,4942,77,2,20.71,0.05
12431,4943,59,2,189.03,0.0
12432,4944,8,4,230.66,0.15
12433,4944,27,3,50.29,0.0
12434,4944,53,2,90.14,0.0
12435,4944,107,1,70.69,0.1
12436,4945,58,4,421.43,0.0
12437,4945,52,2,119.81,0.15
12438,4946,110,1,551.82,0.05
12439,4946,89,5,156.62,0.0
12440,4946,67,4,439.64,0.05
12441,4946,71,5,298.03,0.1
12442,4947,57,1,359.66,0.0
12443,4947,99,2,654.14,0.05
12444,4948,18,2,774.6,0.0
12445,4948,25,3,424.49,0.05
12446,4948,74,3,259.9,0.05
12447,4949,88,1,217.75,0.1
12448,4949,102,3,268.48,0.0
12449,4949,77,4,20.71,0.1
12450,4950,107,2,70.69,0.05
12451,4950,78,5,496.95,0.0
12452,4950,20,1,344.47,0.05
12453,4951,96,3,261.53,0.0
12454,4951,90,5,250.98,0.05
12455,4951,43,1,487.39,0.05
12456,4951,15,2,434.83,0.0
12457,4952,103,5,415.47,0.0
12458,4952,19,2,236.74,0.1
12459,4952,49,4,224.05,0.05
12460,4952,39,5,435.88,0.0
12461,4953,38,4,342.42,0.0
12462,4954,58,2,421.43,0.0
12463,4954,97,1,140.58,0.05
12464,4954,95,5,197.03,0.1
12465,4955,92,3,473.15,0.05
12466,4955,111,2,220.69,0.0
12467,4955,49,3,224.05,0.0
12468,4955,16,5,337.82,0.15
12469,4956,81,1,472.42,0.1
12470,4956,48,2,688.65,0.0
12471,4956,6,5,148.07,0.05
12472,4957,60,1,765.19,0.05
12473,4958,104,1,497.51,0.05
12474,4958,98,4,387.36,0.15
12475,4959,7,1,342.91,0.0
12476,4960,45,5,124.25,0.0
12477,4960,77,4,20.71,0.15
12478,4960,101,3,530.68,0.0
12479,4961,50,1,641.98,0.0
12480,4961,76,4,544.8,0.0
12481,4962,104,2,497.51,0.05
12482,4962,113,1,113.5,0.15
12483,4963,103,1,415.47,0.0
12484,4964,50,4,641.98,0.15
12485,4964,56,5,701.89,0.1
12486,4964,20,4,344.47,0.1
12487,4964,115,5,191.72,0.05
12488,4965,14,3,167.56,0.0
12489,4965,56,3,701.89,0.05
12490,4966,71,2,298.03,0.0
12491,4966,1,1,250.67,0.0
12492,4967,10,3,358.28,0.0
12493,4967,34,4,269.02,0.0
12494,4967,43,4,487.39,0.15
12495,4968,27,3,50.29,0.05
12496,4968,18,2,774.6,0.1
12497,4968,91,4,111.41,0.05
12498,4969,13,2,546.51,0.1
12499,4969,120,4,437.18,0.0
12500,4969,49,2,224.05,0.0
12501,4970,76,2,544.8,0.0
12502,4970,12,1,665.95,0.0
12503,4970,114,3,321.32,0.0
12504,4970,21,5,128.96,0.0
12505,4971,77,1,20.71,0.0
12506,4971,56,2,701.89,0.05
12507,4971,23,3,473.03,0.15
12508,4972,38,1,342.42,0.0
12509,4972,32,1,527.45,0.0
12510,4972,95,5,197.03,0.0
12511,4973,3,1,400.77,0.05
12512,4973,20,3,344.47,0.05
12513,4974,12,2,665.95,0.1
12514,4975,20,1,344.47,0.0
12515,4976,112,3,530.6,0.0
12516,4976,31,5,492.63,0.15
12517,4976,88,4,217.75,0.0
12518,4976,16,5,337.82,0.1
12519,4977,72,2,417.09,0.1
12520,4977,117,4,97.33,0.0
12521,4977,89,5,156.62,0.0
12522,4977,45,4,124.25,0.05
12523,4978,56,3,701.89,0.0
12524,4978,101,2,530.68,0.05
12525,4978,16,5,337.82,0.1
12526,4978,93,4,96.97,0.15
12527,4979,76,1,544.8,0.0
12528,4980,106,2,293.96,0.0
12529,4981,23,4,473.03,0.1
12530,4981,13,1,546.51,0.0
12531,4981,48,5,688.65,0.05
12532,4982,114,1,321.32,0.1
12533,4982,85,2,294.43,0.05
12534,4983,90,3,250.98,0.0
12535,4983,57,3,359.66,0.15
12536,4983,59,5,189.03,0.1
12537,4983,4,3,538.06,0.1
12538,4984,47,5,533.66,0.15
12539,4984,100,1,192.03,0.05
12540,4985,113,5,113.5,0.05
12541,4985,51,2,592.49,0.0
12542,4985,30,2,474.66,0.0
12543,4985,108,3,564.18,0.0
12544,4986,23,5,473.03,0.0
12545,4986,87,4,87.7,0.15
12546,4986,71,1,298.03,0.0
12547,4987,118,1,357.13,0.0
12548,4987,5,5,206.39,0.0
12549,4987,65,1,775.34,0.0
12550,4988,4,2,538.06,0.1
12551,4988,112,5,530.6,0.0
12552,4988,57,4,359.66,0.05
12553,4989,48,4,688.65,0.05
12554,4989,72,4,417.09,0.05
12555,4990,65,5,775.34,0.0
12556,4991,116,3,151.15,0.1
12557,4991,68,4,187.83,0.0
12558,4992,2,2,225.66,0.1
12559,4992,51,4,592.49,0.1
12560,4993,52,2,119.81,0.1
12561,4993,59,5,189.03,0.15
12562,4994,40,2,246.27,0.05
12563,4994,9,5,566.94,0.15
12564,4994,45,1,124.25,0.05
12565,4995,92,1,473.15,0.05
12566,4995,44,2,155.05,0.0
12567,4996,3,5,400.77,0.05
12568,4997,119,3,181.96,0.1
12569,4997,65,1,775.34,0.0
12570,4998,83,2,229.64,0.0
12571,4998,80,2,334.64,0.0
12572,4999,67,3,439.64,0.1
12573,4999,85,1,294.43,0.0
12574,5000,84,3,233.29,0.0
12575,5000,10,3,358.28,0.0
12576,5000,52,2,119.81,0.05
12577,5000,49,5,224.05,0.0
12578,5001,87,4,87.7,0.1
12579,5001,27,2,50.29,0.0
12580,5002,15,3,434.83,0.0
12581,5003,24,2,576.43,0.0
12582,5003,10,5,358.28,0.1
12583,5003,102,5,268.48,0.1
12584,5003,46,3,429.96,0.1
12585,5004,91,1,111.41,0.1
12586,5004,113,3,113.5,0.0
12587,5004,56,4,701.89,0.0
12588,5005,79,5,353.32,0.15
12589,5006,65,4,775.34,0.1
12590,5006,9,4,566.94,0.05
12591,5006,68,3,187.83,0.15
12592,5007,113,4,113.5,0.0
12593,5007,103,1,415.47,0.15
12594,5007,45,2,124.25,0.0
12595,5007,110,5,551.82,0.0
12596,5008,63,1,460.08,0.0
12597,5008,76,4,544.8,0.15
12598,5009,5,4,206.39,0.15
12599,5009,50,3,641.98,0.1
12600,5010,114,5,321.32,0.0
12601,5010,118,1,357.13,0.15
12602,5010,63,5,460.08,0.0
12603,5010,23,1,473.03,0.15
12604,5011,78,2,496.95,0.05
12605,5011,12,2,665.95,0.15
12606,5011,94,5,357.14,0.15
12607,5011,111,3,220.69,0.05
12608,5012,30,5,474.66,0.0
12609,5012,102,5,268.48,0.0
12610,5013,48,5,688.65,0.0
12611,5013,96,2,261.53,0.0
12612,5013,73,3,693.24,0.0
12613,5014,83,2,229.64,0.0
12614,5014,35,2,368.74,0.1
12615,5015,72,2,417.09,0.0
12616,5015,82,4,382.23,0.0
12617,5015,120,5,437.18,0.1
12618,5016,115,1,191.72,0.0
12619,5016,66,2,325.89,0.0
12620,5016,98,4,387.36,0.05
12621,5016,95,4,197.03,0.1
12622,5017,51,4,592.49,0.0
12623,5017,32,2,527.45,0.0
12624,5018,95,3,197.03,0.1
12625,5018,10,3,358.28,0.1
12626,5018,85,5,294.43,0.15
12627,5019,58,5,421.43,0.0
12628,5020,6,3,148.07,0.0
12629,5020,87,4,87.7,0.15
12630,5021,108,4,564.18,0.05
12631,5022,30,3,474.66,0.1
12632,5022,44,5,155.05,0.0
12633,5022,27,2,50.29,0.15
12634,5023,84,5,233.29,0.15
12635,5023,120,1,437.18,0.0
12636,5023,28,3,278.53,0.0
12637,5023,27,2,50.29,0.0
12638,5024,75,4,102.43,0.1
12639,5025,26,5,283.16,0.0
12640,5025,116,3,151.15,0.1
12641,5025,30,4,474.66,0.1
12642,5025,97,2,140.58,0.05
12643,5026,63,3,460.08,0.15
12644,5026,98,4,387.36,0.05
12645,5027,2,5,225.66,0.0
12646,5028,98,3,387.36,0.1
12647,5029,20,1,344.47,0.15
12648,5029,54,4,589.22,0.05
12649,5029,89,3,156.62,0.0
12650,5030,20,5,344.47,0.0
12651,5030,47,5,533.66,0.0
12652,5031,43,2,487.39,0.0
12653,5031,76,2,544.8,0.0
12654,5031,8,1,230.66,0.0
12655,5031,46,1,429.96,0.05
12656,5032,47,1,533.66,0.15
12657,5032,55,2,143.78,0.0
12658,5032,111,4,220.69,0.15
12659,5033,25,4,424.49,0.15
12660,5033,13,2,546.51,0.0
12661,5033,105,5,161.35,0.15
12662,5034,7,3,342.91,0.0
12663,5035,37,4,678.06,0.05
12664,5035,55,1,143.78,0.0
12665,5035,107,1,70.69,0.1
12666,5035,117,5,97.33,0.05
12667,5036,84,4,233.29,0.0
12668,5036,61,2,610.85,0.0
12669,5036,71,5,298.03,0.0
12670,5036,54,2,589.22,0.05
12671,5037,108,5,564.18,0.0
12672,5038,73,2,693.24,0.05
12673,5038,48,5,688.65,0.05
12674,5038,52,1,119.81,0.15
12675,5038,88,1,217.75,0.05
12676,5039,46,1,429.96,0.0
12677,5039,81,5,472.42,0.15
12678,5039,19,3,236.74,0.1
12679,5039,70,3,477.56,0.15
12680,5040,43,3,487.39,0.15
12681,5040,96,1,261.53,0.0
12682,5041,52,2,119.81,0.1
12683,5041,61,4,610.85,0.0
12684,5041,12,1,665.95,0.1
12685,5041,60,2,765.19,0.1
12686,5042,89,5,156.62,0.1
12687,5042,9,3,566.94,0.15
12688,5042,86,3,508.15,0.0
12689,5042,37,3,678.06,0.0
12690,5043,103,4,415.47,0.0
12691,5043,85,4,294.43,0.0
12692,5043,59,5,189.03,0.15
12693,5043,102,4,268.48,0.1
12694,5044,68,1,187.83,0.0
12695,5044,32,3,527.45,0.1
12696,5044,19,1,236.74,0.05
12697,5044,87,2,87.7,0.0
12698,5045,93,4,96.97,0.0
12699,5045,50,2,641.98,0.0
12700,5046,63,4,460.08,0.0
12701,5046,90,4,250.98,0.0
12702,5047,106,5,293.96,0.1
12703,5047,116,4,151.15,0.0
12704,5048,22,3,155.04,0.05
12705,5049,9,4,566.94,0.1
12706,5049,31,5,492.63,0.15
12707,5049,33,5,596.3,0.0
12708,5050,101,1,530.68,0.0
12709,5050,78,2,496.95,0.0
12710,5050,18,3,774.6,0.0
12711,5051,55,4,143.78,0.0
12712,5051,54,5,589.22,0.0
12713,5052,1,1,250.67,0.05
12714,5052,75,4,102.43,0.0
12715,5052,111,5,220.69,0.0
12716,5052,50,1,641.98,0.0
12717,5053,47,5,533.66,0.0
12718,5054,113,4,113.5,0.1
12719,5054,38,1,342.42,0.1
12720,5055,69,5,199.67,0.15
12721,5056,83,3,229.64,0.0
12722,5056,63,3,460.08,0.0
12723,5057,19,1,236.74,0.15
12724,5057,101,5,530.68,0.1
12725,5057,71,4,298.03,0.0
12726,5058,102,4,268.48,0.0
12727,5058,57,5,359.66,0.0
12728,5059,41,2,466.15,0.0
12729,5059,25,5,424.49,0.0
12730,5059,119,2,181.96,0.0
12731,5059,74,4,259.9,0.05
12732,5060,39,1,435.88,0.0
12733,5060,63,1,460.08,0.15
12734,5060,116,5,151.15,0.1
12735,5060,7,2,342.91,0.1
12736,5061,31,5,492.63,0.1
12737,5061,115,5,191.72,0.0
12738,5061,57,5,359.66,0.1
12739,5062,81,5,472.42,0.1
12740,5062,99,4,654.14,0.0
12741,5063,89,5,156.62,0.05
12742,5063,61,5,610.85,0.05
12743,5063,40,3,246.27,0.0
12744,5063,9,1,566.94,0.0
12745,5064,62,3,455.65,0.05
12746,5065,44,5,155.05,0.05
12747,5065,89,5,156.62,0.0
12748,5066,36,2,461.97,0.0
12749,5067,120,3,437.18,0.1
12750,5068,77,3,20.71,0.0
12751,5068,104,1,497.51,0.15
12752,5069,73,3,693.24,0.15
12753,5070,104,2,497.51,0.0
12754,5070,16,1,337.82,0.1
12755,5071,5,2,206.39,0.0
12756,5071,40,1,246.27,0.0
12757,5071,80,3,334.64,0.0
12758,5072,82,4,382.23,0.0
12759,5072,86,5,508.15,0.1
12760,5072,80,1,334.64,0.1
12761,5072,25,1,424.49,0.0
12762,5073,50,4,641.98,0.1
12763,5073,41,3,466.15,0.1
12764,5074,96,3,261.53,0.0
12765,5075,58,3,421.43,0.0
12766,5075,29,5,332.87,0.0
12767,5076,31,2,492.63,0.15
12768,5076,7,4,342.91,0.1
12769,5077,44,2,155.05,0.0
12770,5077,113,3,113.5,0.15
12771,5078,33,5,596.3,0.0
12772,5078,21,5,128.96,0.05
12773,5078,102,2,268.48,0.15
12774,5079,67,2,439.64,0.0
12775,5080,26,3,283.16,0.15
12776,5080,39,5,435.88,0.0
12777,5081,97,5,140.58,0.0
12778,5081,31,4,492.63,0.05
12779,5081,56,3,701.89,0.0
12780,5082,60,5,765.19,0.05
12781,5082,52,5,119.81,0.0
12782,5083,120,3,437.18,0.0
12783,5083,21,1,128.96,0.0
12784,5083,100,2,192.03,0.0
12785,5084,5,1,206.39,0.0
12786,5084,94,1,357.14,0.0
12787,5085,69,5,199.67,0.0
12788,5086,98,5,387.36,0.0
12789,5086,5,3,206.39,0.15
12790,5086,45,4,124.25,0.0
12791,5086,120,1,437.18,0.0
12792,5087,61,3,610.85,0.1
12793,5087,96,4,261.53,0.0
12794,5088,100,4,192.03,0.05
12795,5089,116,1,151.15,0.0
12796,5089,19,4,236.74,0.0
12797,5090,67,4,439.64,0.15
12798,5090,63,1,460.08,0.1
12799,5090,80,2,334.64,0.0
12800,5091,64,3,433.42,0.1
12801,5091,55,3,143.78,0.0
12802,5091,31,2,492.63,0.0
12803,5092,110,2,551.82,0.15
12804,5092,42,3,506.69,0.05
12805,5092,49,2,224.05,0.0
12806,5092,30,5,474.66,0.15
12807,5093,118,3,357.13,0.0
12808,5093,75,3,102.43,0.1
12809,5093,1,3,250.67,0.0
12810,5094,18,3,774.6,0.0
12811,5094,25,4,424.49,0.0
12812,5094,2,2,225.66,0.0
12813,5095,58,3,421.43,0.0
12814,5095,61,4,610.85,0.0
12815,5095,102,2,268.48,0.1
12816,5095,103,3,415.47,0.1
12817,5096,92,2,473.15,0.05
12818,5096,9,1,566.94,0.0
12819,5097,31,3,492.63,0.05
12820,5097,54,2,589.22,0.0
12821,5098,101,2,530.68,0.15
12822,5098,120,2,437.18,0.0
12823,5099,1,1,250.67,0.15
12824,5100,114,4,321.32,0.05
12825,5101,62,4,455.65,0.15
12826,5101,116,1,151.15,0.15
12827,5102,25,3,424.49,0.15
12828,5102,11,5,431.92,0.0
12829,5102,67,2,439.64,0.0
12830,5102,22,2,155.04,0.15
12831,5103,40,1,246.27,0.1
12832,5103,56,5,701.89,0.0
12833,5103,32,3,527.45,0.15
12834,5103,97,1,140.58,0.0
12835,5104,88,1,217.75,0.05
12836,5104,28,2,278.53,0.05
12837,5104,38,3,342.42,0.05
12838,5104,25,4,424.49,0.0
12839,5105,118,5,357.13,0.05
12840,5105,88,1,217.75,0.05
12841,5106,38,1,342.42,0.0
12842,5106,110,5,551.82,0.05
12843,5106,37,2,678.06,0.15
12844,5107,113,2,113.5,0.0
12845,5108,92,3,473.15,0.05
12846,5108,41,5,466.15,0.1
12847,5108,99,1,654.14,0.0
12848,5109,100,5,192.03,0.15
12849,5109,31,2,492.63,0.0
12850,5109,27,4,50.29,0.0
12851,5110,106,2,293.96,0.0
12852,5110,37,2,678.06,0.1
12853,5111,64,2,433.42,0.0
12854,5111,112,2,530.6,0.0
12855,5112,7,4,342.91,0.0
12856,5112,61,2,610.85,0.1
12857,5112,120,1,437.18,0.0
12858,5113,25,3,424.49,0.0
12859,5113,55,1,143.78,0.15
12860,5114,116,5,151.15,0.0
12861,5114,15,5,434.83,0.15
12862,5115,64,3,433.42,0.0
12863,5115,23,2,473.03,0.0
12864,5115,9,4,566.94,0.1
12865,5115,67,5,439.64,0.1
12866,5116,106,1,293.96,0.15
12867,5117,26,3,283.16,0.1
12868,5117,50,4,641.98,0.0
12869,5117,36,5,461.97,0.0
12870,5117,58,4,421.43,0.0
12871,5118,89,4,156.62,0.15
12872,5118,15,3,434.83,0.0
12873,5118,93,5,96.97,0.0
12874,5118,42,4,506.69,0.05
12875,5119,111,5,220.69,0.1
12876,5119,103,5,415.47,0.15
12877,5120,21,2,128.96,0.0
12878,5121,68,1,187.83,0.05
12879,5121,96,3,261.53,0.1
12880,5122,5,3,206.39,0.1
12881,5122,67,5,439.64,0.0
12882,5122,32,3,527.45,0.0
12883,5122,70,2,477.56,0.15
12884,5123,92,1,473.15,0.0
12885,5123,100,3,192.03,0.0
12886,5124,105,4,161.35,0.0
12887,5124,37,1,678.06,0.1
12888,5124,43,2,487.39,0.0
12889,5125,61,1,610.85,0.0
12890,5125,47,1,533.66,0.15
12891,5126,100,4,192.03,0.0
12892,5126,97,1,140.58,0.15
12893,5127,64,2,433.42,0.1
12894,5127,19,2,236.74,0.1
12895,5127,14,2,167.56,0.05
12896,5128,36,1,461.97,0.05
12897,5128,62,4,455.65,0.0
12898,5128,22,4,155.04,0.0
12899,5129,37,2,678.06,0.0
12900,5129,94,1,357.14,0.15
12901,5130,106,5,293.96,0.15
12902,5130,47,2,533.66,0.05
12903,5130,23,4,473.03,0.15
12904,5131,34,3,269.02,0.0
12905,5131,43,2,487.39,0.0
12906,5131,87,3,87.7,0.1
12907,5131,56,5,701.89,0.0
12908,5132,89,3,156.62,0.0
12909,5133,3,1,400.77,0.15
12910,5133,37,3,678.06,0.15
12911,5133,82,3,382.23,0.1
12912,5134,99,4,654.14,0.15
12913,5134,92,4,473.15,0.15
12914,5134,8,4,230.66,0.0
12915,5134,86,4,508.15,0.1
12916,5135,70,1,477.56,0.15
12917,5135,95,1,197.03,0.05
12918,5136,75,1,102.43,0.15
12919,5136,105,1,161.35,0.05
12920,5136,40,2,246.27,0.15
12921,5136,2,5,225.66,0.15
12922,5137,25,4,424.49,0.0
12923,5138,53,1,90.14,0.15
12924,5138,120,1,437.18,0.1
12925,5138,29,5,332.87,0.0
12926,5138,52,5,119.81,0.05
12927,5139,68,4,187.83,0.0
12928,5139,2,3,225.66,0.0
12929,5139,34,4,269.02,0.0
12930,5140,99,4,654.14,0.0
12931,5140,20,5,344.47,0.0
12932,5140,53,3,90.14,0.1
12933,5141,67,3,439.64,0.0
12934,5141,85,3,294.43,0.05
12935,5141,107,2,70.69,0.15
12936,5142,24,3,576.43,0.0
12937,5142,96,5,261.53,0.0
12938,5142,3,5,400.77,0.05
12939,5142,99,2,654.14,0.0
12940,5143,26,1,283.16,0.05
12941,5143,47,4,533.66,0.0
12942,5143,28,3,278.53,0.1
12943,5143,21,3,128.96,0.0
12944,5144,13,2,546.51,0.15
12945,5145,57,1,359.66,0.0
12946,5145,87,1,87.7,0.15
12947,5145,5,3,206.39,0.1
12948,5146,9,4,566.94,0.0
12949,5147,33,4,596.3,0.0
12950,5147,46,5,429.96,0.1
12951,5148,11,4,431.92,0.0
12952,5148,115,1,191.72,0.0
12953,5148,85,2,294.43,0.0
12954,5148,12,5,665.95,0.1
12955,5149,49,4,224.05,0.0
12956,5149,62,5,455.65,0.15
12957,5149,73,4,693.24,0.05
12958,5150,101,3,530.68,0.0
12959,5150,86,3,508.15,0.0
12960,5150,55,1,143.78,0.0
12961,5150,90,2,250.98,0.0
12962,5151,15,3,434.83,0.15
12963,5152,71,4,298.03,0.0
12964,5152,35,4,368.74,0.15
12965,5152,87,4,87.7,0.05
12966,5153,59,3,189.03,0.1
12967,5154,20,2,344.47,0.0
12968,5155,54,4,589.22,0.1
12969,5155,110,1,551.82,0.1
12970,5156,65,5,775.34,0.0
12971,5156,79,3,353.32,0.05
12972,5156,6,1,148.07,0.0
12973,5156,106,1,293.96,0.0
12974,5157,113,5,113.5,0.05
12975,5157,9,3,566.94,0.05
12976,5157,30,2,474.66,0.1
12977,5158,24,5,576.43,0.0
12978,5159,50,1,641.98,0.0
12979,5160,1,1,250.67,0.0
12980,5160,110,1,551.82,0.0
12981,5161,115,4,191.72,0.1
12982,5161,110,4,551.82,0.1
12983,5161,101,1,530.68,0.05
12984,5161,7,4,342.91,0.15
12985,5162,26,3,283.16,0.0
12986,5162,75,1,102.43,0.0
12987,5162,30,1,474.66,0.1
12988,5163,90,1,250.98,0.05
12989,5164,6,2,148.07,0.0
12990,5165,9,1,566.94,0.05
12991,5165,114,4,321.32,0.15
12992,5165,58,5,421.43,0.0
12993,5165,69,2,199.67,0.1
12994,5166,95,3,197.03,0.0
12995,5166,24,3,576.43,0.15
12996,5167,51,5,592.49,0.0
12997,5167,68,5,187.83,0.0
12998,5167,116,3,151.15,0.05
12999,5168,14,2,167.56,0.0
13000,5168,70,2,477.56,0.0
13001,5168,41,1,466.15,0.0
13002,5168,93,4,96.97,0.1
13003,5169,16,2,337.82,0.05
13004,5170,51,4,592.49,0.1
13005,5170,49,4,224.05,0.0
13006,5170,120,2,437.18,0.15
13007,5171,101,5,530.68,0.15
13008,5171,9,5,566.94,0.0
13009,5171,118,5,357.13,0.0
13010,5172,117,3,97.33,0.0
13011,5173,112,3,530.6,0.0
13012,5173,115,4,191.72,0.1
13013,5173,39,3,435.88,0.15
13014,5173,53,2,90.14,0.1
13015,5174,100,4,192.03,0.0
13016,5174,51,2,592.49,0.1
13017,5175,47,1,533.66,0.1
13018,5176,110,5,551.82,0.15
13019,5177,54,5,589.22,0.15
13020,5177,84,3,233.29,0.0
13021,5177,85,1,294.43,0.0
13022,5178,112,5,530.6,0.1
13023,5178,34,2,269.02,0.05
13024,5179,21,4,128.96,0.05
13025,5180,56,3,701.89,0.1
13026,5180,58,3,421.43,0.1
13027,5180,55,2,143.78,0.0
13028,5180,29,4,332.87,0.0
13029,5181,28,1,278.53,0.0
13030,5182,21,1,128.96,0.0
13031,5182,1,2,250.67,0.1
13032,5182,56,5,701.89,0.0
13033,5183,103,3,415.47,0.1
13034,5184,39,5,435.88,0.1
13035,5184,78,5,496.95,0.0
13036,5185,69,5,199.67,0.0
13037,5185,99,4,654.14,0.0
13038,5186,38,5,342.42,0.0
13039,5186,120,1,437.18,0.1
13040,5186,3,4,400.77,0.05
13041,5187,5,3,206.39,0.0
13042,5187,69,5,199.67,0.05
13043,5188,93,2,96.97,0.05
13044,5188,11,3,431.92,0.0
13045,5188,40,2,246.27,0.0
13046,5188,88,1,217.75,0.0
13047,5189,114,3,321.32,0.0
13048,5189,34,3,269.02,0.1
13049,5189,46,5,429.96,0.0
13050,5190,46,5,429.96,0.1
13051,5190,40,2,246.27,0.0
13052,5190,118,1,357.13,0.0
13053,5191,7,3,342.91,0.0
13054,5191,81,1,472.42,0.0
13055,5191,110,2,551.82,0.1
13056,5191,77,5,20.71,0.0
13057,5192,46,5,429.96,0.1
13058,5192,23,2,473.03,0.05
13059,5193,6,3,148.07,0.0
13060,5194,66,2,325.89,0.1
13061,5194,120,2,437.18,0.05
13062,5194,42,2,506.69,0.0
13063,5195,7,5,342.91,0.05
13064,5195,93,2,96.97,0.05
13065,5196,15,5,434.83,0.0
13066,5196,2,3,225.66,0.15
13067,5196,42,2,506.69,0.1
13068,5196,49,1,224.05,0.05
13069,5197,50,2,641.98,0.0
13070,5197,103,5,415.47,0.05
13071,5197,84,5,233.29,0.05
13072,5198,30,1,474.66,0.15
13073,5198,72,2,417.09,0.0
13074,5198,104,1,497.51,0.0
13075,5199,101,5,530.68,0.0
13076,5199,107,4,70.69,0.0
13077,5199,6,5,148.07,0.15
13078,5199,78,5,496.95,0.0
13079,5200,34,2,269.02,0.1
13080,5200,104,2,497.51,0.1
13081,5200,117,4,97.33,0.1
13082,5200,78,1,496.95,0.15
13083,5201,15,4,434.83,0.1
13084,5201,34,5,269.02,0.05
13085,5202,117,2,97.33,0.1
13086,5202,16,3,337.82,0.15
13087,5203,23,1,473.03,0.0
13088,5203,32,5,527.45,0.15
13089,5203,91,3,111.41,0.05
13090,5204,11,3,431.92,0.15
13091,5205,54,2,589.22,0.15
13092,5205,65,4,775.34,0.0
13093,5205,87,2,87.7,0.0
13094,5206,29,4,332.87,0.0
13095,5206,18,4,774.6,0.05
13096,5206,8,3,230.66,0.05
13097,5206,23,1,473.03,0.0
13098,5207,90,3,250.98,0.0
13099,5208,100,3,192.03,0.0
13100,5208,43,3,487.39,0.0
13101,5209,96,4,261.53,0.0
13102,5209,75,1,102.43,0.05
13103,5209,12,1,665.95,0.0
13104,5210,88,2,217.75,0.1
13105,5211,103,2,415.47,0.0
13106,5212,9,4,566.94,0.05
13107,5213,114,4,321.32,0.15
13108,5213,111,3,220.69,0.05
13109,5213,64,3,433.42,0.05
13110,5214,9,3,566.94,0.15
13111,5214,47,2,533.66,0.0
13112,5214,100,1,192.03,0.15
13113,5214,8,1,230.66,0.0
13114,5215,1,4,250.67,0.0
13115,5215,28,4,278.53,0.0
13116,5216,74,5,259.9,0.0
13117,5217,112,1,530.6,0.0
13118,5217,59,1,189.03,0.0
13119,5217,95,3,197.03,0.05
13120,5217,81,2,472.42,0.0
13121,5218,87,3,87.7,0.0
13122,5219,44,2,155.05,0.0
13123,5219,30,3,474.66,0.15
13124,5219,6,2,148.07,0.0
13125,5220,92,5,473.15,0.15
13126,5220,1,1,250.67,0.15
13127,5220,84,4,233.29,0.15
13128,5220,21,3,128.96,0.05
13129,5221,39,1,435.88,0.1
13130,5221,35,4,368.74,0.0
13131,5221,119,5,181.96,0.0
13132,5222,101,3,530.68,0.15
13133,5222,77,2,20.71,0.1
13134,5222,26,4,283.16,0.0
13135,5223,90,4,250.98,0.05
13136,5223,79,2,353.32,0.15
13137,5224,86,5,508.15,0.05
13138,5225,11,2,431.92,0.05
13139,5226,55,2,143.78,0.0
13140,5226,104,2,497.51,0.15
13141,5227,116,5,151.15,0.0
13142,5227,81,1,472.42,0.0
13143,5227,39,4,435.88,0.05
13144,5228,10,4,358.28,0.15
13145,5228,62,3,455.65,0.1
13146,5229,74,3,259.9,0.0
13147,5229,37,5,678.06,0.0
13148,5229,111,5,220.69,0.15
13149,5230,18,4,774.6,0.05
13150,5230,13,3,546.51,0.0
13151,5230,40,5,246.27,0.05
13152,5231,117,1,97.33,0.0
13153,5231,48,1,688.65,0.15
13154,5232,20,5,344.47,0.15
13155,5233,17,2,335.91,0.0
13156,5233,115,4,191.72,0.15
13157,5234,7,1,342.91,0.1
13158,5235,14,4,167.56,0.05
13159,5235,53,4,90.14,0.0
13160,5235,94,2,357.14,0.0
13161,5236,103,2,415.47,0.0
13162,5236,11,3,431.92,0.1
13163,5236,6,2,148.07,0.05
13164,5237,92,2,473.15,0.05
13165,5237,31,3,492.63,0.0
13166,5238,70,4,477.56,0.05
13167,5238,8,5,230.66,0.0
13168,5239,114,5,321.32,0.1
13169,5239,100,1,192.03,0.15
13170,5239,117,4,97.33,0.15
13171,5240,78,1,496.95,0.0
13172,5240,2,4,225.66,0.1
13173,5241,6,4,148.07,0.0
13174,5241,56,4,701.89,0.0
13175,5241,44,4,155.05,0.0
13176,5241,102,5,268.48,0.05
13177,5242,88,2,217.75,0.15
13178,5243,17,3,335.91,0.0
13179,5243,117,4,97.33,0.0
13180,5243,28,5,278.53,0.1
13181,5244,43,1,487.39,0.05
13182,5244,47,3,533.66,0.0
13183,5245,30,3,474.66,0.0
13184,5245,21,5,128.96,0.15
13185,5245,103,2,415.47,0.0
13186,5245,32,3,527.45,0.0
13187,5246,63,4,460.08,0.15
13188,5246,25,1,424.49,0.1
13189,5246,31,1,492.63,0.1
13190,5247,98,4,387.36,0.0
13191,5248,83,1,229.64,0.1
13192,5248,87,4,87.7,0.15
13193,5248,65,3,775.34,0.05
13194,5249,89,5,156.62,0.05
13195,5249,70,3,477.56,0.0
13196,5249,96,5,261.53,0.0
13197,5250,88,1,217.75,0.0
13198,5250,27,5,50.29,0.15
13199,5251,3,5,400.77,0.15
13200,5251,48,5,688.65,0.15
13201,5252,96,4,261.53,0.15
13202,5253,114,5,321.32,0.15
13203,5253,37,3,678.06,0.0
13204,5253,108,5,564.18,0.0
13205,5253,70,2,477.56,0.15
13206,5254,22,4,155.04,0.1
13207,5255,81,1,472.42,0.05
13208,5255,84,4,233.29,0.15
13209,5256,72,3,417.09,0.0
13210,5256,115,5,191.72,0.05
13211,5256,48,1,688.65,0.1
13212,5257,2,2,225.66,0.15
13213,5257,29,3,332.87,0.05
13214,5258,70,2,477.56,0.0
13215,5258,62,2,455.65,0.0
13216,5258,26,4,283.16,0.1
13217,5259,82,4,382.23,0.0
13218,5260,87,4,87.7,0.05
13219,5260,102,5,268.48,0.0
13220,5260,7,2,342.91,0.15
13221,5261,38,1,342.42,0.0
13222,5261,112,3,530.6,0.1
13223,5261,45,5,124.25,0.0
13224,5261,56,3,701.89,0.0
13225,5262,100,2,192.03,0.1
13226,5262,44,3,155.05,0.0
13227,5262,20,5,344.47,0.15
13228,5262,21,2,128.96,0.15
13229,5263,31,5,492.63,0.05
13230,5263,44,2,155.05,0.0
13231,5263,17,3,335.91,0.0
13232,5263,108,3,564.18,0.0
13233,5264,85,4,294.43,0.0
13234,5265,28,4,278.53,0.05
13235,5266,64,3,433.42,0.05
13236,5266,70,1,477.56,0.0
13237,5266,4,2,538.06,0.0
13238,5267,62,1,455.65,0.0
13239,5267,8,2,230.66,0.0
13240,5267,21,3,128.96,0.0
13241,5268,63,1,460.08,0.05
13242,5269,9,1,566.94,0.15
13243,5269,80,5,334.64,0.0
13244,5269,73,3,693.24,0.0
13245,5270,45,4,124.25,0.0
13246,5270,100,1,192.03,0.15
13247,5271,63,5,460.08,0.0
13248,5272,70,4,477.56,0.05
13249,5272,113,3,113.5,0.0
13250,5273,37,1,678.06,0.0
13251,5273,12,5,665.95,0.15
13252,5274,44,1,155.05,0.05
13253,5274,96,5,261.53,0.0
13254,5274,37,4,678.06,0.0
13255,5274,22,5,155.04,0.05
13256,5275,38,5,342.42,0.05
13257,5275,6,3,148.07,0.15
13258,5276,13,3,546.51,0.15
13259,5276,66,1,325.89,0.0
13260,5277,114,2,321.32,0.0
13261,5278,44,4,155.05,0.1
13262,5279,3,3,400.77,0.15
13263,5279,25,4,424.49,0.05
13264,5279,106,3,293.96,0.05
13265,5280,77,3,20.71,0.15
13266,5280,100,4,192.03,0.1
13267,5280,47,4,533.66,0.0
13268,5281,36,1,461.97,0.0
13269,5282,11,5,431.92,0.0
13270,5282,76,2,544.8,0.05
13271,5282,111,2,220.69,0.0
13272,5283,8,2,230.66,0.15
13273,5284,61,3,610.85,0.0
13274,5284,28,2,278.53,0.0
13275,5285,22,4,155.04,0.15
13276,5285,23,5,473.03,0.15
13277,5286,101,4,530.68,0.15
13278,5286,9,2,566.94,0.0
13279,5287,31,1,492.63,0.1
13280,5288,6,5,148.07,0.0
13281,5289,23,1,473.03,0.0
13282,5290,97,5,140.58,0.0
13283,5290,4,3,538.06,0.0
13284,5291,50,2,641.98,0.0
13285,5291,51,2,592.49,0.0
13286,5291,92,4,473.15,0.0
13287,5291,101,1,530.68,0.0
13288,5292,84,4,233.29,0.1
13289,5292,5,5,206.39,0.1
13290,5293,1,5,250.67,0.0
13291,5294,11,5,431.92,0.05
13292,5294,62,2,455.65,0.0
13293,5295,8,1,230.66,0.1
13294,5295,95,3,197.03,0.05
13295,5295,15,4,434.83,0.05
13296,5295,45,1,124.25,0.0
13297,5296,3,1,400.77,0.0
13298,5296,82,2,382.23,0.05
13299,5297,33,3,596.3,0.0
13300,5297,118,2,357.13,0.15
13301,5298,113,5,113.5,0.15
13302,5299,57,4,359.66,0.1
13303,5299,31,2,492.63,0.0
13304,5300,16,5,337.82,0.15
13305,5300,99,5,654.14,0.0
13306,5300,90,2,250.98,0.05
13307,5300,118,4,357.13,0.0
13308,5301,13,5,546.51,0.0
13309,5301,62,1,455.65,0.0
13310,5301,30,2,474.66,0.0
13311,5302,67,4,439.64,0.0
13312,5302,34,4,269.02,0.1
13313,5303,6,1,148.07,0.0
13314,5304,77,1,20.71,0.15
13315,5304,58,4,421.43,0.05
13316,5305,68,2,187.83,0.15
13317,5305,99,5,654.14,0.05
13318,5305,10,3,358.28,0.15
13319,5305,8,3,230.66,0.0
13320,5306,38,4,342.42,0.0
13321,5306,8,5,230.66,0.0
13322,5307,117,5,97.33,0.05
13323,5307,114,2,321.32,0.05
13324,5307,12,3,665.95,0.0
13325,5307,112,4,530.6,0.1
13326,5308,63,1,460.08,0.0
13327,5308,44,3,155.05,0.1
13328,5309,7,1,342.91,0.0
13329,5309,117,1,97.33,0.0
13330,5309,75,1,102.43,0.0
13331,5310,20,1,344.47,0.15
13332,5310,69,1,199.67,0.0
13333,5310,47,4,533.66,0.05
13334,5310,40,3,246.27,0.1
13335,5311,1,4,250.67,0.0
13336,5311,87,3,87.7,0.1
13337,5311,48,3,688.65,0.0
13338,5311,111,5,220.69,0.0
13339,5312,2,4,225.66,0.15
13340,5312,55,2,143.78,0.05
13341,5312,47,4,533.66,0.05
13342,5313,81,4,472.42,0.0
13343,5314,107,1,70.69,0.0
13344,5314,7,4,342.91,0.15
13345,5314,10,1,358.28,0.05
13346,5314,13,3,546.51,0.1
13347,5315,76,4,544.8,0.0
13348,5315,18,3,774.6,0.0
13349,5315,118,3,357.13,0.0
13350,5315,66,1,325.89,0.1
13351,5316,70,4,477.56,0.0
13352,5316,77,5,20.71,0.0
13353,5317,90,3,250.98,0.0
13354,5317,22,3,155.04,0.15
13355,5317,61,2,610.85,0.15
13356,5318,67,2,439.64,0.0
13357,5319,86,1,508.15,0.05
13358,5320,7,1,342.91,0.15
13359,5320,90,5,250.98,0.0
13360,5320,11,4,431.92,0.1
13361,5320,60,3,765.19,0.0
13362,5321,21,4,128.96,0.0
13363,5321,52,3,119.81,0.05
13364,5321,8,4,230.66,0.05
13365,5322,113,1,113.5,0.05
13366,5322,80,3,334.64,0.05
13367,5322,109,3,345.03,0.0
13368,5322,107,5,70.69,0.0
13369,5323,42,1,506.69,0.0
13370,5323,25,5,424.49,0.0
13371,5323,66,5,325.89,0.15
13372,5324,55,5,143.78,0.0
13373,5324,59,2,189.03,0.05
13374,5324,40,2,246.27,0.0
13375,5324,27,3,50.29,0.0
13376,5325,89,1,156.62,0.0
13377,5326,69,2,199.67,0.0
13378,5326,77,5,20.71,0.0
13379,5326,79,3,353.32,0.05
13380,5327,82,1,382.23,0.0
13381,5327,95,3,197.03,0.1
13382,5327,99,5,654.14,0.0
13383,5327,68,4,187.83,0.1
13384,5328,42,5,506.69,0.0
13385,5328,56,3,701.89,0.0
13386,5328,17,4,335.91,0.15
13387,5329,106,3,293.96,0.0
13388,5330,102,4,268.48,0.0
13389,5330,12,1,665.95,0.15
13390,5330,89,3,156.62,0.1
13391,5331,119,1,181.96,0.0
13392,5331,37,5,678.06,0.05
13393,5331,63,4,460.08,0.05
13394,5332,76,3,544.8,0.1
13395,5333,87,1,87.7,0.1
13396,5333,96,3,261.53,0.05
13397,5333,34,4,269.02,0.15
13398,5333,48,2,688.65,0.15
13399,5334,91,3,111.41,0.05
13400,5334,65,2,775.34,0.0
13401,5335,30,3,474.66,0.05
13402,5335,10,2,358.28,0.05
13403,5336,94,4,357.14,0.0
13404,5337,108,5,564.18,0.0
13405,5338,7,4,342.91,0.0
13406,5338,70,5,477.56,0.15
13407,5338,98,3,387.36,0.0
13408,5338,32,3,527.45,0.15
13409,5339,98,4,387.36,0.15
13410,5340,111,2,220.69,0.05
13411,5340,4,1,538.06,0.0
13412,5341,68,1,187.83,0.15
13413,5342,24,5,576.43,0.0
13414,5342,42,3,506.69,0.0
13415,5342,86,1,508.15,0.0
13416,5343,53,3,90.14,0.0
13417,5343,65,1,775.34,0.0
13418,5344,47,4,533.66,0.05
13419,5345,19,3,236.74,0.15
13420,5346,56,1,701.89,0.0
13421,5347,11,1,431.92,0.05
13422,5348,87,5,87.7,0.05
13423,5348,8,5,230.66,0.0
13424,5348,62,3,455.65,0.0
13425,5348,112,5,530.6,0.15
13426,5349,5,4,206.39,0.15
13427,5349,40,3,246.27,0.0
13428,5350,79,1,353.32,0.0
13429,5351,39,1,435.88,0.1
13430,5351,4,5,538.06,0.0
13431,5352,23,5,473.03,0.05
13432,5352,45,4,124.25,0.0
13433,5352,14,5,167.56,0.0
13434,5352,44,1,155.05,0.1
13435,5353,62,4,455.65,0.0
13436,5353,20,1,344.47,0.0
13437,5353,21,3,128.96,0.0
13438,5353,64,1,433.42,0.1
13439,5354,15,4,434.83,0.05
13440,5354,118,1,357.13,0.05
13441,5355,55,3,143.78,0.1
13442,5355,9,1,566.94,0.0
13443,5355,42,2,506.69,0.0
13444,5356,88,4,217.75,0.1
13445,5357,105,1,161.35,0.05
13446,5358,3,2,400.77,0.15
13447,5359,103,3,415.47,0.0
13448,5359,24,4,576.43,0.15
13449,5359,44,3,155.05,0.15
13450,5360,50,4,641.98,0.1
13451,5360,26,5,283.16,0.0
13452,5361,36,4,461.97,0.05
13453,5362,86,2,508.15,0.0
13454,5362,100,3,192.03,0.0
13455,5362,40,2,246.27,0.05
13456,5362,81,5,472.42,0.0
13457,5363,23,3,473.03,0.0
13458,5363,10,2,358.28,0.1
13459,5364,56,5,701.89,0.0
13460,5364,74,1,259.9,0.15
13461,5365,85,2,294.43,0.05
13462,5365,17,4,335.91,0.0
13463,5365,115,3,191.72,0.0
13464,5366,114,4,321.32,0.15
13465,5367,83,2,229.64,0.0
13466,5367,66,2,325.89,0.0
13467,5367,86,4,508.15,0.15
13468,5368,73,2,693.24,0.0
13469,5368,116,5,151.15,0.05
13470,5368,9,3,566.94,0.1
13471,5368,95,3,197.03,0.05
13472,5369,50,2,641.98,0.05
13473,5369,41,3,466.15,0.0
13474,5370,33,2,596.3,0.0
13475,5370,70,5,477.56,0.15
13476,5370,89,1,156.62,0.0
13477,5370,42,5,506.69,0.0
13478,5371,56,1,701.89,0.0
13479,5371,55,1,143.78,0.0
13480,5371,31,4,492.63,0.0
13481,5371,86,4,508.15,0.05
13482,5372,38,4,342.42,0.05
13483,5372,33,2,596.3,0.0
13484,5373,80,3,334.64,0.1
13485,5373,29,5,332.87,0.0
13486,5373,82,1,382.23,0.0
13487,5374,39,3,435.88,0.05
13488,5374,89,1,156.62,0.0
13489,5374,42,4,506.69,0.0
13490,5375,50,2,641.98,0.0
13491,5375,11,3,431.92,0.0
13492,5375,36,1,461.97,0.1
13493,5375,56,2,701.89,0.0
13494,5376,112,4,530.6,0.0
13495,5377,9,4,566.94,0.0
13496,5377,73,5,693.24,0.15
13497,5377,30,4,474.66,0.1
13498,5378,15,5,434.83,0.05
13499,5378,66,5,325.89,0.0
13500,5378,24,2,576.43,0.15
13501,5379,1,5,250.67,0.1
13502,5379,89,5,156.62,0.0
13503,5380,29,4,332.87,0.0
13504,5380,65,3,775.34,0.0
13505,5380,60,2,765.19,0.0
13506,5380,4,4,538.06,0.0
13507,5381,87,1,87.7,0.1
13508,5382,13,2,546.51,0.05
13509,5382,57,5,359.66,0.15
13510,5382,30,2,474.66,0.0
13511,5383,24,3,576.43,0.0
13512,5383,59,3,189.03,0.1
13513,5383,116,1,151.15,0.0
13514,5383,49,2,224.05,0.0
13515,5384,99,2,654.14,0.15
13516,5384,61,3,610.85,0.15
13517,5384,114,1,321.32,0.0
13518,5385,119,1,181.96,0.0
13519,5385,3,1,400.77,0.1
13520,5386,42,5,506.69,0.05
13521,5386,75,2,102.43,0.05
13522,5386,109,2,345.03,0.0
13523,5386,92,3,473.15,0.0
13524,5387,82,2,382.23,0.05
13525,5388,69,3,199.67,0.1
13526,5388,44,4,155.05,0.0
13527,5388,30,4,474.66,0.05
13528,5389,101,1,530.68,0.0
13529,5389,106,3,293.96,0.0
13530,5389,46,5,429.96,0.15
13531,5390,3,1,400.77,0.05
13532,5390,77,2,20.71,0.0
13533,5390,27,3,50.29,0.15
13534,5391,11,1,431.92,0.15
13535,5391,30,2,474.66,0.0
13536,5392,3,2,400.77,0.0
13537,5392,36,2,461.97,0.15
13538,5393,74,2,259.9,0.15
13539,5393,37,4,678.06,0.0
13540,5393,94,3,357.14,0.0
13541,5393,80,3,334.64,0.0
13542,5394,95,3,197.03,0.0
13543,5394,65,3,775.34,0.0
13544,5394,113,4,113.5,0.0
13545,5394,48,5,688.65,0.0
13546,5395,63,2,460.08,0.1
13547,5395,113,4,113.5,0.05
13548,5396,70,2,477.56,0.0
13549,5396,56,5,701.89,0.0
13550,5396,118,2,357.13,0.1
13551,5396,42,5,506.69,0.0
13552,5397,45,4,124.25,0.0
13553,5397,13,1,546.51,0.15
13554,5397,110,1,551.82,0.1
13555,5398,17,2,335.91,0.15
13556,5398,74,1,259.9,0.15
13557,5399,115,2,191.72,0.15
13558,5399,81,5,472.42,0.15
13559,5399,8,3,230.66,0.0
13560,5399,25,5,424.49,0.05
13561,5400,28,3,278.53,0.15
13562,5401,114,1,321.32,0.15
13563,5401,120,4,437.18,0.0
13564,5402,31,4,492.63,0.1
13565,5402,72,3,417.09,0.15
13566,5402,25,5,424.49,0.15
13567,5403,68,2,187.83,0.0
13568,5404,26,1,283.16,0.0
13569,5404,12,5,665.95,0.0
13570,5405,73,4,693.24,0.1
13571,5406,45,3,124.25,0.0
13572,5406,24,4,576.43,0.0
13573,5406,28,3,278.53,0.0
13574,5407,30,3,474.66,0.1
13575,5408,30,2,474.66,0.05
13576,5409,60,2,765.19,0.0
13577,5409,58,3,421.43,0.0
13578,5409,111,1,220.69,0.1
13579,5409,78,1,496.95,0.0
13580,5410,48,5,688.65,0.05
13581,5410,81,1,472.42,0.15
13582,5410,6,2,148.07,0.05
13583,5410,51,5,592.49,0.0
13584,5411,23,5,473.03,0.0
13585,5411,101,4,530.68,0.0
13586,5411,77,2,20.71,0.15
13587,5412,97,4,140.58,0.05
13588,5413,72,4,417.09,0.0
13589,5413,87,4,87.7,0.05
13590,5414,24,4,576.43,0.15
13591,5414,3,3,400.77,0.0
13592,5414,89,1,156.62,0.05
13593,5414,67,3,439.64,0.15
13594,5415,6,2,148.07,0.0
13595,5415,60,5,765.19,0.1
13596,5416,90,4,250.98,0.1
13597,5416,36,3,461.97,0.0
13598,5417,60,4,765.19,0.05
13599,5417,70,4,477.56,0.0
13600,5417,11,4,431.92,0.05
13601,5418,90,5,250.98,0.05
13602,5418,72,3,417.09,0.0
13603,5418,95,4,197.03,0.1
13604,5419,111,4,220.69,0.0
13605,5419,116,1,151.15,0.05
13606,5419,84,4,233.29,0.0
13607,5419,15,2,434.83,0.0
13608,5420,101,5,530.68,0.15
13609,5420,35,3,368.74,0.0
13610,5421,111,1,220.69,0.0
13611,5421,97,5,140.58,0.0
13612,5421,36,4,461.97,0.15
13613,5421,9,4,566.94,0.0
13614,5422,80,4,334.64,0.0
13615,5422,101,3,530.68,0.0
13616,5423,105,1,161.35,0.0
13617,5424,42,3,506.69,0.0
13618,5424,66,3,325.89,0.15
13619,5424,11,4,431.92,0.0
13620,5425,93,3,96.97,0.0
13621,5425,77,3,20.71,0.0
13622,5425,110,2,551.82,0.0
13623,5425,39,2,435.88,0.0
13624,5426,60,5,765.19,0.0
13625,5426,11,1,431.92,0.05
13626,5426,73,4,693.24,0.0
13627,5426,40,2,246.27,0.0
13628,5427,110,3,551.82,0.15
13629,5427,118,2,357.13,0.1
13630,5428,18,5,774.6,0.0
13631,5429,47,5,533.66,0.0
13632,5429,96,5,261.53,0.0
13633,5429,23,3,473.03,0.0
13634,5429,74,4,259.9,0.05
13635,5430,27,5,50.29,0.15
13636,5430,16,5,337.82,0.15
13637,5430,14,5,167.56,0.0
13638,5430,87,4,87.7,0.15
13639,5431,72,5,417.09,0.05
13640,5432,111,5,220.69,0.0
13641,5432,55,2,143.78,0.05
13642,5432,45,3,124.25,0.0
13643,5432,60,1,765.19,0.0
13644,5433,92,5,473.15,0.15
13645,5433,17,5,335.91,0.0
13646,5433,114,4,321.32,0.0
13647,5434,84,4,233.29,0.1
13648,5434,93,4,96.97,0.0
13649,5434,41,4,466.15,0.0
13650,5435,18,4,774.6,0.15
13651,5435,24,4,576.43,0.0
13652,5435,44,2,155.05,0.0
13653,5436,61,1,610.85,0.0
13654,5436,49,3,224.05,0.0
13655,5436,6,1,148.07,0.15
13656,5436,103,2,415.47,0.0
13657,5437,115,5,191.72,0.05
13658,5437,62,1,455.65,0.0
13659,5437,116,2,151.15,0.15
13660,5438,62,5,455.65,0.05
13661,5439,7,5,342.91,0.0
13662,5439,62,4,455.65,0.0
13663,5439,30,1,474.66,0.15
13664,5440,25,4,424.49,0.0
13665,5441,112,5,530.6,0.1
13666,5441,75,3,102.43,0.1
13667,5441,12,3,665.95,0.05
13668,5441,114,3,321.32,0.05
13669,5442,33,2,596.3,0.0
13670,5442,60,2,765.19,0.15
13671,5442,113,5,113.5,0.0
13672,5443,78,3,496.95,0.1
13673,5443,4,5,538.06,0.0
13674,5443,115,1,191.72,0.1
13675,5444,83,2,229.64,0.0
13676,5445,28,4,278.53,0.0
13677,5445,100,2,192.03,0.0
13678,5446,37,3,678.06,0.0
13679,5446,32,5,527.45,0.0
13680,5446,20,4,344.47,0.0
13681,5446,73,3,693.24,0.0
13682,5447,50,1,641.98,0.1
13683,5447,119,2,181.96,0.05
13684,5447,112,2,530.6,0.05
13685,5447,116,3,151.15,0.05
13686,5448,114,2,321.32,0.05
13687,5448,83,4,229.64,0.0
13688,5449,107,5,70.69,0.0
13689,5449,112,1,530.6,0.0
13690,5449,2,2,225.66,0.1
13691,5450,38,4,342.42,0.1
13692,5450,46,2,429.96,0.0
13693,5451,80,3,334.64,0.0
13694,5451,27,4,50.29,0.0
13695,5452,102,5,268.48,0.0
13696,5452,118,2,357.13,0.1
13697,5452,34,2,269.02,0.05
13698,5452,62,2,455.65,0.05
13699,5453,46,2,429.96,0.0
13700,5453,7,3,342.91,0.1
13701,5454,62,4,455.65,0.0
13702,5454,107,5,70.69,0.15
13703,5454,113,4,113.5,0.0
13704,5454,79,4,353.32,0.15
13705,5455,86,2,508.15,0.0
13706,5455,50,2,641.98,0.0
13707,5455,20,4,344.47,0.0
13708,5455,79,4,353.32,0.0
13709,5456,22,5,155.04,0.0
13710,5456,49,2,224.05,0.0
13711,5456,44,2,155.05,0.0
13712,5456,58,4,421.43,0.1
13713,5457,54,3,589.22,0.05
13714,5457,105,1,161.35,0.0
13715,5457,95,2,197.03,0.0
13716,5458,17,3,335.91,0.15
13717,5458,84,2,233.29,0.05
13718,5459,55,4,143.78,0.0
13719,5459,35,1,368.74,0.0
13720,5460,90,4,250.98,0.0
13721,5460,80,4,334.64,0.05
13722,5460,81,5,472.42,0.0
13723,5461,73,5,693.24,0.15
13724,5461,102,1,268.48,0.0
13725,5461,45,2,124.25,0.0
13726,5461,40,1,246.27,0.1
13727,5462,89,3,156.62,0.0
13728,5462,117,3,97.33,0.0
13729,5463,92,5,473.15,0.05
13730,5463,75,2,102.43,0.0
13731,5464,58,3,421.43,0.15
13732,5465,16,1,337.82,0.0
13733,5466,63,2,460.08,0.0
13734,5466,99,1,654.14,0.05
13735,5466,48,3,688.65,0.0
13736,5467,32,4,527.45,0.15
13737,5467,64,4,433.42,0.0
13738,5467,19,4,236.74,0.1
13739,5467,4,3,538.06,0.0
13740,5468,102,4,268.48,0.0
13741,5468,113,3,113.5,0.0
13742,5468,42,4,506.69,0.0
13743,5468,11,3,431.92,0.1
13744,5469,119,4,181.96,0.1
13745,5469,3,2,400.77,0.0
13746,5469,85,2,294.43,0.15
13747,5469,21,5,128.96,0.05
13748,5470,22,4,155.04,0.0
13749,5470,59,5,189.03,0.05
13750,5470,15,3,434.83,0.0
13751,5470,18,3,774.6,0.0
13752,5471,89,1,156.62,0.1
13753,5472,113,5,113.5,0.15
13754,5472,92,3,473.15,0.1
13755,5472,95,4,197.03,0.15
13756,5473,84,2,233.29,0.0
13757,5473,2,4,225.66,0.0
13758,5473,40,2,246.27,0.05
13759,5473,17,1,335.91,0.15
13760,5474,118,2,357.13,0.0
13761,5474,2,1,225.66,0.05
13762,5474,7,2,342.91,0.05
13763,5475,88,5,217.75,0.0
13764,5475,76,4,544.8,0.0
13765,5476,38,1,342.42,0.0
13766,5476,25,5,424.49,0.15
13767,5476,68,5,187.83,0.1
13768,5477,69,2,199.67,0.1
13769,5477,67,2,439.64,0.0
13770,5477,29,4,332.87,0.05
13771,5478,69,5,199.67,0.15
13772,5478,40,4,246.27,0.0
13773,5479,50,3,641.98,0.05
13774,5479,58,1,421.43,0.1
13775,5480,78,3,496.95,0.1
13776,5480,81,1,472.42,0.15
13777,5481,16,2,337.82,0.1
13778,5481,78,3,496.95,0.0
13779,5481,63,3,460.08,0.1
13780,5482,102,5,268.48,0.1
13781,5482,118,4,357.13,0.1
13782,5482,29,1,332.87,0.05
13783,5482,57,4,359.66,0.0
13784,5483,106,2,293.96,0.0
13785,5483,30,5,474.66,0.0
13786,5483,36,4,461.97,0.0
13787,5483,74,3,259.9,0.1
13788,5484,19,2,236.74,0.05
13789,5484,97,3,140.58,0.0
13790,5484,15,5,434.83,0.15
13791,5484,107,2,70.69,0.05
13792,5485,21,4,128.96,0.0
13793,5485,2,3,225.66,0.0
13794,5485,102,2,268.48,0.15
13795,5485,65,5,775.34,0.05
13796,5486,41,2,466.15,0.0
13797,5486,56,5,701.89,0.1
13798,5486,95,2,197.03,0.05
13799,5487,28,2,278.53,0.05
13800,5487,27,3,50.29,0.15
13801,5487,110,1,551.82,0.05
13802,5487,72,1,417.09,0.05
13803,5488,15,4,434.83,0.15
13804,5489,21,1,128.96,0.15
13805,5490,22,2,155.04,0.0
13806,5491,63,4,460.08,0.05
13807,5491,22,5,155.04,0.05
13808,5492,105,3,161.35,0.05
13809,5493,21,1,128.96,0.0
13810,5493,34,2,269.02,0.0
13811,5493,106,4,293.96,0.0
13812,5494,48,1,688.65,0.0
13813,5494,12,3,665.95,0.0
13814,5494,115,4,191.72,0.0
13815,5494,39,1,435.88,0.0
13816,5495,70,2,477.56,0.0
13817,5495,22,5,155.04,0.0
13818,5495,62,2,455.65,0.05
13819,5495,36,2,461.97,0.1
13820,5496,41,3,466.15,0.15
13821,5497,49,4,224.05,0.0
13822,5497,4,2,538.06,0.05
13823,5497,111,1,220.69,0.15
13824,5498,29,3,332.87,0.0
13825,5498,20,5,344.47,0.05
13826,5498,26,3,283.16,0.1
13827,5498,104,1,497.51,0.0
13828,5499,38,3,342.42,0.0
13829,5500,85,5,294.43,0.0
13830,5500,35,2,368.74,0.0
13831,5500,78,2,496.95,0.0
13832,5500,76,1,544.8,0.15
13833,5501,45,4,124.25,0.05
13834,5502,86,4,508.15,0.1
13835,5502,115,2,191.72,0.05
13836,5502,100,3,192.03,0.1
13837,5503,20,4,344.47,0.05
13838,5504,110,2,551.82,0.0
13839,5505,91,4,111.41,0.15
13840,5505,101,3,530.68,0.0
13841,5505,38,3,342.42,0.0
13842,5505,89,5,156.62,0.05
13843,5506,92,5,473.15,0.1
13844,5506,33,5,596.3,0.1
13845,5506,117,3,97.33,0.1
13846,5507,29,5,332.87,0.15
13847,5508,93,3,96.97,0.05
13848,5509,64,4,433.42,0.0
13849,5509,66,5,325.89,0.1
13850,5509,116,1,151.15,0.1
13851,5510,92,1,473.15,0.0
13852,5510,44,1,155.05,0.15
13853,5510,70,2,477.56,0.0
13854,5510,106,5,293.96,0.15
13855,5511,61,3,610.85,0.05
13856,5511,91,1,111.41,0.0
13857,5512,13,4,546.51,0.15
13858,5513,81,3,472.42,0.05
13859,5513,98,5,387.36,0.0
13860,5514,73,1,693.24,0.15
13861,5514,94,4,357.14,0.0
13862,5515,41,5,466.15,0.15
13863,5515,63,2,460.08,0.0
13864,5516,31,4,492.63,0.0
13865,5516,83,3,229.64,0.0
13866,5516,75,1,102.43,0.05
13867,5517,99,3,654.14,0.05
13868,5517,94,4,357.14,0.05
13869,5517,91,1,111.41,0.0
13870,5517,120,4,437.18,0.0
13871,5518,15,5,434.83,0.1
13872,5518,93,4,96.97,0.15
13873,5518,68,3,187.83,0.0
13874,5518,31,1,492.63,0.15
13875,5519,14,4,167.56,0.05
13876,5519,96,4,261.53,0.0
13877,5520,53,3,90.14,0.0
13878,5521,53,3,90.14,0.0
13879,5521,71,3,298.03,0.1
13880,5521,64,5,433.42,0.0
13881,5522,100,2,192.03,0.0
13882,5523,101,5,530.68,0.0
13883,5523,13,1,546.51,0.1
13884,5523,119,1,181.96,0.0
13885,5524,18,2,774.6,0.0
13886,5524,51,5,592.49,0.0
13887,5524,53,1,90.14,0.15
13888,5525,50,4,641.98,0.15
13889,5525,5,4,206.39,0.0
13890,5526,104,5,497.51,0.0
13891,5526,107,3,70.69,0.0
13892,5526,48,1,688.65,0.15
13893,5526,116,4,151.15,0.0
13894,5527,18,3,774.6,0.0
13895,5527,57,3,359.66,0.05
13896,5527,36,5,461.97,0.0
13897,5527,59,3,189.03,0.0
13898,5528,94,3,357.14,0.0
13899,5529,69,1,199.67,0.0
13900,5529,94,1,357.14,0.1
13901,5529,98,3,387.36,0.0
13902,5529,8,3,230.66,0.0
13903,5530,65,4,775.34,0.15
13904,5530,111,2,220.69,0.0
13905,5531,1,1,250.67,0.1
13906,5532,21,1,128.96,0.15
13907,5533,11,4,431.92,0.0
13908,5533,27,3,50.29,0.0
13909,5533,19,4,236.74,0.0
13910,5534,114,4,321.32,0.1
13911,5534,85,3,294.43,0.1
13912,5534,115,2,191.72,0.0
13913,5534,32,2,527.45,0.05
13914,5535,101,1,530.68,0.0
13915,5535,24,1,576.43,0.15
13916,5536,77,1,20.71,0.0
13917,5536,110,3,551.82,0.0
13918,5537,15,3,434.83,0.0
13919,5537,63,1,460.08,0.15
13920,5537,105,5,161.35,0.15
13921,5537,107,1,70.69,0.0
13922,5538,65,3,775.34,0.0
13923,5539,39,2,435.88,0.0
13924,5539,17,1,335.91,0.05
13925,5539,28,1,278.53,0.0
13926,5540,66,5,325.89,0.1
13927,5540,24,4,576.43,0.0
13928,5540,95,5,197.03,0.15
13929,5540,44,5,155.05,0.0
13930,5541,96,2,261.53,0.1
13931,5542,110,4,551.82,0.0
13932,5542,19,4,236.74,0.0
13933,5542,103,3,415.47,0.05
13934,5542,37,4,678.06,0.0
13935,5543,115,3,191.72,0.0
13936,5543,84,5,233.29,0.0
13937,5543,5,1,206.39,0.1
13938,5544,104,3,497.51,0.1
13939,5544,97,2,140.58,0.15
13940,5545,83,4,229.64,0.0
13941,5545,75,1,102.43,0.0
13942,5545,69,1,199.67,0.05
13943,5546,78,2,496.95,0.1
13944,5547,92,2,473.15,0.0
13945,5547,34,1,269.02,0.15
13946,5547,98,5,387.36,0.1
13947,5548,8,3,230.66,0.0
13948,5548,30,3,474.66,0.0
13949,5548,59,1,189.03,0.1
13950,5548,3,1,400.77,0.15
13951,5549,65,2,775.34,0.0
13952,5549,25,2,424.49,0.0
13953,5549,56,1,701.89,0.0
13954,5549,60,4,765.19,0.1
13955,5550,20,1,344.47,0.0
13956,5551,6,3,148.07,0.0
13957,5551,24,3,576.43,0.0
13958,5552,107,2,70.69,0.05
13959,5553,16,1,337.82,0.0
13960,5553,70,5,477.56,0.15
13961,5553,75,5,102.43,0.15
13962,5554,48,3,688.65,0.0
13963,5554,79,4,353.32,0.0
13964,5554,16,3,337.82,0.05
13965,5554,33,5,596.3,0.0
13966,5555,80,2,334.64,0.05
13967,5556,67,1,439.64,0.05
13968,5557,63,1,460.08,0.0
13969,5557,99,3,654.14,0.0
13970,5557,67,2,439.64,0.05
13971,5558,21,2,128.96,0.1
13972,5558,111,5,220.69,0.05
13973,5559,42,5,506.69,0.0
13974,5559,12,5,665.95,0.15
13975,5559,75,3,102.43,0.0
13976,5559,111,1,220.69,0.15
13977,5560,103,1,415.47,0.1
13978,5561,97,3,140.58,0.0
13979,5562,83,2,229.64,0.1
13980,5562,68,3,187.83,0.15
13981,5562,79,4,353.32,0.0
13982,5563,85,5,294.43,0.1
13983,5563,111,2,220.69,0.0
13984,5564,40,1,246.27,0.1
13985,5564,111,4,220.69,0.0
13986,5564,69,5,199.67,0.0
13987,5565,51,3,592.49,0.0
13988,5565,108,2,564.18,0.05
13989,5565,53,4,90.14,0.15
13990,5565,64,3,433.42,0.0
13991,5566,79,4,353.32,0.1
13992,5567,94,1,357.14,0.0
13993,5567,110,5,551.82,0.0
13994,5567,95,2,197.03,0.1
13995,5567,103,1,415.47,0.0
13996,5568,110,3,551.82,0.0
13997,5568,100,4,192.03,0.0
13998,5568,88,5,217.75,0.05
13999,5569,109,5,345.03,0.0
14000,5569,115,4,191.72,0.0
14001,5570,92,4,473.15,0.05
14002,5570,15,4,434.83,0.15
14003,5570,79,3,353.32,0.05
14004,5570,96,1,261.53,0.0
14005,5571,37,4,678.06,0.15
14006,5571,55,3,143.78,0.05
14007,5572,29,4,332.87,0.1
14008,5573,27,2,50.29,0.1
14009,5573,94,4,357.14,0.1
14010,5574,56,2,701.89,0.0
14011,5574,91,2,111.41,0.0
14012,5574,103,2,415.47,0.1
14013,5574,3,1,400.77,0.0
14014,5575,77,1,20.71,0.1
14015,5576,47,3,533.66,0.0
14016,5576,16,5,337.82,0.0
14017,5576,63,2,460.08,0.0
14018,5577,93,1,96.97,0.0
14019,5577,71,4,298.03,0.0
14020,5577,107,5,70.69,0.0
14021,5577,18,4,774.6,0.0
14022,5578,77,2,20.71,0.0
14023,5579,17,2,335.91,0.0
14024,5580,32,1,527.45,0.05
14025,5581,5,3,206.39,0.0
14026,5581,35,4,368.74,0.15
14027,5581,34,4,269.02,0.15
14028,5582,93,1,96.97,0.15
14029,5582,40,4,246.27,0.15
14030,5582,97,2,140.58,0.05
14031,5583,43,5,487.39,0.05
14032,5584,58,2,421.43,0.0
14033,5585,81,2,472.42,0.1
14034,5586,116,2,151.15,0.0
14035,5586,52,4,119.81,0.0
14036,5586,20,2,344.47,0.15
14037,5587,32,3,527.45,0.0
14038,5588,18,4,774.6,0.0
14039,5589,16,5,337.82,0.05
14040,5589,111,1,220.69,0.0
14041,5589,14,2,167.56,0.15
14042,5589,59,2,189.03,0.0
14043,5590,29,1,332.87,0.0
14044,5590,82,1,382.23,0.05
14045,5590,38,5,342.42,0.0
14046,5590,65,4,775.34,0.05
14047,5591,10,3,358.28,0.05
14048,5591,22,2,155.04,0.0
14049,5591,109,1,345.03,0.0
14050,5591,63,5,460.08,0.1
14051,5592,21,2,128.96,0.1
14052,5592,95,2,197.03,0.15
14053,5593,112,3,530.6,0.0
14054,5594,14,4,167.56,0.0
14055,5594,41,5,466.15,0.05
14056,5594,53,1,90.14,0.0
14057,5595,96,5,261.53,0.0
14058,5595,29,5,332.87,0.0
14059,5595,65,3,775.34,0.05
14060,5595,40,1,246.27,0.0
14061,5596,108,2,564.18,0.0
14062,5597,5,1,206.39,0.15
14063,5597,104,2,497.51,0.05
14064,5598,38,2,342.42,0.0
14065,5598,82,5,382.23,0.15
14066,5598,19,2,236.74,0.15
14067,5599,16,3,337.82,0.0
14068,5599,105,5,161.35,0.1
14069,5599,49,1,224.05,0.05
14070,5599,14,5,167.56,0.05
14071,5600,15,3,434.83,0.05
14072,5600,1,1,250.67,0.0
14073,5601,77,2,20.71,0.0
14074,5602,6,4,148.07,0.1
14075,5602,74,1,259.9,0.15
14076,5602,76,2,544.8,0.1
14077,5603,76,1,544.8,0.0
14078,5603,107,2,70.69,0.05
14079,5604,10,4,358.28,0.1
14080,5604,84,4,233.29,0.1
14081,5604,109,5,345.03,0.05
14082,5605,109,2,345.03,0.0
14083,5606,91,2,111.41,0.05
14084,5606,54,5,589.22,0.15
14085,5606,3,3,400.77,0.0
14086,5607,31,3,492.63,0.1
14087,5607,105,4,161.35,0.0
14088,5607,1,2,250.67,0.1
14089,5608,102,4,268.48,0.05
14090,5608,83,2,229.64,0.05
14091,5608,21,5,128.96,0.1
14092,5609,107,4,70.69,0.05
14093,5609,39,2,435.88,0.0
14094,5609,63,5,460.08,0.0
14095,5609,84,2,233.29,0.0
14096,5610,16,4,337.82,0.0
14097,5610,21,3,128.96,0.0
14098,5611,86,3,508.15,0.0
14099,5611,83,2,229.64,0.05
14100,5611,58,5,421.43,0.0
14101,5612,94,4,357.14,0.0
14102,5612,14,2,167.56,0.0
14103,5612,96,3,261.53,0.0
14104,5612,8,1,230.66,0.0
14105,5613,39,2,435.88,0.0
14106,5614,62,2,455.65,0.1
14107,5614,106,2,293.96,0.0
14108,5615,20,3,344.47,0.15
14109,5615,41,2,466.15,0.0
14110,5615,31,4,492.63,0.15
14111,5615,18,1,774.6,0.05
14112,5616,61,4,610.85,0.05
14113,5616,118,2,357.13,0.05
14114,5616,54,3,589.22,0.0
14115,5617,18,5,774.6,0.0
14116,5617,79,2,353.32,0.15
14117,5617,72,4,417.09,0.1
14118,5618,29,5,332.87,0.05
14119,5619,114,5,321.32,0.1
14120,5619,69,1,199.67,0.0
14121,5620,18,5,774.6,0.1
14122,5620,82,4,382.23,0.0
14123,5620,104,4,497.51,0.15
14124,5621,78,1,496.95,0.0
14125,5621,25,5,424.49,0.1
14126,5622,84,3,233.29,0.0
14127,5622,41,5,466.15,0.05
14128,5622,39,1,435.88,0.1
14129,5623,15,4,434.83,0.0
14130,5623,3,4,400.77,0.0
14131,5624,89,3,156.62,0.0
14132,5624,113,3,113.5,0.0
14133,5624,45,2,124.25,0.05
14134,5624,32,2,527.45,0.05
14135,5625,28,3,278.53,0.0
14136,5625,16,5,337.82,0.05
14137,5626,61,1,610.85,0.15
14138,5626,35,5,368.74,0.0
14139,5626,51,3,592.49,0.05
14140,5626,80,2,334.64,0.0
14141,5627,100,4,192.03,0.1
14142,5627,45,3,124.25,0.15
14143,5628,85,2,294.43,0.0
14144,5629,31,5,492.63,0.0
14145,5629,76,5,544.8,0.0
14146,5630,29,2,332.87,0.0
14147,5630,27,1,50.29,0.15
14148,5631,14,5,167.56,0.1
14149,5631,65,2,775.34,0.15
14150,5632,2,3,225.66,0.0
14151,5633,107,4,70.69,0.0
14152,5634,76,2,544.8,0.0
14153,5634,60,2,765.19,0.15
14154,5634,11,2,431.92,0.0
14155,5634,10,1,358.28,0.15
14156,5635,82,2,382.23,0.05
14157,5635,3,1,400.77,0.1
14158,5635,103,4,415.47,0.0
14159,5636,64,2,433.42,0.0
14160,5637,40,3,246.27,0.0
14161,5637,32,3,527.45,0.1
14162,5638,98,4,387.36,0.15
14163,5638,45,1,124.25,0.05
14164,5638,67,1,439.64,0.15
14165,5639,1,2,250.67,0.05
14166,5639,49,3,224.05,0.0
14167,5639,74,1,259.9,0.0
14168,5640,103,1,415.47,0.15
14169,5640,10,3,358.28,0.0
14170,5640,11,3,431.92,0.0
14171,5641,119,2,181.96,0.15
14172,5642,117,3,97.33,0.0
14173,5643,8,4,230.66,0.1
14174,5643,94,5,357.14,0.0
14175,5643,60,2,765.19,0.0
14176,5644,79,3,353.32,0.0
14177,5645,53,4,90.14,0.0
14178,5646,115,2,191.72,0.0
14179,5647,89,2,156.62,0.0
14180,5648,59,2,189.03,0.0
14181,5648,109,3,345.03,0.0
14182,5649,104,4,497.51,0.05
14183,5649,56,4,701.89,0.05
14184,5650,107,4,70.69,0.15
14185,5650,49,1,224.05,0.05
14186,5650,35,3,368.74,0.0
14187,5651,91,1,111.41,0.0
14188,5651,41,2,466.15,0.0
14189,5651,40,3,246.27,0.0
14190,5651,103,5,415.47,0.0
14191,5652,81,4,472.42,0.0
14192,5653,49,4,224.05,0.05
14193,5653,1,4,250.67,0.05
14194,5654,10,5,358.28,0.15
14195,5655,74,5,259.9,0.0
14196,5655,52,3,119.81,0.1
14197,5656,33,4,596.3,0.0
14198,5656,94,1,357.14,0.15
14199,5656,20,5,344.47,0.0
14200,5657,25,4,424.49,0.0
14201,5657,31,1,492.63,0.15
14202,5658,79,2,353.32,0.0
14203,5659,70,5,477.56,0.0
14204,5660,56,3,701.89,0.05
14205,5661,13,3,546.51,0.15
14206,5661,101,3,530.68,0.0
14207,5661,80,5,334.64,0.15
14208,5662,14,1,167.56,0.1
14209,5662,28,5,278.53,0.15
14210,5663,107,1,70.69,0.0
14211,5663,25,2,424.49,0.1
14212,5663,101,1,530.68,0.0
14213,5663,48,2,688.65,0.0
14214,5664,85,3,294.43,0.1
14215,5664,79,1,353.32,0.15
14216,5664,27,5,50.29,0.15
14217,5665,54,2,589.22,0.1
14218,5665,72,3,417.09,0.1
14219,5666,80,5,334.64,0.0
14220,5666,94,2,357.14,0.1
14221,5666,52,4,119.81,0.05
14222,5666,49,5,224.05,0.15
14223,5667,62,4,455.65,0.05
14224,5667,92,5,473.15,0.0
14225,5667,102,1,268.48,0.0
14226,5667,87,4,87.7,0.15
14227,5668,70,1,477.56,0.0
14228,5668,17,1,335.91,0.15
14229,5669,65,5,775.34,0.05
14230,5669,17,5,335.91,0.0
14231,5669,20,2,344.47,0.0
14232,5669,54,2,589.22,0.0
14233,5670,65,4,775.34,0.0
14234,5671,56,5,701.89,0.05
14235,5672,6,4,148.07,0.0
14236,5673,112,1,530.6,0.15
14237,5674,33,5,596.3,0.0
14238,5674,120,2,437.18,0.0
14239,5674,14,1,167.56,0.0
14240,5675,22,3,155.04,0.0
14241,5675,45,1,124.25,0.15
14242,5676,75,1,102.43,0.0
14243,5676,34,2,269.02,0.05
14244,5676,110,3,551.82,0.0
14245,5677,68,3,187.83,0.0
14246,5677,90,5,250.98,0.0
14247,5677,31,5,492.63,0.0
14248,5677,62,4,455.65,0.1
14249,5678,8,1,230.66,0.15
14250,5678,37,1,678.06,0.0
14251,5678,112,5,530.6,0.1
14252,5679,94,2,357.14,0.05
14253,5679,89,1,156.62,0.15
14254,5679,70,2,477.56,0.0
14255,5680,51,2,592.49,0.0
14256,5680,85,4,294.43,0.0
14257,5681,80,4,334.64,0.05
14258,5682,58,4,421.43,0.0
14259,5682,26,3,283.16,0.0
14260,5682,57,3,359.66,0.15
14261,5682,94,5,357.14,0.05
14262,5683,71,4,298.03,0.15
14263,5683,67,1,439.64,0.0
14264,5683,47,4,533.66,0.1
14265,5684,73,5,693.24,0.0
14266,5684,25,5,424.49,0.15
14267,5684,105,2,161.35,0.1
14268,5685,63,5,460.08,0.0
14269,5685,78,1,496.95,0.05
14270,5685,53,5,90.14,0.15
14271,5686,116,4,151.15,0.0
14272,5686,13,4,546.51,0.15
14273,5686,20,1,344.47,0.15
14274,5686,35,4,368.74,0.15
14275,5687,82,2,382.23,0.0
14276,5687,95,1,197.03,0.15
14277,5688,31,2,492.63,0.05
14278,5688,77,5,20.71,0.0
14279,5689,113,1,113.5,0.0
14280,5689,7,3,342.91,0.0
14281,5690,99,3,654.14,0.0
14282,5690,19,4,236.74,0.0
14283,5690,69,4,199.67,0.1
14284,5691,19,1,236.74,0.15
14285,5691,69,1,199.67,0.05
14286,5691,38,2,342.42,0.15
14287,5691,108,4,564.18,0.0
14288,5692,28,2,278.53,0.0
14289,5692,58,1,421.43,0.0
14290,5692,11,3,431.92,0.0
14291,5693,19,1,236.74,0.15
14292,5693,74,5,259.9,0.15
14293,5694,83,1,229.64,0.15
14294,5694,49,4,224.05,0.15
14295,5694,102,3,268.48,0.0
14296,5694,29,4,332.87,0.0
14297,5695,91,3,111.41,0.0
14298,5695,75,4,102.43,0.1
14299,5695,47,5,533.66,0.0
14300,5696,114,1,321.32,0.0
14301,5696,36,4,461.97,0.1
14302,5697,10,4,358.28,0.0
14303,5698,43,2,487.39,0.15
14304,5698,57,4,359.66,0.0
14305,5698,102,5,268.48,0.1
14306,5698,6,5,148.07,0.0
14307,5699,81,4,472.42,0.0
14308,5700,103,5,415.47,0.05
14309,5700,25,2,424.49,0.1
14310,5701,116,4,151.15,0.0
14311,5701,92,3,473.15,0.05
14312,5701,1,3,250.67,0.1
14313,5701,16,5,337.82,0.0
14314,5702,18,5,774.6,0.0
14315,5703,74,5,259.9,0.05
14316,5703,4,5,538.06,0.0
14317,5704,55,1,143.78,0.0
14318,5704,40,1,246.27,0.15
14319,5705,44,5,155.05,0.1
14320,5705,110,3,551.82,0.0
14321,5705,118,3,357.13,0.0
14322,5705,60,4,765.19,0.1
14323,5706,85,3,294.43,0.0
14324,5706,108,5,564.18,0.1
14325,5706,104,3,497.51,0.05
14326,5707,120,5,437.18,0.0
14327,5707,74,2,259.9,0.0
14328,5707,83,4,229.64,0.0
14329,5708,84,4,233.29,0.0
14330,5708,27,1,50.29,0.05
14331,5708,32,1,527.45,0.1
14332,5709,27,4,50.29,0.1
14333,5709,14,2,167.56,0.15
14334,5709,6,4,148.07,0.0
14335,5709,71,3,298.03,0.0
14336,5710,29,5,332.87,0.1
14337,5710,97,4,140.58,0.0
14338,5710,59,4,189.03,0.0
14339,5710,19,1,236.74,0.1
14340,5711,38,5,342.42,0.05
14341,5711,100,1,192.03,0.0
14342,5712,2,2,225.66,0.0
14343,5712,99,4,654.14,0.0
14344,5712,32,4,527.45,0.0
14345,5713,99,5,654.14,0.05
14346,5713,75,4,102.43,0.0
14347,5713,100,4,192.03,0.0
14348,5713,2,4,225.66,0.0
14349,5714,13,3,546.51,0.05
14350,5714,29,4,332.87,0.0
14351,5715,64,4,433.42,0.15
14352,5715,82,2,382.23,0.0
14353,5715,62,2,455.65,0.0
14354,5716,98,1,387.36,0.15
14355,5716,39,5,435.88,0.15
14356,5717,111,4,220.69,0.1
14357,5717,32,1,527.45,0.15
14358,5718,104,3,497.51,0.0
14359,5718,30,4,474.66,0.05
14360,5718,118,1,357.13,0.05
14361,5719,33,3,596.3,0.0
14362,5719,93,3,96.97,0.1
14363,5720,109,4,345.03,0.05
14364,5720,113,4,113.5,0.05
14365,5720,95,1,197.03,0.0
14366,5721,15,1,434.83,0.0
14367,5722,66,4,325.89,0.15
14368,5723,89,1,156.62,0.0
14369,5723,96,5,261.53,0.1
14370,5723,92,3,473.15,0.0
14371,5724,71,3,298.03,0.1
14372,5724,84,3,233.29,0.15
14373,5724,115,1,191.72,0.1
14374,5724,110,2,551.82,0.0
14375,5725,79,2,353.32,0.0
14376,5726,47,1,533.66,0.0
14377,5726,62,3,455.65,0.0
14378,5726,111,1,220.69,0.0
14379,5726,114,2,321.32,0.0
14380,5727,1,1,250.67,0.1
14381,5728,99,3,654.14,0.15
14382,5728,33,1,596.3,0.0
14383,5728,21,5,128.96,0.15
14384,5728,106,3,293.96,0.0
14385,5729,14,4,167.56,0.0
14386,5729,100,3,192.03,0.0
14387,5730,32,1,527.45,0.0
14388,5731,81,2,472.42,0.1
14389,5732,84,1,233.29,0.05
14390,5733,69,2,199.67,0.15
14391,5734,97,3,140.58,0.1
14392,5734,59,2,189.03,0.05
14393,5735,6,2,148.07,0.0
14394,5735,2,5,225.66,0.0
14395,5735,32,2,527.45,0.0
14396,5735,77,4,20.71,0.0
14397,5736,94,2,357.14,0.0
14398,5736,48,4,688.65,0.0
14399,5736,91,2,111.41,0.05
14400,5736,79,3,353.32,0.0
14401,5737,73,1,693.24,0.1
14402,5737,5,4,206.39,0.0
14403,5737,91,2,111.41,0.0
14404,5738,93,1,96.97,0.0
14405,5738,7,5,342.91,0.1
14406,5739,119,4,181.96,0.05
14407,5740,102,1,268.48,0.0
14408,5740,17,1,335.91,0.0
14409,5740,90,1,250.98,0.0
14410,5740,4,5,538.06,0.0
14411,5741,12,1,665.95,0.1
14412,5741,17,3,335.91,0.0
14413,5741,84,1,233.29,0.1
14414,5742,88,2,217.75,0.0
14415,5742,99,1,654.14,0.0
14416,5742,33,5,596.3,0.0
14417,5743,2,3,225.66,0.0
14418,5743,61,2,610.85,0.0
14419,5743,87,5,87.7,0.0
14420,5743,80,5,334.64,0.0
14421,5744,12,1,665.95,0.05
14422,5744,43,5,487.39,0.15
14423,5744,1,2,250.67,0.0
14424,5745,65,3,775.34,0.0
14425,5745,17,5,335.91,0.0
14426,5746,13,4,546.51,0.1
14427,5746,88,5,217.75,0.0
14428,5746,91,5,111.41,0.0
14429,5747,30,1,474.66,0.0
14430,5748,37,1,678.06,0.15
14431,5748,63,3,460.08,0.15
14432,5749,1,5,250.67,0.05
14433,5750,40,4,246.27,0.15
14434,5750,28,2,278.53,0.0
14435,5750,95,3,197.03,0.0
14436,5750,99,4,654.14,0.0
14437,5751,61,5,610.85,0.0
14438,5751,9,3,566.94,0.1
14439,5751,13,4,546.51,0.0
14440,5752,117,5,97.33,0.15
14441,5753,59,4,189.03,0.0
14442,5753,73,1,693.24,0.15
14443,5753,21,5,128.96,0.0
14444,5753,4,5,538.06,0.1
14445,5754,36,2,461.97,0.0
14446,5755,78,5,496.95,0.0
14447,5755,63,4,460.08,0.05
14448,5756,32,2,527.45,0.0
14449,5756,17,2,335.91,0.15
14450,5756,16,4,337.82,0.15
14451,5757,32,2,527.45,0.0
14452,5757,22,3,155.04,0.0
14453,5758,98,4,387.36,0.1
14454,5758,111,5,220.69,0.0
14455,5758,86,3,508.15,0.1
14456,5758,103,2,415.47,0.0
14457,5759,10,1,358.28,0.15
14458,5759,50,5,641.98,0.1
14459,5760,116,1,151.15,0.05
14460,5761,44,5,155.05,0.15
14461,5762,112,1,530.6,0.1
14462,5762,120,4,437.18,0.0
14463,5762,73,3,693.24,0.1
14464,5762,50,1,641.98,0.1
14465,5763,14,4,167.56,0.0
14466,5764,44,5,155.05,0.05
14467,5764,75,5,102.43,0.0
14468,5764,73,4,693.24,0.1
14469,5765,99,5,654.14,0.0
14470,5765,23,2,473.03,0.15
14471,5766,74,2,259.9,0.0
14472,5766,111,5,220.69,0.0
14473,5766,114,1,321.32,0.0
14474,5766,97,2,140.58,0.15
14475,5767,75,2,102.43,0.1
14476,5767,77,5,20.71,0.0
14477,5767,48,4,688.65,0.0
14478,5767,27,1,50.29,0.05
14479,5768,34,2,269.02,0.05
14480,5769,29,1,332.87,0.1
14481,5769,24,2,576.43,0.05
14482,5769,57,5,359.66,0.1
14483,5770,34,2,269.02,0.15
14484,5771,98,3,387.36,0.05
14485,5772,66,4,325.89,0.0
14486,5772,55,4,143.78,0.05
14487,5772,98,2,387.36,0.0
14488,5773,98,2,387.36,0.15
14489,5773,27,3,50.29,0.0
14490,5773,41,3,466.15,0.0
14491,5773,15,2,434.83,0.15
14492,5774,45,3,124.25,0.1
14493,5774,11,5,431.92,0.0
14494,5774,53,5,90.14,0.15
14495,5775,59,1,189.03,0.15
14496,5775,45,5,124.25,0.0
14497,5775,11,3,431.92,0.05
14498,5776,82,4,382.23,0.05
14499,5776,43,4,487.39,0.15
14500,5777,62,1,455.65,0.05
14501,5777,28,2,278.53,0.0
14502,5778,44,3,155.05,0.1
14503,5778,65,4,775.34,0.05
14504,5778,75,5,102.43,0.1
14505,5778,82,3,382.23,0.1
14506,5779,43,2,487.39,0.05
14507,5779,61,4,610.85,0.0
14508,5779,99,4,654.14,0.0
14509,5779,5,2,206.39,0.0
14510,5780,3,5,400.77,0.0
14511,5780,58,3,421.43,0.0
14512,5780,43,1,487.39,0.05
14513,5781,70,2,477.56,0.15
14514,5781,52,5,119.81,0.05
14515,5782,70,4,477.56,0.15
14516,5782,47,2,533.66,0.0
14517,5782,63,3,460.08,0.0
14518,5782,75,4,102.43,0.0
14519,5783,105,5,161.35,0.05
14520,5783,21,4,128.96,0.15
14521,5784,62,5,455.65,0.0
14522,5784,66,3,325.89,0.1
14523,5784,80,5,334.64,0.0
14524,5784,94,4,357.14,0.0
14525,5785,81,4,472.42,0.1
14526,5785,60,1,765.19,0.1
14527,5785,35,2,368.74,0.15
14528,5785,32,2,527.45,0.1
14529,5786,27,1,50.29,0.15
14530,5787,55,5,143.78,0.1
14531,5787,44,3,155.05,0.0
14532,5787,32,2,527.45,0.0
14533,5788,62,4,455.65,0.1
14534,5788,83,3,229.64,0.1
14535,5789,99,5,654.14,0.15
14536,5789,6,3,148.07,0.1
14537,5789,36,3,461.97,0.0
14538,5789,50,3,641.98,0.0
14539,5790,58,1,421.43,0.15
14540,5790,110,5,551.82,0.0
14541,5791,109,3,345.03,0.0
14542,5791,69,1,199.67,0.05
14543,5792,46,2,429.96,0.15
14544,5793,13,2,546.51,0.15
14545,5794,31,2,492.63,0.15
14546,5795,39,4,435.88,0.0
14547,5795,26,5,283.16,0.15
14548,5796,18,4,774.6,0.0
14549,5796,78,1,496.95,0.05
14550,5796,70,4,477.56,0.05
14551,5797,116,5,151.15,0.0
14552,5797,28,3,278.53,0.15
14553,5798,6,1,148.07,0.05
14554,5798,70,3,477.56,0.0
14555,5798,58,1,421.43,0.0
14556,5798,108,2,564.18,0.05
14557,5799,21,5,128.96,0.0
14558,5799,95,5,197.03,0.0
14559,5799,101,5,530.68,0.0
14560,5799,11,4,431.92,0.0
14561,5800,3,4,400.77,0.1
14562,5800,61,3,610.85,0.0
14563,5800,46,2,429.96,0.1
14564,5801,51,4,592.49,0.15
14565,5802,38,2,342.42,0.0
14566,5802,53,3,90.14,0.0
14567,5802,21,2,128.96,0.0
14568,5802,102,2,268.48,0.0
14569,5803,92,3,473.15,0.0
14570,5804,43,3,487.39,0.15
14571,5804,118,4,357.13,0.05
14572,5805,86,2,508.15,0.05
14573,5805,62,1,455.65,0.1
14574,5805,13,4,546.51,0.15
14575,5805,84,2,233.29,0.15
14576,5806,25,2,424.49,0.05
14577,5806,81,1,472.42,0.15
14578,5806,9,4,566.94,0.0
14579,5806,85,5,294.43,0.0
14580,5807,52,4,119.81,0.1
14581,5807,95,4,197.03,0.1
14582,5807,68,4,187.83,0.0
14583,5808,54,2,589.22,0.0
14584,5808,78,5,496.95,0.15
14585,5808,79,1,353.32,0.15
14586,5809,77,1,20.71,0.0
14587,5810,41,5,466.15,0.0
14588,5811,3,3,400.77,0.15
14589,5811,71,4,298.03,0.0
14590,5812,26,3,283.16,0.1
14591,5812,45,5,124.25,0.0
14592,5812,53,2,90.14,0.0
14593,5813,99,3,654.14,0.1
14594,5814,36,3,461.97,0.0
14595,5814,92,3,473.15,0.0
14596,5815,9,5,566.94,0.15
14597,5815,81,1,472.42,0.0
14598,5815,65,2,775.34,0.1
14599,5816,119,5,181.96,0.0
14600,5816,81,5,472.42,0.1
14601,5816,111,3,220.69,0.15
14602,5817,28,4,278.53,0.0
14603,5817,78,1,496.95,0.05
14604,5817,26,5,283.16,0.05
14605,5818,29,5,332.87,0.1
14606,5819,84,5,233.29,0.15
14607,5819,15,5,434.83,0.05
14608,5819,29,3,332.87,0.0
14609,5819,34,1,269.02,0.0
14610,5820,87,5,87.7,0.15
14611,5820,43,1,487.39,0.1
14612,5820,89,5,156.62,0.1
14613,5821,81,3,472.42,0.0
14614,5821,41,1,466.15,0.15
14615,5821,120,3,437.18,0.05
14616,5821,108,3,564.18,0.0
14617,5822,83,3,229.64,0.15
14618,5822,47,4,533.66,0.1
14619,5822,86,4,508.15,0.0
14620,5823,108,1,564.18,0.1
14621,5823,102,3,268.48,0.05
14622,5823,71,5,298.03,0.0
14623,5824,69,3,199.67,0.0
14624,5824,86,2,508.15,0.0
14625,5824,96,5,261.53,0.05
14626,5824,4,5,538.06,0.0
14627,5825,53,1,90.14,0.15
14628,5825,44,3,155.05,0.0
14629,5825,12,3,665.95,0.0
14630,5826,35,4,368.74,0.15
14631,5826,19,5,236.74,0.0
14632,5827,30,3,474.66,0.1
14633,5827,86,5,508.15,0.05
14634,5827,114,4,321.32,0.15
14635,5828,65,1,775.34,0.1
14636,5829,73,5,693.24,0.0
14637,5830,56,1,701.89,0.0
14638,5831,96,4,261.53,0.0
14639,5831,2,3,225.66,0.1
14640,5831,63,5,460.08,0.0
14641,5831,31,5,492.63,0.0
14642,5832,109,3,345.03,0.05
14643,5832,66,4,325.89,0.0
14644,5832,93,3,96.97,0.0
14645,5832,115,3,191.72,0.0
14646,5833,65,3,775.34,0.0
14647,5834,65,5,775.34,0.15
14648,5834,107,5,70.69,0.1
14649,5835,98,1,387.36,0.15
14650,5835,105,4,161.35,0.05
14651,5835,41,4,466.15,0.1
14652,5835,117,1,97.33,0.0
14653,5836,8,3,230.66,0.15
14654,5836,20,2,344.47,0.15
14655,5836,17,5,335.91,0.05
14656,5836,51,4,592.49,0.15
14657,5837,36,4,461.97,0.1
14658,5837,32,3,527.45,0.1
14659,5837,108,3,564.18,0.0
14660,5837,89,5,156.62,0.0
14661,5838,118,4,357.13,0.05
14662,5839,51,4,592.49,0.0
14663,5840,118,1,357.13,0.05
14664,5840,13,1,546.51,0.1
14665,5841,81,2,472.42,0.0
14666,5841,51,4,592.49,0.05
14667,5842,95,5,197.03,0.0
14668,5842,79,3,353.32,0.0
14669,5843,86,3,508.15,0.0
14670,5843,55,4,143.78,0.0
14671,5844,77,5,20.71,0.0
14672,5844,102,4,268.48,0.15
14673,5845,19,5,236.74,0.05
14674,5845,20,4,344.47,0.15
14675,5845,16,3,337.82,0.0
14676,5846,31,5,492.63,0.0
14677,5847,11,1,431.92,0.1
14678,5847,113,3,113.5,0.05
14679,5847,19,1,236.74,0.05
14680,5848,94,5,357.14,0.1
14681,5848,80,5,334.64,0.0
14682,5848,72,5,417.09,0.05
14683,5849,98,1,387.36,0.1
14684,5849,77,1,20.71,0.15
14685,5849,114,5,321.32,0.0
14686,5849,51,1,592.49,0.0
14687,5850,104,4,497.51,0.0
14688,5850,118,2,357.13,0.1
14689,5850,79,4,353.32,0.0
14690,5851,114,1,321.32,0.05
14691,5852,114,2,321.32,0.15
14692,5853,10,3,358.28,0.0
14693,5853,61,1,610.85,0.0
14694,5854,16,4,337.82,0.15
14695,5854,2,3,225.66,0.0
14696,5855,95,4,197.03,0.05
14697,5855,78,4,496.95,0.1
14698,5856,86,5,508.15,0.0
14699,5856,51,4,592.49,0.0
14700,5857,89,2,156.62,0.0
14701,5858,86,1,508.15,0.15
14702,5858,114,3,321.32,0.0
14703,5858,63,5,460.08,0.15
14704,5859,41,2,466.15,0.1
14705,5859,48,2,688.65,0.05
14706,5860,66,2,325.89,0.0
14707,5860,117,3,97.33,0.1
14708,5861,64,3,433.42,0.0
14709,5861,14,2,167.56,0.0
14710,5861,87,3,87.7,0.15
14711,5862,118,4,357.13,0.0
14712,5863,80,2,334.64,0.05
14713,5863,28,4,278.53,0.0
14714,5863,88,1,217.75,0.05
14715,5863,15,2,434.83,0.15
14716,5864,31,1,492.63,0.0
14717,5864,78,4,496.95,0.0
14718,5865,87,2,87.7,0.05
14719,5865,77,3,20.71,0.0
14720,5866,17,4,335.91,0.0
14721,5866,91,2,111.41,0.15
14722,5867,49,5,224.05,0.0
14723,5867,113,1,113.5,0.15
14724,5868,116,3,151.15,0.15
14725,5868,114,5,321.32,0.0
14726,5868,8,3,230.66,0.1
14727,5868,74,4,259.9,0.0
14728,5869,22,2,155.04,0.1
14729,5869,95,3,197.03,0.1
14730,5869,49,5,224.05,0.05
14731,5870,35,1,368.74,0.05
14732,5871,51,3,592.49,0.0
14733,5871,25,3,424.49,0.0
14734,5871,1,2,250.67,0.05
14735,5872,42,5,506.69,0.0
14736,5873,82,3,382.23,0.05
14737,5873,96,4,261.53,0.0
14738,5873,65,3,775.34,0.0
14739,5873,9,1,566.94,0.05
14740,5874,44,1,155.05,0.0
14741,5874,7,3,342.91,0.15
14742,5874,52,2,119.81,0.0
14743,5874,119,2,181.96,0.1
14744,5875,40,2,246.27,0.0
14745,5876,78,5,496.95,0.15
14746,5876,24,2,576.43,0.0
14747,5877,64,5,433.42,0.0
14748,5877,30,3,474.66,0.05
14749,5878,58,2,421.43,0.15
14750,5878,2,2,225.66,0.0
14751,5879,26,3,283.16,0.0
14752,5879,95,3,197.03,0.0
14753,5879,27,2,50.29,0.0
14754,5879,40,1,246.27,0.1
14755,5880,114,3,321.32,0.0
14756,5881,81,4,472.42,0.0
14757,5881,3,5,400.77,0.05
14758,5881,39,1,435.88,0.0
14759,5882,38,3,342.42,0.1
14760,5882,79,4,353.32,0.15
14761,5882,7,3,342.91,0.1
14762,5883,107,4,70.69,0.0
14763,5883,43,4,487.39,0.05
14764,5883,65,3,775.34,0.0
14765,5884,26,4,283.16,0.15
14766,5884,24,5,576.43,0.15
14767,5884,82,3,382.23,0.1
14768,5884,111,2,220.69,0.0
14769,5885,75,5,102.43,0.0
14770,5885,103,2,415.47,0.1
14771,5885,8,1,230.66,0.0
14772,5886,120,5,437.18,0.0
14773,5886,95,3,197.03,0.05
14774,5886,119,5,181.96,0.15
14775,5887,77,1,20.71,0.0
14776,5887,39,5,435.88,0.0
14777,5887,53,3,90.14,0.0
14778,5887,75,4,102.43,0.0
14779,5888,23,4,473.03,0.0
14780,5889,5,4,206.39,0.05
14781,5890,69,1,199.67,0.0
14782,5891,17,4,335.91,0.0
14783,5891,4,2,538.06,0.0
14784,5891,70,3,477.56,0.0
14785,5891,78,3,496.95,0.0
14786,5892,91,1,111.41,0.0
14787,5893,57,2,359.66,0.05
14788,5894,35,1,368.74,0.15
14789,5895,108,1,564.18,0.0
14790,5895,77,5,20.71,0.0
14791,5895,109,3,345.03,0.0
14792,5895,96,3,261.53,0.15
14793,5896,5,1,206.39,0.0
14794,5896,54,1,589.22,0.1
14795,5896,79,4,353.32,0.1
14796,5896,65,1,775.34,0.05
14797,5897,26,1,283.16,0.0
14798,5898,55,4,143.78,0.15
14799,5898,111,3,220.69,0.0
14800,5898,99,5,654.14,0.0
14801,5899,52,4,119.81,0.0
14802,5899,83,4,229.64,0.1
14803,5899,107,5,70.69,0.0
14804,5900,33,3,596.3,0.0
14805,5900,5,5,206.39,0.0
14806,5900,85,3,294.43,0.0
14807,5900,114,5,321.32,0.15
14808,5901,74,4,259.9,0.0
14809,5901,113,1,113.5,0.0
14810,5902,52,5,119.81,0.0
14811,5902,59,2,189.03,0.05
14812,5902,43,4,487.39,0.0
14813,5903,34,5,269.02,0.1
14814,5903,100,3,192.03,0.0
14815,5903,103,4,415.47,0.0
14816,5903,77,4,20.71,0.0
14817,5904,4,4,538.06,0.0
14818,5905,99,3,654.14,0.0
14819,5905,49,2,224.05,0.05
14820,5905,16,4,337.82,0.0
14821,5905,27,2,50.29,0.0
14822,5906,118,5,357.13,0.0
14823,5906,6,1,148.07,0.1
14824,5906,41,5,466.15,0.15
14825,5907,93,3,96.97,0.05
14826,5907,21,3,128.96,0.0
14827,5908,71,2,298.03,0.1
14828,5909,1,5,250.67,0.05
14829,5909,88,5,217.75,0.0
14830,5909,79,5,353.32,0.0
14831,5909,35,3,368.74,0.0
14832,5910,35,5,368.74,0.15
14833,5910,105,5,161.35,0.0
14834,5910,48,1,688.65,0.0
14835,5910,38,3,342.42,0.0
14836,5911,117,2,97.33,0.0
14837,5912,22,1,155.04,0.0
14838,5913,69,2,199.67,0.0
14839,5913,102,5,268.48,0.05
14840,5913,105,3,161.35,0.1
14841,5913,17,4,335.91,0.05
14842,5914,22,3,155.04,0.1
14843,5914,113,2,113.5,0.0
14844,5914,15,4,434.83,0.0
14845,5915,53,2,90.14,0.0
14846,5915,64,2,433.42,0.0
14847,5916,5,3,206.39,0.0
14848,5916,1,1,250.67,0.15
14849,5916,84,1,233.29,0.15
14850,5917,96,3,261.53,0.05
14851,5918,89,4,156.62,0.0
14852,5918,9,1,566.94,0.15
14853,5919,63,1,460.08,0.1
14854,5919,68,4,187.83,0.0
14855,5919,76,4,544.8,0.15
14856,5920,7,4,342.91,0.1
14857,5920,3,1,400.77,0.0
14858,5921,26,2,283.16,0.05
14859,5921,93,4,96.97,0.0
14860,5921,5,3,206.39,0.05
14861,5922,60,5,765.19,0.15
14862,5922,106,5,293.96,0.15
14863,5922,71,4,298.03,0.0
14864,5923,74,5,259.9,0.0
14865,5924,100,2,192.03,0.0
14866,5924,24,4,576.43,0.15
14867,5925,94,2,357.14,0.1
14868,5925,78,2,496.95,0.05
14869,5925,16,1,337.82,0.1
14870,5926,21,4,128.96,0.0
14871,5927,36,1,461.97,0.0
14872,5927,74,1,259.9,0.0
14873,5928,1,4,250.67,0.0
14874,5928,95,4,197.03,0.0
14875,5929,120,5,437.18,0.05
14876,5930,8,3,230.66,0.1
14877,5930,54,1,589.22,0.1
14878,5930,78,5,496.95,0.0
14879,5931,75,1,102.43,0.0
14880,5931,61,2,610.85,0.0
14881,5931,31,5,492.63,0.0
14882,5931,18,1,774.6,0.05
14883,5932,16,3,337.82,0.05
14884,5932,13,2,546.51,0.15
14885,5932,58,3,421.43,0.1
14886,5933,20,4,344.47,0.0
14887,5933,120,2,437.18,0.05
14888,5933,55,1,143.78,0.0
14889,5933,29,4,332.87,0.05
14890,5934,98,4,387.36,0.0
14891,5935,66,1,325.89,0.0
14892,5935,43,5,487.39,0.0
14893,5936,99,4,654.14,0.05
14894,5936,118,5,357.13,0.0
14895,5936,103,2,415.47,0.0
14896,5936,18,3,774.6,0.0
14897,5937,42,1,506.69,0.0
14898,5937,76,5,544.8,0.15
14899,5938,22,4,155.04,0.1
14900,5939,29,1,332.87,0.1
14901,5939,35,2,368.74,0.0
14902,5939,60,3,765.19,0.0
14903,5939,36,4,461.97,0.1
14904,5940,119,5,181.96,0.0
14905,5940,77,1,20.71,0.15
14906,5941,75,5,102.43,0.0
14907,5941,92,1,473.15,0.1
14908,5942,118,3,357.13,0.1
14909,5942,98,5,387.36,0.0
14910,5942,71,5,298.03,0.05
14911,5942,76,2,544.8,0.15
14912,5943,83,2,229.64,0.05
14913,5943,100,4,192.03,0.05
14914,5943,23,1,473.03,0.15
14915,5943,60,2,765.19,0.0
14916,5944,101,4,530.68,0.0
14917,5945,109,3,345.03,0.0
14918,5945,18,4,774.6,0.0
14919,5945,8,1,230.66,0.1
14920,5945,98,3,387.36,0.1
14921,5946,32,1,527.45,0.0
14922,5946,49,1,224.05,0.0
14923,5947,21,2,128.96,0.0
14924,5947,32,1,527.45,0.15
14925,5947,70,4,477.56,0.15
14926,5947,62,2,455.65,0.05
14927,5948,21,4,128.96,0.0
14928,5948,22,1,155.04,0.1
14929,5948,43,3,487.39,0.05
14930,5948,61,2,610.85,0.0
14931,5949,61,1,610.85,0.0
14932,5950,22,5,155.04,0.05
14933,5950,11,2,431.92,0.15
14934,5950,118,4,357.13,0.0
14935,5950,26,1,283.16,0.0
14936,5951,10,2,358.28,0.1
14937,5951,95,1,197.03,0.1
14938,5951,7,4,342.91,0.15
14939,5951,112,3,530.6,0.0
14940,5952,33,4,596.3,0.15
14941,5953,80,3,334.64,0.05
14942,5953,44,5,155.05,0.0
14943,5953,75,4,102.43,0.1
14944,5954,89,1,156.62,0.05
14945,5954,16,5,337.82,0.0
14946,5954,38,1,342.42,0.0
14947,5955,62,3,455.65,0.0
14948,5956,1,4,250.67,0.05
14949,5956,112,2,530.6,0.15
14950,5956,16,5,337.82,0.05
14951,5956,73,2,693.24,0.15
14952,5957,35,4,368.74,0.15
14953,5958,55,5,143.78,0.0
14954,5958,10,5,358.28,0.15
14955,5958,54,1,589.22,0.05
14956,5959,110,4,551.82,0.0
14957,5959,18,4,774.6,0.05
14958,5959,59,3,189.03,0.05
14959,5960,18,4,774.6,0.1
14960,5960,70,2,477.56,0.05
14961,5960,113,3,113.5,0.0
14962,5960,7,4,342.91,0.1
14963,5961,105,5,161.35,0.15
14964,5961,89,4,156.62,0.15
14965,5961,90,2,250.98,0.15
14966,5962,64,2,433.42,0.15
14967,5962,73,3,693.24,0.0
14968,5962,100,1,192.03,0.15
14969,5963,35,3,368.74,0.05
14970,5963,75,5,102.43,0.0
14971,5964,47,2,533.66,0.0
14972,5964,64,1,433.42,0.0
14973,5965,63,3,460.08,0.1
14974,5965,92,3,473.15,0.1
14975,5965,22,3,155.04,0.0
14976,5966,80,1,334.64,0.05
14977,5966,92,1,473.15,0.0
14978,5967,13,4,546.51,0.0
14979,5967,44,1,155.05,0.05
14980,5967,60,3,765.19,0.1
14981,5968,17,4,335.91,0.0
14982,5969,68,1,187.83,0.05
14983,5970,76,1,544.8,0.05
14984,5970,59,1,189.03,0.05
14985,5970,87,1,87.7,0.1
14986,5970,105,3,161.35,0.0
14987,5971,51,5,592.49,0.15
14988,5971,113,5,113.5,0.0
14989,5972,112,5,530.6,0.0
14990,5973,83,2,229.64,0.0
14991,5974,51,1,592.49,0.05
14992,5975,96,2,261.53,0.05
14993,5976,99,4,654.14,0.1
14994,5977,30,4,474.66,0.0
14995,5977,44,2,155.05,0.1
14996,5977,41,4,466.15,0.0
14997,5978,76,4,544.8,0.1
14998,5979,90,2,250.98,0.0
14999,5979,115,1,191.72,0.15
15000,5980,54,4,589.22,0.1
15001,5981,82,5,382.23,0.0
15002,5982,41,3,466.15,0.0
15003,5982,117,3,97.33,0.05
15004,5982,43,4,487.39,0.05
15005,5982,69,1,199.67,0.1
15006,5983,106,5,293.96,0.1
15007,5983,96,5,261.53,0.15
15008,5984,72,2,417.09,0.15
15009,5984,102,4,268.48,0.1
15010,5984,71,4,298.03,0.0
15011,5985,20,1,344.47,0.0
15012,5985,11,1,431.92,0.05
15013,5986,20,2,344.47,0.15
15014,5986,26,3,283.16,0.0
15015,5987,62,2,455.65,0.0
15016,5987,47,4,533.66,0.0
15017,5987,22,3,155.04,0.05
15018,5987,116,2,151.15,0.0
15019,5988,95,2,197.03,0.0
15020,5988,23,5,473.03,0.05
15021,5988,69,3,199.67,0.15
15022,5988,13,5,546.51,0.0
15023,5989,53,2,90.14,0.05
15024,5989,112,4,530.6,0.05
15025,5989,36,5,461.97,0.0
15026,5989,20,4,344.47,0.0
15027,5990,88,3,217.75,0.1
15028,5991,53,5,90.14,0.0
15029,5991,76,5,544.8,0.15
15030,5991,86,3,508.15,0.05
15031,5991,82,3,382.23,0.05
15032,5992,27,1,50.29,0.0
15033,5992,63,3,460.08,0.0
15034,5992,93,3,96.97,0.15
15035,5992,43,1,487.39,0.15
15036,5993,55,2,143.78,0.1
15037,5993,119,2,181.96,0.1
15038,5993,28,1,278.53,0.1
15039,5994,18,5,774.6,0.0
15040,5995,10,3,358.28,0.1
15041,5995,40,1,246.27,0.0
15042,5995,21,3,128.96,0.05
15043,5996,20,4,344.47,0.1
15044,5996,18,5,774.6,0.0
15045,5997,60,2,765.19,0.0
15046,5997,3,5,400.77,0.1
15047,5998,67,4,439.64,0.0
15048,5998,3,2,400.77,0.0
15049,5998,66,3,325.89,0.15
15050,5998,37,1,678.06,0.05
15051,5999,92,3,473.15,0.0
15052,5999,99,4,654.14,0.0
15053,5999,83,5,229.64,0.0
15054,6000,3,5,400.77,0.1
15055,6001,64,2,433.42,0.0
15056,6002,66,5,325.89,0.1
15057,6002,67,5,439.64,0.15
15058,6002,14,4,167.56,0.0
15059,6003,86,4,508.15,0.0
15060,6003,107,1,70.69,0.1
15061,6004,106,1,293.96,0.0
15062,6004,52,1,119.81,0.15
15063,6005,80,5,334.64,0.0
15064,6006,81,5,472.42,0.05
15065,6006,42,1,506.69,0.0
15066,6006,118,2,357.13,0.0
15067,6007,7,5,342.91,0.15
15068,6008,67,3,439.64,0.0
15069,6009,26,1,283.16,0.0
15070,6010,16,2,337.82,0.05
15071,6010,58,1,421.43,0.0
15072,6010,96,2,261.53,0.0
15073,6011,47,5,533.66,0.0
15074,6011,40,2,246.27,0.0
15075,6011,6,2,148.07,0.0
15076,6011,97,3,140.58,0.15
15077,6012,35,5,368.74,0.0
15078,6012,78,5,496.95,0.15
15079,6012,40,4,246.27,0.1
15080,6013,117,1,97.33,0.15
15081,6013,96,2,261.53,0.05
15082,6013,33,2,596.3,0.15
15083,6014,102,1,268.48,0.15
15084,6014,5,1,206.39,0.1
15085,6014,50,1,641.98,0.0
15086,6014,82,5,382.23,0.0
15087,6015,27,3,50.29,0.0
15088,6015,84,3,233.29,0.05
15089,6015,71,5,298.03,0.0
15090,6016,14,3,167.56,0.0
15091,6016,46,4,429.96,0.1
15092,6016,101,3,530.68,0.0
15093,6016,22,3,155.04,0.0
15094,6017,95,3,197.03,0.05
15095,6017,46,3,429.96,0.0
15096,6017,48,1,688.65,0.1
15097,6018,94,2,357.14,0.0
15098,6018,53,5,90.14,0.1
15099,6018,8,3,230.66,0.15
15100,6019,76,5,544.8,0.0
15101,6019,101,1,530.68,0.0
15102,6020,106,1,293.96,0.0
15103,6020,42,1,506.69,0.0
15104,6020,49,1,224.05,0.0
15105,6021,105,4,161.35,0.1
15106,6021,109,5,345.03,0.1
15107,6021,80,3,334.64,0.0
15108,6022,4,4,538.06,0.05
15109,6022,78,2,496.95,0.1
15110,6022,75,3,102.43,0.05
15111,6023,5,1,206.39,0.0
15112,6023,47,5,533.66,0.15
15113,6024,33,4,596.3,0.05
15114,6024,50,3,641.98,0.1
15115,6025,101,1,530.68,0.0
15116,6025,118,4,357.13,0.05
15117,6025,10,5,358.28,0.05
15118,6025,68,1,187.83,0.0
15119,6026,26,5,283.16,0.1
15120,6026,86,2,508.15,0.0
15121,6026,33,3,596.3,0.0
15122,6026,5,4,206.39,0.0
15123,6027,93,4,96.97,0.0
15124,6027,47,1,533.66,0.15
15125,6028,78,5,496.95,0.0
15126,6028,2,5,225.66,0.0
15127,6028,66,1,325.89,0.0
15128,6029,20,1,344.47,0.0
15129,6029,36,1,461.97,0.0
15130,6030,78,4,496.95,0.0
15131,6030,18,2,774.6,0.05
15132,6031,43,5,487.39,0.1
15133,6032,35,2,368.74,0.0
15134,6033,38,2,342.42,0.0
15135,6033,59,1,189.03,0.1
15136,6033,10,4,358.28,0.05
15137,6033,97,5,140.58,0.05
15138,6034,87,5,87.7,0.15
15139,6034,68,2,187.83,0.1
15140,6034,118,4,357.13,0.05
15141,6034,75,3,102.43,0.15
15142,6035,42,4,506.69,0.15
15143,6035,11,4,431.92,0.0
15144,6036,73,2,693.24,0.1
15145,6036,49,1,224.05,0.1
15146,6036,115,1,191.72,0.1
15147,6036,45,4,124.25,0.05
15148,6037,108,4,564.18,0.05
15149,6037,34,3,269.02,0.15
15150,6037,17,5,335.91,0.0
15151,6037,109,5,345.03,0.05
15152,6038,5,1,206.39,0.15
15153,6038,21,2,128.96,0.0
15154,6038,45,4,124.25,0.0
15155,6039,50,3,641.98,0.05
15156,6039,65,3,775.34,0.05
15157,6039,100,1,192.03,0.0
15158,6040,79,5,353.32,0.0
15159,6040,100,4,192.03,0.0
15160,6041,89,4,156.62,0.0
15161,6042,50,5,641.98,0.0
15162,6042,109,4,345.03,0.0
15163,6043,12,4,665.95,0.1
15164,6043,79,3,353.32,0.05
15165,6043,76,4,544.8,0.0
15166,6044,107,2,70.69,0.05
15167,6044,51,3,592.49,0.05
15168,6044,86,3,508.15,0.0
15169,6045,28,3,278.53,0.1
15170,6046,17,3,335.91,0.0
15171,6046,67,5,439.64,0.0
15172,6046,88,4,217.75,0.1
15173,6046,3,2,400.77,0.0
15174,6047,51,2,592.49,0.0
15175,6048,76,1,544.8,0.05
15176,6049,23,2,473.03,0.1
15177,6050,49,4,224.05,0.15
15178,6050,115,5,191.72,0.0
15179,6050,97,4,140.58,0.0
15180,6051,61,2,610.85,0.0
15181,6051,36,1,461.97,0.1
15182,6052,119,2,181.96,0.0
15183,6052,58,3,421.43,0.1
15184,6052,88,3,217.75,0.15
15185,6053,52,1,119.81,0.1
15186,6053,59,2,189.03,0.0
15187,6053,78,3,496.95,0.0
15188,6054,70,3,477.56,0.15
15189,6054,76,5,544.8,0.1
15190,6055,19,2,236.74,0.15
15191,6055,119,2,181.96,0.1
15192,6055,80,4,334.64,0.0
15193,6055,36,5,461.97,0.1
15194,6056,54,1,589.22,0.1
15195,6057,46,4,429.96,0.0
15196,6057,42,2,506.69,0.0
15197,6057,86,1,508.15,0.0
15198,6058,57,4,359.66,0.0
15199,6058,36,3,461.97,0.0
15200,6058,8,1,230.66,0.15
15201,6059,6,4,148.07,0.0
15202,6060,73,3,693.24,0.0
15203,6060,50,3,641.98,0.1
15204,6060,98,1,387.36,0.15
15205,6060,71,2,298.03,0.0
15206,6061,70,3,477.56,0.1
15207,6061,60,1,765.19,0.05
15208,6061,58,4,421.43,0.0
15209,6061,83,1,229.64,0.0
15210,6062,104,1,497.51,0.1
15211,6062,72,4,417.09,0.05
15212,6063,78,3,496.95,0.0
15213,6064,80,1,334.64,0.1
15214,6064,90,1,250.98,0.0
15215,6064,55,2,143.78,0.0
15216,6064,11,3,431.92,0.05
15217,6065,30,3,474.66,0.0
15218,6065,99,1,654.14,0.0
15219,6065,11,5,431.92,0.15
15220,6066,92,1,473.15,0.0
15221,6066,91,1,111.41,0.0
15222,6066,81,1,472.42,0.05
15223,6067,58,1,421.43,0.0
15224,6067,107,1,70.69,0.0
15225,6067,24,4,576.43,0.0
15226,6068,34,4,269.02,0.1
15227,6069,29,3,332.87,0.15
15228,6069,98,5,387.36,0.1
15229,6069,34,3,269.02,0.0
15230,6070,73,2,693.24,0.0
15231,6071,77,2,20.71,0.15
15232,6071,89,2,156.62,0.05
15233,6072,47,1,533.66,0.1
15234,6072,13,1,546.51,0.15
15235,6072,44,3,155.05,0.05
15236,6072,107,2,70.69,0.0
15237,6073,54,4,589.22,0.0
15238,6073,7,1,342.91,0.0
15239,6073,72,4,417.09,0.05
15240,6073,83,2,229.64,0.0
15241,6074,28,2,278.53,0.0
15242,6074,88,4,217.75,0.0
15243,6074,47,5,533.66,0.0
15244,6074,95,2,197.03,0.0
15245,6075,111,4,220.69,0.0
15246,6075,110,2,551.82,0.05
15247,6076,62,4,455.65,0.0
15248,6076,72,4,417.09,0.0
15249,6076,5,4,206.39,0.0
15250,6077,49,1,224.05,0.15
15251,6077,102,5,268.48,0.15
15252,6077,46,3,429.96,0.0
15253,6077,21,5,128.96,0.1
15254,6078,106,3,293.96,0.05
15255,6078,75,2,102.43,0.1
15256,6078,33,2,596.3,0.15
15257,6078,83,4,229.64,0.0
15258,6079,24,4,576.43,0.0
15259,6079,30,5,474.66,0.0
15260,6079,81,2,472.42,0.0
15261,6080,13,1,546.51,0.05
15262,6080,104,5,497.51,0.1
15263,6080,52,4,119.81,0.15
15264,6081,110,4,551.82,0.15
15265,6082,98,5,387.36,0.05
15266,6083,115,1,191.72,0.0
15267,6083,63,3,460.08,0.15
15268,6083,114,5,321.32,0.0
15269,6083,88,2,217.75,0.0
15270,6084,79,2,353.32,0.15
15271,6084,109,3,345.03,0.15
15272,6084,56,4,701.89,0.0
15273,6084,10,3,358.28,0.1
15274,6085,101,5,530.68,0.0
15275,6085,87,2,87.7,0.15
15276,6085,110,4,551.82,0.0
15277,6085,6,4,148.07,0.0
15278,6086,82,4,382.23,0.0
15279,6086,85,3,294.43,0.05
15280,6086,80,1,334.64,0.15
15281,6086,15,1,434.83,0.15
15282,6087,87,3,87.7,0.1
15283,6087,45,4,124.25,0.05
15284,6088,10,2,358.28,0.0
15285,6089,113,1,113.5,0.0
15286,6089,78,3,496.95,0.0
15287,6089,17,2,335.91,0.0
15288,6089,90,2,250.98,0.05
15289,6090,105,5,161.35,0.1
15290,6090,5,2,206.39,0.0
15291,6090,91,5,111.41,0.1
15292,6091,35,3,368.74,0.05
15293,6091,7,5,342.91,0.0
15294,6091,31,1,492.63,0.05
15295,6092,100,2,192.03,0.0
15296,6092,43,2,487.39,0.0
15297,6093,111,3,220.69,0.0
15298,6093,56,4,701.89,0.0
15299,6094,32,4,527.45,0.1
15300,6094,25,5,424.49,0.0
15301,6094,95,3,197.03,0.0
15302,6095,52,4,119.81,0.05
15303,6095,4,5,538.06,0.0
15304,6095,42,3,506.69,0.0
15305,6095,61,2,610.85,0.15
15306,6096,12,1,665.95,0.15
15307,6097,3,3,400.77,0.15
15308,6097,88,5,217.75,0.0
15309,6097,85,1,294.43,0.0
15310,6097,18,4,774.6,0.1
15311,6098,16,5,337.82,0.05
15312,6098,51,3,592.49,0.15
15313,6099,2,3,225.66,0.05
15314,6099,58,2,421.43,0.15
15315,6100,41,3,466.15,0.1
15316,6100,8,4,230.66,0.05
15317,6100,34,2,269.02,0.1
15318,6101,117,3,97.33,0.0
15319,6102,92,1,473.15,0.1
15320,6102,63,5,460.08,0.0
15321,6102,98,5,387.36,0.05
15322,6102,108,3,564.18,0.1
15323,6103,37,4,678.06,0.0
15324,6103,86,1,508.15,0.1
15325,6103,16,2,337.82,0.05
15326,6103,40,2,246.27,0.1
15327,6104,63,4,460.08,0.0
15328,6104,91,1,111.41,0.1
15329,6104,83,1,229.64,0.15
15330,6104,81,2,472.42,0.15
15331,6105,106,4,293.96,0.15
15332,6105,110,3,551.82,0.0
15333,6105,29,5,332.87,0.15
15334,6105,117,3,97.33,0.05
15335,6106,34,5,269.02,0.0
15336,6106,19,2,236.74,0.15
15337,6106,31,3,492.63,0.0
15338,6106,13,2,546.51,0.0
15339,6107,29,2,332.87,0.0
15340,6107,111,4,220.69,0.1
15341,6107,97,3,140.58,0.15
15342,6108,109,5,345.03,0.0
15343,6108,78,4,496.95,0.0
15344,6108,40,2,246.27,0.0
15345,6108,119,2,181.96,0.1
15346,6109,34,3,269.02,0.05
15347,6110,96,3,261.53,0.15
15348,6110,20,3,344.47,0.05
15349,6110,6,3,148.07,0.1
15350,6111,36,4,461.97,0.1
15351,6111,69,2,199.67,0.0
15352,6111,50,4,641.98,0.1
15353,6111,52,1,119.81,0.0
15354,6112,89,5,156.62,0.0
15355,6112,94,4,357.14,0.0
15356,6112,90,5,250.98,0.0
15357,6112,20,3,344.47,0.0
15358,6113,100,5,192.03,0.0
15359,6113,75,3,102.43,0.1
15360,6113,49,5,224.05,0.0
15361,6113,1,4,250.67,0.1
15362,6114,106,5,293.96,0.0
15363,6115,67,2,439.64,0.05
15364,6115,25,2,424.49,0.0
15365,6115,94,3,357.14,0.0
15366,6115,89,5,156.62,0.15
15367,6116,73,4,693.24,0.0
15368,6116,63,5,460.08,0.0
15369,6117,76,1,544.8,0.05
15370,6117,85,2,294.43,0.1
15371,6117,16,3,337.82,0.0
15372,6118,21,1,128.96,0.0
15373,6118,96,4,261.53,0.1
15374,6118,10,5,358.28,0.1
15375,6119,93,1,96.97,0.0
15376,6120,49,2,224.05,0.0
15377,6120,17,3,335.91,0.0
15378,6121,43,1,487.39,0.1
15379,6121,107,2,70.69,0.1
15380,6121,110,3,551.82,0.0
15381,6122,99,2,654.14,0.0
15382,6122,23,3,473.03,0.0
15383,6122,5,4,206.39,0.1
15384,6123,103,5,415.47,0.0
15385,6124,75,2,102.43,0.05
15386,6124,25,5,424.49,0.0
15387,6124,37,3,678.06,0.1
15388,6124,105,2,161.35,0.0
15389,6125,11,4,431.92,0.15
15390,6126,7,2,342.91,0.0
15391,6126,95,3,197.03,0.1
15392,6126,54,3,589.22,0.05
15393,6126,104,2,497.51,0.0
15394,6127,69,3,199.67,0.0
15395,6127,118,4,357.13,0.1
15396,6128,16,1,337.82,0.05
15397,6129,75,5,102.43,0.1
15398,6129,86,4,508.15,0.0
15399,6129,21,5,128.96,0.0
15400,6130,38,2,342.42,0.0
15401,6130,3,1,400.77,0.05
15402,6130,120,2,437.18,0.0
15403,6131,7,3,342.91,0.05
15404,6132,79,4,353.32,0.0
15405,6132,10,1,358.28,0.1
15406,6133,80,5,334.64,0.05
15407,6133,86,2,508.15,0.05
15408,6134,49,3,224.05,0.0
15409,6135,42,5,506.69,0.0
15410,6136,78,1,496.95,0.1
15411,6136,1,5,250.67,0.0
15412,6136,11,5,431.92,0.05
15413,6136,107,4,70.69,0.0
15414,6137,42,2,506.69,0.0
15415,6137,76,1,544.8,0.0
15416,6137,48,5,688.65,0.1
15417,6137,16,5,337.82,0.15
15418,6138,82,1,382.23,0.1
15419,6139,78,3,496.95,0.15
15420,6140,78,4,496.95,0.0
15421,6140,47,1,533.66,0.0
15422,6140,57,4,359.66,0.05
15423,6141,100,3,192.03,0.0
15424,6142,34,5,269.02,0.0
15425,6142,27,4,50.29,0.1
15426,6142,91,3,111.41,0.0
15427,6143,73,5,693.24,0.0
15428,6143,118,5,357.13,0.05
15429,6143,72,5,417.09,0.0
15430,6144,89,2,156.62,0.1
15431,6144,118,3,357.13,0.0
15432,6144,65,2,775.34,0.0
15433,6145,18,1,774.6,0.05
15434,6145,22,3,155.04,0.0
15435,6145,89,4,156.62,0.0
15436,6146,46,5,429.96,0.0
15437,6147,48,4,688.65,0.1
15438,6148,51,2,592.49,0.0
15439,6148,29,4,332.87,0.15
15440,6149,77,2,20.71,0.05
15441,6149,110,2,551.82,0.0
15442,6149,2,3,225.66,0.05
15443,6149,50,4,641.98,0.05
15444,6150,77,3,20.71,0.0
15445,6150,109,5,345.03,0.05
15446,6151,21,1,128.96,0.0
15447,6151,112,1,530.6,0.0
15448,6151,46,1,429.96,0.1
15449,6151,13,1,546.51,0.0
15450,6152,39,2,435.88,0.15
15451,6152,41,2,466.15,0.15
15452,6153,9,1,566.94,0.15
15453,6153,106,5,293.96,0.0
15454,6153,43,3,487.39,0.0
15455,6154,109,5,345.03,0.0
15456,6154,70,4,477.56,0.15
15457,6155,18,2,774.6,0.15
15458,6155,70,3,477.56,0.0
15459,6155,31,4,492.63,0.05
15460,6156,75,2,102.43,0.05
15461,6156,27,3,50.29,0.0
15462,6156,35,1,368.74,0.0
15463,6157,96,3,261.53,0.0
15464,6157,94,2,357.14,0.0
15465,6158,66,2,325.89,0.05
15466,6158,99,2,654.14,0.05
15467,6158,4,5,538.06,0.05
15468,6159,57,5,359.66,0.05
15469,6160,115,1,191.72,0.15
15470,6160,89,5,156.62,0.15
15471,6161,64,2,433.42,0.1
15472,6161,118,5,357.13,0.0
15473,6161,84,3,233.29,0.1
15474,6162,41,5,466.15,0.0
15475,6162,42,5,506.69,0.05
15476,6162,92,1,473.15,0.1
15477,6163,57,4,359.66,0.0
15478,6163,94,2,357.14,0.0
15479,6163,65,4,775.34,0.05
15480,6163,48,4,688.65,0.05
15481,6164,51,3,592.49,0.15
15482,6164,50,4,641.98,0.1
15483,6164,91,4,111.41,0.1
15484,6164,120,4,437.18,0.1
15485,6165,102,1,268.48,0.1
15486,6165,59,1,189.03,0.0
15487,6165,12,4,665.95,0.0
15488,6166,35,3,368.74,0.15
15489,6166,66,4,325.89,0.0
15490,6166,115,2,191.72,0.15
15491,6166,87,4,87.7,0.0
15492,6167,78,3,496.95,0.15
15493,6167,58,4,421.43,0.0
15494,6167,57,3,359.66,0.0
15495,6167,28,1,278.53,0.0
15496,6168,58,1,421.43,0.1
15497,6168,12,3,665.95,0.0
15498,6168,115,3,191.72,0.0
15499,6168,11,3,431.92,0.05
15500,6169,9,4,566.94,0.0
15501,6169,26,2,283.16,0.1
15502,6169,77,4,20.71,0.05
15503,6169,1,1,250.67,0.1
15504,6170,24,4,576.43,0.15
15505,6170,117,3,97.33,0.0
15506,6170,5,3,206.39,0.15
15507,6170,56,1,701.89,0.0
15508,6171,20,4,344.47,0.0
15509,6171,16,3,337.82,0.0
15510,6172,27,4,50.29,0.0
15511,6172,17,2,335.91,0.0
15512,6172,116,1,151.15,0.0
15513,6173,87,5,87.7,0.1
15514,6173,32,2,527.45,0.15
15515,6174,44,5,155.05,0.0
15516,6174,20,4,344.47,0.1
15517,6175,113,3,113.5,0.05
15518,6175,35,3,368.74,0.0
15519,6175,82,2,382.23,0.1
15520,6176,23,4,473.03,0.0
15521,6176,93,5,96.97,0.1
15522,6176,85,1,294.43,0.0
15523,6176,50,2,641.98,0.0
15524,6177,22,3,155.04,0.05
15525,6177,59,2,189.03,0.15
15526,6178,45,5,124.25,0.05
15527,6178,89,2,156.62,0.0
15528,6178,14,1,167.56,0.0
15529,6179,31,3,492.63,0.15
15530,6179,120,3,437.18,0.0
15531,6179,100,1,192.03,0.1
15532,6179,21,3,128.96,0.0
15533,6180,102,4,268.48,0.15
15534,6180,73,3,693.24,0.15
15535,6180,93,4,96.97,0.05
15536,6180,61,3,610.85,0.0
15537,6181,76,3,544.8,0.0
15538,6181,19,2,236.74,0.1
15539,6181,46,1,429.96,0.0
15540,6181,34,3,269.02,0.0
15541,6182,60,1,765.19,0.0
15542,6182,58,1,421.43,0.05
15543,6182,75,3,102.43,0.0
15544,6182,10,5,358.28,0.15
15545,6183,68,4,187.83,0.0
15546,6183,58,4,421.43,0.15
15547,6184,89,5,156.62,0.0
15548,6184,40,5,246.27,0.0
15549,6184,36,2,461.97,0.1
15550,6185,31,5,492.63,0.05
15551,6185,4,4,538.06,0.05
15552,6185,50,1,641.98,0.0
15553,6185,90,5,250.98,0.05
15554,6186,60,5,765.19,0.1
15555,6186,118,1,357.13,0.0
15556,6186,81,1,472.42,0.0
15557,6187,6,5,148.07,0.0
15558,6187,8,2,230.66,0.1
15559,6187,43,2,487.39,0.1
15560,6188,88,4,217.75,0.1
15561,6188,109,5,345.03,0.0
15562,6189,83,1,229.64,0.1
15563,6189,68,5,187.83,0.0
15564,6190,33,3,596.3,0.1
15565,6190,78,3,496.95,0.0
15566,6190,65,3,775.34,0.0
15567,6190,12,5,665.95,0.0
15568,6191,22,2,155.04,0.1
15569,6191,6,2,148.07,0.05
15570,6192,99,4,654.14,0.0
15571,6192,113,1,113.5,0.0
15572,6192,62,5,455.65,0.0
15573,6192,1,3,250.67,0.1
15574,6193,102,2,268.48,0.0
15575,6193,72,4,417.09,0.05
15576,6194,63,1,460.08,0.15
15577,6194,106,3,293.96,0.1
15578,6194,37,5,678.06,0.0
15579,6195,86,4,508.15,0.0
15580,6195,23,1,473.03,0.0
15581,6196,64,3,433.42,0.0
15582,6196,3,4,400.77,0.0
15583,6196,71,5,298.03,0.0
15584,6196,5,3,206.39,0.0
15585,6197,70,3,477.56,0.05
15586,6198,9,3,566.94,0.0
15587,6198,107,3,70.69,0.0
15588,6198,105,5,161.35,0.1
15589,6198,10,3,358.28,0.0
15590,6199,100,4,192.03,0.0
15591,6199,41,1,466.15,0.0
15592,6199,72,2,417.09,0.0
15593,6199,3,5,400.77,0.15
15594,6200,97,5,140.58,0.05
15595,6201,91,5,111.41,0.1
15596,6201,27,5,50.29,0.15
15597,6201,58,1,421.43,0.1
15598,6201,93,2,96.97,0.1
15599,6202,24,4,576.43,0.05
15600,6203,76,2,544.8,0.0
15601,6203,91,2,111.41,0.0
15602,6204,10,4,358.28,0.05
15603,6205,28,3,278.53,0.0
15604,6205,48,5,688.65,0.1
15605,6205,29,2,332.87,0.0
15606,6205,87,3,87.7,0.1
15607,6206,87,5,87.7,0.0
15608,6207,21,2,128.96,0.15
15609,6208,32,2,527.45,0.0
15610,6208,64,3,433.42,0.0
15611,6209,53,4,90.14,0.0
15612,6209,98,3,387.36,0.0
15613,6210,68,2,187.83,0.0
15614,6211,74,3,259.9,0.0
15615,6212,30,1,474.66,0.0
15616,6213,35,5,368.74,0.0
15617,6213,81,1,472.42,0.0
15618,6213,86,2,508.15,0.0
15619,6213,10,4,358.28,0.05
15620,6214,44,2,155.05,0.1
15621,6214,93,2,96.97,0.15
15622,6215,49,3,224.05,0.0
15623,6216,69,4,199.67,0.05
15624,6216,107,5,70.69,0.15
15625,6216,35,5,368.74,0.05
15626,6217,81,1,472.42,0.1
15627,6217,82,3,382.23,0.0
15628,6218,38,1,342.42,0.05
15629,6219,2,2,225.66,0.1
15630,6220,37,3,678.06,0.0
15631,6220,88,2,217.75,0.0
15632,6220,69,3,199.67,0.0
15633,6220,109,2,345.03,0.0
15634,6221,11,2,431.92,0.05
15635,6221,89,3,156.62,0.05
15636,6221,9,5,566.94,0.15
15637,6222,33,3,596.3,0.0
15638,6222,103,4,415.47,0.1
15639,6222,32,1,527.45,0.0
15640,6223,60,1,765.19,0.0
15641,6223,43,4,487.39,0.0
15642,6223,51,5,592.49,0.05
15643,6224,34,3,269.02,0.0
15644,6224,6,5,148.07,0.0
15645,6225,82,4,382.23,0.0
15646,6225,5,5,206.39,0.0
15647,6225,27,1,50.29,0.15
15648,6225,26,3,283.16,0.15
15649,6226,65,4,775.34,0.05
15650,6226,6,3,148.07,0.0
15651,6226,112,1,530.6,0.0
15652,6226,92,2,473.15,0.05
15653,6227,116,1,151.15,0.15
15654,6228,64,5,433.42,0.05
15655,6228,80,5,334.64,0.0
15656,6228,16,1,337.82,0.1
15657,6228,76,4,544.8,0.05
15658,6229,58,5,421.43,0.0
15659,6229,3,1,400.77,0.05
15660,6230,87,1,87.7,0.05
15661,6230,102,2,268.48,0.05
15662,6231,39,2,435.88,0.1
15663,6231,24,2,576.43,0.1
15664,6232,5,4,206.39,0.05
15665,6232,58,2,421.43,0.0
15666,6232,64,5,433.42,0.05
15667,6232,78,5,496.95,0.0
15668,6233,93,5,96.97,0.05
15669,6233,73,5,693.24,0.0
15670,6233,110,4,551.82,0.0
15671,6233,87,2,87.7,0.1
15672,6234,97,2,140.58,0.0
15673,6234,93,4,96.97,0.0
15674,6235,48,3,688.65,0.1
15675,6236,38,5,342.42,0.0
15676,6236,19,2,236.74,0.0
15677,6236,43,4,487.39,0.0
15678,6237,25,2,424.49,0.05
15679,6238,56,1,701.89,0.05
15680,6239,77,5,20.71,0.15
15681,6239,1,4,250.67,0.05
15682,6239,55,2,143.78,0.0
15683,6239,118,1,357.13,0.1
15684,6240,93,4,96.97,0.0
15685,6240,4,2,538.06,0.05
15686,6240,80,3,334.64,0.1
15687,6241,6,5,148.07,0.0
15688,6241,73,2,693.24,0.05
15689,6241,110,1,551.82,0.15
15690,6242,52,4,119.81,0.0
15691,6242,67,4,439.64,0.05
15692,6243,66,5,325.89,0.1
15693,6244,109,5,345.03,0.0
15694,6244,26,5,283.16,0.15
15695,6245,100,2,192.03,0.15
15696,6245,67,2,439.64,0.0
15697,6245,4,2,538.06,0.0
15698,6246,78,2,496.95,0.0
15699,6246,71,3,298.03,0.1
15700,6246,59,5,189.03,0.1
15701,6247,30,2,474.66,0.05
15702,6247,68,2,187.83,0.0
15703,6248,60,3,765.19,0.0
15704,6249,77,2,20.71,0.15
15705,6249,105,4,161.35,0.0
15706,6249,79,2,353.32,0.15
15707,6250,104,1,497.51,0.0
15708,6250,85,1,294.43,0.0
15709,6251,38,1,342.42,0.0
15710,6252,74,5,259.9,0.05
15711,6252,101,3,530.68,0.05
15712,6252,9,1,566.94,0.1
15713,6252,10,2,358.28,0.0
15714,6253,21,5,128.96,0.15
15715,6254,70,2,477.56,0.0
15716,6254,75,2,102.43,0.0
15717,6255,105,5,161.35,0.1
15718,6255,23,1,473.03,0.0
15719,6255,42,2,506.69,0.0
15720,6255,52,3,119.81,0.0
15721,6256,30,4,474.66,0.0
15722,6256,18,5,774.6,0.0
15723,6257,54,4,589.22,0.0
15724,6258,117,1,97.33,0.0
15725,6258,65,3,775.34,0.1
15726,6258,83,3,229.64,0.0
15727,6258,74,3,259.9,0.05
15728,6259,70,2,477.56,0.0
15729,6259,15,2,434.83,0.15
15730,6260,74,5,259.9,0.15
15731,6260,15,3,434.83,0.05
15732,6260,101,2,530.68,0.1
15733,6260,6,4,148.07,0.0
15734,6261,34,3,269.02,0.0
15735,6261,75,5,102.43,0.1
15736,6262,89,2,156.62,0.15
15737,6262,67,5,439.64,0.15
15738,6262,107,5,70.69,0.0
15739,6263,31,1,492.63,0.1
15740,6264,45,2,124.25,0.0
15741,6264,59,3,189.03,0.05
15742,6264,35,1,368.74,0.1
15743,6265,21,3,128.96,0.0
15744,6265,40,5,246.27,0.0
15745,6265,43,4,487.39,0.0
15746,6266,93,4,96.97,0.0
15747,6266,78,3,496.95,0.0
15748,6266,1,4,250.67,0.1
15749,6267,14,4,167.56,0.05
15750,6267,96,5,261.53,0.0
15751,6267,11,5,431.92,0.0
15752,6267,86,4,508.15,0.0
15753,6268,64,5,433.42,0.0
15754,6269,12,3,665.95,0.05
15755,6270,90,4,250.98,0.15
15756,6270,63,5,460.08,0.0
15757,6271,6,5,148.07,0.15
15758,6271,67,1,439.64,0.0
15759,6271,57,4,359.66,0.0
15760,6272,42,3,506.69,0.05
15761,6272,95,5,197.03,0.0
15762,6272,103,1,415.47,0.15
15763,6272,106,4,293.96,0.0
15764,6273,76,1,544.8,0.0
15765,6273,110,1,551.82,0.0
15766,6273,102,2,268.48,0.05
15767,6274,20,1,344.47,0.1
15768,6275,114,2,321.32,0.05
15769,6276,4,3,538.06,0.15
15770,6277,60,2,765.19,0.1
15771,6277,82,5,382.23,0.15
15772,6277,103,5,415.47,0.0
15773,6277,117,5,97.33,0.0
15774,6278,88,5,217.75,0.0
15775,6279,21,5,128.96,0.15
15776,6280,5,5,206.39,0.0
15777,6281,72,5,417.09,0.0
15778,6281,64,3,433.42,0.05
15779,6281,47,5,533.66,0.15
15780,6281,54,3,589.22,0.0
15781,6282,120,1,437.18,0.0
15782,6282,92,3,473.15,0.0
15783,6282,10,4,358.28,0.0
15784,6283,70,4,477.56,0.15
15785,6284,104,2,497.51,0.0
15786,6284,34,1,269.02,0.0
15787,6285,117,2,97.33,0.0
15788,6286,75,2,102.43,0.1
15789,6286,36,5,461.97,0.0
15790,6286,117,3,97.33,0.15
15791,6286,81,1,472.42,0.1
15792,6287,10,5,358.28,0.15
15793,6287,47,3,533.66,0.0
15794,6287,117,4,97.33,0.15
15795,6288,113,4,113.5,0.15
15796,6288,73,4,693.24,0.0
15797,6288,15,3,434.83,0.05
15798,6289,14,5,167.56,0.0
15799,6289,93,2,96.97,0.0
15800,6289,2,5,225.66,0.05
15801,6290,29,2,332.87,0.0
15802,6290,4,2,538.06,0.15
15803,6290,120,5,437.18,0.0
15804,6290,26,1,283.16,0.0
15805,6291,11,2,431.92,0.05
15806,6292,104,2,497.51,0.05
15807,6292,27,3,50.29,0.0
15808,6292,114,1,321.32,0.15
15809,6293,16,3,337.82,0.0
15810,6293,51,5,592.49,0.0
15811,6293,94,3,357.14,0.0
15812,6294,54,2,589.22,0.05
15813,6294,114,2,321.32,0.0
15814,6295,69,4,199.67,0.1
15815,6296,76,3,544.8,0.15
15816,6297,98,1,387.36,0.15
15817,6297,24,4,576.43,0.0
15818,6298,42,2,506.69,0.0
15819,6298,87,3,87.7,0.0
15820,6299,20,2,344.47,0.0
15821,6299,30,3,474.66,0.0
15822,6299,5,1,206.39,0.15
15823,6300,33,4,596.3,0.1
15824,6300,74,4,259.9,0.15
15825,6300,48,2,688.65,0.0
15826,6301,93,4,96.97,0.0
15827,6301,117,4,97.33,0.1
15828,6301,34,1,269.02,0.1
15829,6302,51,1,592.49,0.15
15830,6302,42,4,506.69,0.0
15831,6302,56,4,701.89,0.05
15832,6302,109,3,345.03,0.0
15833,6303,120,3,437.18,0.0
15834,6303,55,1,143.78,0.0
15835,6304,12,4,665.95,0.0
15836,6304,7,4,342.91,0.1
15837,6304,68,1,187.83,0.05
15838,6304,20,3,344.47,0.15
15839,6305,35,5,368.74,0.05
15840,6305,88,3,217.75,0.05
15841,6305,114,2,321.32,0.15
15842,6306,16,2,337.82,0.05
15843,6306,31,5,492.63,0.0
15844,6306,84,3,233.29,0.1
15845,6306,50,2,641.98,0.0
15846,6307,2,2,225.66,0.1
15847,6307,48,5,688.65,0.0
15848,6307,120,5,437.18,0.0
15849,6308,47,5,533.66,0.15
15850,6309,112,5,530.6,0.0
15851,6309,96,3,261.53,0.15
15852,6309,59,3,189.03,0.0
15853,6309,16,4,337.82,0.0
15854,6310,68,4,187.83,0.05
15855,6311,97,4,140.58,0.05
15856,6311,61,3,610.85,0.0
15857,6311,12,5,665.95,0.0
15858,6311,119,2,181.96,0.1
15859,6312,107,5,70.69,0.0
15860,6313,12,2,665.95,0.1
15861,6313,43,1,487.39,0.0
15862,6313,118,1,357.13,0.0
15863,6313,1,3,250.67,0.0
15864,6314,110,3,551.82,0.15
15865,6315,29,2,332.87,0.0
15866,6315,13,4,546.51,0.1
15867,6315,27,3,50.29,0.0
15868,6316,61,3,610.85,0.1
15869,6316,17,2,335.91,0.1
15870,6316,47,2,533.66,0.05
15871,6317,77,4,20.71,0.0
15872,6318,93,3,96.97,0.15
15873,6318,17,5,335.91,0.15
15874,6318,92,5,473.15,0.0
15875,6319,8,2,230.66,0.0
15876,6320,27,5,50.29,0.0
15877,6320,58,1,421.43,0.05
15878,6320,42,4,506.69,0.1
15879,6321,112,2,530.6,0.0
15880,6321,85,4,294.43,0.0
15881,6322,64,4,433.42,0.1
15882,6322,17,1,335.91,0.05
15883,6322,114,5,321.32,0.05
15884,6323,87,1,87.7,0.1
15885,6323,90,4,250.98,0.0
15886,6323,104,2,497.51,0.0
15887,6324,111,1,220.69,0.0
15888,6324,37,3,678.06,0.05
15889,6324,25,3,424.49,0.05
15890,6325,49,5,224.05,0.1
15891,6325,47,2,533.66,0.05
15892,6325,10,1,358.28,0.0
15893,6326,49,5,224.05,0.0
15894,6326,77,2,20.71,0.15
15895,6326,10,3,358.28,0.0
15896,6326,21,3,128.96,0.0
15897,6327,102,3,268.48,0.0
15898,6327,20,2,344.47,0.15
15899,6327,71,1,298.03,0.0
15900,6328,98,2,387.36,0.0
15901,6328,29,1,332.87,0.1
15902,6329,68,4,187.83,0.15
15903,6329,117,4,97.33,0.1
15904,6329,88,3,217.75,0.0
15905,6330,104,4,497.51,0.15
15906,6330,86,4,508.15,0.0
15907,6330,26,3,283.16,0.0
15908,6331,31,5,492.63,0.0
15909,6332,14,5,167.56,0.0
15910,6332,35,5,368.74,0.0
15911,6332,62,2,455.65,0.0
15912,6333,3,1,400.77,0.0
15913,6334,70,1,477.56,0.0
15914,6334,18,1,774.6,0.0
15915,6334,42,1,506.69,0.0
15916,6334,43,5,487.39,0.0
15917,6335,76,5,544.8,0.0
15918,6335,77,2,20.71,0.15
15919,6336,39,5,435.88,0.05
15920,6336,66,4,325.89,0.05
15921,6336,52,3,119.81,0.15
15922,6336,100,2,192.03,0.0
15923,6337,57,5,359.66,0.1
15924,6337,42,3,506.69,0.0
15925,6337,86,5,508.15,0.05
15926,6338,40,3,246.27,0.0
15927,6338,5,3,206.39,0.1
15928,6338,31,4,492.63,0.05
15929,6338,80,1,334.64,0.0
15930,6339,43,3,487.39,0.0
15931,6339,120,2,437.18,0.0
15932,6339,13,1,546.51,0.0
15933,6340,28,2,278.53,0.0
15934,6340,63,3,460.08,0.1
15935,6341,28,1,278.53,0.15
15936,6342,18,1,774.6,0.05
15937,6342,29,3,332.87,0.0
15938,6342,24,1,576.43,0.1
15939,6343,66,1,325.89,0.0
15940,6343,118,3,357.13,0.0
15941,6343,23,5,473.03,0.0
15942,6343,71,1,298.03,0.0
15943,6344,64,2,433.42,0.1
15944,6344,98,1,387.36,0.0
15945,6344,102,2,268.48,0.1
15946,6344,12,5,665.95,0.0
15947,6345,57,2,359.66,0.0
15948,6345,52,4,119.81,0.1
15949,6345,3,2,400.77,0.15
15950,6346,85,4,294.43,0.0
15951,6346,29,3,332.87,0.0
15952,6346,44,2,155.05,0.0
15953,6347,40,1,246.27,0.15
15954,6347,48,2,688.65,0.1
15955,6347,106,2,293.96,0.0
15956,6348,77,4,20.71,0.0
15957,6349,93,1,96.97,0.0
15958,6349,52,1,119.81,0.1
15959,6349,41,4,466.15,0.1
15960,6349,56,5,701.89,0.05
15961,6350,92,1,473.15,0.15
15962,6350,57,3,359.66,0.1
15963,6350,3,4,400.77,0.0
15964,6351,17,4,335.91,0.0
15965,6351,24,3,576.43,0.05
15966,6351,30,1,474.66,0.0
15967,6351,66,3,325.89,0.0
15968,6352,105,3,161.35,0.15
15969,6352,88,4,217.75,0.0
15970,6352,74,1,259.9,0.0
15971,6353,111,2,220.69,0.1
15972,6354,69,5,199.67,0.1
15973,6354,94,5,357.14,0.0
15974,6354,20,4,344.47,0.0
15975,6354,49,3,224.05,0.0
15976,6355,65,2,775.34,0.15
15977,6355,28,5,278.53,0.0
15978,6356,34,5,269.02,0.0
15979,6357,106,5,293.96,0.05
15980,6357,75,5,102.43,0.15
15981,6358,33,4,596.3,0.0
15982,6358,108,3,564.18,0.0
15983,6359,33,3,596.3,0.0
15984,6359,21,4,128.96,0.0
15985,6359,29,2,332.87,0.05
15986,6359,12,5,665.95,0.05
15987,6360,41,2,466.15,0.1
15988,6360,107,1,70.69,0.0
15989,6360,60,1,765.19,0.15
15990,6361,105,1,161.35,0.0
15991,6361,112,2,530.6,0.0
15992,6361,7,1,342.91,0.0
15993,6362,11,2,431.92,0.0
15994,6362,63,1,460.08,0.0
15995,6362,48,5,688.65,0.05
15996,6362,10,4,358.28,0.0
15997,6363,47,3,533.66,0.0
15998,6363,118,4,357.13,0.0
15999,6363,87,2,87.7,0.15
16000,6363,89,1,156.62,0.05
16001,6364,82,3,382.23,0.0
16002,6364,109,4,345.03,0.0
16003,6365,8,4,230.66,0.15
16004,6365,39,3,435.88,0.0
16005,6365,67,2,439.64,0.1
16006,6365,113,2,113.5,0.05
16007,6366,60,2,765.19,0.05
16008,6366,24,2,576.43,0.15
16009,6366,31,4,492.63,0.15
16010,6367,57,3,359.66,0.15
16011,6367,10,1,358.28,0.15
16012,6367,80,3,334.64,0.15
16013,6368,89,4,156.62,0.0
16014,6369,80,3,334.64,0.15
16015,6369,19,4,236.74,0.0
16016,6370,3,5,400.77,0.15
16017,6370,107,3,70.69,0.0
16018,6371,98,5,387.36,0.0
16019,6371,97,1,140.58,0.0
16020,6372,21,4,128.96,0.0
16021,6372,11,5,431.92,0.15
16022,6373,16,1,337.82,0.1
16023,6373,4,4,538.06,0.0
16024,6374,42,5,506.69,0.15
16025,6374,33,5,596.3,0.0
16026,6375,90,5,250.98,0.1
16027,6376,115,3,191.72,0.1
16028,6377,60,1,765.19,0.1
16029,6377,81,5,472.42,0.05
16030,6378,74,2,259.9,0.0
16031,6378,102,4,268.48,0.0
16032,6378,85,3,294.43,0.0
16033,6379,61,3,610.85,0.0
16034,6379,119,5,181.96,0.15
16035,6379,8,2,230.66,0.1
16036,6380,8,4,230.66,0.0
16037,6380,19,5,236.74,0.1
16038,6380,2,4,225.66,0.15
16039,6380,102,1,268.48,0.1
16040,6381,3,5,400.77,0.15
16041,6381,35,3,368.74,0.0
16042,6381,42,5,506.69,0.0
16043,6382,74,2,259.9,0.15
16044,6382,28,4,278.53,0.0
16045,6383,113,1,113.5,0.05
16046,6383,110,4,551.82,0.0
16047,6383,103,4,415.47,0.15
16048,6384,111,5,220.69,0.0
16049,6384,33,1,596.3,0.1
16050,6385,94,1,357.14,0.15
16051,6385,108,4,564.18,0.0
16052,6385,13,2,546.51,0.1
16053,6385,89,5,156.62,0.0
16054,6386,2,4,225.66,0.15
16055,6386,55,1,143.78,0.0
16056,6387,51,4,592.49,0.1
16057,6387,101,4,530.68,0.1
16058,6388,88,2,217.75,0.1
16059,6388,9,2,566.94,0.0
16060,6388,41,2,466.15,0.15
16061,6388,62,2,455.65,0.1
16062,6389,50,4,641.98,0.0
16063,6389,109,1,345.03,0.0
16064,6390,65,4,775.34,0.0
16065,6390,113,5,113.5,0.0
16066,6390,86,3,508.15,0.05
16067,6390,51,1,592.49,0.1
16068,6391,87,5,87.7,0.0
16069,6391,96,3,261.53,0.0
16070,6391,21,2,128.96,0.15
16071,6392,29,2,332.87,0.0
16072,6392,39,3,435.88,0.1
16073,6392,19,5,236.74,0.0
16074,6392,61,2,610.85,0.0
16075,6393,79,5,353.32,0.0
16076,6393,52,5,119.81,0.0
16077,6393,71,1,298.03,0.05
16078,6394,82,2,382.23,0.1
16079,6394,8,1,230.66,0.0
16080,6394,50,5,641.98,0.15
16081,6394,101,1,530.68,0.0
16082,6395,86,5,508.15,0.0
16083,6395,96,5,261.53,0.0
16084,6396,54,4,589.22,0.15
16085,6397,118,5,357.13,0.0
16086,6398,94,3,357.14,0.0
16087,6398,59,5,189.03,0.0
16088,6399,42,3,506.69,0.05
16089,6399,99,5,654.14,0.0
16090,6400,54,5,589.22,0.1
16091,6400,89,1,156.62,0.0
16092,6401,59,1,189.03,0.0
16093,6401,105,2,161.35,0.05
16094,6402,117,3,97.33,0.0
16095,6402,113,3,113.5,0.0
16096,6403,120,1,437.18,0.15
16097,6404,69,5,199.67,0.1
16098,6404,27,5,50.29,0.05
16099,6404,120,1,437.18,0.05
16100,6405,73,2,693.24,0.1
16101,6405,77,1,20.71,0.15
16102,6405,83,4,229.64,0.0
16103,6406,85,2,294.43,0.05
16104,6406,5,2,206.39,0.0
16105,6406,12,3,665.95,0.15
16106,6407,90,1,250.98,0.0
16107,6407,15,1,434.83,0.15
16108,6408,56,3,701.89,0.05
16109,6408,47,5,533.66,0.05
16110,6408,93,5,96.97,0.0
16111,6408,10,5,358.28,0.0
16112,6409,98,1,387.36,0.15
16113,6409,86,5,508.15,0.1
16114,6410,14,1,167.56,0.0
16115,6410,79,4,353.32,0.0
16116,6411,77,2,20.71,0.15
16117,6411,88,2,217.75,0.15
16118,6411,72,3,417.09,0.1
16119,6412,95,1,197.03,0.0
16120,6412,83,1,229.64,0.1
16121,6413,43,5,487.39,0.1
16122,6413,85,4,294.43,0.0
16123,6413,8,1,230.66,0.0
16124,6413,51,5,592.49,0.15
16125,6414,110,1,551.82,0.0
16126,6415,41,5,466.15,0.05
16127,6416,64,5,433.42,0.15
16128,6416,117,1,97.33,0.15
16129,6417,43,5,487.39,0.0
16130,6418,49,1,224.05,0.05
16131,6418,57,1,359.66,0.15
16132,6419,120,3,437.18,0.15
16133,6419,101,3,530.68,0.0
16134,6419,52,2,119.81,0.0
16135,6420,94,2,357.14,0.0
16136,6421,116,3,151.15,0.15
16137,6421,72,4,417.09,0.0
16138,6421,106,2,293.96,0.0
16139,6422,83,1,229.64,0.15
16140,6422,8,5,230.66,0.0
16141,6422,6,1,148.07,0.0
16142,6423,26,3,283.16,0.0
16143,6423,99,5,654.14,0.0
16144,6424,42,2,506.69,0.05
16145,6424,7,4,342.91,0.0
16146,6425,32,2,527.45,0.0
16147,6426,88,2,217.75,0.0
16148,6426,27,4,50.29,0.0
16149,6427,39,5,435.88,0.05
16150,6428,51,2,592.49,0.0
16151,6428,50,4,641.98,0.0
16152,6429,23,4,473.03,0.05
16153,6430,60,1,765.19,0.0
16154,6430,33,1,596.3,0.0
16155,6431,80,5,334.64,0.0
16156,6431,11,1,431.92,0.0
16157,6431,105,5,161.35,0.15
16158,6431,49,2,224.05,0.15
16159,6432,111,1,220.69,0.0
16160,6432,27,2,50.29,0.0
16161,6432,83,2,229.64,0.1
16162,6432,92,4,473.15,0.1
16163,6433,64,1,433.42,0.0
16164,6433,26,1,283.16,0.0
16165,6433,57,4,359.66,0.0
16166,6434,109,4,345.03,0.05
16167,6434,47,2,533.66,0.0
16168,6434,15,3,434.83,0.05
16169,6434,105,2,161.35,0.1
16170,6435,41,1,466.15,0.15
16171,6435,94,5,357.14,0.15
16172,6435,34,2,269.02,0.0
16173,6436,110,5,551.82,0.0
16174,6436,115,1,191.72,0.05
16175,6436,34,1,269.02,0.0
16176,6436,108,3,564.18,0.0
16177,6437,54,1,589.22,0.0
16178,6437,34,2,269.02,0.05
16179,6437,92,3,473.15,0.0
16180,6438,91,4,111.41,0.0
16181,6438,48,4,688.65,0.05
16182,6439,38,3,342.42,0.1
16183,6439,98,5,387.36,0.15
16184,6440,83,4,229.64,0.1
16185,6440,70,3,477.56,0.0
16186,6440,62,2,455.65,0.0
16187,6441,73,3,693.24,0.05
16188,6441,46,4,429.96,0.05
16189,6441,120,4,437.18,0.0
16190,6441,25,2,424.49,0.0
16191,6442,47,3,533.66,0.1
16192,6442,7,2,342.91,0.0
16193,6442,21,4,128.96,0.0
16194,6442,68,3,187.83,0.0
16195,6443,17,4,335.91,0.0
16196,6443,119,1,181.96,0.05
16197,6444,63,5,460.08,0.0
16198,6445,42,2,506.69,0.0
16199,6446,86,4,508.15,0.15
16200,6446,59,4,189.03,0.0
16201,6446,8,1,230.66,0.05
16202,6446,69,1,199.67,0.1
16203,6447,34,1,269.02,0.1
16204,6447,49,5,224.05,0.0
16205,6447,61,1,610.85,0.05
16206,6448,108,1,564.18,0.0
16207,6448,76,4,544.8,0.0
16208,6448,55,2,143.78,0.1
16209,6448,115,4,191.72,0.0
16210,6449,29,5,332.87,0.15
16211,6450,24,5,576.43,0.1
16212,6450,118,1,357.13,0.1
16213,6450,7,4,342.91,0.0
16214,6451,61,4,610.85,0.0
16215,6451,74,1,259.9,0.0
16216,6452,52,2,119.81,0.15
16217,6452,53,4,90.14,0.0
16218,6453,49,5,224.05,0.1
16219,6453,113,2,113.5,0.05
16220,6453,60,5,765.19,0.1
16221,6453,112,2,530.6,0.15
16222,6454,9,1,566.94,0.1
16223,6454,54,3,589.22,0.0
16224,6455,118,1,357.13,0.0
16225,6455,56,4,701.89,0.15
16226,6455,115,4,191.72,0.1
16227,6456,44,3,155.05,0.1
16228,6456,61,5,610.85,0.05
16229,6456,7,2,342.91,0.0
16230,6457,89,3,156.62,0.15
16231,6457,7,4,342.91,0.0
16232,6457,80,5,334.64,0.05
16233,6457,69,5,199.67,0.0
16234,6458,11,2,431.92,0.1
16235,6458,110,1,551.82,0.05
16236,6458,66,4,325.89,0.05
16237,6459,70,5,477.56,0.0
16238,6459,89,1,156.62,0.15
16239,6459,85,5,294.43,0.0
16240,6460,114,4,321.32,0.1
16241,6460,85,4,294.43,0.0
16242,6460,38,1,342.42,0.05
16243,6461,104,1,497.51,0.0
16244,6462,30,2,474.66,0.0
16245,6463,113,2,113.5,0.15
16246,6463,88,3,217.75,0.0
16247,6463,48,5,688.65,0.0
16248,6463,64,4,433.42,0.05
16249,6464,59,4,189.03,0.05
16250,6465,88,5,217.75,0.05
16251,6465,112,4,530.6,0.0
16252,6466,73,4,693.24,0.05
16253,6466,110,1,551.82,0.05
16254,6466,86,3,508.15,0.15
16255,6467,26,3,283.16,0.15
16256,6468,1,4,250.67,0.0
16257,6469,63,1,460.08,0.15
16258,6469,113,2,113.5,0.1
16259,6470,4,1,538.06,0.15
16260,6470,88,3,217.75,0.0
16261,6470,115,2,191.72,0.05
16262,6471,99,3,654.14,0.1
16263,6471,91,2,111.41,0.1
16264,6472,83,3,229.64,0.0
16265,6472,12,5,665.95,0.0
16266,6472,59,1,189.03,0.1
16267,6472,120,2,437.18,0.1
16268,6473,89,5,156.62,0.0
16269,6473,6,4,148.07,0.0
16270,6473,98,3,387.36,0.0
16271,6473,19,2,236.74,0.1
16272,6474,91,5,111.41,0.0
16273,6474,83,1,229.64,0.1
16274,6474,40,1,246.27,0.0
16275,6475,103,3,415.47,0.05
16276,6475,81,2,472.42,0.1
16277,6475,63,5,460.08,0.15
16278,6475,78,3,496.95,0.0
16279,6476,108,2,564.18,0.05
16280,6477,27,1,50.29,0.15
16281,6477,81,3,472.42,0.1
16282,6478,5,5,206.39,0.0
16283,6478,91,4,111.41,0.0
16284,6478,81,4,472.42,0.1
16285,6478,101,3,530.68,0.1
16286,6479,10,1,358.28,0.0
16287,6479,87,3,87.7,0.0
16288,6479,90,1,250.98,0.1
16289,6479,63,3,460.08,0.15
16290,6480,13,5,546.51,0.1
16291,6480,89,2,156.62,0.15
16292,6481,17,5,335.91,0.15
16293,6482,64,3,433.42,0.15
16294,6482,42,5,506.69,0.0
16295,6482,32,4,527.45,0.05
16296,6482,46,1,429.96,0.1
16297,6483,51,4,592.49,0.0
16298,6483,83,3,229.64,0.15
16299,6484,20,5,344.47,0.0
16300,6484,65,2,775.34,0.0
16301,6484,41,1,466.15,0.05
16302,6485,49,5,224.05,0.0
16303,6485,28,1,278.53,0.0
16304,6486,18,4,774.6,0.1
16305,6486,86,1,508.15,0.15
16306,6487,1,4,250.67,0.1
16307,6487,103,5,415.47,0.0
16308,6487,9,4,566.94,0.0
16309,6488,36,3,461.97,0.0
16310,6488,85,2,294.43,0.1
16311,6489,114,4,321.32,0.0
16312,6489,113,5,113.5,0.0
16313,6490,80,3,334.64,0.15
16314,6490,112,1,530.6,0.0
16315,6490,44,4,155.05,0.05
16316,6490,65,3,775.34,0.0
16317,6491,115,4,191.72,0.15
16318,6491,32,3,527.45,0.15
16319,6491,73,3,693.24,0.0
16320,6491,34,5,269.02,0.05
16321,6492,41,2,466.15,0.15
16322,6492,104,5,497.51,0.0
16323,6493,64,1,433.42,0.15
16324,6493,119,2,181.96,0.0
16325,6494,18,4,774.6,0.0
16326,6494,15,2,434.83,0.05
16327,6494,22,2,155.04,0.15
16328,6494,116,3,151.15,0.0
16329,6495,74,5,259.9,0.1
16330,6495,114,4,321.32,0.0
16331,6495,91,4,111.41,0.0
16332,6496,64,1,433.42,0.0
16333,6496,22,5,155.04,0.0
16334,6496,96,1,261.53,0.0
16335,6496,70,3,477.56,0.0
16336,6497,7,3,342.91,0.15
16337,6497,51,1,592.49,0.0
16338,6498,88,5,217.75,0.0
16339,6498,74,1,259.9,0.0
16340,6498,25,3,424.49,0.1
16341,6499,15,5,434.83,0.1
16342,6500,42,4,506.69,0.0
16343,6500,53,4,90.14,0.1
16344,6500,23,4,473.03,0.15
16345,6501,41,4,466.15,0.15
16346,6502,64,3,433.42,0.15
16347,6502,102,3,268.48,0.0
16348,6503,105,4,161.35,0.0
16349,6503,85,2,294.43,0.0
16350,6503,11,5,431.92,0.15
16351,6503,108,4,564.18,0.0
16352,6504,8,2,230.66,0.0
16353,6504,26,3,283.16,0.1
16354,6505,76,2,544.8,0.05
16355,6505,62,1,455.65,0.0
16356,6505,39,2,435.88,0.05
16357,6506,13,1,546.51,0.1
16358,6507,119,5,181.96,0.0
16359,6507,120,2,437.18,0.0
16360,6508,41,2,466.15,0.0
16361,6508,28,3,278.53,0.0
16362,6508,31,5,492.63,0.05
16363,6509,104,5,497.51,0.0
16364,6509,15,2,434.83,0.0
16365,6509,43,4,487.39,0.15
16366,6510,79,4,353.32,0.05
16367,6510,40,3,246.27,0.05
16368,6510,19,5,236.74,0.0
16369,6511,86,2,508.15,0.0
16370,6511,45,2,124.25,0.0
16371,6511,89,2,156.62,0.15
16372,6512,53,1,90.14,0.0
16373,6512,69,1,199.67,0.0
16374,6513,54,3,589.22,0.0
16375,6514,24,4,576.43,0.1
16376,6514,12,4,665.95,0.05
16377,6515,54,2,589.22,0.05
16378,6515,107,4,70.69,0.15
16379,6515,90,1,250.98,0.0
16380,6516,26,5,283.16,0.15
16381,6516,10,1,358.28,0.1
16382,6516,61,4,610.85,0.0
16383,6516,120,1,437.18,0.0
16384,6517,70,3,477.56,0.0
16385,6517,76,2,544.8,0.0
16386,6518,38,2,342.42,0.0
16387,6518,42,2,506.69,0.0
16388,6518,120,1,437.18,0.0
16389,6518,41,1,466.15,0.0
16390,6519,10,5,358.28,0.0
16391,6519,56,2,701.89,0.0
16392,6520,41,2,466.15,0.05
16393,6520,99,4,654.14,0.0
16394,6520,111,3,220.69,0.1
16395,6521,96,5,261.53,0.0
16396,6521,22,3,155.04,0.05
16397,6522,88,1,217.75,0.0
16398,6522,51,1,592.49,0.15
16399,6522,107,3,70.69,0.0
16400,6523,44,1,155.05,0.1
16401,6524,58,5,421.43,0.0
16402,6524,93,2,96.97,0.1
16403,6524,103,1,415.47,0.15
16404,6524,73,4,693.24,0.1
16405,6525,1,3,250.67,0.0
16406,6525,45,5,124.25,0.0
16407,6525,109,3,345.03,0.05
16408,6525,75,4,102.43,0.15
16409,6526,76,1,544.8,0.1
16410,6526,44,2,155.05,0.05
16411,6526,116,1,151.15,0.1
16412,6526,6,2,148.07,0.0
16413,6527,110,5,551.82,0.0
16414,6527,5,2,206.39,0.0
16415,6527,74,1,259.9,0.05
16416,6527,33,1,596.3,0.0
16417,6528,72,5,417.09,0.0
16418,6528,36,5,461.97,0.0
16419,6528,87,1,87.7,0.1
16420,6529,109,5,345.03,0.05
16421,6530,27,3,50.29,0.15
16422,6530,91,5,111.41,0.1
16423,6530,74,2,259.9,0.0
16424,6531,67,2,439.64,0.15
16425,6531,6,1,148.07,0.0
16426,6532,16,4,337.82,0.0
16427,6533,47,4,533.66,0.05
16428,6534,94,2,357.14,0.0
16429,6535,3,5,400.77,0.0
16430,6536,8,5,230.66,0.0
16431,6536,56,1,701.89,0.1
16432,6537,12,4,665.95,0.05
16433,6538,66,2,325.89,0.0
16434,6538,23,5,473.03,0.15
16435,6538,96,1,261.53,0.1
16436,6538,79,1,353.32,0.15
16437,6539,113,5,113.5,0.05
16438,6539,107,3,70.69,0.1
16439,6539,120,5,437.18,0.0
16440,6539,85,5,294.43,0.0
16441,6540,69,5,199.67,0.1
16442,6541,44,2,155.05,0.0
16443,6541,79,2,353.32,0.15
16444,6541,54,3,589.22,0.05
16445,6542,105,3,161.35,0.1
16446,6542,63,1,460.08,0.15
16447,6542,43,4,487.39,0.15
16448,6543,97,3,140.58,0.0
16449,6544,36,5,461.97,0.0
16450,6544,83,4,229.64,0.0
16451,6544,104,4,497.51,0.0
16452,6544,26,3,283.16,0.0
16453,6545,56,5,701.89,0.15
16454,6546,54,2,589.22,0.0
16455,6546,98,2,387.36,0.05
16456,6546,22,3,155.04,0.05
16457,6547,39,4,435.88,0.0
16458,6547,60,4,765.19,0.0
16459,6547,45,3,124.25,0.0
16460,6548,44,4,155.05,0.15
16461,6548,87,2,87.7,0.0
16462,6549,27,2,50.29,0.0
16463,6550,27,4,50.29,0.0
16464,6550,56,1,701.89,0.0
16465,6550,4,4,538.06,0.0
16466,6550,39,2,435.88,0.1
16467,6551,81,5,472.42,0.1
16468,6551,104,5,497.51,0.0
16469,6551,33,1,596.3,0.05
16470,6551,79,1,353.32,0.0
16471,6552,77,4,20.71,0.1
16472,6552,90,3,250.98,0.1
16473,6552,66,1,325.89,0.0
16474,6553,94,3,357.14,0.0
16475,6553,105,5,161.35,0.0
16476,6554,61,4,610.85,0.1
16477,6554,87,1,87.7,0.0
16478,6554,46,1,429.96,0.0
16479,6554,105,4,161.35,0.15
16480,6555,48,5,688.65,0.0
16481,6555,19,2,236.74,0.15
16482,6556,68,2,187.83,0.0
16483,6557,11,2,431.92,0.0
16484,6558,95,5,197.03,0.1
16485,6559,55,4,143.78,0.05
16486,6559,80,1,334.64,0.0
16487,6559,98,5,387.36,0.15
16488,6560,9,4,566.94,0.15
16489,6561,54,3,589.22,0.0
16490,6561,46,4,429.96,0.0
16491,6561,113,3,113.5,0.0
16492,6561,6,4,148.07,0.1
16493,6562,63,1,460.08,0.0
16494,6562,100,2,192.03,0.05
16495,6562,120,5,437.18,0.05
16496,6562,6,3,148.07,0.1
16497,6563,42,4,506.69,0.15
16498,6563,61,1,610.85,0.15
16499,6563,96,3,261.53,0.15
16500,6564,110,4,551.82,0.15
16501,6565,118,3,357.13,0.05
16502,6565,19,2,236.74,0.05
16503,6565,100,3,192.03,0.0
16504,6565,33,5,596.3,0.15
16505,6566,14,4,167.56,0.0
16506,6566,33,4,596.3,0.0
16507,6567,84,5,233.29,0.0
16508,6567,68,1,187.83,0.05
16509,6567,58,4,421.43,0.15
16510,6568,86,2,508.15,0.15
16511,6569,44,4,155.05,0.0
16512,6569,56,4,701.89,0.0
16513,6569,50,4,641.98,0.0
16514,6569,70,5,477.56,0.0
16515,6570,31,4,492.63,0.05
16516,6571,8,2,230.66,0.05
16517,6571,48,5,688.65,0.15
16518,6571,114,2,321.32,0.15
16519,6572,38,1,342.42,0.1
16520,6572,11,1,431.92,0.05
16521,6573,38,3,342.42,0.1
16522,6573,89,5,156.62,0.0
16523,6574,52,1,119.81,0.1
16524,6575,73,2,693.24,0.0
16525,6576,91,5,111.41,0.15
16526,6576,54,4,589.22,0.0
16527,6577,113,4,113.5,0.0
16528,6577,66,3,325.89,0.0
16529,6577,57,4,359.66,0.1
16530,6578,19,3,236.74,0.0
16531,6579,114,5,321.32,0.05
16532,6579,71,3,298.03,0.15
16533,6580,37,5,678.06,0.0
16534,6580,33,3,596.3,0.0
16535,6580,57,5,359.66,0.05
16536,6581,16,1,337.82,0.0
16537,6582,10,4,358.28,0.0
16538,6582,4,2,538.06,0.0
16539,6582,109,3,345.03,0.0
16540,6583,63,2,460.08,0.0
16541,6584,33,5,596.3,0.0
16542,6584,86,3,508.15,0.15
16543,6584,101,4,530.68,0.0
16544,6584,116,5,151.15,0.05
16545,6585,36,2,461.97,0.1
16546,6585,70,4,477.56,0.15
16547,6585,105,1,161.35,0.05
16548,6585,48,1,688.65,0.1
16549,6586,103,2,415.47,0.0
16550,6586,89,1,156.62,0.0
16551,6586,69,1,199.67,0.15
16552,6586,15,5,434.83,0.0
16553,6587,92,1,473.15,0.0
16554,6588,6,1,148.07,0.1
16555,6588,78,3,496.95,0.15
16556,6589,26,2,283.16,0.15
16557,6590,104,3,497.51,0.15
16558,6590,4,3,538.06,0.05
16559,6590,79,2,353.32,0.1
16560,6590,106,3,293.96,0.0
16561,6591,112,5,530.6,0.15
16562,6592,21,5,128.96,0.0
16563,6592,3,1,400.77,0.0
16564,6592,50,2,641.98,0.0
16565,6592,1,4,250.67,0.05
16566,6593,67,5,439.64,0.0
16567,6593,112,2,530.6,0.1
16568,6593,68,1,187.83,0.1
16569,6594,35,3,368.74,0.1
16570,6594,92,3,473.15,0.15
16571,6594,59,5,189.03,0.15
16572,6595,6,3,148.07,0.05
16573,6595,70,4,477.56,0.15
16574,6595,93,3,96.97,0.1
16575,6595,77,3,20.71,0.1
16576,6596,33,4,596.3,0.0
16577,6596,115,1,191.72,0.1
16578,6596,107,3,70.69,0.0
16579,6597,68,2,187.83,0.1
16580,6597,64,4,433.42,0.1
16581,6597,96,4,261.53,0.05
16582,6597,113,1,113.5,0.0
16583,6598,6,5,148.07,0.15
16584,6598,80,3,334.64,0.1
16585,6598,23,2,473.03,0.1
16586,6598,9,5,566.94,0.05
16587,6599,96,4,261.53,0.05
16588,6599,93,3,96.97,0.15
16589,6599,47,4,533.66,0.1
16590,6599,7,3,342.91,0.15
16591,6600,96,1,261.53,0.15
16592,6600,67,2,439.64,0.05
16593,6600,45,3,124.25,0.1
16594,6600,107,2,70.69,0.0
16595,6601,59,3,189.03,0.05
16596,6602,97,1,140.58,0.0
16597,6602,31,2,492.63,0.0
16598,6602,29,5,332.87,0.15
16599,6602,117,1,97.33,0.0
16600,6603,66,2,325.89,0.0
16601,6603,72,1,417.09,0.15
16602,6604,105,5,161.35,0.0
16603,6604,104,4,497.51,0.15
16604,6604,52,5,119.81,0.05
16605,6605,79,1,353.32,0.1
16606,6605,83,3,229.64,0.05
16607,6605,42,3,506.69,0.0
16608,6606,111,2,220.69,0.0
16609,6607,75,3,102.43,0.05
16610,6607,41,1,466.15,0.05
16611,6607,42,2,506.69,0.0
16612,6608,41,5,466.15,0.0
16613,6608,120,3,437.18,0.15
16614,6608,87,2,87.7,0.0
16615,6609,32,5,527.45,0.15
16616,6609,93,5,96.97,0.0
16617,6610,36,4,461.97,0.0
16618,6610,38,4,342.42,0.0
16619,6610,43,1,487.39,0.1
16620,6611,64,1,433.42,0.0
16621,6611,11,5,431.92,0.15
16622,6611,41,1,466.15,0.0
16623,6612,35,2,368.74,0.1
16624,6612,83,5,229.64,0.0
16625,6612,60,4,765.19,0.0
16626,6612,44,4,155.05,0.1
16627,6613,116,4,151.15,0.1
16628,6614,35,3,368.74,0.0
16629,6615,15,5,434.83,0.0
16630,6615,71,2,298.03,0.0
16631,6616,37,3,678.06,0.0
16632,6617,28,3,278.53,0.1
16633,6617,71,3,298.03,0.0
16634,6618,55,2,143.78,0.1
16635,6619,74,1,259.9,0.0
16636,6620,31,2,492.63,0.0
16637,6620,85,1,294.43,0.1
16638,6621,95,2,197.03,0.0
16639,6621,80,1,334.64,0.1
16640,6622,29,2,332.87,0.0
16641,6623,58,3,421.43,0.0
16642,6623,40,5,246.27,0.1
16643,6623,114,2,321.32,0.1
16644,6624,52,3,119.81,0.0
16645,6625,13,4,546.51,0.15
16646,6625,88,4,217.75,0.15
16647,6625,89,5,156.62,0.0
16648,6626,1,4,250.67,0.0
16649,6626,111,2,220.69,0.0
16650,6626,117,5,97.33,0.15
16651,6627,59,4,189.03,0.0
16652,6627,63,4,460.08,0.0
16653,6627,83,1,229.64,0.0
16654,6627,81,2,472.42,0.0
16655,6628,74,4,259.9,0.05
16656,6629,77,5,20.71,0.05
16657,6629,27,3,50.29,0.05
16658,6630,73,2,693.24,0.0
16659,6631,102,4,268.48,0.05
16660,6631,106,1,293.96,0.1
16661,6632,106,4,293.96,0.0
16662,6632,12,2,665.95,0.0
16663,6632,32,3,527.45,0.0
16664,6633,31,3,492.63,0.15
16665,6633,44,1,155.05,0.1
16666,6634,88,2,217.75,0.1
16667,6634,17,2,335.91,0.05
16668,6635,30,4,474.66,0.0
16669,6635,1,2,250.67,0.0
16670,6635,44,5,155.05,0.1
16671,6636,74,5,259.9,0.0
16672,6636,63,2,460.08,0.1
16673,6636,8,2,230.66,0.05
16674,6636,21,1,128.96,0.0
16675,6637,57,1,359.66,0.0
16676,6637,58,4,421.43,0.15
16677,6637,117,5,97.33,0.15
16678,6638,54,2,589.22,0.1
16679,6638,33,1,596.3,0.15
16680,6638,20,2,344.47,0.0
16681,6638,116,1,151.15,0.0
16682,6639,77,5,20.71,0.05
16683,6639,99,4,654.14,0.0
16684,6639,40,4,246.27,0.05
16685,6639,119,2,181.96,0.0
16686,6640,76,1,544.8,0.15
16687,6640,66,1,325.89,0.0
16688,6641,11,3,431.92,0.0
16689,6641,82,2,382.23,0.1
16690,6641,109,5,345.03,0.05
16691,6642,18,2,774.6,0.0
16692,6642,44,2,155.05,0.1
16693,6643,116,2,151.15,0.0
16694,6643,45,4,124.25,0.15
16695,6643,107,1,70.69,0.0
16696,6643,50,3,641.98,0.1
16697,6644,85,2,294.43,0.0
16698,6645,116,3,151.15,0.1
16699,6645,99,1,654.14,0.0
16700,6646,52,1,119.81,0.15
16701,6647,1,2,250.67,0.0
16702,6647,48,4,688.65,0.0
16703,6647,51,5,592.49,0.05
16704,6647,32,1,527.45,0.15
16705,6648,76,4,544.8,0.0
16706,6648,15,1,434.83,0.0
16707,6648,33,5,596.3,0.05
16708,6649,98,5,387.36,0.05
16709,6650,92,1,473.15,0.05
16710,6650,31,3,492.63,0.0
16711,6651,57,1,359.66,0.0
16712,6651,53,3,90.14,0.0
16713,6651,91,1,111.41,0.05
16714,6652,73,5,693.24,0.0
16715,6653,35,4,368.74,0.0
16716,6653,106,1,293.96,0.0
16717,6654,27,3,50.29,0.15
16718,6654,115,3,191.72,0.0
16719,6654,53,1,90.14,0.1
16720,6654,66,5,325.89,0.15
16721,6655,36,1,461.97,0.0
16722,6655,91,3,111.41,0.0
16723,6656,113,2,113.5,0.0
16724,6656,79,1,353.32,0.0
16725,6656,59,2,189.03,0.0
16726,6657,89,4,156.62,0.0
16727,6658,21,5,128.96,0.0
16728,6658,20,5,344.47,0.1
16729,6659,85,2,294.43,0.1
16730,6659,50,1,641.98,0.1
16731,6659,20,4,344.47,0.0
16732,6660,49,5,224.05,0.0
16733,6660,48,1,688.65,0.0
16734,6660,115,1,191.72,0.0
16735,6660,19,3,236.74,0.0
16736,6661,22,3,155.04,0.0
16737,6661,17,5,335.91,0.05
16738,6661,120,4,437.18,0.0
16739,6661,54,4,589.22,0.1
16740,6662,103,4,415.47,0.1
16741,6662,120,4,437.18,0.0
16742,6662,90,1,250.98,0.0
16743,6662,115,2,191.72,0.0
16744,6663,13,3,546.51,0.05
16745,6663,75,3,102.43,0.0
16746,6664,93,5,96.97,0.15
16747,6664,61,4,610.85,0.05
16748,6664,43,5,487.39,0.0
16749,6664,30,1,474.66,0.1
16750,6665,30,2,474.66,0.1
16751,6665,28,4,278.53,0.15
16752,6666,47,2,533.66,0.0
16753,6666,83,1,229.64,0.0
16754,6666,32,4,527.45,0.15
16755,6667,36,2,461.97,0.05
16756,6667,51,1,592.49,0.0
16757,6667,33,4,596.3,0.0
16758,6668,9,5,566.94,0.0
16759,6668,25,3,424.49,0.0
16760,6668,22,5,155.04,0.0
16761,6668,34,1,269.02,0.15
16762,6669,81,2,472.42,0.15
16763,6669,29,2,332.87,0.0
16764,6669,86,2,508.15,0.05
16765,6670,34,4,269.02,0.0
16766,6671,24,4,576.43,0.1
16767,6672,117,3,97.33,0.0
16768,6673,93,3,96.97,0.05
16769,6673,58,4,421.43,0.0
16770,6674,30,1,474.66,0.05
16771,6674,68,4,187.83,0.1
16772,6674,80,1,334.64,0.0
16773,6675,66,3,325.89,0.0
16774,6675,4,5,538.06,0.15
16775,6675,43,5,487.39,0.0
16776,6675,54,2,589.22,0.05
16777,6676,65,5,775.34,0.15
16778,6676,56,4,701.89,0.15
16779,6676,67,5,439.64,0.05
16780,6677,103,2,415.47,0.0
16781,6677,50,5,641.98,0.05
16782,6678,105,1,161.35,0.0
16783,6678,98,5,387.36,0.0
16784,6679,76,5,544.8,0.0
16785,6679,97,1,140.58,0.0
16786,6679,12,5,665.95,0.15
16787,6680,107,5,70.69,0.0
16788,6680,4,4,538.06,0.05
16789,6680,111,4,220.69,0.15
16790,6681,59,5,189.03,0.15
16791,6681,50,4,641.98,0.05
16792,6682,14,1,167.56,0.0
16793,6682,71,3,298.03,0.0
16794,6683,119,5,181.96,0.1
16795,6684,51,3,592.49,0.0
16796,6684,63,1,460.08,0.15
16797,6684,112,5,530.6,0.0
16798,6684,116,4,151.15,0.0
16799,6685,78,5,496.95,0.0
16800,6685,4,3,538.06,0.1
16801,6685,72,5,417.09,0.15
16802,6685,58,3,421.43,0.15
16803,6686,82,5,382.23,0.1
16804,6687,35,3,368.74,0.15
16805,6687,77,1,20.71,0.1
16806,6687,57,2,359.66,0.0
16807,6687,117,5,97.33,0.0
16808,6688,109,5,345.03,0.05
16809,6688,32,5,527.45,0.0
16810,6688,70,5,477.56,0.15
16811,6688,88,1,217.75,0.0
16812,6689,47,3,533.66,0.0
16813,6689,22,3,155.04,0.0
16814,6689,80,3,334.64,0.15
16815,6689,16,3,337.82,0.1
16816,6690,75,1,102.43,0.0
16817,6690,22,4,155.04,0.0
16818,6691,117,5,97.33,0.0
16819,6692,108,5,564.18,0.0
16820,6692,83,1,229.64,0.0
16821,6692,47,1,533.66,0.0
16822,6692,113,5,113.5,0.0
16823,6693,12,4,665.95,0.1
16824,6693,14,3,167.56,0.0
16825,6693,90,5,250.98,0.0
16826,6693,27,4,50.29,0.0
16827,6694,34,5,269.02,0.0
16828,6694,32,5,527.45,0.0
16829,6694,49,1,224.05,0.0
16830,6695,5,5,206.39,0.0
16831,6695,86,3,508.15,0.0
16832,6695,28,2,278.53,0.0
16833,6696,103,1,415.47,0.1
16834,6696,108,5,564.18,0.15
16835,6696,92,3,473.15,0.15
16836,6697,119,5,181.96,0.1
16837,6697,94,1,357.14,0.0
16838,6697,92,5,473.15,0.05
16839,6698,22,2,155.04,0.15
16840,6698,14,2,167.56,0.0
16841,6699,16,3,337.82,0.0
16842,6699,21,5,128.96,0.0
16843,6699,36,4,461.97,0.0
16844,6699,103,3,415.47,0.0
16845,6700,32,4,527.45,0.05
16846,6700,67,2,439.64,0.0
16847,6700,94,1,357.14,0.05
16848,6701,7,4,342.91,0.0
16849,6701,67,3,439.64,0.15
16850,6702,21,1,128.96,0.0
16851,6702,16,2,337.82,0.0
16852,6702,79,4,353.32,0.1
16853,6702,1,4,250.67,0.1
16854,6703,75,5,102.43,0.1
16855,6704,110,4,551.82,0.15
16856,6705,64,4,433.42,0.0
16857,6705,74,5,259.9,0.1
16858,6705,48,3,688.65,0.05
16859,6705,116,1,151.15,0.0
16860,6706,50,1,641.98,0.0
16861,6706,3,5,400.77,0.0
16862,6706,86,4,508.15,0.0
16863,6706,103,1,415.47,0.05
16864,6707,28,1,278.53,0.0
16865,6707,100,5,192.03,0.0
16866,6708,69,2,199.67,0.15
16867,6708,96,3,261.53,0.15
16868,6708,52,4,119.81,0.0
16869,6708,32,1,527.45,0.0
16870,6709,86,4,508.15,0.15
16871,6709,8,5,230.66,0.0
16872,6709,48,2,688.65,0.0
16873,6709,40,3,246.27,0.1
16874,6710,107,4,70.69,0.0
16875,6710,22,4,155.04,0.1
16876,6710,47,4,533.66,0.1
16877,6710,9,2,566.94,0.1
16878,6711,76,4,544.8,0.15
16879,6712,35,5,368.74,0.05
16880,6712,110,5,551.82,0.0
16881,6713,110,4,551.82,0.0
16882,6713,64,3,433.42,0.15
16883,6713,39,3,435.88,0.0
16884,6714,100,2,192.03,0.0
16885,6714,85,5,294.43,0.0
16886,6715,46,5,429.96,0.0
16887,6715,96,2,261.53,0.0
16888,6715,84,5,233.29,0.0
16889,6716,51,5,592.49,0.0
16890,6716,63,3,460.08,0.1
16891,6716,70,4,477.56,0.1
16892,6716,56,1,701.89,0.0
16893,6717,95,3,197.03,0.0
16894,6717,51,3,592.49,0.0
16895,6718,106,1,293.96,0.1
16896,6718,108,3,564.18,0.05
16897,6719,47,5,533.66,0.05
16898,6719,38,5,342.42,0.0
16899,6719,82,2,382.23,0.15
16900,6719,21,5,128.96,0.05
16901,6720,33,2,596.3,0.0
16902,6720,83,2,229.64,0.05
16903,6721,42,3,506.69,0.1
16904,6722,77,2,20.71,0.05
16905,6722,4,4,538.06,0.0
16906,6723,26,5,283.16,0.1
16907,6723,36,4,461.97,0.1
16908,6723,78,5,496.95,0.1
16909,6723,50,1,641.98,0.1
16910,6724,120,3,437.18,0.15
16911,6724,20,4,344.47,0.15
16912,6725,14,2,167.56,0.0
16913,6726,61,3,610.85,0.0
16914,6727,19,1,236.74,0.0
16915,6728,74,2,259.9,0.15
16916,6728,31,5,492.63,0.0
16917,6729,20,1,344.47,0.05
16918,6729,37,5,678.06,0.1
16919,6730,117,4,97.33,0.15
16920,6730,72,4,417.09,0.15
16921,6731,6,3,148.07,0.1
16922,6732,22,3,155.04,0.0
16923,6732,48,3,688.65,0.15
16924,6732,18,3,774.6,0.0
16925,6732,17,2,335.91,0.1
16926,6733,56,5,701.89,0.0
16927,6733,116,5,151.15,0.0
16928,6733,53,3,90.14,0.05
16929,6733,108,4,564.18,0.1
16930,6734,98,4,387.36,0.05
16931,6735,28,2,278.53,0.0
16932,6735,93,5,96.97,0.1
16933,6735,69,4,199.67,0.1
16934,6736,21,2,128.96,0.15
16935,6736,99,3,654.14,0.15
16936,6736,37,5,678.06,0.0
16937,6736,6,5,148.07,0.15
16938,6737,6,4,148.07,0.0
16939,6737,49,4,224.05,0.0
16940,6737,100,3,192.03,0.0
16941,6738,48,4,688.65,0.15
16942,6738,114,2,321.32,0.15
16943,6738,13,5,546.51,0.0
16944,6739,34,1,269.02,0.0
16945,6739,28,5,278.53,0.05
16946,6740,80,2,334.64,0.0
16947,6740,90,2,250.98,0.0
16948,6740,15,5,434.83,0.0
16949,6741,90,5,250.98,0.15
16950,6741,78,3,496.95,0.15
16951,6741,82,3,382.23,0.0
16952,6741,9,3,566.94,0.15
16953,6742,9,4,566.94,0.0
16954,6742,95,1,197.03,0.0
16955,6742,68,3,187.83,0.0
16956,6743,67,1,439.64,0.0
16957,6743,76,3,544.8,0.0
16958,6743,42,1,506.69,0.0
16959,6744,113,2,113.5,0.0
16960,6744,18,2,774.6,0.0
16961,6744,90,4,250.98,0.1
16962,6744,84,4,233.29,0.0
16963,6745,110,2,551.82,0.0
16964,6745,116,4,151.15,0.0
16965,6745,96,2,261.53,0.0
16966,6745,43,2,487.39,0.05
16967,6746,21,1,128.96,0.0
16968,6747,63,5,460.08,0.0
16969,6747,58,1,421.43,0.1
16970,6748,13,3,546.51,0.05
16971,6749,76,5,544.8,0.05
16972,6749,100,2,192.03,0.0
16973,6750,83,3,229.64,0.0
16974,6750,55,5,143.78,0.0
16975,6750,17,5,335.91,0.1
16976,6750,46,5,429.96,0.0
16977,6751,45,4,124.25,0.0
16978,6751,27,2,50.29,0.15
16979,6752,55,5,143.78,0.0
16980,6752,38,5,342.42,0.05
16981,6753,1,4,250.67,0.1
16982,6754,43,3,487.39,0.0
16983,6754,67,1,439.64,0.0
16984,6755,76,5,544.8,0.0
16985,6755,89,4,156.62,0.0
16986,6755,109,3,345.03,0.05
16987,6755,45,2,124.25,0.1
16988,6756,113,4,113.5,0.0
16989,6756,35,2,368.74,0.15
16990,6756,66,3,325.89,0.0
16991,6756,72,1,417.09,0.0
16992,6757,48,5,688.65,0.0
16993,6757,54,2,589.22,0.0
16994,6758,97,3,140.58,0.0
16995,6758,55,3,143.78,0.0
16996,6759,75,4,102.43,0.0
16997,6759,73,4,693.24,0.0
16998,6759,65,4,775.34,0.0
16999,6760,96,2,261.53,0.0
17000,6760,109,3,345.03,0.0
17001,6760,68,3,187.83,0.1
17002,6760,64,2,433.42,0.05
17003,6761,71,2,298.03,0.0
17004,6761,80,3,334.64,0.0
17005,6762,82,1,382.23,0.05
17006,6762,109,2,345.03,0.15
17007,6763,21,5,128.96,0.15
17008,6763,101,1,530.68,0.1
17009,6764,15,2,434.83,0.0
17010,6764,20,1,344.47,0.0
17011,6765,117,2,97.33,0.15
17012,6765,91,3,111.41,0.0
17013,6766,81,5,472.42,0.15
17014,6766,72,4,417.09,0.0
17015,6766,39,1,435.88,0.05
17016,6766,23,1,473.03,0.0
17017,6767,10,1,358.28,0.15
17018,6767,5,1,206.39,0.15
17019,6767,36,3,461.97,0.05
17020,6767,82,1,382.23,0.1
17021,6768,63,5,460.08,0.0
17022,6768,49,2,224.05,0.1
17023,6769,69,3,199.67,0.0
17024,6769,57,3,359.66,0.1
17025,6770,63,3,460.08,0.1
17026,6770,117,5,97.33,0.15
17027,6770,104,2,497.51,0.15
17028,6771,53,5,90.14,0.0
17029,6771,61,5,610.85,0.15
17030,6772,34,3,269.02,0.0
17031,6772,31,2,492.63,0.0
17032,6773,59,3,189.03,0.0
17033,6774,71,3,298.03,0.1
17034,6774,8,4,230.66,0.05
17035,6774,88,1,217.75,0.15
17036,6774,87,3,87.7,0.0
17037,6775,15,4,434.83,0.1
17038,6776,69,2,199.67,0.0
17039,6777,120,3,437.18,0.0
17040,6777,24,5,576.43,0.0
17041,6777,89,2,156.62,0.0
17042,6778,18,2,774.6,0.0
17043,6778,12,4,665.95,0.0
17044,6778,6,1,148.07,0.0
17045,6778,52,4,119.81,0.15
17046,6779,6,5,148.07,0.05
17047,6779,51,3,592.49,0.0
17048,6779,93,4,96.97,0.1
17049,6780,116,3,151.15,0.0
17050,6780,103,4,415.47,0.05
17051,6781,102,2,268.48,0.0
17052,6781,88,1,217.75,0.05
17053,6781,110,5,551.82,0.05
17054,6782,88,5,217.75,0.1
17055,6783,117,5,97.33,0.0
17056,6783,61,3,610.85,0.05
17057,6783,25,3,424.49,0.0
17058,6783,90,4,250.98,0.1
17059,6784,4,1,538.06,0.0
17060,6784,102,5,268.48,0.0
17061,6784,33,4,596.3,0.15
17062,6784,36,2,461.97,0.1
17063,6785,108,1,564.18,0.0
17064,6785,61,1,610.85,0.05
17065,6785,48,4,688.65,0.0
17066,6785,10,1,358.28,0.0
17067,6786,25,3,424.49,0.0
17068,6787,8,5,230.66,0.0
17069,6787,62,2,455.65,0.05
17070,6787,22,4,155.04,0.0
17071,6787,50,5,641.98,0.0
17072,6788,89,4,156.62,0.1
17073,6788,45,2,124.25,0.15
17074,6789,62,2,455.65,0.0
17075,6790,62,1,455.65,0.0
17076,6791,112,1,530.6,0.15
17077,6792,76,4,544.8,0.1
17078,6792,70,4,477.56,0.0
17079,6792,23,3,473.03,0.05
17080,6793,78,2,496.95,0.0
17081,6793,59,1,189.03,0.0
17082,6793,5,4,206.39,0.15
17083,6793,43,5,487.39,0.0
17084,6794,40,3,246.27,0.1
17085,6794,91,1,111.41,0.0
17086,6795,78,5,496.95,0.15
17087,6796,104,5,497.51,0.1
17088,6796,34,5,269.02,0.1
17089,6796,20,3,344.47,0.0
17090,6796,95,3,197.03,0.0
17091,6797,48,2,688.65,0.0
17092,6797,58,3,421.43,0.0
17093,6797,42,5,506.69,0.15
17094,6797,83,2,229.64,0.0
17095,6798,17,1,335.91,0.05
17096,6799,48,5,688.65,0.1
17097,6800,14,2,167.56,0.05
17098,6800,77,3,20.71,0.15
17099,6800,30,4,474.66,0.0
17100,6800,120,1,437.18,0.0
17101,6801,75,4,102.43,0.05
17102,6801,64,5,433.42,0.15
17103,6801,92,4,473.15,0.0
17104,6802,110,2,551.82,0.0
17105,6803,54,5,589.22,0.0
17106,6803,16,5,337.82,0.0
17107,6804,76,1,544.8,0.05
17108,6804,82,1,382.23,0.0
17109,6805,7,4,342.91,0.15
17110,6805,94,3,357.14,0.0
17111,6805,45,2,124.25,0.0
17112,6805,105,1,161.35,0.0
17113,6806,45,5,124.25,0.0
17114,6807,46,2,429.96,0.1
17115,6807,76,3,544.8,0.1
17116,6807,61,1,610.85,0.1
17117,6807,51,5,592.49,0.0
17118,6808,48,4,688.65,0.0
17119,6808,99,2,654.14,0.0
17120,6808,56,2,701.89,0.05
17121,6808,111,1,220.69,0.05
17122,6809,72,1,417.09,0.0
17123,6809,106,2,293.96,0.1
17124,6809,82,5,382.23,0.0
17125,6810,26,5,283.16,0.1
17126,6810,59,3,189.03,0.0
17127,6811,76,1,544.8,0.15
17128,6811,105,5,161.35,0.0
17129,6811,97,2,140.58,0.0
17130,6811,88,2,217.75,0.0
17131,6812,1,4,250.67,0.0
17132,6813,79,1,353.32,0.0
17133,6814,32,1,527.45,0.15
17134,6815,51,2,592.49,0.05
17135,6815,59,5,189.03,0.05
17136,6815,21,1,128.96,0.05
17137,6815,70,5,477.56,0.0
17138,6816,34,4,269.02,0.0
17139,6816,31,1,492.63,0.0
17140,6816,111,3,220.69,0.0
17141,6817,68,4,187.83,0.0
17142,6817,29,3,332.87,0.1
17143,6818,86,5,508.15,0.0
17144,6818,74,2,259.9,0.0
17145,6818,34,4,269.02,0.1
17146,6819,1,2,250.67,0.0
17147,6819,117,4,97.33,0.0
17148,6819,21,3,128.96,0.0
17149,6820,87,4,87.7,0.0
17150,6820,60,4,765.19,0.0
17151,6821,119,5,181.96,0.05
17152,6821,99,5,654.14,0.1
17153,6821,8,5,230.66,0.0
17154,6822,83,5,229.64,0.15
17155,6822,11,3,431.92,0.15
17156,6822,67,2,439.64,0.05
17157,6822,110,2,551.82,0.0
17158,6823,97,3,140.58,0.0
17159,6823,16,2,337.82,0.05
17160,6823,88,2,217.75,0.1
17161,6824,69,5,199.67,0.0
17162,6824,16,5,337.82,0.15
17163,6824,100,1,192.03,0.05
17164,6825,38,1,342.42,0.0
17165,6826,102,5,268.48,0.1
17166,6826,111,2,220.69,0.0
17167,6827,61,5,610.85,0.1
17168,6828,29,5,332.87,0.1
17169,6829,37,5,678.06,0.0
17170,6830,118,3,357.13,0.0
17171,6831,65,2,775.34,0.1
17172,6831,87,5,87.7,0.0
17173,6831,114,2,321.32,0.0
17174,6831,27,1,50.29,0.0
17175,6832,35,5,368.74,0.1
17176,6832,120,1,437.18,0.1
17177,6832,55,2,143.78,0.15
17178,6832,102,2,268.48,0.05
17179,6833,118,5,357.13,0.0
17180,6834,77,5,20.71,0.0
17181,6834,70,3,477.56,0.1
17182,6835,18,3,774.6,0.0
17183,6836,85,4,294.43,0.1
17184,6836,76,1,544.8,0.1
17185,6837,39,4,435.88,0.0
17186,6837,98,4,387.36,0.0
17187,6837,21,3,128.96,0.05
17188,6838,119,1,181.96,0.0
17189,6838,44,5,155.05,0.15
17190,6839,48,3,688.65,0.0
17191,6839,6,1,148.07,0.1
17192,6839,111,1,220.69,0.1
17193,6840,114,2,321.32,0.0
17194,6840,75,4,102.43,0.05
17195,6840,111,2,220.69,0.0
17196,6841,104,5,497.51,0.0
17197,6842,3,5,400.77,0.1
17198,6842,30,3,474.66,0.0
17199,6842,65,2,775.34,0.1
17200,6843,69,2,199.67,0.0
17201,6844,109,5,345.03,0.0
17202,6844,119,5,181.96,0.05
17203,6844,15,4,434.83,0.1
17204,6845,10,1,358.28,0.0
17205,6845,119,4,181.96,0.15
17206,6845,44,2,155.05,0.1
17207,6845,3,1,400.77,0.0
17208,6846,26,1,283.16,0.05
17209,6846,12,1,665.95,0.0
17210,6847,44,4,155.05,0.0
17211,6848,99,1,654.14,0.05
17212,6848,29,5,332.87,0.05
17213,6848,30,1,474.66,0.0
17214,6849,96,5,261.53,0.0
17215,6850,43,1,487.39,0.05
17216,6851,62,5,455.65,0.0
17217,6851,114,4,321.32,0.15
17218,6852,74,4,259.9,0.1
17219,6852,61,5,610.85,0.1
17220,6852,56,5,701.89,0.05
17221,6852,52,3,119.81,0.1
17222,6853,15,2,434.83,0.15
17223,6853,79,3,353.32,0.0
17224,6853,3,4,400.77,0.05
17225,6853,67,5,439.64,0.0
17226,6854,39,2,435.88,0.05
17227,6854,70,3,477.56,0.15
17228,6854,38,5,342.42,0.0
17229,6855,106,4,293.96,0.15
17230,6856,43,4,487.39,0.15
17231,6857,98,3,387.36,0.15
17232,6857,13,3,546.51,0.0
17233,6857,18,4,774.6,0.05
17234,6858,23,1,473.03,0.05
17235,6858,25,2,424.49,0.15
17236,6858,20,2,344.47,0.0
17237,6858,66,3,325.89,0.0
17238,6859,70,5,477.56,0.1
17239,6859,105,4,161.35,0.0
17240,6860,104,1,497.51,0.1
17241,6861,108,4,564.18,0.0
17242,6861,120,5,437.18,0.0
17243,6861,50,1,641.98,0.0
17244,6861,18,5,774.6,0.1
17245,6862,66,3,325.89,0.0
17246,6862,118,1,357.13,0.0
17247,6863,60,2,765.19,0.0
17248,6863,74,3,259.9,0.1
17249,6863,88,5,217.75,0.0
17250,6864,102,1,268.48,0.0
17251,6865,47,5,533.66,0.1
17252,6866,54,5,589.22,0.0
17253,6867,109,5,345.03,0.0
17254,6868,18,1,774.6,0.15
17255,6868,48,1,688.65,0.0
17256,6869,73,4,693.24,0.0
17257,6869,115,4,191.72,0.05
17258,6870,24,4,576.43,0.0
17259,6870,119,1,181.96,0.15
17260,6870,63,4,460.08,0.0
17261,6870,86,2,508.15,0.05
17262,6871,47,1,533.66,0.15
17263,6871,3,4,400.77,0.0
17264,6871,22,2,155.04,0.1
17265,6871,9,3,566.94,0.15
17266,6872,92,2,473.15,0.15
17267,6872,52,1,119.81,0.0
17268,6872,91,4,111.41,0.0
17269,6873,62,1,455.65,0.15
17270,6873,53,2,90.14,0.0
17271,6873,29,5,332.87,0.05
17272,6874,2,5,225.66,0.1
17273,6874,80,1,334.64,0.0
17274,6874,57,1,359.66,0.0
17275,6874,48,1,688.65,0.05
17276,6875,81,5,472.42,0.05
17277,6875,120,3,437.18,0.05
17278,6876,107,2,70.69,0.0
17279,6876,41,3,466.15,0.1
17280,6877,30,3,474.66,0.0
17281,6877,40,3,246.27,0.0
17282,6877,76,4,544.8,0.15
17283,6877,116,5,151.15,0.0
17284,6878,65,5,775.34,0.0
17285,6878,26,3,283.16,0.0
17286,6879,81,2,472.42,0.1
17287,6879,88,3,217.75,0.0
17288,6879,58,4,421.43,0.1
17289,6880,97,5,140.58,0.1
17290,6881,105,4,161.35,0.05
17291,6882,85,5,294.43,0.1
17292,6883,116,1,151.15,0.15
17293,6883,5,3,206.39,0.0
17294,6883,117,5,97.33,0.0
17295,6883,8,2,230.66,0.0
17296,6884,4,4,538.06,0.05
17297,6884,9,1,566.94,0.0
17298,6884,11,3,431.92,0.0
17299,6885,27,4,50.29,0.0
17300,6885,38,3,342.42,0.0
17301,6886,71,4,298.03,0.0
17302,6887,46,2,429.96,0.15
17303,6887,10,3,358.28,0.0
17304,6887,72,4,417.09,0.05
17305,6887,90,3,250.98,0.0
17306,6888,87,1,87.7,0.0
17307,6888,2,5,225.66,0.05
17308,6888,18,2,774.6,0.0
17309,6889,94,3,357.14,0.05
17310,6889,111,5,220.69,0.0
17311,6890,70,2,477.56,0.0
17312,6890,28,1,278.53,0.0
17313,6891,60,4,765.19,0.0
17314,6891,79,5,353.32,0.0
17315,6892,105,5,161.35,0.0
17316,6892,53,1,90.14,0.05
17317,6892,58,2,421.43,0.1
17318,6892,54,4,589.22,0.05
17319,6893,107,2,70.69,0.0
17320,6894,61,5,610.85,0.05
17321,6894,40,5,246.27,0.0
17322,6895,6,5,148.07,0.0
17323,6896,64,2,433.42,0.05
17324,6896,71,3,298.03,0.0
17325,6896,35,3,368.74,0.0
17326,6897,17,1,335.91,0.0
17327,6898,57,2,359.66,0.15
17328,6898,46,5,429.96,0.05
17329,6898,35,2,368.74,0.05
17330,6898,39,1,435.88,0.0
17331,6899,28,1,278.53,0.0
17332,6899,59,4,189.03,0.0
17333,6899,114,1,321.32,0.0
17334,6900,7,2,342.91,0.0
17335,6900,109,4,345.03,0.1
17336,6901,28,3,278.53,0.0
17337,6901,6,3,148.07,0.1
17338,6902,28,2,278.53,0.0
17339,6902,60,5,765.19,0.05
17340,6902,119,4,181.96,0.0
17341,6902,8,3,230.66,0.0
17342,6903,60,2,765.19,0.05
17343,6903,61,5,610.85,0.0
17344,6904,25,3,424.49,0.0
17345,6905,26,4,283.16,0.0
17346,6905,5,3,206.39,0.15
17347,6905,98,4,387.36,0.0
17348,6905,28,4,278.53,0.0
17349,6906,59,4,189.03,0.0
17350,6906,117,4,97.33,0.0
17351,6907,54,3,589.22,0.15
17352,6907,3,2,400.77,0.1
17353,6907,11,5,431.92,0.0
17354,6908,28,2,278.53,0.0
17355,6908,94,3,357.14,0.0
17356,6909,36,2,461.97,0.0
17357,6910,79,4,353.32,0.0
17358,6910,86,3,508.15,0.0
17359,6910,1,1,250.67,0.0
17360,6911,26,4,283.16,0.15
17361,6911,45,3,124.25,0.05
17362,6911,97,5,140.58,0.05
17363,6912,26,3,283.16,0.05
17364,6912,120,4,437.18,0.05
17365,6912,92,5,473.15,0.1
17366,6912,86,5,508.15,0.15
17367,6913,100,2,192.03,0.05
17368,6913,32,3,527.45,0.0
17369,6913,120,3,437.18,0.05
17370,6914,101,4,530.68,0.15
17371,6914,10,2,358.28,0.1
17372,6914,29,2,332.87,0.0
17373,6915,7,1,342.91,0.1
17374,6916,96,2,261.53,0.15
17375,6916,61,2,610.85,0.15
17376,6917,96,4,261.53,0.1
17377,6917,73,4,693.24,0.15
17378,6917,10,2,358.28,0.0
17379,6918,5,3,206.39,0.0
17380,6918,77,4,20.71,0.1
17381,6919,30,3,474.66,0.05
17382,6920,82,4,382.23,0.15
17383,6920,108,5,564.18,0.15
17384,6921,95,4,197.03,0.05
17385,6922,50,1,641.98,0.0
17386,6922,78,1,496.95,0.0
17387,6922,7,1,342.91,0.0
17388,6923,47,1,533.66,0.0
17389,6924,87,4,87.7,0.05
17390,6924,16,3,337.82,0.0
17391,6924,53,1,90.14,0.1
17392,6924,68,4,187.83,0.05
17393,6925,1,4,250.67,0.05
17394,6925,108,2,564.18,0.0
17395,6926,74,1,259.9,0.1
17396,6927,70,1,477.56,0.0
17397,6927,11,2,431.92,0.15
17398,6927,111,2,220.69,0.0
17399,6927,102,4,268.48,0.1
17400,6928,84,5,233.29,0.1
17401,6929,42,3,506.69,0.15
17402,6930,55,4,143.78,0.15
17403,6930,104,4,497.51,0.0
17404,6930,90,2,250.98,0.0
17405,6931,84,3,233.29,0.0
17406,6932,99,3,654.14,0.05
17407,6933,43,4,487.39,0.0
17408,6934,11,3,431.92,0.1
17409,6934,101,4,530.68,0.0
17410,6935,52,4,119.81,0.0
17411,6935,77,5,20.71,0.15
17412,6935,51,3,592.49,0.0
17413,6936,50,4,641.98,0.1
17414,6936,92,1,473.15,0.0
17415,6937,80,5,334.64,0.15
17416,6937,68,1,187.83,0.0
17417,6937,53,2,90.14,0.0
17418,6937,31,5,492.63,0.0
17419,6938,81,4,472.42,0.0
17420,6938,47,2,533.66,0.15
17421,6938,100,1,192.03,0.0
17422,6938,63,4,460.08,0.15
17423,6939,35,1,368.74,0.1
17424,6940,73,4,693.24,0.0
17425,6940,91,4,111.41,0.15
17426,6940,52,3,119.81,0.1
17427,6941,95,4,197.03,0.05
17428,6941,6,4,148.07,0.15
17429,6941,66,2,325.89,0.0
17430,6941,43,4,487.39,0.0
17431,6942,112,5,530.6,0.15
17432,6942,97,4,140.58,0.0
17433,6942,10,5,358.28,0.0
17434,6942,93,4,96.97,0.0
17435,6943,16,2,337.82,0.0
17436,6943,5,2,206.39,0.0
17437,6943,2,2,225.66,0.0
17438,6944,103,4,415.47,0.0
17439,6944,105,5,161.35,0.0
17440,6944,44,4,155.05,0.0
17441,6944,88,1,217.75,0.0
17442,6945,69,5,199.67,0.0
17443,6945,90,5,250.98,0.05
17444,6945,68,5,187.83,0.1
17445,6946,30,5,474.66,0.0
17446,6947,13,1,546.51,0.0
17447,6947,101,3,530.68,0.0
17448,6947,93,1,96.97,0.0
17449,6947,39,3,435.88,0.05
17450,6948,10,5,358.28,0.0
17451,6948,43,3,487.39,0.15
17452,6948,106,1,293.96,0.15
17453,6948,108,4,564.18,0.15
17454,6949,2,4,225.66,0.05
17455,6949,40,3,246.27,0.05
17456,6949,95,1,197.03,0.0
17457,6950,43,4,487.39,0.05
17458,6950,41,5,466.15,0.0
17459,6950,10,5,358.28,0.15
17460,6950,16,4,337.82,0.05
17461,6951,49,3,224.05,0.15
17462,6951,116,3,151.15,0.0
17463,6951,52,5,119.81,0.1
17464,6952,60,4,765.19,0.05
17465,6952,70,2,477.56,0.05
17466,6953,71,4,298.03,0.0
17467,6953,90,2,250.98,0.0
17468,6953,114,3,321.32,0.0
17469,6953,18,3,774.6,0.05
17470,6954,18,5,774.6,0.05
17471,6954,115,3,191.72,0.0
17472,6954,46,1,429.96,0.0
17473,6954,74,4,259.9,0.1
17474,6955,85,2,294.43,0.15
17475,6956,104,2,497.51,0.05
17476,6957,30,4,474.66,0.0
17477,6957,70,2,477.56,0.15
17478,6957,53,3,90.14,0.0
17479,6957,58,2,421.43,0.15
17480,6958,1,3,250.67,0.15
17481,6958,98,5,387.36,0.0
17482,6959,14,2,167.56,0.15
17483,6959,69,1,199.67,0.0
17484,6959,1,1,250.67,0.05
17485,6959,53,5,90.14,0.0
17486,6960,19,4,236.74,0.1
17487,6960,94,3,357.14,0.0
17488,6961,69,3,199.67,0.0
17489,6961,35,2,368.74,0.15
17490,6961,23,4,473.03,0.05
17491,6962,52,1,119.81,0.0
17492,6962,62,2,455.65,0.15
17493,6962,6,2,148.07,0.05
17494,6962,69,1,199.67,0.1
17495,6963,10,2,358.28,0.0
17496,6963,94,5,357.14,0.15
17497,6963,96,3,261.53,0.15
17498,6964,19,1,236.74,0.05
17499,6965,107,2,70.69,0.1
17500,6966,78,2,496.95,0.05
17501,6966,95,1,197.03,0.0
17502,6967,71,4,298.03,0.0
17503,6967,119,2,181.96,0.0
17504,6967,65,3,775.34,0.0
17505,6968,89,3,156.62,0.0
17506,6969,6,4,148.07,0.05
17507,6970,29,1,332.87,0.0
17508,6970,102,1,268.48,0.0
17509,6970,83,2,229.64,0.15
17510,6971,50,5,641.98,0.0
17511,6971,32,3,527.45,0.15
17512,6971,53,4,90.14,0.0
17513,6971,114,1,321.32,0.15
17514,6972,59,1,189.03,0.05
17515,6972,73,2,693.24,0.1
17516,6972,116,5,151.15,0.15
17517,6973,17,1,335.91,0.0
17518,6973,75,4,102.43,0.0
17519,6974,48,2,688.65,0.0
17520,6974,29,3,332.87,0.0
17521,6975,112,4,530.6,0.05
17522,6975,21,1,128.96,0.0
17523,6976,18,5,774.6,0.0
17524,6976,112,1,530.6,0.1
17525,6976,96,2,261.53,0.05
17526,6977,69,5,199.67,0.1
17527,6977,38,3,342.42,0.0
17528,6978,86,4,508.15,0.15
17529,6978,113,3,113.5,0.0
17530,6978,110,3,551.82,0.0
17531,6979,49,1,224.05,0.1
17532,6979,99,2,654.14,0.0
17533,6979,97,4,140.58,0.0
17534,6979,87,1,87.7,0.15
17535,6980,47,3,533.66,0.0
17536,6981,49,3,224.05,0.0
17537,6981,13,2,546.51,0.0
17538,6981,94,1,357.14,0.15
17539,6981,73,1,693.24,0.05
17540,6982,69,1,199.67,0.1
17541,6982,12,4,665.95,0.0
17542,6983,118,1,357.13,0.0
17543,6984,102,3,268.48,0.0
17544,6984,31,2,492.63,0.15
17545,6984,73,2,693.24,0.0
17546,6985,33,1,596.3,0.0
17547,6985,111,5,220.69,0.05
17548,6985,119,1,181.96,0.05
17549,6985,82,2,382.23,0.0
17550,6986,95,4,197.03,0.05
17551,6986,66,2,325.89,0.1
17552,6986,30,3,474.66,0.0
17553,6987,84,4,233.29,0.0
17554,6987,26,2,283.16,0.0
17555,6988,7,3,342.91,0.0
17556,6988,17,4,335.91,0.0
17557,6988,23,5,473.03,0.15
17558,6988,80,5,334.64,0.15
17559,6989,67,3,439.64,0.1
17560,6990,35,4,368.74,0.1
17561,6990,99,4,654.14,0.0
17562,6990,50,2,641.98,0.0
17563,6990,78,1,496.95,0.1
17564,6991,47,5,533.66,0.0
17565,6991,100,5,192.03,0.0
17566,6992,107,3,70.69,0.05
17567,6992,71,3,298.03,0.0
17568,6992,32,1,527.45,0.0
17569,6993,57,5,359.66,0.0
17570,6993,96,4,261.53,0.0
17571,6994,62,3,455.65,0.0
17572,6995,84,5,233.29,0.05
17573,6995,85,2,294.43,0.0
17574,6996,48,4,688.65,0.0
17575,6997,40,1,246.27,0.05
17576,6997,98,4,387.36,0.0
17577,6998,110,2,551.82,0.0
17578,6998,112,3,530.6,0.1
17579,6998,50,5,641.98,0.15
17580,6998,94,5,357.14,0.0
17581,6999,4,3,538.06,0.0
17582,6999,107,1,70.69,0.0
17583,6999,23,3,473.03,0.0
17584,6999,91,5,111.41,0.0
17585,7000,25,2,424.49,0.15
17586,7001,40,1,246.27,0.0
17587,7002,27,1,50.29,0.05
17588,7002,83,5,229.64,0.05
17589,7002,19,5,236.74,0.15
17590,7003,25,5,424.49,0.0
17591,7004,101,3,530.68,0.15
17592,7004,11,2,431.92,0.15
17593,7004,96,4,261.53,0.0
17594,7004,30,3,474.66,0.0
17595,7005,37,4,678.06,0.1
17596,7005,10,2,358.28,0.0
17597,7005,79,5,353.32,0.0
17598,7005,26,4,283.16,0.15
17599,7006,115,4,191.72,0.0
17600,7007,58,1,421.43,0.1
17601,7007,114,3,321.32,0.1
17602,7007,55,2,143.78,0.0
17603,7007,77,5,20.71,0.0
17604,7008,42,4,506.69,0.1
17605,7008,71,1,298.03,0.0
17606,7009,58,2,421.43,0.0
17607,7009,13,1,546.51,0.0
17608,7009,42,3,506.69,0.05
17609,7009,18,3,774.6,0.0
17610,7010,51,5,592.49,0.0
17611,7010,71,4,298.03,0.15
17612,7010,76,1,544.8,0.15
17613,7010,114,2,321.32,0.15
17614,7011,96,5,261.53,0.15
17615,7012,33,2,596.3,0.05
17616,7012,75,5,102.43,0.05
17617,7012,113,4,113.5,0.0
17618,7012,112,5,530.6,0.15
17619,7013,90,5,250.98,0.0
17620,7013,68,5,187.83,0.0
17621,7013,69,4,199.67,0.0
17622,7014,19,2,236.74,0.0
17623,7014,1,4,250.67,0.0
17624,7015,30,1,474.66,0.1
17625,7015,64,2,433.42,0.1
17626,7016,23,3,473.03,0.1
17627,7016,37,2,678.06,0.1
17628,7016,101,2,530.68,0.05
17629,7017,15,5,434.83,0.05
17630,7018,65,1,775.34,0.05
17631,7018,102,4,268.48,0.0
17632,7018,45,3,124.25,0.0
17633,7018,98,4,387.36,0.0
17634,7019,66,4,325.89,0.05
17635,7019,81,2,472.42,0.0
17636,7020,18,1,774.6,0.15
17637,7020,99,3,654.14,0.15
17638,7020,81,3,472.42,0.0
17639,7020,27,3,50.29,0.05
17640,7021,86,2,508.15,0.1
17641,7021,36,3,461.97,0.1
17642,7022,111,2,220.69,0.1
17643,7022,1,1,250.67,0.0
17644,7022,103,5,415.47,0.1
17645,7022,81,4,472.42,0.0
17646,7023,34,2,269.02,0.0
17647,7023,4,3,538.06,0.0
17648,7023,5,4,206.39,0.1
17649,7024,25,2,424.49,0.0
17650,7024,102,3,268.48,0.15
17651,7024,26,2,283.16,0.0
17652,7025,76,3,544.8,0.1
17653,7025,37,4,678.06,0.0
17654,7025,32,4,527.45,0.0
17655,7025,108,5,564.18,0.1
17656,7026,47,3,533.66,0.15
17657,7027,71,2,298.03,0.1
17658,7028,120,5,437.18,0.0
17659,7028,22,1,155.04,0.1
17660,7028,36,1,461.97,0.0
17661,7028,77,2,20.71,0.0
17662,7029,36,1,461.97,0.1
17663,7029,20,4,344.47,0.0
17664,7029,3,1,400.77,0.0
17665,7030,101,4,530.68,0.05
17666,7030,105,4,161.35,0.15
17667,7030,44,3,155.05,0.1
17668,7030,107,3,70.69,0.1
17669,7031,65,5,775.34,0.15
17670,7031,42,3,506.69,0.0
17671,7031,105,3,161.35,0.0
17672,7032,26,1,283.16,0.0
17673,7032,74,5,259.9,0.0
17674,7032,53,1,90.14,0.05
17675,7033,1,4,250.67,0.0
17676,7033,105,1,161.35,0.0
17677,7033,48,5,688.65,0.0
17678,7033,10,4,358.28,0.15
17679,7034,43,1,487.39,0.1
17680,7034,111,4,220.69,0.15
17681,7034,13,4,546.51,0.0
17682,7034,33,2,596.3,0.15
17683,7035,60,1,765.19,0.05
17684,7035,117,3,97.33,0.0
17685,7035,105,4,161.35,0.15
17686,7036,114,5,321.32,0.0
17687,7036,65,4,775.34,0.05
17688,7036,44,3,155.05,0.1
17689,7037,21,2,128.96,0.0
17690,7037,94,2,357.14,0.0
17691,7038,98,2,387.36,0.1
17692,7038,10,3,358.28,0.0
17693,7039,52,5,119.81,0.0
17694,7039,37,4,678.06,0.15
17695,7039,119,2,181.96,0.05
17696,7040,79,5,353.32,0.0
17697,7040,88,5,217.75,0.0
17698,7041,13,2,546.51,0.05
17699,7041,98,1,387.36,0.05
17700,7042,37,5,678.06,0.05
17701,7042,91,4,111.41,0.15
17702,7042,120,4,437.18,0.05
17703,7043,36,1,461.97,0.05
17704,7044,86,4,508.15,0.05
17705,7044,8,4,230.66,0.0
17706,7044,52,2,119.81,0.0
17707,7044,76,2,544.8,0.05
17708,7045,104,3,497.51,0.0
17709,7046,49,1,224.05,0.0
17710,7047,60,4,765.19,0.0
17711,7048,29,3,332.87,0.0
17712,7049,88,2,217.75,0.15
17713,7049,7,1,342.91,0.0
17714,7050,106,5,293.96,0.0
17715,7050,4,4,538.06,0.15
17716,7051,114,4,321.32,0.15
17717,7051,96,2,261.53,0.1
17718,7051,60,4,765.19,0.0
17719,7052,44,2,155.05,0.0
17720,7052,33,4,596.3,0.0
17721,7053,50,1,641.98,0.1
17722,7053,13,5,546.51,0.0
17723,7054,5,2,206.39,0.05
17724,7054,17,5,335.91,0.15
17725,7054,115,2,191.72,0.15
17726,7054,14,4,167.56,0.15
17727,7055,21,3,128.96,0.05
17728,7055,89,5,156.62,0.0
17729,7055,90,4,250.98,0.15
17730,7055,115,4,191.72,0.0
17731,7056,98,1,387.36,0.0
17732,7056,105,2,161.35,0.05
17733,7056,95,5,197.03,0.1
17734,7057,110,1,551.82,0.05
17735,7057,78,5,496.95,0.0
17736,7058,83,2,229.64,0.05
17737,7058,85,1,294.43,0.05
17738,7058,32,3,527.45,0.0
17739,7059,15,2,434.83,0.05
17740,7059,76,1,544.8,0.1
17741,7059,68,2,187.83,0.15
17742,7059,59,2,189.03,0.0
17743,7060,6,5,148.07,0.0
17744,7060,63,2,460.08,0.0
17745,7061,96,4,261.53,0.0
17746,7061,27,1,50.29,0.0
17747,7062,5,3,206.39,0.0
17748,7062,120,1,437.18,0.15
17749,7062,46,4,429.96,0.15
17750,7062,95,1,197.03,0.0
17751,7063,61,5,610.85,0.0
17752,7063,114,4,321.32,0.1
17753,7063,21,2,128.96,0.05
17754,7063,71,3,298.03,0.05
17755,7064,86,1,508.15,0.05
17756,7064,88,3,217.75,0.1
17757,7064,93,5,96.97,0.0
17758,7064,37,5,678.06,0.15
17759,7065,35,4,368.74,0.1
17760,7065,23,4,473.03,0.0
17761,7066,103,1,415.47,0.0
17762,7066,113,5,113.5,0.0
17763,7066,12,5,665.95,0.1
17764,7066,65,5,775.34,0.0
17765,7067,16,2,337.82,0.0
17766,7067,35,2,368.74,0.0
17767,7068,32,4,527.45,0.15
17768,7068,101,2,530.68,0.0
17769,7068,109,5,345.03,0.0
17770,7069,118,3,357.13,0.0
17771,7069,34,4,269.02,0.0
17772,7069,4,1,538.06,0.0
17773,7070,120,5,437.18,0.0
17774,7071,62,4,455.65,0.05
17775,7072,99,2,654.14,0.0
17776,7072,102,2,268.48,0.0
17777,7072,68,1,187.83,0.05
17778,7072,101,5,530.68,0.0
17779,7073,100,2,192.03,0.05
17780,7073,74,5,259.9,0.0
17781,7074,65,5,775.34,0.0
17782,7074,15,3,434.83,0.0
17783,7074,24,3,576.43,0.05
17784,7075,20,3,344.47,0.0
17785,7075,56,3,701.89,0.1
17786,7076,54,5,589.22,0.1
17787,7076,36,4,461.97,0.1
17788,7076,79,1,353.32,0.0
17789,7076,106,3,293.96,0.1
17790,7077,6,3,148.07,0.0
17791,7077,68,5,187.83,0.0
17792,7077,86,5,508.15,0.0
17793,7078,110,4,551.82,0.15
17794,7079,45,4,124.25,0.05
17795,7079,40,4,246.27,0.0
17796,7079,6,5,148.07,0.05
17797,7080,99,5,654.14,0.0
17798,7080,89,2,156.62,0.0
17799,7081,1,5,250.67,0.0
17800,7081,50,2,641.98,0.0
17801,7081,103,5,415.47,0.05
17802,7081,32,5,527.45,0.15
17803,7082,113,2,113.5,0.0
17804,7082,81,3,472.42,0.0
17805,7083,80,3,334.64,0.0
17806,7083,51,1,592.49,0.0
17807,7084,91,3,111.41,0.0
17808,7084,75,4,102.43,0.0
17809,7084,99,1,654.14,0.1
17810,7084,57,5,359.66,0.0
17811,7085,65,3,775.34,0.1
17812,7085,101,5,530.68,0.15
17813,7085,78,2,496.95,0.0
17814,7085,58,2,421.43,0.0
17815,7086,13,1,546.51,0.0
17816,7086,77,2,20.71,0.1
17817,7087,88,4,217.75,0.1
17818,7087,76,5,544.8,0.0
17819,7087,16,3,337.82,0.15
17820,7088,39,3,435.88,0.0
17821,7088,116,1,151.15,0.05
17822,7088,115,5,191.72,0.05
17823,7088,31,3,492.63,0.15
17824,7089,106,3,293.96,0.05
17825,7089,23,5,473.03,0.0
17826,7089,8,4,230.66,0.0
17827,7089,75,4,102.43,0.0
17828,7090,88,5,217.75,0.0
17829,7090,110,2,551.82,0.0
17830,7090,44,5,155.05,0.15
17831,7091,91,4,111.41,0.0
17832,7092,16,2,337.82,0.15
17833,7092,76,4,544.8,0.0
17834,7092,79,3,353.32,0.1
17835,7092,77,2,20.71,0.15
17836,7093,104,5,497.51,0.0
17837,7093,6,1,148.07,0.0
17838,7093,14,1,167.56,0.05
17839,7094,12,3,665.95,0.0
17840,7094,36,1,461.97,0.0
17841,7094,7,1,342.91,0.0
17842,7094,84,4,233.29,0.0
17843,7095,6,5,148.07,0.0
17844,7095,17,4,335.91,0.05
17845,7095,49,3,224.05,0.0
17846,7096,96,5,261.53,0.05
17847,7097,94,4,357.14,0.0
17848,7098,31,5,492.63,0.15
17849,7098,83,1,229.64,0.1
17850,7099,7,1,342.91,0.0
17851,7099,81,2,472.42,0.05
17852,7100,72,1,417.09,0.15
17853,7100,95,4,197.03,0.0
17854,7101,20,1,344.47,0.05
17855,7101,18,1,774.6,0.05
17856,7101,64,2,433.42,0.15
17857,7102,52,4,119.81,0.0
17858,7103,104,2,497.51,0.0
17859,7103,18,3,774.6,0.05
17860,7103,59,4,189.03,0.0
17861,7103,34,4,269.02,0.0
17862,7104,99,2,654.14,0.0
17863,7105,118,4,357.13,0.0
17864,7105,65,4,775.34,0.0
17865,7105,120,3,437.18,0.1
17866,7106,21,2,128.96,0.0
17867,7106,9,5,566.94,0.1
17868,7107,20,2,344.47,0.1
17869,7108,44,4,155.05,0.15
17870,7108,9,2,566.94,0.05
17871,7108,29,4,332.87,0.1
17872,7109,37,3,678.06,0.05
17873,7109,89,4,156.62,0.0
17874,7109,100,3,192.03,0.1
17875,7110,81,5,472.42,0.1
17876,7110,44,4,155.05,0.0
17877,7110,55,5,143.78,0.05
17878,7111,40,1,246.27,0.1
17879,7111,54,2,589.22,0.0
17880,7112,119,5,181.96,0.0
17881,7112,34,1,269.02,0.0
17882,7112,100,1,192.03,0.0
17883,7113,14,1,167.56,0.1
17884,7113,63,4,460.08,0.15
17885,7113,13,5,546.51,0.1
17886,7114,82,2,382.23,0.0
17887,7115,34,1,269.02,0.0
17888,7115,54,3,589.22,0.05
17889,7116,102,2,268.48,0.0
17890,7116,98,5,387.36,0.1
17891,7116,66,3,325.89,0.0
17892,7117,97,3,140.58,0.0
17893,7118,55,4,143.78,0.0
17894,7118,93,1,96.97,0.1
17895,7118,101,3,530.68,0.15
17896,7118,91,4,111.41,0.0
17897,7119,36,5,461.97,0.15
17898,7120,22,3,155.04,0.0
17899,7121,91,2,111.41,0.0
17900,7121,109,3,345.03,0.0
17901,7122,14,1,167.56,0.0
17902,7123,101,4,530.68,0.0
17903,7123,106,3,293.96,0.0
17904,7123,69,2,199.67,0.0
17905,7124,104,3,497.51,0.1
17906,7124,76,4,544.8,0.0
17907,7125,116,5,151.15,0.0
17908,7126,89,1,156.62,0.05
17909,7126,8,5,230.66,0.05
17910,7126,35,3,368.74,0.0
17911,7126,95,3,197.03,0.15
17912,7127,76,4,544.8,0.0
17913,7128,48,3,688.65,0.0
17914,7128,47,5,533.66,0.0
17915,7128,110,1,551.82,0.0
17916,7129,80,4,334.64,0.0
17917,7129,21,2,128.96,0.15
17918,7129,66,1,325.89,0.0
17919,7130,37,1,678.06,0.05
17920,7130,20,3,344.47,0.0
17921,7131,40,4,246.27,0.15
17922,7131,37,2,678.06,0.0
17923,7131,42,5,506.69,0.0
17924,7131,110,5,551.82,0.05
17925,7132,6,2,148.07,0.0
17926,7132,106,3,293.96,0.0
17927,7132,79,2,353.32,0.0
17928,7132,102,3,268.48,0.0
17929,7133,29,5,332.87,0.15
17930,7134,58,3,421.43,0.05
17931,7134,115,2,191.72,0.0
17932,7134,102,1,268.48,0.0
17933,7134,64,4,433.42,0.0
17934,7135,115,4,191.72,0.15
17935,7135,34,3,269.02,0.0
17936,7135,102,4,268.48,0.15
17937,7136,42,2,506.69,0.15
17938,7136,87,5,87.7,0.0
17939,7136,80,5,334.64,0.0
17940,7137,25,1,424.49,0.0
17941,7138,80,3,334.64,0.0
17942,7138,112,3,530.6,0.05
17943,7138,22,2,155.04,0.0
17944,7139,87,5,87.7,0.0
17945,7139,8,4,230.66,0.0
17946,7139,68,5,187.83,0.1
17947,7140,2,1,225.66,0.0
17948,7141,4,3,538.06,0.0
17949,7141,79,3,353.32,0.1
17950,7141,83,4,229.64,0.0
17951,7141,69,1,199.67,0.0
17952,7142,118,2,357.13,0.0
17953,7142,46,2,429.96,0.0
17954,7142,17,5,335.91,0.0
17955,7143,46,4,429.96,0.0
17956,7143,74,5,259.9,0.0
17957,7143,43,4,487.39,0.15
17958,7144,51,2,592.49,0.05
17959,7144,5,2,206.39,0.0
17960,7144,33,2,596.3,0.1
17961,7144,112,1,530.6,0.05
17962,7145,39,1,435.88,0.1
17963,7145,10,1,358.28,0.0
17964,7145,41,3,466.15,0.15
17965,7145,111,5,220.69,0.0
17966,7146,103,3,415.47,0.05
17967,7146,54,2,589.22,0.15
17968,7147,5,5,206.39,0.15
17969,7147,98,1,387.36,0.0
17970,7147,44,4,155.05,0.1
17971,7148,45,1,124.25,0.15
17972,7149,62,1,455.65,0.0
17973,7149,56,1,701.89,0.15
17974,7149,27,1,50.29,0.15
17975,7150,112,4,530.6,0.15
17976,7151,96,1,261.53,0.1
17977,7152,51,3,592.49,0.0
17978,7152,118,4,357.13,0.15
17979,7153,11,4,431.92,0.1
17980,7153,18,3,774.6,0.0
17981,7153,99,3,654.14,0.1
17982,7153,92,2,473.15,0.0
17983,7154,73,2,693.24,0.15
17984,7155,74,2,259.9,0.05
17985,7155,26,1,283.16,0.0
17986,7155,82,5,382.23,0.1
17987,7155,77,3,20.71,0.0
17988,7156,29,4,332.87,0.0
17989,7157,115,5,191.72,0.1
17990,7157,116,2,151.15,0.0
17991,7157,109,4,345.03,0.0
17992,7158,42,3,506.69,0.05
17993,7158,63,4,460.08,0.0
17994,7159,70,2,477.56,0.05
17995,7160,108,5,564.18,0.0
17996,7161,116,4,151.15,0.1
17997,7162,61,3,610.85,0.05
17998,7162,80,3,334.64,0.0
17999,7162,111,2,220.69,0.0
18000,7162,104,4,497.51,0.15
18001,7163,66,2,325.89,0.0
18002,7163,52,3,119.81,0.05
18003,7163,48,4,688.65,0.0
18004,7163,71,5,298.03,0.15
18005,7164,118,3,357.13,0.05
18006,7164,37,4,678.06,0.0
18007,7164,5,2,206.39,0.0
18008,7164,55,5,143.78,0.15
18009,7165,56,1,701.89,0.1
18010,7165,1,1,250.67,0.0
18011,7166,25,3,424.49,0.0
18012,7167,77,2,20.71,0.05
18013,7167,84,4,233.29,0.0
18014,7167,35,1,368.74,0.1
18015,7167,96,4,261.53,0.0
18016,7168,95,5,197.03,0.15
18017,7169,2,4,225.66,0.05
18018,7169,55,4,143.78,0.0
18019,7170,108,5,564.18,0.1
18020,7170,101,1,530.68,0.0
18021,7170,15,2,434.83,0.0
18022,7171,91,4,111.41,0.0
18023,7171,40,3,246.27,0.0
18024,7171,59,3,189.03,0.1
18025,7172,78,4,496.95,0.05
18026,7172,14,4,167.56,0.05
18027,7173,86,1,508.15,0.05
18028,7173,11,5,431.92,0.0
18029,7174,95,5,197.03,0.1
18030,7174,17,2,335.91,0.1
18031,7175,110,1,551.82,0.0
18032,7175,118,2,357.13,0.0
18033,7175,72,2,417.09,0.1
18034,7176,112,2,530.6,0.1
18035,7177,104,5,497.51,0.0
18036,7177,1,5,250.67,0.1
18037,7178,1,2,250.67,0.05
18038,7178,53,3,90.14,0.0
18039,7178,22,4,155.04,0.1
18040,7178,29,5,332.87,0.15
18041,7179,81,5,472.42,0.1
18042,7179,83,3,229.64,0.0
18043,7180,7,3,342.91,0.1
18044,7180,88,2,217.75,0.05
18045,7180,10,5,358.28,0.15
18046,7181,8,4,230.66,0.15
18047,7181,76,1,544.8,0.0
18048,7181,68,1,187.83,0.05
18049,7181,2,3,225.66,0.0
18050,7182,95,4,197.03,0.1
18051,7182,54,3,589.22,0.0
18052,7183,68,1,187.83,0.05
18053,7183,55,4,143.78,0.15
18054,7183,66,1,325.89,0.15
18055,7184,11,5,431.92,0.05
18056,7184,101,5,530.68,0.05
18057,7185,80,4,334.64,0.05
18058,7185,41,2,466.15,0.0
18059,7185,52,5,119.81,0.1
18060,7186,85,1,294.43,0.1
18061,7186,34,3,269.02,0.0
18062,7186,18,3,774.6,0.0
18063,7187,20,4,344.47,0.0
18064,7187,18,1,774.6,0.15
18065,7188,93,2,96.97,0.0
18066,7188,78,3,496.95,0.0
18067,7188,112,4,530.6,0.05
18068,7189,5,5,206.39,0.0
18069,7189,18,4,774.6,0.1
18070,7189,113,4,113.5,0.0
18071,7190,51,5,592.49,0.0
18072,7190,113,3,113.5,0.05
18073,7191,25,2,424.49,0.15
18074,7191,70,5,477.56,0.0
18075,7192,26,4,283.16,0.0
18076,7192,82,4,382.23,0.0
18077,7193,15,4,434.83,0.0
18078,7193,61,5,610.85,0.1
18079,7194,1,1,250.67,0.1
18080,7194,110,5,551.82,0.15
18081,7194,68,2,187.83,0.1
18082,7194,35,3,368.74,0.0
18083,7195,45,3,124.25,0.0
18084,7195,77,3,20.71,0.1
18085,7195,44,2,155.05,0.15
18086,7195,2,1,225.66,0.0
18087,7196,8,1,230.66,0.05
18088,7196,82,4,382.23,0.15
18089,7196,48,5,688.65,0.15
18090,7196,66,2,325.89,0.0
18091,7197,76,1,544.8,0.0
18092,7197,105,3,161.35,0.05
18093,7197,97,3,140.58,0.0
18094,7197,57,2,359.66,0.05
18095,7198,34,5,269.02,0.15
18096,7199,98,3,387.36,0.15
18097,7199,45,5,124.25,0.0
18098,7199,61,3,610.85,0.0
18099,7199,11,1,431.92,0.0
18100,7200,81,2,472.42,0.05
18101,7200,118,4,357.13,0.1
18102,7201,23,4,473.03,0.0
18103,7201,70,3,477.56,0.1
18104,7201,27,5,50.29,0.05
18105,7201,44,5,155.05,0.1
18106,7202,30,2,474.66,0.0
18107,7203,14,5,167.56,0.0
18108,7203,68,2,187.83,0.0
18109,7203,93,3,96.97,0.15
18110,7203,15,4,434.83,0.05
18111,7204,111,1,220.69,0.0
18112,7204,59,4,189.03,0.0
18113,7205,109,4,345.03,0.0
18114,7205,32,2,527.45,0.05
18115,7206,116,4,151.15,0.1
18116,7206,109,1,345.03,0.05
18117,7207,1,1,250.67,0.0
18118,7207,98,1,387.36,0.0
18119,7207,117,5,97.33,0.0
18120,7207,43,3,487.39,0.15
18121,7208,56,5,701.89,0.0
18122,7208,60,1,765.19,0.0
18123,7209,92,3,473.15,0.1
18124,7209,94,1,357.14,0.15
18125,7209,26,5,283.16,0.1
18126,7209,47,2,533.66,0.1
18127,7210,74,2,259.9,0.05
18128,7211,105,4,161.35,0.05
18129,7211,49,5,224.05,0.0
18130,7212,43,3,487.39,0.0
18131,7212,46,5,429.96,0.15
18132,7212,52,2,119.81,0.0
18133,7212,7,4,342.91,0.15
18134,7213,21,3,128.96,0.05
18135,7214,85,2,294.43,0.0
18136,7214,97,5,140.58,0.0
18137,7215,52,4,119.81,0.0
18138,7215,23,4,473.03,0.1
18139,7216,114,1,321.32,0.1
18140,7216,79,4,353.32,0.05
18141,7217,72,1,417.09,0.05
18142,7217,22,5,155.04,0.0
18143,7217,89,1,156.62,0.05
18144,7218,3,5,400.77,0.15
18145,7218,42,1,506.69,0.0
18146,7219,52,3,119.81,0.15
18147,7220,84,5,233.29,0.0
18148,7221,41,2,466.15,0.0
18149,7221,23,4,473.03,0.0
18150,7222,39,2,435.88,0.0
18151,7222,83,2,229.64,0.05
18152,7223,73,3,693.24,0.0
18153,7224,53,4,90.14,0.15
18154,7224,92,3,473.15,0.1
18155,7224,89,4,156.62,0.0
18156,7224,63,1,460.08,0.05
18157,7225,57,1,359.66,0.15
18158,7225,120,2,437.18,0.15
18159,7225,44,1,155.05,0.0
18160,7226,1,5,250.67,0.0
18161,7227,68,3,187.83,0.0
18162,7227,30,4,474.66,0.15
18163,7227,57,3,359.66,0.05
18164,7227,112,4,530.6,0.0
18165,7228,54,4,589.22,0.0
18166,7228,69,2,199.67,0.0
18167,7228,3,4,400.77,0.15
18168,7229,46,4,429.96,0.15
18169,7229,52,5,119.81,0.0
18170,7229,82,1,382.23,0.1
18171,7230,16,3,337.82,0.0
18172,7231,62,2,455.65,0.15
18173,7231,17,5,335.91,0.05
18174,7231,85,2,294.43,0.15
18175,7231,5,2,206.39,0.15
18176,7232,88,1,217.75,0.0
18177,7232,86,4,508.15,0.1
18178,7233,12,1,665.95,0.05
18179,7233,3,3,400.77,0.15
18180,7233,63,5,460.08,0.15
18181,7233,40,5,246.27,0.1
18182,7234,92,1,473.15,0.1
18183,7234,111,5,220.69,0.15
18184,7234,34,1,269.02,0.0
18185,7234,82,2,382.23,0.0
18186,7235,9,1,566.94,0.1
18187,7235,29,5,332.87,0.15
18188,7236,108,5,564.18,0.1
18189,7236,93,2,96.97,0.0
18190,7237,65,5,775.34,0.1
18191,7237,34,3,269.02,0.15
18192,7237,5,5,206.39,0.0
18193,7237,118,4,357.13,0.05
18194,7238,93,5,96.97,0.0
18195,7238,30,3,474.66,0.0
18196,7238,43,2,487.39,0.1
18197,7238,19,4,236.74,0.0
18198,7239,81,1,472.42,0.1
18199,7239,57,5,359.66,0.1
18200,7239,90,4,250.98,0.1
18201,7239,53,3,90.14,0.05
18202,7240,10,3,358.28,0.0
18203,7241,70,2,477.56,0.0
18204,7241,83,1,229.64,0.0
18205,7242,63,3,460.08,0.05
18206,7243,61,1,610.85,0.0
18207,7243,104,3,497.51,0.15
18208,7244,12,2,665.95,0.0
18209,7244,87,1,87.7,0.05
18210,7245,33,1,596.3,0.05
18211,7246,39,2,435.88,0.0
18212,7246,44,5,155.05,0.1
18213,7247,35,5,368.74,0.1
18214,7247,37,2,678.06,0.05
18215,7247,114,3,321.32,0.0
18216,7247,25,2,424.49,0.15
18217,7248,92,5,473.15,0.0
18218,7248,108,1,564.18,0.05
18219,7249,44,2,155.05,0.05
18220,7250,9,5,566.94,0.05
18221,7251,92,4,473.15,0.05
18222,7251,56,1,701.89,0.0
18223,7251,119,1,181.96,0.0
18224,7251,88,3,217.75,0.0
18225,7252,18,3,774.6,0.0
18226,7253,104,2,497.51,0.15
18227,7254,18,4,774.6,0.05
18228,7254,4,5,538.06,0.0
18229,7255,44,3,155.05,0.0
18230,7256,118,4,357.13,0.0
18231,7256,38,4,342.42,0.0
18232,7256,54,3,589.22,0.1
18233,7256,98,4,387.36,0.05
18234,7257,88,4,217.75,0.1
18235,7257,15,1,434.83,0.0
18236,7257,69,2,199.67,0.1
18237,7258,61,2,610.85,0.1
18238,7258,99,3,654.14,0.0
18239,7258,39,1,435.88,0.0
18240,7258,4,5,538.06,0.0
18241,7259,11,3,431.92,0.0
18242,7259,46,2,429.96,0.15
18243,7259,95,4,197.03,0.0
18244,7260,81,4,472.42,0.15
18245,7260,5,2,206.39,0.0
18246,7260,85,3,294.43,0.15
18247,7261,63,5,460.08,0.0
18248,7261,14,1,167.56,0.05
18249,7261,105,1,161.35,0.1
18250,7261,81,3,472.42,0.1
18251,7262,102,5,268.48,0.05
18252,7263,82,5,382.23,0.15
18253,7263,96,5,261.53,0.15
18254,7263,16,1,337.82,0.0
18255,7264,114,2,321.32,0.0
18256,7264,59,2,189.03,0.0
18257,7264,10,4,358.28,0.0
18258,7264,26,4,283.16,0.0
18259,7265,2,4,225.66,0.0
18260,7265,12,4,665.95,0.0
18261,7265,38,5,342.42,0.1
18262,7265,47,2,533.66,0.0
18263,7266,101,2,530.68,0.0
18264,7266,19,4,236.74,0.0
18265,7266,120,3,437.18,0.0
18266,7267,100,1,192.03,0.1
18267,7267,102,5,268.48,0.0
18268,7267,117,2,97.33,0.15
18269,7268,112,1,530.6,0.1
18270,7268,10,3,358.28,0.1
18271,7268,43,1,487.39,0.0
18272,7268,28,2,278.53,0.0
18273,7269,68,3,187.83,0.0
18274,7269,64,5,433.42,0.15
18275,7269,44,4,155.05,0.1
18276,7269,3,2,400.77,0.15
18277,7270,41,3,466.15,0.0
18278,7270,57,4,359.66,0.05
18279,7270,100,1,192.03,0.0
18280,7271,66,1,325.89,0.05
18281,7272,120,3,437.18,0.1
18282,7272,115,5,191.72,0.0
18283,7272,75,5,102.43,0.15
18284,7273,6,4,148.07,0.1
18285,7273,95,3,197.03,0.05
18286,7273,115,1,191.72,0.15
18287,7274,25,1,424.49,0.1
18288,7275,54,2,589.22,0.0
18289,7276,49,1,224.05,0.1
18290,7276,62,5,455.65,0.1
18291,7277,26,4,283.16,0.0
18292,7277,98,4,387.36,0.0
18293,7278,112,2,530.6,0.0
18294,7278,24,3,576.43,0.15
18295,7279,117,1,97.33,0.05
18296,7279,47,1,533.66,0.0
18297,7280,107,4,70.69,0.1
18298,7280,25,5,424.49,0.05
18299,7280,26,5,283.16,0.15
18300,7281,38,1,342.42,0.0
18301,7281,9,5,566.94,0.0
18302,7281,104,3,497.51,0.0
18303,7281,77,2,20.71,0.15
18304,7282,76,4,544.8,0.0
18305,7282,35,4,368.74,0.0
18306,7282,59,3,189.03,0.15
18307,7282,48,4,688.65,0.15
18308,7283,39,3,435.88,0.05
18309,7283,91,2,111.41,0.05
18310,7283,88,1,217.75,0.1
18311,7284,58,4,421.43,0.05
18312,7284,52,1,119.81,0.0
18313,7284,95,1,197.03,0.1
18314,7284,67,2,439.64,0.0
18315,7285,118,4,357.13,0.05
18316,7285,37,4,678.06,0.15
18317,7286,36,1,461.97,0.0
18318,7286,93,3,96.97,0.15
18319,7287,91,1,111.41,0.0
18320,7287,74,4,259.9,0.0
18321,7287,57,3,359.66,0.15
18322,7287,49,3,224.05,0.0
18323,7288,78,4,496.95,0.0
18324,7288,21,5,128.96,0.0
18325,7289,54,4,589.22,0.0
18326,7290,104,4,497.51,0.0
18327,7291,32,2,527.45,0.0
18328,7291,66,2,325.89,0.0
18329,7291,81,5,472.42,0.0
18330,7292,48,2,688.65,0.05
18331,7293,27,2,50.29,0.0
18332,7293,89,2,156.62,0.0
18333,7293,58,1,421.43,0.05
18334,7294,51,3,592.49,0.15
18335,7295,41,3,466.15,0.0
18336,7295,3,2,400.77,0.15
18337,7296,41,3,466.15,0.0
18338,7296,103,5,415.47,0.0
18339,7296,31,2,492.63,0.1
18340,7297,84,1,233.29,0.0
18341,7297,1,5,250.67,0.0
18342,7297,88,4,217.75,0.1
18343,7297,31,3,492.63,0.1
18344,7298,113,5,113.5,0.1
18345,7298,32,3,527.45,0.0
18346,7299,23,5,473.03,0.05
18347,7299,43,2,487.39,0.0
18348,7299,101,2,530.68,0.15
18349,7299,53,3,90.14,0.05
18350,7300,113,2,113.5,0.1
18351,7300,92,1,473.15,0.0
18352,7301,50,5,641.98,0.05
18353,7302,35,3,368.74,0.15
18354,7302,5,4,206.39,0.0
18355,7302,76,2,544.8,0.0
18356,7302,16,1,337.82,0.1
18357,7303,55,4,143.78,0.0
18358,7303,4,2,538.06,0.15
18359,7304,66,1,325.89,0.0
18360,7304,69,1,199.67,0.0
18361,7304,106,5,293.96,0.0
18362,7304,82,4,382.23,0.1
18363,7305,19,5,236.74,0.0
18364,7306,8,2,230.66,0.0
18365,7306,97,3,140.58,0.0
18366,7307,84,5,233.29,0.0
18367,7308,90,1,250.98,0.0
18368,7308,31,5,492.63,0.1
18369,7308,102,2,268.48,0.15
18370,7308,55,2,143.78,0.0
18371,7309,76,5,544.8,0.1
18372,7309,3,1,400.77,0.0
18373,7309,31,5,492.63,0.05
18374,7310,19,3,236.74,0.15
18375,7310,72,4,417.09,0.15
18376,7311,86,4,508.15,0.0
18377,7311,14,3,167.56,0.15
18378,7311,115,5,191.72,0.0
18379,7312,96,4,261.53,0.05
18380,7312,3,5,400.77,0.0
18381,7313,24,3,576.43,0.0
18382,7313,45,4,124.25,0.0
18383,7313,42,3,506.69,0.0
18384,7313,79,5,353.32,0.0
18385,7314,110,1,551.82,0.15
18386,7314,62,2,455.65,0.0
18387,7315,114,3,321.32,0.1
18388,7315,99,5,654.14,0.0
18389,7316,57,2,359.66,0.0
18390,7316,92,1,473.15,0.0
18391,7317,7,4,342.91,0.05
18392,7318,114,4,321.32,0.05
18393,7318,92,3,473.15,0.0
18394,7318,96,5,261.53,0.15
18395,7319,92,1,473.15,0.0
18396,7319,30,5,474.66,0.0
18397,7319,100,1,192.03,0.0
18398,7319,46,5,429.96,0.1
18399,7320,20,3,344.47,0.0
18400,7321,98,1,387.36,0.0
18401,7321,102,1,268.48,0.05
18402,7322,17,4,335.91,0.0
18403,7322,20,3,344.47,0.15
18404,7322,22,2,155.04,0.0
18405,7322,97,2,140.58,0.05
18406,7323,83,2,229.64,0.0
18407,7323,33,1,596.3,0.0
18408,7324,113,5,113.5,0.05
18409,7324,118,1,357.13,0.05
18410,7325,98,1,387.36,0.15
18411,7325,78,3,496.95,0.05
18412,7326,45,2,124.25,0.0
18413,7326,82,3,382.23,0.0
18414,7326,19,5,236.74,0.0
18415,7327,66,3,325.89,0.05
18416,7327,24,3,576.43,0.15
18417,7328,57,2,359.66,0.0
18418,7328,13,4,546.51,0.15
18419,7328,81,3,472.42,0.0
18420,7329,7,1,342.91,0.1
18421,7329,52,5,119.81,0.0
18422,7329,60,5,765.19,0.05
18423,7330,1,3,250.67,0.0
18424,7331,31,2,492.63,0.0
18425,7331,99,2,654.14,0.1
18426,7331,5,3,206.39,0.0
18427,7331,1,1,250.67,0.1
18428,7332,96,5,261.53,0.0
18429,7332,9,3,566.94,0.05
18430,7333,35,3,368.74,0.0
18431,7334,66,5,325.89,0.0
18432,7334,21,2,128.96,0.0
18433,7334,32,3,527.45,0.0
18434,7334,114,4,321.32,0.0
18435,7335,102,3,268.48,0.15
18436,7336,1,4,250.67,0.15
18437,7336,75,4,102.43,0.0
18438,7337,60,4,765.19,0.15
18439,7337,78,5,496.95,0.0
18440,7338,87,1,87.7,0.0
18441,7338,52,4,119.81,0.0
18442,7338,74,3,259.9,0.0
18443,7339,2,4,225.66,0.1
18444,7339,105,1,161.35,0.05
18445,7340,72,3,417.09,0.0
18446,7340,10,2,358.28,0.0
18447,7340,105,1,161.35,0.15
18448,7341,5,1,206.39,0.15
18449,7341,68,2,187.83,0.05
18450,7341,40,5,246.27,0.0
18451,7342,11,2,431.92,0.1
18452,7342,31,3,492.63,0.0
18453,7342,85,2,294.43,0.0
18454,7343,99,3,654.14,0.0
18455,7343,93,2,96.97,0.0
18456,7343,85,4,294.43,0.05
18457,7344,107,1,70.69,0.0
18458,7344,41,3,466.15,0.0
18459,7344,35,3,368.74,0.0
18460,7344,102,5,268.48,0.0
18461,7345,87,1,87.7,0.15
18462,7345,40,4,246.27,0.15
18463,7346,92,1,473.15,0.1
18464,7346,34,3,269.02,0.0
18465,7346,60,4,765.19,0.0
18466,7347,85,3,294.43,0.15
18467,7348,77,5,20.71,0.05
18468,7348,107,5,70.69,0.05
18469,7348,16,1,337.82,0.0
18470,7349,60,1,765.19,0.15
18471,7349,111,5,220.69,0.0
18472,7349,82,1,382.23,0.15
18473,7349,67,5,439.64,0.05
18474,7350,117,4,97.33,0.05
18475,7350,82,2,382.23,0.05
18476,7350,24,1,576.43,0.05
18477,7350,65,2,775.34,0.15
18478,7351,52,4,119.81,0.0
18479,7352,86,2,508.15,0.1
18480,7352,36,5,461.97,0.0
18481,7352,70,3,477.56,0.1
18482,7353,74,4,259.9,0.0
18483,7353,20,2,344.47,0.0
18484,7353,36,1,461.97,0.05
18485,7353,100,5,192.03,0.1
18486,7354,59,2,189.03,0.1
18487,7354,104,1,497.51,0.15
18488,7354,63,5,460.08,0.0
18489,7355,28,5,278.53,0.0
18490,7355,44,1,155.05,0.0
18491,7355,58,1,421.43,0.1
18492,7355,60,3,765.19,0.0
18493,7356,25,5,424.49,0.1
18494,7356,48,2,688.65,0.15
18495,7357,25,5,424.49,0.0
18496,7357,17,5,335.91,0.0
18497,7357,103,2,415.47,0.0
18498,7358,9,3,566.94,0.0
18499,7359,64,2,433.42,0.1
18500,7359,39,3,435.88,0.0
18501,7359,11,2,431.92,0.0
18502,7360,72,5,417.09,0.05
18503,7360,103,5,415.47,0.15
18504,7360,7,2,342.91,0.1
18505,7360,62,1,455.65,0.1
18506,7361,61,5,610.85,0.0
18507,7361,54,4,589.22,0.0
18508,7361,99,2,654.14,0.0
18509,7362,119,2,181.96,0.15
18510,7362,52,3,119.81,0.0
18511,7363,113,2,113.5,0.15
18512,7364,16,4,337.82,0.05
18513,7364,20,3,344.47,0.15
18514,7365,69,1,199.67,0.05
18515,7365,52,3,119.81,0.0
18516,7365,10,3,358.28,0.0
18517,7366,78,3,496.95,0.0
18518,7366,26,1,283.16,0.15
18519,7367,80,4,334.64,0.0
18520,7367,32,5,527.45,0.05
18521,7367,22,1,155.04,0.15
18522,7368,81,1,472.42,0.05
18523,7368,2,2,225.66,0.0
18524,7369,69,3,199.67,0.0
18525,7370,72,5,417.09,0.0
18526,7371,68,4,187.83,0.15
18527,7371,119,2,181.96,0.0
18528,7371,33,2,596.3,0.1
18529,7372,97,5,140.58,0.0
18530,7373,20,3,344.47,0.0
18531,7374,110,3,551.82,0.0
18532,7374,105,2,161.35,0.15
18533,7375,37,1,678.06,0.0
18534,7375,29,2,332.87,0.0
18535,7375,47,5,533.66,0.0
18536,7376,25,1,424.49,0.15
18537,7377,92,4,473.15,0.05
18538,7377,14,4,167.56,0.15
18539,7378,109,5,345.03,0.0
18540,7378,21,3,128.96,0.0
18541,7378,18,1,774.6,0.05
18542,7378,106,4,293.96,0.0
18543,7379,107,3,70.69,0.1
18544,7379,82,2,382.23,0.0
18545,7379,49,2,224.05,0.0
18546,7379,89,5,156.62,0.1
18547,7380,111,4,220.69,0.1
18548,7380,81,4,472.42,0.0
18549,7380,32,3,527.45,0.0
18550,7381,67,2,439.64,0.0
18551,7381,30,4,474.66,0.0
18552,7381,13,5,546.51,0.15
18553,7381,46,4,429.96,0.0
18554,7382,17,5,335.91,0.15
18555,7382,107,3,70.69,0.05
18556,7382,53,5,90.14,0.0
18557,7382,40,5,246.27,0.15
18558,7383,96,3,261.53,0.0
18559,7383,55,2,143.78,0.15
18560,7384,91,4,111.41,0.05
18561,7384,81,4,472.42,0.1
18562,7384,20,2,344.47,0.0
18563,7385,89,5,156.62,0.0
18564,7385,99,4,654.14,0.0
18565,7385,93,2,96.97,0.05
18566,7386,69,3,199.67,0.0
18567,7386,48,1,688.65,0.05
18568,7386,61,3,610.85,0.15
18569,7387,95,3,197.03,0.05
18570,7388,101,3,530.68,0.1
18571,7388,44,5,155.05,0.0
18572,7389,74,1,259.9,0.0
18573,7389,117,2,97.33,0.0
18574,7390,38,3,342.42,0.0
18575,7390,22,3,155.04,0.0
18576,7390,40,3,246.27,0.0
18577,7390,106,1,293.96,0.15
18578,7391,48,3,688.65,0.05
18579,7391,92,5,473.15,0.05
18580,7391,1,1,250.67,0.0
18581,7391,13,2,546.51,0.0
18582,7392,76,3,544.8,0.0
18583,7392,42,5,506.69,0.1
18584,7392,81,4,472.42,0.0
18585,7393,44,4,155.05,0.15
18586,7393,62,3,455.65,0.0
18587,7393,85,2,294.43,0.15
18588,7394,60,3,765.19,0.1
18589,7394,20,3,344.47,0.0
18590,7394,51,5,592.49,0.0
18591,7394,15,3,434.83,0.05
18592,7395,37,4,678.06,0.1
18593,7395,94,2,357.14,0.0
18594,7395,26,4,283.16,0.0
18595,7395,79,1,353.32,0.0
18596,7396,116,5,151.15,0.0
18597,7397,43,5,487.39,0.05
18598,7397,103,4,415.47,0.05
18599,7397,55,2,143.78,0.05
18600,7398,52,5,119.81,0.15
18601,7398,60,3,765.19,0.0
18602,7398,7,4,342.91,0.0
18603,7398,100,5,192.03,0.0
18604,7399,5,4,206.39,0.0
18605,7400,24,1,576.43,0.0
18606,7400,38,4,342.42,0.1
18607,7400,53,3,90.14,0.1
18608,7400,91,5,111.41,0.0
18609,7401,102,2,268.48,0.0
18610,7401,119,3,181.96,0.1
18611,7402,103,2,415.47,0.0
18612,7403,22,5,155.04,0.15
18613,7403,107,3,70.69,0.05
18614,7403,19,2,236.74,0.1
18615,7403,54,5,589.22,0.0
18616,7404,77,1,20.71,0.15
18617,7404,51,4,592.49,0.0
18618,7404,73,3,693.24,0.0
18619,7405,86,3,508.15,0.05
18620,7405,94,3,357.14,0.0
18621,7405,59,3,189.03,0.0
18622,7405,54,2,589.22,0.0
18623,7406,7,5,342.91,0.1
18624,7406,11,3,431.92,0.0
18625,7407,54,1,589.22,0.15
18626,7407,66,5,325.89,0.05
18627,7407,77,1,20.71,0.15
18628,7408,1,2,250.67,0.0
18629,7409,79,3,353.32,0.15
18630,7410,48,3,688.65,0.05
18631,7411,10,3,358.28,0.15
18632,7411,47,2,533.66,0.0
18633,7411,25,1,424.49,0.0
18634,7412,81,5,472.42,0.0
18635,7413,86,3,508.15,0.1
18636,7414,65,4,775.34,0.0
18637,7414,7,2,342.91,0.15
18638,7414,115,5,191.72,0.15
18639,7415,119,3,181.96,0.15
18640,7415,44,3,155.05,0.15
18641,7416,1,1,250.67,0.0
18642,7416,34,3,269.02,0.0
18643,7416,48,5,688.65,0.0
18644,7416,10,2,358.28,0.0
18645,7417,12,4,665.95,0.0
18646,7418,8,5,230.66,0.15
18647,7418,77,2,20.71,0.0
18648,7418,109,3,345.03,0.0
18649,7419,41,4,466.15,0.0
18650,7419,77,1,20.71,0.0
18651,7420,25,1,424.49,0.15
18652,7420,13,5,546.51,0.0
18653,7420,9,3,566.94,0.1
18654,7421,7,4,342.91,0.0
18655,7421,15,5,434.83,0.0
18656,7421,109,5,345.03,0.0
18657,7421,100,3,192.03,0.05
18658,7422,57,1,359.66,0.0
18659,7423,98,3,387.36,0.0
18660,7424,11,3,431.92,0.1
18661,7424,82,2,382.23,0.1
18662,7424,89,3,156.62,0.15
18663,7424,105,1,161.35,0.0
18664,7425,101,1,530.68,0.0
18665,7425,5,5,206.39,0.0
18666,7425,35,3,368.74,0.0
18667,7426,2,3,225.66,0.0
18668,7426,76,5,544.8,0.15
18669,7427,40,2,246.27,0.1
18670,7427,98,3,387.36,0.1
18671,7427,74,3,259.9,0.0
18672,7428,96,4,261.53,0.15
18673,7428,5,4,206.39,0.0
18674,7428,36,5,461.97,0.1
18675,7428,15,5,434.83,0.0
18676,7429,20,2,344.47,0.15
18677,7429,64,3,433.42,0.0
18678,7429,73,3,693.24,0.15
18679,7430,33,4,596.3,0.1
18680,7430,95,2,197.03,0.0
18681,7430,104,5,497.51,0.0
18682,7430,83,4,229.64,0.15
18683,7431,22,4,155.04,0.0
18684,7432,97,2,140.58,0.0
18685,7433,53,4,90.14,0.0
18686,7433,48,5,688.65,0.15
18687,7433,12,1,665.95,0.15
18688,7434,52,1,119.81,0.1
18689,7434,38,3,342.42,0.15
18690,7434,110,2,551.82,0.0
18691,7434,118,4,357.13,0.05
18692,7435,74,5,259.9,0.05
18693,7435,71,5,298.03,0.0
18694,7435,87,5,87.7,0.0
18695,7435,20,5,344.47,0.0
18696,7436,70,2,477.56,0.0
18697,7437,45,3,124.25,0.0
18698,7437,4,3,538.06,0.0
18699,7437,28,5,278.53,0.0
18700,7437,25,3,424.49,0.0
18701,7438,103,4,415.47,0.0
18702,7438,25,5,424.49,0.1
18703,7438,61,5,610.85,0.15
18704,7439,45,4,124.25,0.0
18705,7439,105,2,161.35,0.0
18706,7440,92,2,473.15,0.0
18707,7440,101,3,530.68,0.15
18708,7441,66,3,325.89,0.0
18709,7442,53,1,90.14,0.1
18710,7442,14,4,167.56,0.15
18711,7443,62,1,455.65,0.1
18712,7443,5,2,206.39,0.0
18713,7443,36,4,461.97,0.0
18714,7443,27,3,50.29,0.1
18715,7444,48,5,688.65,0.15
18716,7444,40,2,246.27,0.05
18717,7444,20,2,344.47,0.0
18718,7444,87,1,87.7,0.15
18719,7445,26,3,283.16,0.15
18720,7445,117,4,97.33,0.15
18721,7446,117,2,97.33,0.0
18722,7446,60,3,765.19,0.05
18723,7447,56,3,701.89,0.0
18724,7447,58,1,421.43,0.15
18725,7447,111,5,220.69,0.0
18726,7448,82,5,382.23,0.15
18727,7449,22,2,155.04,0.0
18728,7449,7,4,342.91,0.1
18729,7449,34,2,269.02,0.15
18730,7449,24,1,576.43,0.0
18731,7450,115,2,191.72,0.05
18732,7450,31,2,492.63,0.0
18733,7451,58,1,421.43,0.0
18734,7451,18,1,774.6,0.0
18735,7451,65,5,775.34,0.0
18736,7452,68,3,187.83,0.15
18737,7452,29,2,332.87,0.15
18738,7452,8,5,230.66,0.15
18739,7452,82,4,382.23,0.0
18740,7453,8,5,230.66,0.0
18741,7453,107,1,70.69,0.05
18742,7453,120,5,437.18,0.15
18743,7453,90,1,250.98,0.1
18744,7454,47,2,533.66,0.1
18745,7454,25,2,424.49,0.15
18746,7454,55,1,143.78,0.0
18747,7455,8,4,230.66,0.1
18748,7455,64,1,433.42,0.05
18749,7455,62,5,455.65,0.0
18750,7456,55,1,143.78,0.0
18751,7457,31,5,492.63,0.05
18752,7457,112,3,530.6,0.0
18753,7458,92,2,473.15,0.0
18754,7459,52,5,119.81,0.0
18755,7460,108,2,564.18,0.05
18756,7461,25,1,424.49,0.0
18757,7461,16,5,337.82,0.0
18758,7462,62,2,455.65,0.0
18759,7462,88,4,217.75,0.0
18760,7462,82,1,382.23,0.0
18761,7463,98,3,387.36,0.1
18762,7463,55,4,143.78,0.0
18763,7463,91,2,111.41,0.1
18764,7464,107,5,70.69,0.15
18765,7465,35,3,368.74,0.1
18766,7465,102,3,268.48,0.0
18767,7465,8,3,230.66,0.15
18768,7466,13,5,546.51,0.1
18769,7466,113,2,113.5,0.0
18770,7466,87,2,87.7,0.15
18771,7466,65,3,775.34,0.0
18772,7467,82,1,382.23,0.1
18773,7468,72,4,417.09,0.15
18774,7468,10,3,358.28,0.15
18775,7468,47,4,533.66,0.1
18776,7469,29,5,332.87,0.0
18777,7469,93,2,96.97,0.0
18778,7469,31,1,492.63,0.0
18779,7470,43,4,487.39,0.0
18780,7471,77,3,20.71,0.0
18781,7472,6,1,148.07,0.0
18782,7473,27,1,50.29,0.0
18783,7474,20,1,344.47,0.0
18784,7474,25,5,424.49,0.1
18785,7474,60,3,765.19,0.0
18786,7474,22,2,155.04,0.0
18787,7475,116,1,151.15,0.05
18788,7476,16,5,337.82,0.0
18789,7476,75,3,102.43,0.0
18790,7476,54,1,589.22,0.15
18791,7477,39,2,435.88,0.15
18792,7477,41,5,466.15,0.0
18793,7477,5,3,206.39,0.05
18794,7477,92,1,473.15,0.0
18795,7478,63,2,460.08,0.1
18796,7479,10,1,358.28,0.05
18797,7479,44,1,155.05,0.15
18798,7479,91,4,111.41,0.15
18799,7480,55,5,143.78,0.0
18800,7480,113,2,113.5,0.05
18801,7481,111,1,220.69,0.0
18802,7481,55,4,143.78,0.0
18803,7481,108,4,564.18,0.0
18804,7482,58,5,421.43,0.0
18805,7483,104,4,497.51,0.0
18806,7483,12,4,665.95,0.1
18807,7483,2,2,225.66,0.15
18808,7483,9,2,566.94,0.0
18809,7484,62,4,455.65,0.05
18810,7484,111,2,220.69,0.1
18811,7485,75,2,102.43,0.0
18812,7486,64,4,433.42,0.0
18813,7486,86,3,508.15,0.0
18814,7486,63,2,460.08,0.15
18815,7487,85,4,294.43,0.0
18816,7487,74,1,259.9,0.0
18817,7488,61,1,610.85,0.1
18818,7488,49,2,224.05,0.0
18819,7488,58,5,421.43,0.1
18820,7488,82,2,382.23,0.1
18821,7489,53,2,90.14,0.0
18822,7489,56,1,701.89,0.0
18823,7490,33,1,596.3,0.15
18824,7490,44,5,155.05,0.05
18825,7490,65,3,775.34,0.1
18826,7490,106,3,293.96,0.1
18827,7491,89,5,156.62,0.0
18828,7492,21,1,128.96,0.15
18829,7492,61,4,610.85,0.0
18830,7493,85,2,294.43,0.15
18831,7493,16,5,337.82,0.0
18832,7493,21,3,128.96,0.05
18833,7493,6,2,148.07,0.0
18834,7494,24,4,576.43,0.15
18835,7494,18,4,774.6,0.0
18836,7494,50,1,641.98,0.05
18837,7495,76,4,544.8,0.1
18838,7495,119,3,181.96,0.15
18839,7495,13,3,546.51,0.05
18840,7496,103,4,415.47,0.0
18841,7496,14,2,167.56,0.0
18842,7497,93,4,96.97,0.1
18843,7497,23,4,473.03,0.15
18844,7498,78,1,496.95,0.15
18845,7498,98,5,387.36,0.0
18846,7498,116,1,151.15,0.05
18847,7498,57,4,359.66,0.0
18848,7499,58,4,421.43,0.15
18849,7499,12,2,665.95,0.0
18850,7500,117,1,97.33,0.1
18851,7500,58,1,421.43,0.1
18852,7500,85,2,294.43,0.0
18853,7500,92,1,473.15,0.0
18854,7501,37,1,678.06,0.05
18855,7502,30,4,474.66,0.0
18856,7502,40,5,246.27,0.15
18857,7502,114,2,321.32,0.0
18858,7502,118,5,357.13,0.1
18859,7503,87,1,87.7,0.0
18860,7503,83,2,229.64,0.0
18861,7504,104,4,497.51,0.05
18862,7504,26,5,283.16,0.0
18863,7505,63,1,460.08,0.05
18864,7505,72,2,417.09,0.1
18865,7506,88,4,217.75,0.0
18866,7506,36,4,461.97,0.1
18867,7506,108,5,564.18,0.0
18868,7507,28,1,278.53,0.0
18869,7508,1,3,250.67,0.15
18870,7509,10,1,358.28,0.05
18871,7509,69,4,199.67,0.1
18872,7509,54,4,589.22,0.0
18873,7510,84,4,233.29,0.0
18874,7511,67,1,439.64,0.1
18875,7511,40,4,246.27,0.0
18876,7511,53,5,90.14,0.0
18877,7511,16,2,337.82,0.0
18878,7512,98,3,387.36,0.0
18879,7512,38,2,342.42,0.0
18880,7513,97,1,140.58,0.15
18881,7514,25,5,424.49,0.0
18882,7515,42,4,506.69,0.0
18883,7516,58,4,421.43,0.15
18884,7516,75,3,102.43,0.0
18885,7516,99,2,654.14,0.0
18886,7516,7,3,342.91,0.1
18887,7517,7,2,342.91,0.15
18888,7517,105,4,161.35,0.05
18889,7517,27,4,50.29,0.0
18890,7517,109,1,345.03,0.05
18891,7518,53,4,90.14,0.0
18892,7519,59,3,189.03,0.0
18893,7519,79,3,353.32,0.05
18894,7519,40,2,246.27,0.1
18895,7519,95,2,197.03,0.0
18896,7520,46,2,429.96,0.0
18897,7520,80,1,334.64,0.15
18898,7520,6,1,148.07,0.1
18899,7521,8,5,230.66,0.05
18900,7521,53,2,90.14,0.15
18901,7522,65,3,775.34,0.0
18902,7522,100,2,192.03,0.05
18903,7523,119,3,181.96,0.0
18904,7523,108,4,564.18,0.15
18905,7523,107,4,70.69,0.15
18906,7524,53,3,90.14,0.0
18907,7524,48,2,688.65,0.1
18908,7524,73,3,693.24,0.0
18909,7524,60,5,765.19,0.0
18910,7525,33,4,596.3,0.0
18911,7525,99,5,654.14,0.0
18912,7525,59,3,189.03,0.0
18913,7525,97,2,140.58,0.15
18914,7526,1,3,250.67,0.05
18915,7526,80,3,334.64,0.1
18916,7526,53,2,90.14,0.15
18917,7527,44,3,155.05,0.0
18918,7527,64,4,433.42,0.0
18919,7528,111,5,220.69,0.15
18920,7528,88,4,217.75,0.15
18921,7529,55,1,143.78,0.1
18922,7529,47,2,533.66,0.1
18923,7529,97,2,140.58,0.15
18924,7530,84,4,233.29,0.0
18925,7530,31,5,492.63,0.0
18926,7530,9,4,566.94,0.1
18927,7531,16,1,337.82,0.0
18928,7531,112,1,530.6,0.0
18929,7531,84,1,233.29,0.0
18930,7531,62,3,455.65,0.0
18931,7532,97,5,140.58,0.0
18932,7532,50,5,641.98,0.0
18933,7532,107,4,70.69,0.0
18934,7533,117,3,97.33,0.15
18935,7533,61,5,610.85,0.1
18936,7533,54,1,589.22,0.0
18937,7533,79,2,353.32,0.0
18938,7534,80,3,334.64,0.0
18939,7534,35,5,368.74,0.1
18940,7534,106,4,293.96,0.0
18941,7534,87,5,87.7,0.0
18942,7535,82,5,382.23,0.15
18943,7535,20,2,344.47,0.15
18944,7535,70,5,477.56,0.1
18945,7536,105,3,161.35,0.1
18946,7536,103,3,415.47,0.15
18947,7536,33,3,596.3,0.05
18948,7536,68,2,187.83,0.05
18949,7537,120,4,437.18,0.15
18950,7537,64,4,433.42,0.0
18951,7538,70,3,477.56,0.15
18952,7538,104,1,497.51,0.0
18953,7538,53,1,90.14,0.0
18954,7539,89,5,156.62,0.0
18955,7539,58,4,421.43,0.1
18956,7540,119,1,181.96,0.0
18957,7541,26,2,283.16,0.0
18958,7541,56,1,701.89,0.15
18959,7542,6,1,148.07,0.15
18960,7543,87,3,87.7,0.0
18961,7544,32,4,527.45,0.0
18962,7544,13,4,546.51,0.05
18963,7545,75,1,102.43,0.0
18964,7545,115,5,191.72,0.1
18965,7546,110,2,551.82,0.0
18966,7546,24,4,576.43,0.0
18967,7547,39,4,435.88,0.0
18968,7547,67,2,439.64,0.15
18969,7547,116,2,151.15,0.1
18970,7547,87,2,87.7,0.0
18971,7548,19,4,236.74,0.0
18972,7548,2,2,225.66,0.1
18973,7548,42,3,506.69,0.1
18974,7548,4,3,538.06,0.0
18975,7549,83,2,229.64,0.0
18976,7549,23,4,473.03,0.1
18977,7549,43,2,487.39,0.0
18978,7549,81,3,472.42,0.1
18979,7550,109,4,345.03,0.15
18980,7551,58,2,421.43,0.0
18981,7552,65,2,775.34,0.0
18982,7553,115,4,191.72,0.0
18983,7553,74,2,259.9,0.0
18984,7553,111,5,220.69,0.0
18985,7553,84,2,233.29,0.1
18986,7554,57,3,359.66,0.05
18987,7554,116,4,151.15,0.1
18988,7554,4,4,538.06,0.15
18989,7554,115,1,191.72,0.0
18990,7555,94,5,357.14,0.0
18991,7555,103,5,415.47,0.0
18992,7556,5,3,206.39,0.0
18993,7556,17,2,335.91,0.05
18994,7556,61,2,610.85,0.0
18995,7556,67,1,439.64,0.05
18996,7557,3,4,400.77,0.05
18997,7557,30,5,474.66,0.0
18998,7558,86,2,508.15,0.15
18999,7558,4,5,538.06,0.0
19000,7558,88,4,217.75,0.0
19001,7558,16,5,337.82,0.0
19002,7559,9,4,566.94,0.05
19003,7560,1,4,250.67,0.0
19004,7560,32,2,527.45,0.1
19005,7560,51,3,592.49,0.0
19006,7560,78,4,496.95,0.0
19007,7561,10,2,358.28,0.05
19008,7562,91,2,111.41,0.05
19009,7562,110,4,551.82,0.0
19010,7563,4,3,538.06,0.0
19011,7563,23,4,473.03,0.05
19012,7564,22,5,155.04,0.0
19013,7565,26,5,283.16,0.1
19014,7565,86,1,508.15,0.05
19015,7565,4,5,538.06,0.0
19016,7566,79,4,353.32,0.05
19017,7566,93,5,96.97,0.0
19018,7566,19,2,236.74,0.15
19019,7567,71,1,298.03,0.0
19020,7567,42,3,506.69,0.0
19021,7567,108,3,564.18,0.15
19022,7567,13,5,546.51,0.0
19023,7568,73,1,693.24,0.0
19024,7569,43,5,487.39,0.0
19025,7569,12,4,665.95,0.15
19026,7570,63,2,460.08,0.0
19027,7571,75,5,102.43,0.0
19028,7572,119,4,181.96,0.1
19029,7572,12,1,665.95,0.15
19030,7572,95,1,197.03,0.0
19031,7573,64,5,433.42,0.0
19032,7573,100,2,192.03,0.05
19033,7573,5,4,206.39,0.0
19034,7573,51,1,592.49,0.0
19035,7574,70,4,477.56,0.0
19036,7574,41,1,466.15,0.0
19037,7575,87,2,87.7,0.1
19038,7575,101,4,530.68,0.1
19039,7575,52,2,119.81,0.0
19040,7576,86,3,508.15,0.15
19041,7576,103,4,415.47,0.0
19042,7576,7,4,342.91,0.1
19043,7576,105,4,161.35,0.0
19044,7577,67,3,439.64,0.0
19045,7577,87,3,87.7,0.1
19046,7577,45,3,124.25,0.1
19047,7578,7,5,342.91,0.05
19048,7578,71,4,298.03,0.15
19049,7578,48,5,688.65,0.05
19050,7578,99,4,654.14,0.0
19051,7579,7,1,342.91,0.0
19052,7580,106,1,293.96,0.0
19053,7581,56,4,701.89,0.0
19054,7581,24,3,576.43,0.0
19055,7582,73,1,693.24,0.05
19056,7582,91,3,111.41,0.15
19057,7583,119,3,181.96,0.0
19058,7583,64,4,433.42,0.0
19059,7583,46,3,429.96,0.0
19060,7583,22,5,155.04,0.05
19061,7584,105,3,161.35,0.15
19062,7584,74,3,259.9,0.15
19063,7584,81,4,472.42,0.0
19064,7585,16,4,337.82,0.15
19065,7585,15,4,434.83,0.0
19066,7586,63,1,460.08,0.1
19067,7587,86,2,508.15,0.15
19068,7587,75,5,102.43,0.15
19069,7588,96,2,261.53,0.0
19070,7588,26,4,283.16,0.1
19071,7588,25,4,424.49,0.05
19072,7589,68,5,187.83,0.15
19073,7589,15,1,434.83,0.05
19074,7590,97,5,140.58,0.15
19075,7590,35,4,368.74,0.15
19076,7591,26,5,283.16,0.0
19077,7591,2,4,225.66,0.0
19078,7591,41,1,466.15,0.05
19079,7591,46,2,429.96,0.1
19080,7592,75,3,102.43,0.05
19081,7592,30,3,474.66,0.0
19082,7592,55,3,143.78,0.0
19083,7593,3,4,400.77,0.0
19084,7593,35,3,368.74,0.1
19085,7594,99,1,654.14,0.1
19086,7594,96,2,261.53,0.15
19087,7594,72,4,417.09,0.0
19088,7594,73,3,693.24,0.15
19089,7595,120,4,437.18,0.1
19090,7596,65,5,775.34,0.15
19091,7596,17,1,335.91,0.0
19092,7596,10,4,358.28,0.05
19093,7597,101,3,530.68,0.05
19094,7598,90,2,250.98,0.1
19095,7598,9,4,566.94,0.0
19096,7598,64,1,433.42,0.15
19097,7599,41,3,466.15,0.0
19098,7599,48,5,688.65,0.0
19099,7599,100,1,192.03,0.1
19100,7600,34,5,269.02,0.05
19101,7600,9,2,566.94,0.0
19102,7600,118,4,357.13,0.15
19103,7601,24,3,576.43,0.1
19104,7601,45,3,124.25,0.1
19105,7601,67,5,439.64,0.0
19106,7602,49,5,224.05,0.0
19107,7602,106,3,293.96,0.05
19108,7602,21,4,128.96,0.05
19109,7602,6,2,148.07,0.0
19110,7603,58,1,421.43,0.1
19111,7603,112,1,530.6,0.1
19112,7603,18,2,774.6,0.1
19113,7604,36,4,461.97,0.0
19114,7605,69,4,199.67,0.1
19115,7605,37,2,678.06,0.1
19116,7606,9,3,566.94,0.1
19117,7606,50,5,641.98,0.0
19118,7606,70,2,477.56,0.05
19119,7607,33,5,596.3,0.0
19120,7607,118,4,357.13,0.15
19121,7607,38,5,342.42,0.05
19122,7608,35,3,368.74,0.05
19123,7608,76,5,544.8,0.0
19124,7608,69,1,199.67,0.0
19125,7609,46,1,429.96,0.0
19126,7609,11,3,431.92,0.0
19127,7609,43,5,487.39,0.0
19128,7609,2,3,225.66,0.1
19129,7610,42,1,506.69,0.05
19130,7611,104,5,497.51,0.0
19131,7611,54,1,589.22,0.0
19132,7611,4,5,538.06,0.0
19133,7611,15,5,434.83,0.0
19134,7612,25,2,424.49,0.15
19135,7612,88,1,217.75,0.0
19136,7612,14,2,167.56,0.15
19137,7612,39,5,435.88,0.15
19138,7613,108,2,564.18,0.0
19139,7614,23,1,473.03,0.15
19140,7614,11,3,431.92,0.1
19141,7614,92,4,473.15,0.1
19142,7614,49,4,224.05,0.1
19143,7615,37,3,678.06,0.0
19144,7615,57,3,359.66,0.0
19145,7615,70,3,477.56,0.15
19146,7615,99,2,654.14,0.0
19147,7616,50,3,641.98,0.05
19148,7616,88,3,217.75,0.0
19149,7616,70,1,477.56,0.0
19150,7616,98,1,387.36,0.15
19151,7617,72,3,417.09,0.0
19152,7617,92,1,473.15,0.0
19153,7618,92,1,473.15,0.1
19154,7618,43,4,487.39,0.0
19155,7618,39,5,435.88,0.05
19156,7618,38,2,342.42,0.05
19157,7619,3,3,400.77,0.0
19158,7619,92,4,473.15,0.1
19159,7619,20,5,344.47,0.0
19160,7620,79,1,353.32,0.05
19161,7620,103,1,415.47,0.0
19162,7621,107,3,70.69,0.0
19163,7622,58,5,421.43,0.0
19164,7622,84,3,233.29,0.1
19165,7622,22,5,155.04,0.0
19166,7622,53,2,90.14,0.0
19167,7623,86,2,508.15,0.05
19168,7623,81,1,472.42,0.0
19169,7624,9,4,566.94,0.15
19170,7624,40,5,246.27,0.0
19171,7624,93,5,96.97,0.1
19172,7625,104,2,497.51,0.0
19173,7626,118,3,357.13,0.05
19174,7627,5,4,206.39,0.05
19175,7627,43,3,487.39,0.05
19176,7628,75,1,102.43,0.05
19177,7628,93,4,96.97,0.1
19178,7628,120,1,437.18,0.0
19179,7628,36,2,461.97,0.0
19180,7629,17,2,335.91,0.05
19181,7630,12,5,665.95,0.0
19182,7631,8,3,230.66,0.15
19183,7631,101,3,530.68,0.0
19184,7632,97,1,140.58,0.15
19185,7632,24,2,576.43,0.1
19186,7633,20,5,344.47,0.0
19187,7633,88,1,217.75,0.15
19188,7633,57,1,359.66,0.0
19189,7633,113,3,113.5,0.0
19190,7634,111,4,220.69,0.0
19191,7635,83,2,229.64,0.05
19192,7635,6,5,148.07,0.1
19193,7635,117,2,97.33,0.05
19194,7635,112,2,530.6,0.0
19195,7636,13,1,546.51,0.0
19196,7636,49,1,224.05,0.1
19197,7636,115,2,191.72,0.0
19198,7637,27,4,50.29,0.0
19199,7637,91,3,111.41,0.0
19200,7637,14,5,167.56,0.0
19201,7637,75,5,102.43,0.15
19202,7638,51,3,592.49,0.15
19203,7638,83,4,229.64,0.0
19204,7638,54,2,589.22,0.0
19205,7639,94,3,357.14,0.1
19206,7639,26,5,283.16,0.0
19207,7639,48,4,688.65,0.0
19208,7640,110,4,551.82,0.15
19209,7640,44,5,155.05,0.0
19210,7640,101,1,530.68,0.0
19211,7641,24,2,576.43,0.0
19212,7642,70,1,477.56,0.0
19213,7643,84,3,233.29,0.05
19214,7643,71,5,298.03,0.05
19215,7643,26,4,283.16,0.0
19216,7643,13,1,546.51,0.05
19217,7644,116,1,151.15,0.0
19218,7644,113,2,113.5,0.0
19219,7644,114,4,321.32,0.0
19220,7645,79,3,353.32,0.0
19221,7645,119,2,181.96,0.05
19222,7646,110,1,551.82,0.0
19223,7646,81,5,472.42,0.1
19224,7646,116,5,151.15,0.0
19225,7646,111,2,220.69,0.0
19226,7647,6,2,148.07,0.1
19227,7647,38,5,342.42,0.1
19228,7647,60,2,765.19,0.0
19229,7648,50,4,641.98,0.0
19230,7648,3,1,400.77,0.0
19231,7649,60,5,765.19,0.1
19232,7649,92,5,473.15,0.0
19233,7649,72,2,417.09,0.0
19234,7649,7,4,342.91,0.0
19235,7650,39,5,435.88,0.0
19236,7650,107,3,70.69,0.0
19237,7650,102,3,268.48,0.0
19238,7650,53,1,90.14,0.15
19239,7651,32,1,527.45,0.1
19240,7652,23,5,473.03,0.0
19241,7652,105,2,161.35,0.1
19242,7652,93,4,96.97,0.0
19243,7653,54,5,589.22,0.1
19244,7653,20,1,344.47,0.15
19245,7654,46,3,429.96,0.15
19246,7655,99,3,654.14,0.05
19247,7656,44,1,155.05,0.0
19248,7656,101,2,530.68,0.0
19249,7656,14,5,167.56,0.15
19250,7657,86,5,508.15,0.0
19251,7657,53,5,90.14,0.15
19252,7658,84,1,233.29,0.05
19253,7658,120,5,437.18,0.0
19254,7659,96,5,261.53,0.0
19255,7659,67,4,439.64,0.0
19256,7660,101,4,530.68,0.0
19257,7660,45,4,124.25,0.0
19258,7660,85,5,294.43,0.15
19259,7661,95,1,197.03,0.0
19260,7661,41,5,466.15,0.0
19261,7661,25,3,424.49,0.15
19262,7661,75,3,102.43,0.0
19263,7662,106,4,293.96,0.05
19264,7662,56,2,701.89,0.1
19265,7662,15,2,434.83,0.0
19266,7662,9,5,566.94,0.15
19267,7663,1,5,250.67,0.1
19268,7664,107,2,70.69,0.1
19269,7664,43,2,487.39,0.05
19270,7664,20,4,344.47,0.0
19271,7664,74,2,259.9,0.1
19272,7665,2,2,225.66,0.15
19273,7665,120,4,437.18,0.15
19274,7665,79,3,353.32,0.0
19275,7666,25,5,424.49,0.0
19276,7666,97,2,140.58,0.0
19277,7666,33,3,596.3,0.0
19278,7667,50,3,641.98,0.15
19279,7667,111,5,220.69,0.0
19280,7668,79,3,353.32,0.05
19281,7669,120,1,437.18,0.15
19282,7669,29,2,332.87,0.1
19283,7670,95,1,197.03,0.15
19284,7670,91,1,111.41,0.0
19285,7670,44,4,155.05,0.1
19286,7670,5,2,206.39,0.1
19287,7671,107,4,70.69,0.05
19288,7671,63,4,460.08,0.0
19289,7672,83,3,229.64,0.0
19290,7673,73,5,693.24,0.0
19291,7673,35,5,368.74,0.0
19292,7673,23,1,473.03,0.0
19293,7673,45,3,124.25,0.0
19294,7674,60,4,765.19,0.05
19295,7674,24,3,576.43,0.1
19296,7675,86,1,508.15,0.1
19297,7675,112,2,530.6,0.0
19298,7675,49,3,224.05,0.05
19299,7676,55,4,143.78,0.0
19300,7677,112,3,530.6,0.0
19301,7677,54,2,589.22,0.15
19302,7677,14,1,167.56,0.15
19303,7678,43,4,487.39,0.0
19304,7678,111,1,220.69,0.15
19305,7679,83,3,229.64,0.1
19306,7679,79,2,353.32,0.0
19307,7680,86,1,508.15,0.0
19308,7680,31,5,492.63,0.05
19309,7681,62,2,455.65,0.0
19310,7681,46,4,429.96,0.0
19311,7681,8,1,230.66,0.0
19312,7681,113,1,113.5,0.05
19313,7682,102,3,268.48,0.0
19314,7683,55,3,143.78,0.05
19315,7683,83,3,229.64,0.15
19316,7683,39,5,435.88,0.0
19317,7683,37,4,678.06,0.0
19318,7684,93,5,96.97,0.0
19319,7684,106,1,293.96,0.0
19320,7685,60,5,765.19,0.05
19321,7685,52,2,119.81,0.0
19322,7685,70,5,477.56,0.05
19323,7686,35,4,368.74,0.0
19324,7686,4,1,538.06,0.0
19325,7687,117,4,97.33,0.0
19326,7687,108,5,564.18,0.0
19327,7687,100,3,192.03,0.1
19328,7688,31,2,492.63,0.05
19329,7689,59,3,189.03,0.0
19330,7689,42,2,506.69,0.0
19331,7690,35,2,368.74,0.0
19332,7690,67,2,439.64,0.0
19333,7690,53,3,90.14,0.0
19334,7691,35,3,368.74,0.0
19335,7691,68,5,187.83,0.1
19336,7691,79,4,353.32,0.15
19337,7692,97,1,140.58,0.0
19338,7693,36,2,461.97,0.15
19339,7693,19,5,236.74,0.0
19340,7694,11,2,431.92,0.15
19341,7695,40,4,246.27,0.0
19342,7695,92,2,473.15,0.0
19343,7696,20,4,344.47,0.0
19344,7697,15,3,434.83,0.0
19345,7697,50,2,641.98,0.1
19346,7698,92,2,473.15,0.0
19347,7698,105,3,161.35,0.0
19348,7698,113,4,113.5,0.0
19349,7699,108,1,564.18,0.0
19350,7699,55,4,143.78,0.1
19351,7700,79,3,353.32,0.15
19352,7700,53,4,90.14,0.15
19353,7701,42,2,506.69,0.15
19354,7701,34,1,269.02,0.15
19355,7702,23,5,473.03,0.0
19356,7702,37,1,678.06,0.15
19357,7702,2,4,225.66,0.0
19358,7702,62,4,455.65,0.1
19359,7703,62,2,455.65,0.0
19360,7703,77,3,20.71,0.0
19361,7704,91,4,111.41,0.0
19362,7704,56,5,701.89,0.05
19363,7704,71,4,298.03,0.0
19364,7705,108,3,564.18,0.15
19365,7706,97,5,140.58,0.1
19366,7706,119,3,181.96,0.0
19367,7706,75,4,102.43,0.05
19368,7707,65,5,775.34,0.1
19369,7707,51,1,592.49,0.0
19370,7707,60,1,765.19,0.15
19371,7707,64,5,433.42,0.05
19372,7708,115,1,191.72,0.1
19373,7708,120,5,437.18,0.15
19374,7708,41,4,466.15,0.15
19375,7708,108,5,564.18,0.05
19376,7709,102,2,268.48,0.0
19377,7709,111,5,220.69,0.0
19378,7709,118,5,357.13,0.05
19379,7710,14,4,167.56,0.15
19380,7710,109,5,345.03,0.1
19381,7711,13,2,546.51,0.0
19382,7711,86,3,508.15,0.0
19383,7712,2,5,225.66,0.1
19384,7712,25,4,424.49,0.0
19385,7713,54,3,589.22,0.0
19386,7713,17,1,335.91,0.0
19387,7713,83,5,229.64,0.05
19388,7713,117,3,97.33,0.05
19389,7714,115,2,191.72,0.0
19390,7714,22,2,155.04,0.05
19391,7715,80,5,334.64,0.0
19392,7716,80,5,334.64,0.0
19393,7717,34,1,269.02,0.0
19394,7717,8,2,230.66,0.0
19395,7717,53,5,90.14,0.05
19396,7717,79,1,353.32,0.05
19397,7718,73,5,693.24,0.0
19398,7718,72,4,417.09,0.15
19399,7718,7,1,342.91,0.0
19400,7718,106,2,293.96,0.05
19401,7719,23,2,473.03,0.0
19402,7720,99,5,654.14,0.0
19403,7720,58,1,421.43,0.05
19404,7721,87,2,87.7,0.05
19405,7721,29,4,332.87,0.0
19406,7721,9,2,566.94,0.0
19407,7721,81,4,472.42,0.0
19408,7722,76,2,544.8,0.0
19409,7723,7,3,342.91,0.0
19410,7723,104,5,497.51,0.0
19411,7723,17,2,335.91,0.0
19412,7723,19,2,236.74,0.0
19413,7724,51,5,592.49,0.0
19414,7724,21,3,128.96,0.0
19415,7724,85,3,294.43,0.0
19416,7725,29,2,332.87,0.1
19417,7726,48,5,688.65,0.0
19418,7727,78,3,496.95,0.0
19419,7727,19,3,236.74,0.0
19420,7728,5,2,206.39,0.1
19421,7728,80,5,334.64,0.0
19422,7728,23,5,473.03,0.1
19423,7729,28,3,278.53,0.0
19424,7730,1,5,250.67,0.15
19425,7730,39,5,435.88,0.0
19426,7730,17,5,335.91,0.0
19427,7731,92,3,473.15,0.0
19428,7731,95,5,197.03,0.1
19429,7732,78,3,496.95,0.15
19430,7732,28,2,278.53,0.0
19431,7733,87,4,87.7,0.0
19432,7733,52,3,119.81,0.0
19433,7733,5,4,206.39,0.15
19434,7733,65,2,775.34,0.1
19435,7734,47,2,533.66,0.0
19436,7734,119,1,181.96,0.05
19437,7734,89,4,156.62,0.1
19438,7734,92,4,473.15,0.1
19439,7735,34,3,269.02,0.05
19440,7735,35,1,368.74,0.15
19441,7735,6,2,148.07,0.05
19442,7736,84,2,233.29,0.0
19443,7737,81,5,472.42,0.0
19444,7737,71,1,298.03,0.15
19445,7737,52,1,119.81,0.0
19446,7737,55,1,143.78,0.1
19447,7738,7,2,342.91,0.05
19448,7738,94,5,357.14,0.05
19449,7738,119,2,181.96,0.0
19450,7739,62,1,455.65,0.0
19451,7739,80,5,334.64,0.15
19452,7740,105,4,161.35,0.0
19453,7740,37,4,678.06,0.15
19454,7740,1,2,250.67,0.05
19455,7741,15,3,434.83,0.1
19456,7741,48,1,688.65,0.0
19457,7741,8,4,230.66,0.0
19458,7741,19,3,236.74,0.1
19459,7742,77,1,20.71,0.0
19460,7742,35,5,368.74,0.1
19461,7743,115,4,191.72,0.0
19462,7744,13,3,546.51,0.15
19463,7744,87,2,87.7,0.0
19464,7744,108,3,564.18,0.05
19465,7744,61,1,610.85,0.0
19466,7745,4,1,538.06,0.05
19467,7745,20,3,344.47,0.0
19468,7746,37,2,678.06,0.15
19469,7746,112,4,530.6,0.05
19470,7746,86,2,508.15,0.05
19471,7747,104,3,497.51,0.0
19472,7748,109,1,345.03,0.15
19473,7748,111,2,220.69,0.0
19474,7749,78,2,496.95,0.0
19475,7749,17,3,335.91,0.0
19476,7749,12,5,665.95,0.0
19477,7749,14,2,167.56,0.1
19478,7750,112,4,530.6,0.0
19479,7750,4,5,538.06,0.15
19480,7750,67,1,439.64,0.0
19481,7751,86,5,508.15,0.05
19482,7751,80,5,334.64,0.15
19483,7751,104,2,497.51,0.1
19484,7752,64,1,433.42,0.0
19485,7752,83,2,229.64,0.0
19486,7752,113,3,113.5,0.05
19487,7753,69,4,199.67,0.0
19488,7753,18,5,774.6,0.0
19489,7753,58,5,421.43,0.0
19490,7754,94,2,357.14,0.0
19491,7754,3,5,400.77,0.0
19492,7754,53,4,90.14,0.0
19493,7755,82,1,382.23,0.15
19494,7755,99,3,654.14,0.0
19495,7755,26,5,283.16,0.05
19496,7756,19,3,236.74,0.0
19497,7757,113,1,113.5,0.05
19498,7757,29,1,332.87,0.05
19499,7757,20,3,344.47,0.0
19500,7757,10,4,358.28,0.0
19501,7758,120,2,437.18,0.15
19502,7759,92,1,473.15,0.0
19503,7759,37,4,678.06,0.0
19504,7760,87,4,87.7,0.15
19505,7760,110,5,551.82,0.05
19506,7760,69,4,199.67,0.0
19507,7761,101,4,530.68,0.05
19508,7762,105,5,161.35,0.1
19509,7762,71,5,298.03,0.15
19510,7762,61,3,610.85,0.05
19511,7762,100,2,192.03,0.15
19512,7763,52,5,119.81,0.0
19513,7763,31,5,492.63,0.0
19514,7764,76,5,544.8,0.05
19515,7764,69,4,199.67,0.1
19516,7764,96,3,261.53,0.0
19517,7764,42,2,506.69,0.0
19518,7765,109,4,345.03,0.1
19519,7765,79,2,353.32,0.15
19520,7765,20,3,344.47,0.05
19521,7766,3,1,400.77,0.0
19522,7766,8,3,230.66,0.0
19523,7766,95,3,197.03,0.05
19524,7766,61,5,610.85,0.1
19525,7767,4,3,538.06,0.15
19526,7767,100,2,192.03,0.0
19527,7767,38,5,342.42,0.15
19528,7768,96,2,261.53,0.0
19529,7768,89,2,156.62,0.05
19530,7768,51,1,592.49,0.1
19531,7768,5,1,206.39,0.0
19532,7769,21,2,128.96,0.0
19533,7769,45,3,124.25,0.0
19534,7770,100,4,192.03,0.1
19535,7771,56,2,701.89,0.0
19536,7771,52,3,119.81,0.0
19537,7772,56,2,701.89,0.15
19538,7772,26,5,283.16,0.1
19539,7773,23,4,473.03,0.15
19540,7774,117,2,97.33,0.1
19541,7775,113,1,113.5,0.0
19542,7775,108,3,564.18,0.0
19543,7775,78,4,496.95,0.05
19544,7775,115,1,191.72,0.15
19545,7776,34,2,269.02,0.0
19546,7777,90,3,250.98,0.05
19547,7777,43,1,487.39,0.0
19548,7777,53,1,90.14,0.0
19549,7778,21,5,128.96,0.15
19550,7778,64,5,433.42,0.1
19551,7778,51,5,592.49,0.0
19552,7779,32,3,527.45,0.05
19553,7780,86,1,508.15,0.05
19554,7780,59,3,189.03,0.05
19555,7780,61,1,610.85,0.1
19556,7781,108,4,564.18,0.0
19557,7782,10,1,358.28,0.15
19558,7783,22,3,155.04,0.0
19559,7783,118,5,357.13,0.0
19560,7783,93,4,96.97,0.0
19561,7783,16,5,337.82,0.0
19562,7784,44,4,155.05,0.0
19563,7784,96,4,261.53,0.1
19564,7784,74,4,259.9,0.15
19565,7785,95,5,197.03,0.05
19566,7785,6,2,148.07,0.1
19567,7785,114,1,321.32,0.0
19568,7785,104,3,497.51,0.15
19569,7786,26,4,283.16,0.0
19570,7786,106,2,293.96,0.15
19571,7786,105,4,161.35,0.1
19572,7787,52,2,119.81,0.15
19573,7787,53,4,90.14,0.0
19574,7788,25,3,424.49,0.0
19575,7788,101,2,530.68,0.0
19576,7788,41,3,466.15,0.15
19577,7789,25,3,424.49,0.0
19578,7789,31,2,492.63,0.1
19579,7789,9,4,566.94,0.0
19580,7790,113,1,113.5,0.15
19581,7790,10,3,358.28,0.1
19582,7790,62,3,455.65,0.0
19583,7790,24,2,576.43,0.0
19584,7791,61,2,610.85,0.15
19585,7791,43,2,487.39,0.0
19586,7791,39,5,435.88,0.0
19587,7792,67,5,439.64,0.0
19588,7793,36,5,461.97,0.05
19589,7793,14,3,167.56,0.15
19590,7793,118,4,357.13,0.0
19591,7793,1,5,250.67,0.15
19592,7794,28,4,278.53,0.1
19593,7795,60,2,765.19,0.15
19594,7796,110,3,551.82,0.0
19595,7796,105,4,161.35,0.1
19596,7797,23,3,473.03,0.0
19597,7797,60,1,765.19,0.0
19598,7798,107,4,70.69,0.0
19599,7798,1,3,250.67,0.0
19600,7799,1,2,250.67,0.0
19601,7799,78,1,496.95,0.0
19602,7799,97,4,140.58,0.15
19603,7799,114,2,321.32,0.0
19604,7800,62,1,455.65,0.15
19605,7801,56,5,701.89,0.15
19606,7802,51,3,592.49,0.1
19607,7802,115,5,191.72,0.05
19608,7803,110,4,551.82,0.0
19609,7803,33,3,596.3,0.05
19610,7803,5,4,206.39,0.0
19611,7804,31,2,492.63,0.0
19612,7804,74,5,259.9,0.0
19613,7805,57,3,359.66,0.0
19614,7805,73,5,693.24,0.0
19615,7806,74,2,259.9,0.0
19616,7806,28,2,278.53,0.05
19617,7807,28,2,278.53,0.15
19618,7807,40,4,246.27,0.05
19619,7807,32,2,527.45,0.0
19620,7808,7,1,342.91,0.0
19621,7808,68,5,187.83,0.15
19622,7808,36,2,461.97,0.05
19623,7809,20,2,344.47,0.1
19624,7809,39,1,435.88,0.0
19625,7809,30,4,474.66,0.0
19626,7809,93,2,96.97,0.05
19627,7810,26,5,283.16,0.1
19628,7810,36,5,461.97,0.0
19629,7810,109,1,345.03,0.0
19630,7811,80,2,334.64,0.0
19631,7812,53,5,90.14,0.0
19632,7812,113,2,113.5,0.0
19633,7813,77,1,20.71,0.0
19634,7813,116,5,151.15,0.0
19635,7813,33,4,596.3,0.0
19636,7814,32,3,527.45,0.0
19637,7814,111,4,220.69,0.0
19638,7815,50,3,641.98,0.05
19639,7815,55,2,143.78,0.0
19640,7815,120,5,437.18,0.05
19641,7816,101,1,530.68,0.1
19642,7816,88,1,217.75,0.0
19643,7816,98,1,387.36,0.0
19644,7817,36,5,461.97,0.0
19645,7817,17,4,335.91,0.0
19646,7817,97,3,140.58,0.0
19647,7817,14,1,167.56,0.1
19648,7818,63,2,460.08,0.05
19649,7818,53,4,90.14,0.0
19650,7819,116,3,151.15,0.0
19651,7819,26,3,283.16,0.1
19652,7820,114,1,321.32,0.05
19653,7820,74,1,259.9,0.1
19654,7820,19,1,236.74,0.0
19655,7820,101,4,530.68,0.0
19656,7821,59,3,189.03,0.15
19657,7821,86,4,508.15,0.0
19658,7822,49,4,224.05,0.0
19659,7822,10,1,358.28,0.0
19660,7823,50,3,641.98,0.0
19661,7823,117,5,97.33,0.15
19662,7823,65,2,775.34,0.05
19663,7823,64,2,433.42,0.0
19664,7824,13,3,546.51,0.0
19665,7824,29,3,332.87,0.15
19666,7825,31,5,492.63,0.15
19667,7825,71,1,298.03,0.1
19668,7826,47,4,533.66,0.0
19669,7826,84,1,233.29,0.0
19670,7827,40,5,246.27,0.05
19671,7827,55,2,143.78,0.0
19672,7828,16,2,337.82,0.15
19673,7828,30,2,474.66,0.15
19674,7828,70,5,477.56,0.1
19675,7828,27,4,50.29,0.05
19676,7829,1,5,250.67,0.0
19677,7829,24,4,576.43,0.0
19678,7829,20,3,344.47,0.1
19679,7829,51,5,592.49,0.0
19680,7830,112,4,530.6,0.0
19681,7830,48,3,688.65,0.05
19682,7831,117,5,97.33,0.0
19683,7831,81,5,472.42,0.15
19684,7831,73,5,693.24,0.0
19685,7832,101,3,530.68,0.0
19686,7832,23,2,473.03,0.0
19687,7832,27,3,50.29,0.1
19688,7833,29,5,332.87,0.15
19689,7833,98,4,387.36,0.0
19690,7833,65,2,775.34,0.1
19691,7834,13,4,546.51,0.0
19692,7834,34,4,269.02,0.05
19693,7834,18,2,774.6,0.0
19694,7835,111,2,220.69,0.05
19695,7835,89,4,156.62,0.0
19696,7835,1,4,250.67,0.05
19697,7835,62,5,455.65,0.05
19698,7836,41,2,466.15,0.0
19699,7836,118,4,357.13,0.1
19700,7836,12,1,665.95,0.15
19701,7837,79,2,353.32,0.05
19702,7837,104,1,497.51,0.0
19703,7837,119,4,181.96,0.1
19704,7837,83,2,229.64,0.0
19705,7838,77,2,20.71,0.05
19706,7838,89,4,156.62,0.0
19707,7838,58,4,421.43,0.0
19708,7839,5,1,206.39,0.0
19709,7839,55,3,143.78,0.0
19710,7839,31,4,492.63,0.0
19711,7840,41,5,466.15,0.0
19712,7841,112,4,530.6,0.05
19713,7842,111,2,220.69,0.0
19714,7842,64,2,433.42,0.0
19715,7843,72,2,417.09,0.0
19716,7843,49,4,224.05,0.0
19717,7843,81,2,472.42,0.05
19718,7843,86,1,508.15,0.0
19719,7844,26,1,283.16,0.05
19720,7844,59,4,189.03,0.0
19721,7845,85,4,294.43,0.1
19722,7846,79,3,353.32,0.05
19723,7847,70,5,477.56,0.0
19724,7848,100,3,192.03,0.0
19725,7849,12,2,665.95,0.0
19726,7849,93,3,96.97,0.0
19727,7849,80,3,334.64,0.0
19728,7850,82,4,382.23,0.05
19729,7851,44,4,155.05,0.0
19730,7851,32,4,527.45,0.15
19731,7851,105,1,161.35,0.1
19732,7852,9,4,566.94,0.0
19733,7852,48,2,688.65,0.05
19734,7852,51,1,592.49,0.05
19735,7852,46,4,429.96,0.0
19736,7853,71,2,298.03,0.0
19737,7853,84,4,233.29,0.15
19738,7853,86,2,508.15,0.0
19739,7853,53,1,90.14,0.0
19740,7854,24,2,576.43,0.0
19741,7855,12,5,665.95,0.0
19742,7855,116,1,151.15,0.0
19743,7856,43,3,487.39,0.15
19744,7856,12,1,665.95,0.1
19745,7856,42,5,506.69,0.15
19746,7856,74,1,259.9,0.0
19747,7857,105,5,161.35,0.0
19748,7857,19,3,236.74,0.0
19749,7857,79,3,353.32,0.15
19750,7858,115,5,191.72,0.1
19751,7859,25,2,424.49,0.0
19752,7860,97,3,140.58,0.15
19753,7860,103,1,415.47,0.1
19754,7860,43,3,487.39,0.0
19755,7860,82,5,382.23,0.1
19756,7861,47,3,533.66,0.0
19757,7861,21,4,128.96,0.0
19758,7861,120,1,437.18,0.0
19759,7861,91,1,111.41,0.0
19760,7862,43,1,487.39,0.0
19761,7862,29,3,332.87,0.1
19762,7862,7,3,342.91,0.0
19763,7862,17,3,335.91,0.05
19764,7863,107,2,70.69,0.0
19765,7864,79,4,353.32,0.1
19766,7865,29,5,332.87,0.05
19767,7865,75,1,102.43,0.0
19768,7865,78,4,496.95,0.15
19769,7866,22,4,155.04,0.0
19770,7866,71,4,298.03,0.05
19771,7866,18,5,774.6,0.0
19772,7867,31,4,492.63,0.15
19773,7867,99,5,654.14,0.1
19774,7867,20,2,344.47,0.1
19775,7868,38,4,342.42,0.15
19776,7868,77,2,20.71,0.05
19777,7869,32,4,527.45,0.1
19778,7869,84,2,233.29,0.05
19779,7869,66,1,325.89,0.15
19780,7869,7,2,342.91,0.1
19781,7870,92,1,473.15,0.05
19782,7870,37,1,678.06,0.0
19783,7871,14,1,167.56,0.0
19784,7872,50,5,641.98,0.15
19785,7872,10,1,358.28,0.1
19786,7872,90,4,250.98,0.1
19787,7873,42,5,506.69,0.15
19788,7873,8,2,230.66,0.1
19789,7874,46,3,429.96,0.1
19790,7874,78,4,496.95,0.0
19791,7874,107,2,70.69,0.0
19792,7874,7,1,342.91,0.0
19793,7875,71,4,298.03,0.0
19794,7876,47,4,533.66,0.0
19795,7876,94,1,357.14,0.15
19796,7876,2,1,225.66,0.05
19797,7876,109,1,345.03,0.0
19798,7877,12,2,665.95,0.0
19799,7878,120,4,437.18,0.05
19800,7878,107,4,70.69,0.15
19801,7879,48,4,688.65,0.0
19802,7879,12,1,665.95,0.15
19803,7879,1,3,250.67,0.0
19804,7880,68,5,187.83,0.0
19805,7880,37,2,678.06,0.1
19806,7881,60,2,765.19,0.15
19807,7881,114,4,321.32,0.0
19808,7882,58,4,421.43,0.05
19809,7882,106,2,293.96,0.0
19810,7883,70,2,477.56,0.0
19811,7883,4,4,538.06,0.0
19812,7883,48,2,688.65,0.0
19813,7884,15,3,434.83,0.05
19814,7884,56,1,701.89,0.0
19815,7884,115,5,191.72,0.15
19816,7884,63,1,460.08,0.0
19817,7885,66,2,325.89,0.15
19818,7885,105,2,161.35,0.0
19819,7885,74,2,259.9,0.05
19820,7886,6,5,148.07,0.1
19821,7886,108,1,564.18,0.0
19822,7886,61,1,610.85,0.1
19823,7887,104,5,497.51,0.0
19824,7887,97,2,140.58,0.0
19825,7887,108,3,564.18,0.0
19826,7888,5,4,206.39,0.0
19827,7888,99,4,654.14,0.0
19828,7888,81,1,472.42,0.15
19829,7888,114,5,321.32,0.15
19830,7889,111,1,220.69,0.0
19831,7890,25,3,424.49,0.0
19832,7890,31,3,492.63,0.0
19833,7890,105,3,161.35,0.15
19834,7890,95,4,197.03,0.0
19835,7891,11,1,431.92,0.1
19836,7891,90,4,250.98,0.1
19837,7891,1,4,250.67,0.0
19838,7891,3,3,400.77,0.1
19839,7892,68,5,187.83,0.1
19840,7893,85,2,294.43,0.0
19841,7893,59,4,189.03,0.0
19842,7893,80,4,334.64,0.0
19843,7894,32,3,527.45,0.05
19844,7894,108,2,564.18,0.0
19845,7894,95,5,197.03,0.15
19846,7894,69,5,199.67,0.0
19847,7895,21,4,128.96,0.15
19848,7895,84,2,233.29,0.1
19849,7896,62,1,455.65,0.0
19850,7896,109,4,345.03,0.05
19851,7896,16,4,337.82,0.1
19852,7897,15,1,434.83,0.0
19853,7898,13,5,546.51,0.0
19854,7898,35,3,368.74,0.05
19855,7898,109,3,345.03,0.1
19856,7899,85,4,294.43,0.0
19857,7899,31,3,492.63,0.0
19858,7900,48,5,688.65,0.1
19859,7900,93,2,96.97,0.0
19860,7901,60,5,765.19,0.0
19861,7902,13,5,546.51,0.0
19862,7902,51,2,592.49,0.0
19863,7902,47,1,533.66,0.15
19864,7903,22,3,155.04,0.05
19865,7904,64,5,433.42,0.15
19866,7904,102,5,268.48,0.15
19867,7905,111,1,220.69,0.15
19868,7905,61,1,610.85,0.15
19869,7905,55,3,143.78,0.1
19870,7906,71,4,298.03,0.05
19871,7906,8,2,230.66,0.0
19872,7907,118,3,357.13,0.0
19873,7908,61,1,610.85,0.0
19874,7908,51,4,592.49,0.1
19875,7908,59,3,189.03,0.1
19876,7909,76,1,544.8,0.0
19877,7909,74,3,259.9,0.05
19878,7909,26,2,283.16,0.15
19879,7909,89,3,156.62,0.1
19880,7910,94,2,357.14,0.0
19881,7910,78,3,496.95,0.05
19882,7910,18,2,774.6,0.1
19883,7910,111,1,220.69,0.05
19884,7911,77,5,20.71,0.0
19885,7911,42,4,506.69,0.0
19886,7912,118,2,357.13,0.15
19887,7913,44,3,155.05,0.0
19888,7913,90,1,250.98,0.0
19889,7913,57,1,359.66,0.0
19890,7914,119,2,181.96,0.05
19891,7914,114,1,321.32,0.0
19892,7914,95,2,197.03,0.15
19893,7914,68,5,187.83,0.1
19894,7915,17,2,335.91,0.1
19895,7915,25,4,424.49,0.05
19896,7915,95,1,197.03,0.1
19897,7916,5,4,206.39,0.0
19898,7916,45,4,124.25,0.0
19899,7917,67,4,439.64,0.1
19900,7917,89,5,156.62,0.05
19901,7917,118,2,357.13,0.05
19902,7918,43,5,487.39,0.0
19903,7918,52,5,119.81,0.15
19904,7918,89,3,156.62,0.0
19905,7919,105,3,161.35,0.05
19906,7919,81,3,472.42,0.1
19907,7920,89,5,156.62,0.15
19908,7921,101,5,530.68,0.0
19909,7921,49,4,224.05,0.0
19910,7922,114,5,321.32,0.15
19911,7922,84,4,233.29,0.05
19912,7922,65,1,775.34,0.1
19913,7922,113,3,113.5,0.0
19914,7923,84,1,233.29,0.1
19915,7923,98,3,387.36,0.0
19916,7923,39,3,435.88,0.0
19917,7924,61,3,610.85,0.0
19918,7924,56,2,701.89,0.0
19919,7924,55,3,143.78,0.1
19920,7924,111,1,220.69,0.1
19921,7925,43,3,487.39,0.0
19922,7926,24,2,576.43,0.0
19923,7926,28,4,278.53,0.05
19924,7927,112,1,530.6,0.0
19925,7927,71,3,298.03,0.0
19926,7927,49,2,224.05,0.0
19927,7927,12,4,665.95,0.1
19928,7928,16,4,337.82,0.0
19929,7929,98,5,387.36,0.0
19930,7929,18,3,774.6,0.15
19931,7929,111,4,220.69,0.1
19932,7930,2,2,225.66,0.1
19933,7930,104,5,497.51,0.0
19934,7930,51,1,592.49,0.0
19935,7931,3,5,400.77,0.0
19936,7931,27,3,50.29,0.0
19937,7931,43,1,487.39,0.1
19938,7932,39,1,435.88,0.0
19939,7932,110,3,551.82,0.15
19940,7933,106,1,293.96,0.15
19941,7934,15,1,434.83,0.15
19942,7934,13,4,546.51,0.0
19943,7934,66,2,325.89,0.15
19944,7935,89,1,156.62,0.0
19945,7935,118,3,357.13,0.0
19946,7935,29,5,332.87,0.05
19947,7935,71,1,298.03,0.15
19948,7936,50,4,641.98,0.0
19949,7937,22,1,155.04,0.15
19950,7937,68,2,187.83,0.0
19951,7937,51,1,592.49,0.0
19952,7938,106,3,293.96,0.15
19953,7938,10,4,358.28,0.05
19954,7938,80,4,334.64,0.15
19955,7938,89,5,156.62,0.0
19956,7939,72,2,417.09,0.1
19957,7940,111,2,220.69,0.0
19958,7941,49,3,224.05,0.15
19959,7941,78,3,496.95,0.05
19960,7941,63,1,460.08,0.0
19961,7941,94,3,357.14,0.05
19962,7942,86,2,508.15,0.15
19963,7942,9,1,566.94,0.0
19964,7943,39,2,435.88,0.1
19965,7943,25,5,424.49,0.1
19966,7944,65,1,775.34,0.0
19967,7944,91,4,111.41,0.0
19968,7945,108,3,564.18,0.15
19969,7946,95,2,197.03,0.15
19970,7947,69,3,199.67,0.1
19971,7947,2,4,225.66,0.15
19972,7947,40,1,246.27,0.0
19973,7947,11,1,431.92,0.1
19974,7948,99,5,654.14,0.05
19975,7949,42,1,506.69,0.1
19976,7949,117,3,97.33,0.0
19977,7949,51,1,592.49,0.0
19978,7950,1,4,250.67,0.0
19979,7951,104,1,497.51,0.0
19980,7951,15,2,434.83,0.1
19981,7952,95,5,197.03,0.1
19982,7952,65,3,775.34,0.0
19983,7952,50,3,641.98,0.0
19984,7953,12,3,665.95,0.0
19985,7953,72,4,417.09,0.0
19986,7954,38,4,342.42,0.0
19987,7954,25,5,424.49,0.15
19988,7954,35,3,368.74,0.0
19989,7954,82,1,382.23,0.0
19990,7955,50,3,641.98,0.1
19991,7955,64,3,433.42,0.0
19992,7956,113,4,113.5,0.0
19993,7956,17,3,335.91,0.1
19994,7957,49,1,224.05,0.0
19995,7957,17,3,335.91,0.15
19996,7957,12,1,665.95,0.0
19997,7958,60,2,765.19,0.05
19998,7959,108,2,564.18,0.0
19999,7960,75,5,102.43,0.0
20000,7960,17,1,335.91,0.0
20001,7960,99,2,654.14,0.15
20002,7960,97,4,140.58,0.0
20003,7961,33,1,596.3,0.0
20004,7961,58,5,421.43,0.05
20005,7961,114,1,321.32,0.15
20006,7961,96,3,261.53,0.15
20007,7962,99,1,654.14,0.15
20008,7963,55,3,143.78,0.15
20009,7963,5,1,206.39,0.05
20010,7963,106,5,293.96,0.0
20011,7964,10,2,358.28,0.0
20012,7964,33,3,596.3,0.0
20013,7965,47,4,533.66,0.0
20014,7965,4,5,538.06,0.0
20015,7965,12,5,665.95,0.1
20016,7965,102,1,268.48,0.0
20017,7966,27,2,50.29,0.0
20018,7966,93,5,96.97,0.0
20019,7967,8,2,230.66,0.0
20020,7967,114,5,321.32,0.15
20021,7967,84,2,233.29,0.05
20022,7968,50,2,641.98,0.0
20023,7968,57,3,359.66,0.15
20024,7968,54,3,589.22,0.0
20025,7968,60,2,765.19,0.0
20026,7969,120,4,437.18,0.15
20027,7969,84,2,233.29,0.0
20028,7969,99,5,654.14,0.05
20029,7970,16,2,337.82,0.05
20030,7971,82,4,382.23,0.0
20031,7971,100,4,192.03,0.15
20032,7971,90,4,250.98,0.1
20033,7972,65,5,775.34,0.1
20034,7973,66,1,325.89,0.0
20035,7973,22,1,155.04,0.1
20036,7973,101,2,530.68,0.1
20037,7973,1,1,250.67,0.0
20038,7974,28,5,278.53,0.05
20039,7975,71,2,298.03,0.0
20040,7975,50,2,641.98,0.1
20041,7975,94,4,357.14,0.15
20042,7975,110,5,551.82,0.05
20043,7976,50,4,641.98,0.0
20044,7976,36,5,461.97,0.15
20045,7976,96,3,261.53,0.0
20046,7977,78,3,496.95,0.0
20047,7977,62,2,455.65,0.0
20048,7977,22,4,155.04,0.15
20049,7977,100,1,192.03,0.1
20050,7978,76,5,544.8,0.0
20051,7978,36,5,461.97,0.0
20052,7978,96,3,261.53,0.0
20053,7979,46,5,429.96,0.1
20054,7979,76,5,544.8,0.15
20055,7979,36,2,461.97,0.15
20056,7980,18,3,774.6,0.1
20057,7980,65,4,775.34,0.05
20058,7980,84,3,233.29,0.15
20059,7980,15,2,434.83,0.0
20060,7981,84,1,233.29,0.05
20061,7982,43,4,487.39,0.1
20062,7982,20,5,344.47,0.0
20063,7982,19,2,236.74,0.15
20064,7983,102,3,268.48,0.05
20065,7983,39,3,435.88,0.0
20066,7983,54,3,589.22,0.15
20067,7984,16,5,337.82,0.15
20068,7984,30,4,474.66,0.1
20069,7984,67,5,439.64,0.0
20070,7984,90,3,250.98,0.05
20071,7985,99,3,654.14,0.0
20072,7985,28,4,278.53,0.05
20073,7985,107,4,70.69,0.15
20074,7986,17,4,335.91,0.0
20075,7987,115,2,191.72,0.0
20076,7987,51,4,592.49,0.0
20077,7987,32,5,527.45,0.0
20078,7988,117,4,97.33,0.15
20079,7988,32,3,527.45,0.15
20080,7988,108,2,564.18,0.1
20081,7988,98,4,387.36,0.05
20082,7989,59,5,189.03,0.0
20083,7990,104,3,497.51,0.0
20084,7990,69,1,199.67,0.0
20085,7990,112,5,530.6,0.15
20086,7990,65,1,775.34,0.15
20087,7991,42,1,506.69,0.0
20088,7991,24,3,576.43,0.0
20089,7992,71,1,298.03,0.0
20090,7993,33,2,596.3,0.15
20091,7993,51,3,592.49,0.0
20092,7994,32,2,527.45,0.15
20093,7994,9,2,566.94,0.15
20094,7994,46,1,429.96,0.15
20095,7995,17,5,335.91,0.0
20096,7995,68,5,187.83,0.0
20097,7995,105,5,161.35,0.15
20098,7996,11,4,431.92,0.0
20099,7996,29,1,332.87,0.0
20100,7997,76,4,544.8,0.05
20101,7997,82,5,382.23,0.1
20102,7997,112,2,530.6,0.05
20103,7997,4,1,538.06,0.1
20104,7998,100,1,192.03,0.0
20105,7998,6,1,148.07,0.1
20106,7998,74,5,259.9,0.0
20107,7998,7,2,342.91,0.05
20108,7999,5,2,206.39,0.0
20109,7999,77,5,20.71,0.0
20110,7999,65,1,775.34,0.0
20111,7999,9,3,566.94,0.0
20112,8000,98,4,387.36,0.1
20113,8000,29,1,332.87,0.15
20114,8000,111,4,220.69,0.0
20115,8001,111,1,220.69,0.0
20116,8001,49,3,224.05,0.15
20117,8001,115,5,191.72,0.05
20118,8002,100,4,192.03,0.0
20119,8003,94,4,357.14,0.1
20120,8004,20,3,344.47,0.1
20121,8004,41,3,466.15,0.15
20122,8004,114,2,321.32,0.05
20123,8005,83,4,229.64,0.05
20124,8005,5,1,206.39,0.1
20125,8005,49,3,224.05,0.0
20126,8005,35,4,368.74,0.15
20127,8006,29,3,332.87,0.1
20128,8006,15,5,434.83,0.0
20129,8006,10,3,358.28,0.0
20130,8006,36,4,461.97,0.0
20131,8007,31,3,492.63,0.0
20132,8008,113,2,113.5,0.0
20133,8008,86,1,508.15,0.05
20134,8008,11,2,431.92,0.15
20135,8009,9,4,566.94,0.05
20136,8009,80,5,334.64,0.15
20137,8009,78,2,496.95,0.15
20138,8010,81,1,472.42,0.0
20139,8010,85,4,294.43,0.0
20140,8010,7,5,342.91,0.1
20141,8010,59,4,189.03,0.0
20142,8011,16,1,337.82,0.15
20143,8012,80,3,334.64,0.15
20144,8012,87,4,87.7,0.0
20145,8012,66,2,325.89,0.1
20146,8013,34,3,269.02,0.0
20147,8014,84,2,233.29,0.0
20148,8014,80,5,334.64,0.15
20149,8015,20,3,344.47,0.1
20150,8015,94,2,357.14,0.05
20151,8016,86,3,508.15,0.15
20152,8016,20,3,344.47,0.15
20153,8016,70,5,477.56,0.1
20154,8016,82,5,382.23,0.0
20155,8017,31,1,492.63,0.05
20156,8017,32,2,527.45,0.0
20157,8017,116,5,151.15,0.1
20158,8018,51,3,592.49,0.1
20159,8018,96,4,261.53,0.0
20160,8018,44,1,155.05,0.1
20161,8019,9,5,566.94,0.0
20162,8019,53,4,90.14,0.1
20163,8020,86,3,508.15,0.0
20164,8020,94,1,357.14,0.0
20165,8020,66,2,325.89,0.05
20166,8020,3,1,400.77,0.1
20167,8021,114,3,321.32,0.15
20168,8021,9,3,566.94,0.0
20169,8021,29,2,332.87,0.0
20170,8021,19,3,236.74,0.0
20171,8022,103,2,415.47,0.05
20172,8022,88,4,217.75,0.0
20173,8023,97,2,140.58,0.1
20174,8023,19,1,236.74,0.1
20175,8024,9,4,566.94,0.1
20176,8024,30,5,474.66,0.0
20177,8024,109,2,345.03,0.05
20178,8024,67,2,439.64,0.1
20179,8025,49,4,224.05,0.0
20180,8025,104,4,497.51,0.1
20181,8025,119,4,181.96,0.15
20182,8025,11,1,431.92,0.0
20183,8026,40,1,246.27,0.0
20184,8026,17,2,335.91,0.05
20185,8026,30,5,474.66,0.05
20186,8027,109,1,345.03,0.15
20187,8027,2,1,225.66,0.15
20188,8027,37,5,678.06,0.0
20189,8027,7,4,342.91,0.0
20190,8028,67,3,439.64,0.0
20191,8028,53,2,90.14,0.05
20192,8029,42,3,506.69,0.1
20193,8029,29,3,332.87,0.0
20194,8029,104,3,497.51,0.05
20195,8030,29,5,332.87,0.05
20196,8030,74,3,259.9,0.05
20197,8030,54,1,589.22,0.0
20198,8031,11,1,431.92,0.15
20199,8031,76,3,544.8,0.0
20200,8032,40,1,246.27,0.0
20201,8032,116,2,151.15,0.15
20202,8033,120,1,437.18,0.0
20203,8033,57,1,359.66,0.0
20204,8033,27,1,50.29,0.15
20205,8034,4,4,538.06,0.0
20206,8034,113,1,113.5,0.1
20207,8034,49,2,224.05,0.15
20208,8034,79,4,353.32,0.05
20209,8035,118,5,357.13,0.1
20210,8035,7,2,342.91,0.15
20211,8035,31,4,492.63,0.1
20212,8036,28,3,278.53,0.05
20213,8036,14,5,167.56,0.15
20214,8036,25,2,424.49,0.15
20215,8036,92,5,473.15,0.0
20216,8037,37,5,678.06,0.0
20217,8037,106,2,293.96,0.0
20218,8038,104,5,497.51,0.05
20219,8038,54,5,589.22,0.1
20220,8038,118,4,357.13,0.0
20221,8038,11,3,431.92,0.05
20222,8039,114,2,321.32,0.0
20223,8039,11,5,431.92,0.05
20224,8039,27,1,50.29,0.0
20225,8040,58,5,421.43,0.05
20226,8040,21,2,128.96,0.05
20227,8040,99,1,654.14,0.0
20228,8041,52,1,119.81,0.0
20229,8041,80,1,334.64,0.15
20230,8041,91,3,111.41,0.15
20231,8041,5,3,206.39,0.0
20232,8042,7,2,342.91,0.15
20233,8042,71,3,298.03,0.1
20234,8042,109,3,345.03,0.0
20235,8042,30,5,474.66,0.0
20236,8043,114,3,321.32,0.0
20237,8043,61,1,610.85,0.05
20238,8043,5,2,206.39,0.05
20239,8043,30,2,474.66,0.0
20240,8044,106,1,293.96,0.0
20241,8044,50,3,641.98,0.15
20242,8044,2,3,225.66,0.1
20243,8044,113,3,113.5,0.0
20244,8045,28,5,278.53,0.05
20245,8046,31,5,492.63,0.1
20246,8047,114,3,321.32,0.15
20247,8047,85,1,294.43,0.0
20248,8048,23,5,473.03,0.0
20249,8049,39,2,435.88,0.0
20250,8049,40,2,246.27,0.05
20251,8049,50,3,641.98,0.15
20252,8050,95,2,197.03,0.0
20253,8050,110,4,551.82,0.15
20254,8050,72,5,417.09,0.1
20255,8050,52,5,119.81,0.0
20256,8051,44,3,155.05,0.0
20257,8051,30,4,474.66,0.0
20258,8051,52,2,119.81,0.0
20259,8052,90,2,250.98,0.0
20260,8052,74,4,259.9,0.05
20261,8052,18,1,774.6,0.0
20262,8053,31,5,492.63,0.1
20263,8053,90,1,250.98,0.05
20264,8054,88,2,217.75,0.05
20265,8054,7,5,342.91,0.15
20266,8054,31,5,492.63,0.0
20267,8054,80,4,334.64,0.15
20268,8055,10,3,358.28,0.0
20269,8055,2,5,225.66,0.0
20270,8055,85,4,294.43,0.1
20271,8055,4,4,538.06,0.0
20272,8056,99,5,654.14,0.1
20273,8056,81,4,472.42,0.1
20274,8056,25,5,424.49,0.0
20275,8057,15,1,434.83,0.05
20276,8057,108,1,564.18,0.05
20277,8057,22,3,155.04,0.15
20278,8057,64,1,433.42,0.0
20279,8058,36,2,461.97,0.0
20280,8058,81,2,472.42,0.1
20281,8059,110,1,551.82,0.05
20282,8060,116,5,151.15,0.0
20283,8060,58,5,421.43,0.05
20284,8060,19,4,236.74,0.0
20285,8060,9,1,566.94,0.0
20286,8061,27,3,50.29,0.1
20287,8061,53,4,90.14,0.1
20288,8061,115,2,191.72,0.0
20289,8062,69,2,199.67,0.05
20290,8062,116,3,151.15,0.05
20291,8062,26,5,283.16,0.0
20292,8063,9,3,566.94,0.1
20293,8064,69,5,199.67,0.0
20294,8064,78,5,496.95,0.1
20295,8064,70,3,477.56,0.05
20296,8064,64,2,433.42,0.1
20297,8065,96,1,261.53,0.1
20298,8065,58,1,421.43,0.0
20299,8065,31,4,492.63,0.0
20300,8066,83,1,229.64,0.1
20301,8067,9,2,566.94,0.0
20302,8068,80,5,334.64,0.0
20303,8068,88,3,217.75,0.15
20304,8068,96,4,261.53,0.0
20305,8069,57,4,359.66,0.15
20306,8069,22,1,155.04,0.0
20307,8069,14,1,167.56,0.0
20308,8069,60,1,765.19,0.1
20309,8070,34,1,269.02,0.0
20310,8070,87,2,87.7,0.0
20311,8071,26,3,283.16,0.1
20312,8071,119,3,181.96,0.05
20313,8071,6,4,148.07,0.15
20314,8072,47,5,533.66,0.15
20315,8073,75,3,102.43,0.1
20316,8073,17,1,335.91,0.0
20317,8073,108,1,564.18,0.05
20318,8074,37,2,678.06,0.1
20319,8075,78,2,496.95,0.0
20320,8076,120,2,437.18,0.0
20321,8076,92,1,473.15,0.0
20322,8076,35,4,368.74,0.0
20323,8076,80,2,334.64,0.05
20324,8077,40,5,246.27,0.15
20325,8077,116,1,151.15,0.15
20326,8077,42,2,506.69,0.15
20327,8077,75,3,102.43,0.0
20328,8078,37,4,678.06,0.15
20329,8078,63,5,460.08,0.15
20330,8078,48,1,688.65,0.05
20331,8079,77,3,20.71,0.15
20332,8079,46,4,429.96,0.15
20333,8079,117,2,97.33,0.0
20334,8079,60,3,765.19,0.05
20335,8080,106,5,293.96,0.05
20336,8081,71,4,298.03,0.0
20337,8081,46,2,429.96,0.05
20338,8082,32,1,527.45,0.15
20339,8082,3,1,400.77,0.05
20340,8082,84,5,233.29,0.1
20341,8083,119,4,181.96,0.0
20342,8083,24,2,576.43,0.05
20343,8084,32,3,527.45,0.0
20344,8085,52,1,119.81,0.1
20345,8085,27,1,50.29,0.0
20346,8085,108,1,564.18,0.0
20347,8086,120,4,437.18,0.1
20348,8087,111,1,220.69,0.0
20349,8087,23,3,473.03,0.0
20350,8087,18,1,774.6,0.05
20351,8087,120,5,437.18,0.0
20352,8088,119,5,181.96,0.15
20353,8088,33,1,596.3,0.0
20354,8089,16,1,337.82,0.05
20355,8089,27,5,50.29,0.0
20356,8090,42,2,506.69,0.0
20357,8090,98,5,387.36,0.0
20358,8090,87,1,87.7,0.0
20359,8091,35,4,368.74,0.0
20360,8091,67,2,439.64,0.0
20361,8091,118,2,357.13,0.05
20362,8091,91,4,111.41,0.0
20363,8092,55,5,143.78,0.0
20364,8093,42,3,506.69,0.0
20365,8094,47,2,533.66,0.0
20366,8094,87,3,87.7,0.0
20367,8094,7,3,342.91,0.15
20368,8095,14,2,167.56,0.0
20369,8095,51,4,592.49,0.0
20370,8096,2,1,225.66,0.0
20371,8096,69,4,199.67,0.0
20372,8097,32,2,527.45,0.05
20373,8098,55,3,143.78,0.05
20374,8098,59,1,189.03,0.0
20375,8099,46,4,429.96,0.0
20376,8100,72,5,417.09,0.05
20377,8101,64,3,433.42,0.0
20378,8101,117,5,97.33,0.1
20379,8101,82,2,382.23,0.15
20380,8102,25,4,424.49,0.15
20381,8103,18,5,774.6,0.1
20382,8103,76,4,544.8,0.05
20383,8103,81,3,472.42,0.0
20384,8103,57,2,359.66,0.05
20385,8104,39,2,435.88,0.0
20386,8104,98,5,387.36,0.0
20387,8105,30,4,474.66,0.1
20388,8106,81,3,472.42,0.0
20389,8106,91,3,111.41,0.0
20390,8106,69,5,199.67,0.0
20391,8107,120,2,437.18,0.0
20392,8107,105,2,161.35,0.0
20393,8108,16,2,337.82,0.1
20394,8109,74,3,259.9,0.05
20395,8109,70,5,477.56,0.05
20396,8109,105,2,161.35,0.1
20397,8110,74,4,259.9,0.0
20398,8110,51,3,592.49,0.05
20399,8111,104,2,497.51,0.0
20400,8111,73,3,693.24,0.15
20401,8112,42,3,506.69,0.0
20402,8112,109,3,345.03,0.0
20403,8112,3,4,400.77,0.1
20404,8113,86,2,508.15,0.0
20405,8113,38,4,342.42,0.05
20406,8113,99,4,654.14,0.15
20407,8113,65,2,775.34,0.0
20408,8114,114,4,321.32,0.0
20409,8114,87,3,87.7,0.15
20410,8114,113,2,113.5,0.0
20411,8115,21,4,128.96,0.15
20412,8115,44,2,155.05,0.0
20413,8115,115,2,191.72,0.05
20414,8116,24,3,576.43,0.15
20415,8116,89,5,156.62,0.0
20416,8116,53,5,90.14,0.0
20417,8117,59,5,189.03,0.05
20418,8118,103,3,415.47,0.1
20419,8118,99,5,654.14,0.0
20420,8119,52,4,119.81,0.0
20421,8119,43,5,487.39,0.0
20422,8119,13,3,546.51,0.05
20423,8120,40,5,246.27,0.0
20424,8120,72,4,417.09,0.0
20425,8121,8,4,230.66,0.1
20426,8122,4,5,538.06,0.0
20427,8123,45,2,124.25,0.1
20428,8123,107,4,70.69,0.0
20429,8123,38,3,342.42,0.0
20430,8124,31,5,492.63,0.1
20431,8124,63,4,460.08,0.0
20432,8124,37,2,678.06,0.0
20433,8125,10,4,358.28,0.05
20434,8125,105,2,161.35,0.0
20435,8125,90,2,250.98,0.0
20436,8125,44,1,155.05,0.1
20437,8126,1,3,250.67,0.05
20438,8126,72,2,417.09,0.0
20439,8127,110,1,551.82,0.0
20440,8127,66,1,325.89,0.0
20441,8128,23,5,473.03,0.0
20442,8128,96,3,261.53,0.1
20443,8128,24,5,576.43,0.15
20444,8129,105,5,161.35,0.0
20445,8129,118,2,357.13,0.05
20446,8129,120,3,437.18,0.0
20447,8130,17,1,335.91,0.1
20448,8130,95,5,197.03,0.05
20449,8130,119,1,181.96,0.15
20450,8130,82,1,382.23,0.0
20451,8131,103,2,415.47,0.05
20452,8132,47,3,533.66,0.1
20453,8133,108,1,564.18,0.0
20454,8133,30,2,474.66,0.0
20455,8134,73,5,693.24,0.1
20456,8134,88,5,217.75,0.15
20457,8135,107,5,70.69,0.0
20458,8135,83,1,229.64,0.0
20459,8136,77,5,20.71,0.1
20460,8136,11,3,431.92,0.05
20461,8136,35,4,368.74,0.05
20462,8136,42,3,506.69,0.0
20463,8137,17,4,335.91,0.05
20464,8137,71,2,298.03,0.0
20465,8138,21,1,128.96,0.1
20466,8138,97,2,140.58,0.1
20467,8138,49,4,224.05,0.1
20468,8139,22,1,155.04,0.05
20469,8139,76,1,544.8,0.15
20470,8140,52,5,119.81,0.15
20471,8140,33,1,596.3,0.0
20472,8141,107,2,70.69,0.05
20473,8141,71,5,298.03,0.0
20474,8142,115,1,191.72,0.0
20475,8142,14,1,167.56,0.15
20476,8143,83,1,229.64,0.0
20477,8143,101,1,530.68,0.0
20478,8143,40,3,246.27,0.0
20479,8143,76,3,544.8,0.0
20480,8144,1,3,250.67,0.1
20481,8144,4,1,538.06,0.0
20482,8144,40,1,246.27,0.15
20483,8145,46,3,429.96,0.0
20484,8145,89,3,156.62,0.0
20485,8145,54,1,589.22,0.05
20486,8146,109,3,345.03,0.0
20487,8147,47,2,533.66,0.0
20488,8147,51,3,592.49,0.0
20489,8148,34,2,269.02,0.0
20490,8148,85,1,294.43,0.15
20491,8149,15,4,434.83,0.0
20492,8149,119,1,181.96,0.15
20493,8150,103,2,415.47,0.15
20494,8150,43,1,487.39,0.1
20495,8150,76,3,544.8,0.0
20496,8151,79,5,353.32,0.0
20497,8151,20,4,344.47,0.0
20498,8152,50,2,641.98,0.1
20499,8153,118,4,357.13,0.05
20500,8154,115,1,191.72,0.0
20501,8154,57,4,359.66,0.0
20502,8154,119,4,181.96,0.0
20503,8155,12,1,665.95,0.0
20504,8155,85,3,294.43,0.15
20505,8156,68,4,187.83,0.0
20506,8157,47,2,533.66,0.0
20507,8158,104,3,497.51,0.15
20508,8158,49,5,224.05,0.05
20509,8159,34,2,269.02,0.1
20510,8159,26,3,283.16,0.1
20511,8159,54,3,589.22,0.05
20512,8160,23,5,473.03,0.0
20513,8161,90,1,250.98,0.0
20514,8161,49,1,224.05,0.0
20515,8162,26,5,283.16,0.05
20516,8163,105,2,161.35,0.0
20517,8163,99,1,654.14,0.0
20518,8163,55,1,143.78,0.0
20519,8164,47,5,533.66,0.0
20520,8165,82,5,382.23,0.15
20521,8165,93,2,96.97,0.05
20522,8165,48,3,688.65,0.15
20523,8165,104,5,497.51,0.1
20524,8166,47,3,533.66,0.15
20525,8166,110,2,551.82,0.1
20526,8166,54,5,589.22,0.0
20527,8166,46,2,429.96,0.05
20528,8167,91,3,111.41,0.1
20529,8167,120,5,437.18,0.15
20530,8167,62,5,455.65,0.15
20531,8167,14,4,167.56,0.0
20532,8168,93,5,96.97,0.0
20533,8168,27,1,50.29,0.0
20534,8169,68,3,187.83,0.0
20535,8169,86,5,508.15,0.0
20536,8169,84,5,233.29,0.0
20537,8170,113,4,113.5,0.15
20538,8170,104,2,497.51,0.0
20539,8171,29,1,332.87,0.0
20540,8172,76,5,544.8,0.0
20541,8172,59,4,189.03,0.1
20542,8172,37,5,678.06,0.05
20543,8173,86,2,508.15,0.0
20544,8173,56,1,701.89,0.0
20545,8173,5,1,206.39,0.0
20546,8174,92,3,473.15,0.0
20547,8174,110,3,551.82,0.0
20548,8175,48,5,688.65,0.1
20549,8176,31,4,492.63,0.05
20550,8176,71,2,298.03,0.0
20551,8177,118,2,357.13,0.1
20552,8177,93,4,96.97,0.0
20553,8178,97,1,140.58,0.0
20554,8178,54,4,589.22,0.0
20555,8179,66,2,325.89,0.15
20556,8179,89,5,156.62,0.1
20557,8179,93,3,96.97,0.0
20558,8180,6,1,148.07,0.0
20559,8180,111,5,220.69,0.05
20560,8181,79,1,353.32,0.1
20561,8182,52,5,119.81,0.0
20562,8182,119,2,181.96,0.05
20563,8183,99,4,654.14,0.0
20564,8183,8,4,230.66,0.05
20565,8184,29,5,332.87,0.0
20566,8185,104,5,497.51,0.15
20567,8186,96,2,261.53,0.0
20568,8187,51,3,592.49,0.15
20569,8187,15,2,434.83,0.0
20570,8188,75,2,102.43,0.15
20571,8188,118,5,357.13,0.1
20572,8188,95,5,197.03,0.0
20573,8188,35,4,368.74,0.05
20574,8189,60,3,765.19,0.0
20575,8189,12,1,665.95,0.0
20576,8190,46,4,429.96,0.15
20577,8191,89,3,156.62,0.0
20578,8191,108,2,564.18,0.15
20579,8192,71,4,298.03,0.1
20580,8193,5,1,206.39,0.05
20581,8194,41,2,466.15,0.1
20582,8194,49,4,224.05,0.1
20583,8195,77,5,20.71,0.0
20584,8195,67,4,439.64,0.15
20585,8196,19,3,236.74,0.0
20586,8196,82,4,382.23,0.0
20587,8196,15,5,434.83,0.0
20588,8196,33,3,596.3,0.15
20589,8197,91,4,111.41,0.05
20590,8197,11,1,431.92,0.0
20591,8198,109,1,345.03,0.05
20592,8199,33,5,596.3,0.0
20593,8199,24,4,576.43,0.05
20594,8200,85,2,294.43,0.1
20595,8200,120,2,437.18,0.05
20596,8200,57,3,359.66,0.0
20597,8201,54,3,589.22,0.05
20598,8201,23,3,473.03,0.15
20599,8202,117,5,97.33,0.1
20600,8202,48,5,688.65,0.05
20601,8202,7,2,342.91,0.15
20602,8203,87,2,87.7,0.15
20603,8203,84,3,233.29,0.0
20604,8203,66,2,325.89,0.0
20605,8204,84,2,233.29,0.15
20606,8204,13,1,546.51,0.0
20607,8204,16,5,337.82,0.0
20608,8204,34,2,269.02,0.1
20609,8205,2,1,225.66,0.1
20610,8205,79,4,353.32,0.0
20611,8206,88,2,217.75,0.0
20612,8206,7,2,342.91,0.0
20613,8206,110,5,551.82,0.0
20614,8207,13,5,546.51,0.0
20615,8207,67,4,439.64,0.0
20616,8207,90,1,250.98,0.0
20617,8208,27,5,50.29,0.0
20618,8209,70,2,477.56,0.05
20619,8209,22,1,155.04,0.1
20620,8209,78,5,496.95,0.0
20621,8210,72,3,417.09,0.1
20622,8210,64,2,433.42,0.15
20623,8210,79,4,353.32,0.05
20624,8210,115,5,191.72,0.05
20625,8211,67,4,439.64,0.0
20626,8212,35,4,368.74,0.0
20627,8212,82,4,382.23,0.05
20628,8212,29,5,332.87,0.05
20629,8212,119,1,181.96,0.15
20630,8213,39,2,435.88,0.1
20631,8213,5,2,206.39,0.05
20632,8213,49,2,224.05,0.15
20633,8213,62,3,455.65,0.0
20634,8214,5,5,206.39,0.15
20635,8215,55,3,143.78,0.0
20636,8215,86,5,508.15,0.1
20637,8215,82,3,382.23,0.0
20638,8216,78,1,496.95,0.1
20639,8217,61,1,610.85,0.1
20640,8218,42,1,506.69,0.0
20641,8218,80,5,334.64,0.15
20642,8219,82,4,382.23,0.05
20643,8219,25,4,424.49,0.15
20644,8219,93,3,96.97,0.05
20645,8219,81,2,472.42,0.15
20646,8220,102,4,268.48,0.05
20647,8221,42,1,506.69,0.05
20648,8221,120,5,437.18,0.15
20649,8221,105,2,161.35,0.0
20650,8221,78,2,496.95,0.05
20651,8222,51,4,592.49,0.15
20652,8222,46,1,429.96,0.0
20653,8222,66,1,325.89,0.0
20654,8222,34,1,269.02,0.0
20655,8223,81,2,472.42,0.0
20656,8223,8,5,230.66,0.15
20657,8223,96,3,261.53,0.15
20658,8224,12,4,665.95,0.0
20659,8225,70,1,477.56,0.15
20660,8225,108,4,564.18,0.0
20661,8226,113,1,113.5,0.0
20662,8227,51,3,592.49,0.15
20663,8227,67,4,439.64,0.0
20664,8228,24,5,576.43,0.15
20665,8229,21,2,128.96,0.15
20666,8229,62,2,455.65,0.1
20667,8229,115,2,191.72,0.05
20668,8229,2,5,225.66,0.05
20669,8230,45,2,124.25,0.0
20670,8230,90,5,250.98,0.15
20671,8230,67,1,439.64,0.1
20672,8230,53,5,90.14,0.15
20673,8231,104,3,497.51,0.0
20674,8231,20,2,344.47,0.15
20675,8232,33,2,596.3,0.0
20676,8232,85,4,294.43,0.1
20677,8232,42,3,506.69,0.15
20678,8232,109,1,345.03,0.15
20679,8233,74,2,259.9,0.0
20680,8233,66,3,325.89,0.05
20681,8234,29,1,332.87,0.1
20682,8234,51,4,592.49,0.05
20683,8234,115,2,191.72,0.0
20684,8235,22,2,155.04,0.05
20685,8235,75,4,102.43,0.15
20686,8235,16,1,337.82,0.0
20687,8235,116,4,151.15,0.15
20688,8236,1,1,250.67,0.15
20689,8237,81,4,472.42,0.0
20690,8237,31,2,492.63,0.0
20691,8237,57,2,359.66,0.0
20692,8237,65,5,775.34,0.15
20693,8238,66,5,325.89,0.15
20694,8238,63,5,460.08,0.05
20695,8238,35,4,368.74,0.15
20696,8239,60,1,765.19,0.1
20697,8240,52,3,119.81,0.1
20698,8240,65,4,775.34,0.0
20699,8241,25,2,424.49,0.0
20700,8241,55,3,143.78,0.0
20701,8242,10,1,358.28,0.0
20702,8242,61,3,610.85,0.0
20703,8243,90,3,250.98,0.0
20704,8243,75,4,102.43,0.0
20705,8243,39,4,435.88,0.0
20706,8243,62,3,455.65,0.0
20707,8244,79,2,353.32,0.0
20708,8245,67,4,439.64,0.0
20709,8245,24,1,576.43,0.0
20710,8246,3,1,400.77,0.05
20711,8247,118,2,357.13,0.0
20712,8248,100,2,192.03,0.0
20713,8248,50,3,641.98,0.15
20714,8248,76,1,544.8,0.0
20715,8249,68,4,187.83,0.0
20716,8249,119,5,181.96,0.0
20717,8249,118,3,357.13,0.0
20718,8250,115,2,191.72,0.1
20719,8250,90,1,250.98,0.0
20720,8250,113,3,113.5,0.0
20721,8251,92,3,473.15,0.0
20722,8251,66,5,325.89,0.0
20723,8251,52,3,119.81,0.0
20724,8251,115,2,191.72,0.15
20725,8252,53,1,90.14,0.0
20726,8252,31,1,492.63,0.0
20727,8252,16,3,337.82,0.0
20728,8253,15,1,434.83,0.0
20729,8253,33,1,596.3,0.05
20730,8253,44,3,155.05,0.1
20731,8254,53,3,90.14,0.15
20732,8254,54,5,589.22,0.05
20733,8254,115,3,191.72,0.1
20734,8254,70,1,477.56,0.05
20735,8255,10,4,358.28,0.05
20736,8255,91,1,111.41,0.05
20737,8255,100,5,192.03,0.0
20738,8256,97,4,140.58,0.0
20739,8256,35,4,368.74,0.05
20740,8256,94,1,357.14,0.15
20741,8257,106,1,293.96,0.0
20742,8257,71,5,298.03,0.0
20743,8258,23,5,473.03,0.0
20744,8259,4,5,538.06,0.0
20745,8259,95,5,197.03,0.0
20746,8259,119,5,181.96,0.0
20747,8260,65,4,775.34,0.0
20748,8260,7,1,342.91,0.15
20749,8260,75,1,102.43,0.15
20750,8260,28,2,278.53,0.1
20751,8261,59,5,189.03,0.15
20752,8261,105,1,161.35,0.1
20753,8262,107,1,70.69,0.1
20754,8262,49,1,224.05,0.0
20755,8262,84,5,233.29,0.0
20756,8263,113,4,113.5,0.15
20757,8264,118,2,357.13,0.0
20758,8264,45,2,124.25,0.0
20759,8264,97,2,140.58,0.1
20760,8264,76,2,544.8,0.0
20761,8265,37,3,678.06,0.0
20762,8265,119,1,181.96,0.1
20763,8266,94,2,357.14,0.1
20764,8266,26,2,283.16,0.15
20765,8267,92,1,473.15,0.0
20766,8267,26,4,283.16,0.15
20767,8267,118,2,357.13,0.0
20768,8268,17,1,335.91,0.0
20769,8268,30,2,474.66,0.0
20770,8269,38,5,342.42,0.0
20771,8269,40,4,246.27,0.05
20772,8269,43,1,487.39,0.1
20773,8270,78,3,496.95,0.05
20774,8271,112,3,530.6,0.0
20775,8271,108,1,564.18,0.0
20776,8271,115,5,191.72,0.1
20777,8271,119,5,181.96,0.05
20778,8272,76,3,544.8,0.15
20779,8272,75,4,102.43,0.0
20780,8272,36,3,461.97,0.05
20781,8272,83,4,229.64,0.15
20782,8273,62,4,455.65,0.0
20783,8273,5,1,206.39,0.1
20784,8273,109,3,345.03,0.15
20785,8273,27,2,50.29,0.0
20786,8274,84,2,233.29,0.0
20787,8275,104,5,497.51,0.0
20788,8276,64,1,433.42,0.0
20789,8276,29,5,332.87,0.1
20790,8277,69,2,199.67,0.0
20791,8278,20,5,344.47,0.15
20792,8278,25,2,424.49,0.15
20793,8278,14,2,167.56,0.0
20794,8279,82,1,382.23,0.0
20795,8279,97,3,140.58,0.15
20796,8280,98,5,387.36,0.15
20797,8280,21,1,128.96,0.15
20798,8280,62,3,455.65,0.0
20799,8280,32,1,527.45,0.0
20800,8281,1,3,250.67,0.1
20801,8281,37,4,678.06,0.0
20802,8282,62,5,455.65,0.15
20803,8283,118,2,357.13,0.0
20804,8283,85,5,294.43,0.05
20805,8283,116,3,151.15,0.0
20806,8284,64,2,433.42,0.15
20807,8284,7,4,342.91,0.1
20808,8284,47,1,533.66,0.0
20809,8285,12,3,665.95,0.05
20810,8285,38,5,342.42,0.0
20811,8286,117,1,97.33,0.1
20812,8286,5,1,206.39,0.05
20813,8286,2,2,225.66,0.0
20814,8287,73,4,693.24,0.1
20815,8287,118,3,357.13,0.0
20816,8288,94,3,357.14,0.0
20817,8288,48,4,688.65,0.1
20818,8288,4,4,538.06,0.15
20819,8289,78,4,496.95,0.0
20820,8289,58,1,421.43,0.15
20821,8289,61,2,610.85,0.1
20822,8290,46,1,429.96,0.15
20823,8291,25,1,424.49,0.15
20824,8291,10,4,358.28,0.0
20825,8292,32,1,527.45,0.0
20826,8292,98,1,387.36,0.0
20827,8293,79,3,353.32,0.0
20828,8294,84,4,233.29,0.0
20829,8294,40,1,246.27,0.0
20830,8295,20,3,344.47,0.15
20831,8296,103,4,415.47,0.1
20832,8296,21,5,128.96,0.0
20833,8296,71,5,298.03,0.0
20834,8296,38,4,342.42,0.0
20835,8297,102,1,268.48,0.0
20836,8298,108,3,564.18,0.0
20837,8298,112,5,530.6,0.0
20838,8299,112,1,530.6,0.05
20839,8300,74,3,259.9,0.0
20840,8300,93,1,96.97,0.0
20841,8300,91,1,111.41,0.0
20842,8301,53,1,90.14,0.0
20843,8301,25,3,424.49,0.05
20844,8301,36,5,461.97,0.1
20845,8302,80,4,334.64,0.0
20846,8302,57,4,359.66,0.0
20847,8302,48,3,688.65,0.0
20848,8303,94,1,357.14,0.0
20849,8303,91,4,111.41,0.05
20850,8303,56,5,701.89,0.05
20851,8304,116,4,151.15,0.0
20852,8304,81,1,472.42,0.1
20853,8304,98,5,387.36,0.0
20854,8304,55,2,143.78,0.0
20855,8305,49,1,224.05,0.05
20856,8305,36,4,461.97,0.0
20857,8305,43,2,487.39,0.15
20858,8306,46,2,429.96,0.1
20859,8306,19,5,236.74,0.0
20860,8307,112,1,530.6,0.0
20861,8307,99,2,654.14,0.0
20862,8307,1,2,250.67,0.1
20863,8308,92,5,473.15,0.1
20864,8308,80,3,334.64,0.0
20865,8308,13,1,546.51,0.0
20866,8308,25,1,424.49,0.0
20867,8309,110,2,551.82,0.1
20868,8309,21,4,128.96,0.0
20869,8309,71,1,298.03,0.0
20870,8309,103,2,415.47,0.0
20871,8310,88,2,217.75,0.0
20872,8310,42,4,506.69,0.1
20873,8311,34,4,269.02,0.0
20874,8311,111,1,220.69,0.0
20875,8311,44,5,155.05,0.0
20876,8311,108,2,564.18,0.05
20877,8312,106,2,293.96,0.05
20878,8312,115,5,191.72,0.0
20879,8313,25,3,424.49,0.05
20880,8314,109,3,345.03,0.1
20881,8314,85,1,294.43,0.1
20882,8314,58,2,421.43,0.0
20883,8315,104,1,497.51,0.0
20884,8316,114,4,321.32,0.0
20885,8316,14,4,167.56,0.15
20886,8316,107,1,70.69,0.15
20887,8316,102,2,268.48,0.0
20888,8317,41,5,466.15,0.15
20889,8317,3,2,400.77,0.0
20890,8317,48,5,688.65,0.15
20891,8318,38,2,342.42,0.0
20892,8318,12,2,665.95,0.05
20893,8318,105,5,161.35,0.0
20894,8318,61,4,610.85,0.0
20895,8319,119,1,181.96,0.0
20896,8319,70,4,477.56,0.0
20897,8319,10,5,358.28,0.05
20898,8320,81,3,472.42,0.1
20899,8321,21,1,128.96,0.05
20900,8321,73,3,693.24,0.15
20901,8321,56,1,701.89,0.15
20902,8321,110,5,551.82,0.0
20903,8322,41,5,466.15,0.15
20904,8322,33,5,596.3,0.15
20905,8322,36,2,461.97,0.0
20906,8322,46,2,429.96,0.1
20907,8323,85,3,294.43,0.0
20908,8323,116,3,151.15,0.0
20909,8323,20,4,344.47,0.0
20910,8323,84,5,233.29,0.15
20911,8324,11,2,431.92,0.0
20912,8324,16,4,337.82,0.15
20913,8325,68,1,187.83,0.15
20914,8326,96,3,261.53,0.1
20915,8326,107,4,70.69,0.05
20916,8326,41,2,466.15,0.0
20917,8327,3,2,400.77,0.15
20918,8327,103,1,415.47,0.1
20919,8328,36,2,461.97,0.0
20920,8328,52,3,119.81,0.0
20921,8328,48,3,688.65,0.0
20922,8328,59,4,189.03,0.0
20923,8329,29,1,332.87,0.1
20924,8329,119,5,181.96,0.05
20925,8329,67,3,439.64,0.05
20926,8329,108,2,564.18,0.0
20927,8330,11,1,431.92,0.0
20928,8330,102,5,268.48,0.0
20929,8330,5,4,206.39,0.0
20930,8330,63,1,460.08,0.0
20931,8331,56,4,701.89,0.15
20932,8331,49,1,224.05,0.05
20933,8331,26,1,283.16,0.0
20934,8331,22,5,155.04,0.05
20935,8332,86,4,508.15,0.05
20936,8332,119,5,181.96,0.1
20937,8333,7,2,342.91,0.0
20938,8333,67,1,439.64,0.1
20939,8333,34,1,269.02,0.15
20940,8333,5,4,206.39,0.0
20941,8334,116,3,151.15,0.15
20942,8334,36,3,461.97,0.05
20943,8334,47,5,533.66,0.05
20944,8335,5,1,206.39,0.0
20945,8335,111,4,220.69,0.0
20946,8335,110,1,551.82,0.0
20947,8335,28,5,278.53,0.0
20948,8336,51,3,592.49,0.05
20949,8336,16,5,337.82,0.0
20950,8336,34,2,269.02,0.05
20951,8336,39,3,435.88,0.05
20952,8337,23,4,473.03,0.0
20953,8337,76,3,544.8,0.05
20954,8337,11,1,431.92,0.0
20955,8338,20,4,344.47,0.05
20956,8338,101,4,530.68,0.0
20957,8338,78,4,496.95,0.0
20958,8338,51,2,592.49,0.0
20959,8339,24,3,576.43,0.15
20960,8339,66,5,325.89,0.05
20961,8340,41,3,466.15,0.1
20962,8340,116,5,151.15,0.0
20963,8340,82,4,382.23,0.0
20964,8340,83,2,229.64,0.05
20965,8341,32,5,527.45,0.0
20966,8341,71,4,298.03,0.0
20967,8342,108,2,564.18,0.0
20968,8343,41,4,466.15,0.1
20969,8343,19,3,236.74,0.1
20970,8343,55,3,143.78,0.05
20971,8343,64,1,433.42,0.1
20972,8344,53,2,90.14,0.05
20973,8345,63,4,460.08,0.05
20974,8345,72,2,417.09,0.1
20975,8345,90,4,250.98,0.0
20976,8345,114,2,321.32,0.05
20977,8346,50,1,641.98,0.0
20978,8347,26,3,283.16,0.0
20979,8347,30,2,474.66,0.15
20980,8348,64,1,433.42,0.0
20981,8348,103,1,415.47,0.05
20982,8348,72,1,417.09,0.1
20983,8348,94,1,357.14,0.0
20984,8349,43,1,487.39,0.0
20985,8350,74,4,259.9,0.0
20986,8350,24,5,576.43,0.0
20987,8350,43,3,487.39,0.1
20988,8351,10,5,358.28,0.15
20989,8351,110,1,551.82,0.05
20990,8351,19,1,236.74,0.0
20991,8351,51,5,592.49,0.15
20992,8352,41,3,466.15,0.0
20993,8353,71,4,298.03,0.0
20994,8354,43,5,487.39,0.0
20995,8354,48,2,688.65,0.0
20996,8355,119,2,181.96,0.0
20997,8356,73,4,693.24,0.1
20998,8357,2,4,225.66,0.1
20999,8357,13,3,546.51,0.1
21000,8358,15,1,434.83,0.1
21001,8358,24,4,576.43,0.05
21002,8359,3,5,400.77,0.1
21003,8359,100,2,192.03,0.0
21004,8360,35,5,368.74,0.0
21005,8361,47,3,533.66,0.1
21006,8361,15,3,434.83,0.15
21007,8362,11,5,431.92,0.0
21008,8362,110,3,551.82,0.1
21009,8362,43,3,487.39,0.15
21010,8362,69,2,199.67,0.0
21011,8363,82,3,382.23,0.0
21012,8363,120,5,437.18,0.0
21013,8363,104,1,497.51,0.0
21014,8363,75,4,102.43,0.0
21015,8364,102,1,268.48,0.05
21016,8364,98,5,387.36,0.0
21017,8365,107,1,70.69,0.0
21018,8365,76,3,544.8,0.1
21019,8366,14,5,167.56,0.0
21020,8367,25,4,424.49,0.05
21021,8367,57,3,359.66,0.0
21022,8368,66,5,325.89,0.05
21023,8368,46,1,429.96,0.15
21024,8369,38,4,342.42,0.15
21025,8369,76,3,544.8,0.1
21026,8369,74,3,259.9,0.0
21027,8370,90,1,250.98,0.0
21028,8371,27,3,50.29,0.05
21029,8371,61,1,610.85,0.0
21030,8371,108,4,564.18,0.1
21031,8371,14,4,167.56,0.0
21032,8372,116,3,151.15,0.05
21033,8372,52,5,119.81,0.0
21034,8373,29,1,332.87,0.1
21035,8374,120,3,437.18,0.15
21036,8374,74,3,259.9,0.15
21037,8374,73,2,693.24,0.1
21038,8374,38,5,342.42,0.15
21039,8375,77,4,20.71,0.1
21040,8376,116,4,151.15,0.0
21041,8377,22,3,155.04,0.05
21042,8377,83,5,229.64,0.05
21043,8377,116,5,151.15,0.1
21044,8377,79,3,353.32,0.0
21045,8378,73,1,693.24,0.15
21046,8378,5,1,206.39,0.0
21047,8378,51,5,592.49,0.05
21048,8379,43,3,487.39,0.0
21049,8380,104,3,497.51,0.0
21050,8380,44,1,155.05,0.05
21051,8381,26,1,283.16,0.0
21052,8381,104,1,497.51,0.1
21053,8382,10,2,358.28,0.0
21054,8383,41,4,466.15,0.1
21055,8383,110,3,551.82,0.05
21056,8383,113,2,113.5,0.1
21057,8383,117,5,97.33,0.0
21058,8384,61,4,610.85,0.0
21059,8384,24,2,576.43,0.05
21060,8384,14,1,167.56,0.0
21061,8385,35,3,368.74,0.0
21062,8385,64,2,433.42,0.1
21063,8385,74,5,259.9,0.05
21064,8385,45,5,124.25,0.15
21065,8386,2,4,225.66,0.05
21066,8386,34,3,269.02,0.0
21067,8387,91,4,111.41,0.1
21068,8387,119,1,181.96,0.0
21069,8387,60,1,765.19,0.0
21070,8387,26,4,283.16,0.0
21071,8388,104,5,497.51,0.0
21072,8388,18,4,774.6,0.0
21073,8388,36,4,461.97,0.1
21074,8388,76,4,544.8,0.15
21075,8389,26,5,283.16,0.0
21076,8389,107,5,70.69,0.0
21077,8389,94,1,357.14,0.0
21078,8390,70,4,477.56,0.05
21079,8390,79,3,353.32,0.0
21080,8390,31,5,492.63,0.15
21081,8391,11,3,431.92,0.1
21082,8391,22,5,155.04,0.1
21083,8391,32,3,527.45,0.1
21084,8392,62,5,455.65,0.0
21085,8392,35,4,368.74,0.0
21086,8392,32,5,527.45,0.15
21087,8393,7,4,342.91,0.05
21088,8393,56,4,701.89,0.0
21089,8393,23,4,473.03,0.15
21090,8393,20,3,344.47,0.0
21091,8394,83,3,229.64,0.0
21092,8395,65,1,775.34,0.0
21093,8395,46,1,429.96,0.15
21094,8395,107,1,70.69,0.0
21095,8395,81,5,472.42,0.0
21096,8396,25,5,424.49,0.15
21097,8397,84,4,233.29,0.1
21098,8397,90,4,250.98,0.0
21099,8397,46,2,429.96,0.0
21100,8397,56,2,701.89,0.0
21101,8398,37,4,678.06,0.1
21102,8398,26,4,283.16,0.0
21103,8398,38,5,342.42,0.0
21104,8399,13,3,546.51,0.0
21105,8399,74,4,259.9,0.1
21106,8399,113,4,113.5,0.0
21107,8400,16,1,337.82,0.0
21108,8400,3,4,400.77,0.1
21109,8400,115,4,191.72,0.0
21110,8400,11,5,431.92,0.0
21111,8401,46,4,429.96,0.0
21112,8401,101,3,530.68,0.0
21113,8402,106,1,293.96,0.1
21114,8402,25,1,424.49,0.0
21115,8402,76,1,544.8,0.0
21116,8402,78,5,496.95,0.0
21117,8403,89,4,156.62,0.0
21118,8403,88,4,217.75,0.0
21119,8403,79,5,353.32,0.0
21120,8404,91,2,111.41,0.15
21121,8404,81,3,472.42,0.05
21122,8405,49,1,224.05,0.1
21123,8405,1,5,250.67,0.05
21124,8405,44,4,155.05,0.05
21125,8405,119,2,181.96,0.15
21126,8406,16,3,337.82,0.0
21127,8407,73,4,693.24,0.0
21128,8408,80,2,334.64,0.1
21129,8409,70,1,477.56,0.0
21130,8409,116,1,151.15,0.0
21131,8409,55,3,143.78,0.0
21132,8409,84,1,233.29,0.05
21133,8410,37,2,678.06,0.0
21134,8410,101,3,530.68,0.0
21135,8410,110,2,551.82,0.05
21136,8410,38,2,342.42,0.05
21137,8411,78,4,496.95,0.0
21138,8412,5,4,206.39,0.1
21139,8412,50,4,641.98,0.0
21140,8413,12,1,665.95,0.15
21141,8413,106,1,293.96,0.0
21142,8413,90,2,250.98,0.0
21143,8413,53,1,90.14,0.0
21144,8414,97,3,140.58,0.0
21145,8414,105,4,161.35,0.15
21146,8415,88,1,217.75,0.0
21147,8416,103,1,415.47,0.0
21148,8416,102,5,268.48,0.0
21149,8416,14,2,167.56,0.15
21150,8417,97,2,140.58,0.0
21151,8418,39,4,435.88,0.15
21152,8418,9,1,566.94,0.1
21153,8418,26,5,283.16,0.15
21154,8419,52,2,119.81,0.05
21155,8419,81,3,472.42,0.0
21156,8419,30,4,474.66,0.0
21157,8419,103,1,415.47,0.05
21158,8420,45,3,124.25,0.0
21159,8420,73,4,693.24,0.0
21160,8420,111,2,220.69,0.0
21161,8420,110,1,551.82,0.0
21162,8421,15,5,434.83,0.0
21163,8421,23,5,473.03,0.1
21164,8421,47,4,533.66,0.0
21165,8422,66,4,325.89,0.1
21166,8422,88,1,217.75,0.1
21167,8422,70,2,477.56,0.1
21168,8423,111,4,220.69,0.0
21169,8423,21,4,128.96,0.0
21170,8423,61,4,610.85,0.1
21171,8424,78,1,496.95,0.0
21172,8424,81,3,472.42,0.0
21173,8424,93,3,96.97,0.0
21174,8424,98,5,387.36,0.0
21175,8425,67,1,439.64,0.1
21176,8425,83,5,229.64,0.05
21177,8425,77,5,20.71,0.0
21178,8425,100,5,192.03,0.15
21179,8426,8,1,230.66,0.0
21180,8426,29,2,332.87,0.0
21181,8426,87,5,87.7,0.0
21182,8426,28,4,278.53,0.0
21183,8427,107,5,70.69,0.1
21184,8427,42,1,506.69,0.0
21185,8427,116,3,151.15,0.05
21186,8427,46,2,429.96,0.15
21187,8428,120,3,437.18,0.0
21188,8429,93,2,96.97,0.15
21189,8429,71,2,298.03,0.05
21190,8430,78,1,496.95,0.1
21191,8430,6,1,148.07,0.05
21192,8431,10,1,358.28,0.0
21193,8431,72,4,417.09,0.0
21194,8431,11,4,431.92,0.15
21195,8432,107,3,70.69,0.15
21196,8432,1,2,250.67,0.15
21197,8433,23,4,473.03,0.0
21198,8434,97,4,140.58,0.05
21199,8435,29,3,332.87,0.15
21200,8436,110,2,551.82,0.1
21201,8436,54,3,589.22,0.0
21202,8436,56,1,701.89,0.0
21203,8436,9,4,566.94,0.0
21204,8437,76,2,544.8,0.0
21205,8437,71,5,298.03,0.0
21206,8437,12,4,665.95,0.1
21207,8438,52,3,119.81,0.05
21208,8438,25,5,424.49,0.0
21209,8438,76,5,544.8,0.05
21210,8439,58,3,421.43,0.15
21211,8439,94,1,357.14,0.05
21212,8440,104,2,497.51,0.0
21213,8440,112,5,530.6,0.0
21214,8441,98,4,387.36,0.0
21215,8441,17,3,335.91,0.0
21216,8442,112,4,530.6,0.0
21217,8442,28,1,278.53,0.05
21218,8442,34,4,269.02,0.0
21219,8443,93,5,96.97,0.0
21220,8443,112,2,530.6,0.1
21221,8444,109,1,345.03,0.0
21222,8444,61,3,610.85,0.0
21223,8444,46,3,429.96,0.15
21224,8445,37,5,678.06,0.0
21225,8446,20,4,344.47,0.0
21226,8446,10,5,358.28,0.1
21227,8446,90,5,250.98,0.1
21228,8446,19,2,236.74,0.05
21229,8447,3,4,400.77,0.15
21230,8447,73,2,693.24,0.15
21231,8448,19,5,236.74,0.1
21232,8448,1,5,250.67,0.15
21233,8448,14,1,167.56,0.05
21234,8449,53,5,90.14,0.0
21235,8450,49,4,224.05,0.15
21236,8450,26,2,283.16,0.0
21237,8450,30,2,474.66,0.0
21238,8450,70,3,477.56,0.0
21239,8451,43,4,487.39,0.0
21240,8452,17,2,335.91,0.0
21241,8452,32,2,527.45,0.0
21242,8452,34,1,269.02,0.0
21243,8453,73,1,693.24,0.0
21244,8453,55,2,143.78,0.0
21245,8454,28,5,278.53,0.0
21246,8455,96,2,261.53,0.0
21247,8456,69,1,199.67,0.1
21248,8456,112,5,530.6,0.0
21249,8456,50,4,641.98,0.15
21250,8456,118,2,357.13,0.15
21251,8457,86,1,508.15,0.0
21252,8457,63,4,460.08,0.0
21253,8457,58,1,421.43,0.15
21254,8457,118,1,357.13,0.05
21255,8458,3,1,400.77,0.0
21256,8458,74,5,259.9,0.1
21257,8458,20,2,344.47,0.05
21258,8459,56,3,701.89,0.0
21259,8459,40,4,246.27,0.0
21260,8459,17,5,335.91,0.05
21261,8460,86,1,508.15,0.15
21262,8461,68,2,187.83,0.05
21263,8461,82,5,382.23,0.0
21264,8461,113,2,113.5,0.05
21265,8461,55,3,143.78,0.05
21266,8462,8,2,230.66,0.05
21267,8462,91,3,111.41,0.1
21268,8462,55,4,143.78,0.0
21269,8462,26,4,283.16,0.05
21270,8463,29,3,332.87,0.1
21271,8464,28,4,278.53,0.15
21272,8464,16,1,337.82,0.15
21273,8465,47,2,533.66,0.15
21274,8465,20,2,344.47,0.1
21275,8465,25,5,424.49,0.0
21276,8466,65,1,775.34,0.15
21277,8466,62,2,455.65,0.1
21278,8467,56,1,701.89,0.15
21279,8467,68,1,187.83,0.0
21280,8467,36,3,461.97,0.0
21281,8467,33,4,596.3,0.0
21282,8468,1,4,250.67,0.15
21283,8469,24,5,576.43,0.05
21284,8469,112,4,530.6,0.15
21285,8469,94,1,357.14,0.05
21286,8469,89,4,156.62,0.0
21287,8470,66,4,325.89,0.0
21288,8470,117,4,97.33,0.1
21289,8470,16,4,337.82,0.0
21290,8470,73,3,693.24,0.0
21291,8471,25,2,424.49,0.0
21292,8471,113,4,113.5,0.0
21293,8471,103,4,415.47,0.15
21294,8472,96,5,261.53,0.05
21295,8473,74,2,259.9,0.0
21296,8474,78,4,496.95,0.15
21297,8475,111,5,220.69,0.1
21298,8475,86,2,508.15,0.1
21299,8475,112,1,530.6,0.05
21300,8475,90,2,250.98,0.0
21301,8476,73,4,693.24,0.15
21302,8476,64,1,433.42,0.0
21303,8476,19,3,236.74,0.15
21304,8477,14,1,167.56,0.05
21305,8477,80,4,334.64,0.0
21306,8477,36,4,461.97,0.0
21307,8478,17,1,335.91,0.1
21308,8478,62,4,455.65,0.0
21309,8478,81,1,472.42,0.15
21310,8479,110,1,551.82,0.15
21311,8480,103,3,415.47,0.0
21312,8480,86,4,508.15,0.0
21313,8480,85,3,294.43,0.1
21314,8480,13,5,546.51,0.1
21315,8481,44,4,155.05,0.15
21316,8481,102,3,268.48,0.0
21317,8482,45,2,124.25,0.0
21318,8482,74,4,259.9,0.0
21319,8482,22,1,155.04,0.0
21320,8483,98,4,387.36,0.0
21321,8483,49,5,224.05,0.0
21322,8483,33,5,596.3,0.05
21323,8484,105,1,161.35,0.0
21324,8484,99,3,654.14,0.05
21325,8485,11,4,431.92,0.0
21326,8485,81,1,472.42,0.0
21327,8485,56,2,701.89,0.1
21328,8485,3,3,400.77,0.15
21329,8486,65,4,775.34,0.0
21330,8486,35,1,368.74,0.0
21331,8486,110,4,551.82,0.0
21332,8487,9,4,566.94,0.05
21333,8488,79,5,353.32,0.1
21334,8488,63,2,460.08,0.05
21335,8488,111,3,220.69,0.15
21336,8488,69,3,199.67,0.0
21337,8489,24,4,576.43,0.15
21338,8489,83,1,229.64,0.0
21339,8490,29,1,332.87,0.15
21340,8491,85,1,294.43,0.15
21341,8491,84,2,233.29,0.1
21342,8492,5,2,206.39,0.0
21343,8493,29,5,332.87,0.05
21344,8493,98,5,387.36,0.0
21345,8493,57,2,359.66,0.15
21346,8494,9,1,566.94,0.05
21347,8494,11,1,431.92,0.0
21348,8494,3,1,400.77,0.0
21349,8495,87,3,87.7,0.0
21350,8495,109,3,345.03,0.05
21351,8496,40,5,246.27,0.1
21352,8496,92,3,473.15,0.05
21353,8496,75,3,102.43,0.0
21354,8497,82,5,382.23,0.15
21355,8497,105,5,161.35,0.1
21356,8497,50,1,641.98,0.1
21357,8497,44,1,155.05,0.1
21358,8498,101,3,530.68,0.0
21359,8498,86,2,508.15,0.15
21360,8499,98,3,387.36,0.0
21361,8499,8,2,230.66,0.05
21362,8499,112,1,530.6,0.0
21363,8499,63,1,460.08,0.1
21364,8500,61,2,610.85,0.0
21365,8500,4,4,538.06,0.0
21366,8501,109,2,345.03,0.1
21367,8502,61,3,610.85,0.0
21368,8502,25,4,424.49,0.0
21369,8502,11,2,431.92,0.0
21370,8502,109,5,345.03,0.1
21371,8503,25,1,424.49,0.0
21372,8503,43,5,487.39,0.0
21373,8503,48,3,688.65,0.1
21374,8504,52,1,119.81,0.0
21375,8505,14,3,167.56,0.05
21376,8506,114,2,321.32,0.0
21377,8506,29,4,332.87,0.05
21378,8506,78,5,496.95,0.0
21379,8507,101,1,530.68,0.0
21380,8507,80,1,334.64,0.15
21381,8507,24,3,576.43,0.0
21382,8508,72,1,417.09,0.0
21383,8508,117,2,97.33,0.0
21384,8508,111,3,220.69,0.15
21385,8509,12,4,665.95,0.15
21386,8509,108,1,564.18,0.1
21387,8509,31,1,492.63,0.15
21388,8510,48,5,688.65,0.0
21389,8510,49,2,224.05,0.1
21390,8510,101,4,530.68,0.0
21391,8511,47,5,533.66,0.05
21392,8511,41,2,466.15,0.05
21393,8511,4,5,538.06,0.15
21394,8512,50,4,641.98,0.0
21395,8512,72,1,417.09,0.0
21396,8512,3,3,400.77,0.15
21397,8513,46,1,429.96,0.0
21398,8514,17,2,335.91,0.1
21399,8515,74,1,259.9,0.0
21400,8516,9,5,566.94,0.15
21401,8516,87,5,87.7,0.0
21402,8516,21,4,128.96,0.0
21403,8516,70,1,477.56,0.0
21404,8517,10,2,358.28,0.0
21405,8518,39,1,435.88,0.0
21406,8519,21,1,128.96,0.15
21407,8520,56,3,701.89,0.1
21408,8520,55,5,143.78,0.05
21409,8520,27,1,50.29,0.1
21410,8521,61,3,610.85,0.0
21411,8521,22,5,155.04,0.1
21412,8521,63,1,460.08,0.1
21413,8522,82,1,382.23,0.1
21414,8523,13,5,546.51,0.0
21415,8523,72,5,417.09,0.0
21416,8523,98,3,387.36,0.0
21417,8524,62,1,455.65,0.05
21418,8524,69,3,199.67,0.0
21419,8524,3,5,400.77,0.15
21420,8525,104,4,497.51,0.15
21421,8525,109,3,345.03,0.05
21422,8526,34,4,269.02,0.1
21423,8526,13,2,546.51,0.05
21424,8526,65,1,775.34,0.15
21425,8526,83,4,229.64,0.0
21426,8527,37,1,678.06,0.0
21427,8527,62,4,455.65,0.05
21428,8528,17,4,335.91,0.0
21429,8528,39,1,435.88,0.05
21430,8528,114,2,321.32,0.0
21431,8529,80,4,334.64,0.15
21432,8529,50,1,641.98,0.0
21433,8529,36,5,461.97,0.0
21434,8530,95,3,197.03,0.1
21435,8530,120,2,437.18,0.15
21436,8530,36,4,461.97,0.05
21437,8530,92,4,473.15,0.0
21438,8531,65,2,775.34,0.0
21439,8531,13,4,546.51,0.0
21440,8532,84,1,233.29,0.0
21441,8533,91,5,111.41,0.0
21442,8534,60,2,765.19,0.0
21443,8534,28,1,278.53,0.0
21444,8535,3,2,400.77,0.05
21445,8535,90,5,250.98,0.05
21446,8535,30,4,474.66,0.15
21447,8535,13,3,546.51,0.0
21448,8536,8,5,230.66,0.05
21449,8536,48,3,688.65,0.05
21450,8536,26,1,283.16,0.0
21451,8536,51,5,592.49,0.0
21452,8537,111,4,220.69,0.0
21453,8537,24,4,576.43,0.05
21454,8537,96,3,261.53,0.1
21455,8538,7,2,342.91,0.15
21456,8538,78,1,496.95,0.15
21457,8539,36,3,461.97,0.05
21458,8539,81,4,472.42,0.1
21459,8539,1,3,250.67,0.0
21460,8539,20,5,344.47,0.0
21461,8540,41,5,466.15,0.0
21462,8540,22,1,155.04,0.0
21463,8540,90,3,250.98,0.0
21464,8540,77,2,20.71,0.0
21465,8541,13,1,546.51,0.15
21466,8541,15,4,434.83,0.0
21467,8541,49,4,224.05,0.05
21468,8541,68,5,187.83,0.0
21469,8542,18,3,774.6,0.0
21470,8542,25,1,424.49,0.15
21471,8543,28,4,278.53,0.0
21472,8544,60,2,765.19,0.0
21473,8544,49,5,224.05,0.0
21474,8544,70,1,477.56,0.1
21475,8544,82,2,382.23,0.1
21476,8545,46,4,429.96,0.0
21477,8545,4,5,538.06,0.1
21478,8545,1,1,250.67,0.15
21479,8546,82,2,382.23,0.15
21480,8546,48,4,688.65,0.0
21481,8547,93,1,96.97,0.0
21482,8548,38,1,342.42,0.0
21483,8548,39,2,435.88,0.1
21484,8548,82,4,382.23,0.15
21485,8549,51,3,592.49,0.0
21486,8549,77,2,20.71,0.0
21487,8549,24,2,576.43,0.1
21488,8550,78,3,496.95,0.1
21489,8550,52,4,119.81,0.0
21490,8551,108,1,564.18,0.0
21491,8551,77,4,20.71,0.1
21492,8551,12,1,665.95,0.0
21493,8552,116,3,151.15,0.0
21494,8552,85,5,294.43,0.0
21495,8552,92,2,473.15,0.0
21496,8553,68,3,187.83,0.0
21497,8553,28,1,278.53,0.0
21498,8553,84,2,233.29,0.0
21499,8553,19,1,236.74,0.0
21500,8554,58,4,421.43,0.15
21501,8554,60,1,765.19,0.15
21502,8554,119,2,181.96,0.15
21503,8554,67,4,439.64,0.0
21504,8555,15,4,434.83,0.0
21505,8555,71,2,298.03,0.15
21506,8556,50,1,641.98,0.05
21507,8556,11,1,431.92,0.0
21508,8556,66,3,325.89,0.05
21509,8557,71,1,298.03,0.0
21510,8557,59,4,189.03,0.0
21511,8557,60,2,765.19,0.0
21512,8557,62,1,455.65,0.05
21513,8558,116,3,151.15,0.1
21514,8558,10,3,358.28,0.0
21515,8558,30,1,474.66,0.1
21516,8559,10,1,358.28,0.1
21517,8559,116,4,151.15,0.15
21518,8559,120,2,437.18,0.1
21519,8560,119,5,181.96,0.0
21520,8560,79,2,353.32,0.1
21521,8560,91,3,111.41,0.1
21522,8561,23,5,473.03,0.1
21523,8562,95,1,197.03,0.0
21524,8562,21,4,128.96,0.0
21525,8563,39,1,435.88,0.0
21526,8563,5,3,206.39,0.05
21527,8563,46,1,429.96,0.05
21528,8563,115,1,191.72,0.0
21529,8564,62,4,455.65,0.1
21530,8564,66,5,325.89,0.0
21531,8565,76,2,544.8,0.0
21532,8565,73,1,693.24,0.0
21533,8565,91,1,111.41,0.0
21534,8566,61,5,610.85,0.05
21535,8566,11,3,431.92,0.15
21536,8566,31,5,492.63,0.05
21537,8567,93,2,96.97,0.0
21538,8567,37,1,678.06,0.0
21539,8567,102,4,268.48,0.0
21540,8568,15,2,434.83,0.15
21541,8568,8,5,230.66,0.1
21542,8568,9,5,566.94,0.15
21543,8568,28,5,278.53,0.15
21544,8569,67,2,439.64,0.0
21545,8569,57,4,359.66,0.1
21546,8570,25,3,424.49,0.15
21547,8571,104,5,497.51,0.0
21548,8571,105,5,161.35,0.15
21549,8571,43,1,487.39,0.0
21550,8571,70,5,477.56,0.15
21551,8572,69,3,199.67,0.0
21552,8572,11,3,431.92,0.0
21553,8573,60,4,765.19,0.1
21554,8573,119,3,181.96,0.05
21555,8573,81,5,472.42,0.0
21556,8574,88,4,217.75,0.15
21557,8574,14,3,167.56,0.1
21558,8574,89,3,156.62,0.05
21559,8574,54,5,589.22,0.15
21560,8575,13,5,546.51,0.0
21561,8575,4,1,538.06,0.05
21562,8576,44,4,155.05,0.0
21563,8576,1,5,250.67,0.1
21564,8577,113,4,113.5,0.15
21565,8577,93,3,96.97,0.0
21566,8578,45,4,124.25,0.15
21567,8578,95,5,197.03,0.1
21568,8579,40,3,246.27,0.0
21569,8579,109,1,345.03,0.0
21570,8579,83,5,229.64,0.05
21571,8579,91,1,111.41,0.0
21572,8580,93,4,96.97,0.0
21573,8580,98,4,387.36,0.1
21574,8580,38,4,342.42,0.0
21575,8580,96,4,261.53,0.0
21576,8581,95,5,197.03,0.0
21577,8581,59,3,189.03,0.0
21578,8581,79,1,353.32,0.1
21579,8582,78,5,496.95,0.0
21580,8582,74,3,259.9,0.0
21581,8583,15,5,434.83,0.15
21582,8583,110,4,551.82,0.0
21583,8583,84,1,233.29,0.15
21584,8583,41,2,466.15,0.0
21585,8584,36,2,461.97,0.0
21586,8584,31,2,492.63,0.0
21587,8584,60,5,765.19,0.15
21588,8584,50,5,641.98,0.0
21589,8585,4,5,538.06,0.0
21590,8586,13,1,546.51,0.05
21591,8587,23,1,473.03,0.0
21592,8588,107,4,70.69,0.0
21593,8588,11,3,431.92,0.0
21594,8588,118,5,357.13,0.0
21595,8588,109,2,345.03,0.0
21596,8589,71,1,298.03,0.1
21597,8590,84,5,233.29,0.0
21598,8590,4,3,538.06,0.0
21599,8590,9,1,566.94,0.0
21600,8590,107,3,70.69,0.0
21601,8591,15,2,434.83,0.0
21602,8591,3,2,400.77,0.1
21603,8591,86,3,508.15,0.05
21604,8591,102,3,268.48,0.1
21605,8592,41,5,466.15,0.05
21606,8592,38,3,342.42,0.15
21607,8593,15,2,434.83,0.0
21608,8594,90,1,250.98,0.1
21609,8594,40,5,246.27,0.0
21610,8595,76,4,544.8,0.15
21611,8596,88,3,217.75,0.0
21612,8596,106,1,293.96,0.1
21613,8596,93,2,96.97,0.05
21614,8596,44,3,155.05,0.05
21615,8597,95,3,197.03,0.05
21616,8597,55,4,143.78,0.1
21617,8597,50,4,641.98,0.15
21618,8598,79,4,353.32,0.0
21619,8599,46,1,429.96,0.15
21620,8600,92,3,473.15,0.0
21621,8600,44,3,155.05,0.0
21622,8600,49,2,224.05,0.0
21623,8601,42,3,506.69,0.05
21624,8601,41,3,466.15,0.0
21625,8601,44,5,155.05,0.0
21626,8602,114,3,321.32,0.1
21627,8602,106,3,293.96,0.0
21628,8602,63,4,460.08,0.15
21629,8602,92,1,473.15,0.15
21630,8603,87,2,87.7,0.1
21631,8603,67,3,439.64,0.0
21632,8603,109,3,345.03,0.1
21633,8604,22,3,155.04,0.05
21634,8605,75,2,102.43,0.0
21635,8605,113,4,113.5,0.0
21636,8606,38,4,342.42,0.15
21637,8607,28,4,278.53,0.15
21638,8607,66,4,325.89,0.0
21639,8608,89,2,156.62,0.0
21640,8608,22,4,155.04,0.05
21641,8608,46,4,429.96,0.0
21642,8608,44,2,155.05,0.0
21643,8609,57,2,359.66,0.15
21644,8609,115,1,191.72,0.0
21645,8609,50,1,641.98,0.05
21646,8609,36,5,461.97,0.0
21647,8610,3,3,400.77,0.0
21648,8610,15,4,434.83,0.0
21649,8610,41,3,466.15,0.15
21650,8610,103,1,415.47,0.0
21651,8611,4,2,538.06,0.1
21652,8612,111,3,220.69,0.15
21653,8612,46,4,429.96,0.0
21654,8613,4,2,538.06,0.05
21655,8613,88,4,217.75,0.1
21656,8614,60,2,765.19,0.0
21657,8614,54,3,589.22,0.0
21658,8615,93,2,96.97,0.0
21659,8615,83,3,229.64,0.0
21660,8615,50,5,641.98,0.0
21661,8615,104,4,497.51,0.0
21662,8616,99,1,654.14,0.0
21663,8616,113,5,113.5,0.0
21664,8616,7,1,342.91,0.1
21665,8616,54,5,589.22,0.1
21666,8617,9,3,566.94,0.0
21667,8617,11,3,431.92,0.05
21668,8617,40,3,246.27,0.0
21669,8618,45,3,124.25,0.0
21670,8618,20,5,344.47,0.0
21671,8619,33,2,596.3,0.0
21672,8619,52,3,119.81,0.1
21673,8620,52,2,119.81,0.0
21674,8621,24,4,576.43,0.1
21675,8621,79,5,353.32,0.1
21676,8622,80,5,334.64,0.0
21677,8622,22,5,155.04,0.1
21678,8622,119,4,181.96,0.0
21679,8623,94,3,357.14,0.05
21680,8624,13,4,546.51,0.05
21681,8624,41,4,466.15,0.05
21682,8624,81,2,472.42,0.0
21683,8625,96,5,261.53,0.0
21684,8625,89,4,156.62,0.05
21685,8626,6,1,148.07,0.05
21686,8627,35,2,368.74,0.05
21687,8627,6,2,148.07,0.15
21688,8627,51,1,592.49,0.1
21689,8628,71,2,298.03,0.05
21690,8628,54,5,589.22,0.05
21691,8628,80,2,334.64,0.1
21692,8629,93,3,96.97,0.0
21693,8629,65,5,775.34,0.05
21694,8629,94,3,357.14,0.0
21695,8630,6,2,148.07,0.05
21696,8630,43,3,487.39,0.0
21697,8630,91,4,111.41,0.0
21698,8631,51,5,592.49,0.1
21699,8631,46,2,429.96,0.0
21700,8632,72,1,417.09,0.15
21701,8632,17,3,335.91,0.0
21702,8632,50,5,641.98,0.15
21703,8633,58,2,421.43,0.15
21704,8633,116,3,151.15,0.1
21705,8633,99,5,654.14,0.0
21706,8633,119,5,181.96,0.1
21707,8634,62,3,455.65,0.1
21708,8634,34,1,269.02,0.0
21709,8634,16,3,337.82,0.05
21710,8634,71,3,298.03,0.0
21711,8635,13,5,546.51,0.1
21712,8636,77,3,20.71,0.15
21713,8636,109,1,345.03,0.05
21714,8636,115,1,191.72,0.1
21715,8637,86,1,508.15,0.0
21716,8638,38,5,342.42,0.15
21717,8639,111,3,220.69,0.0
21718,8639,60,1,765.19,0.15
21719,8639,28,1,278.53,0.0
21720,8639,46,5,429.96,0.0
21721,8640,101,2,530.68,0.15
21722,8641,61,4,610.85,0.0
21723,8641,25,4,424.49,0.0
21724,8641,91,5,111.41,0.15
21725,8641,49,5,224.05,0.0
21726,8642,71,4,298.03,0.0
21727,8642,99,1,654.14,0.15
21728,8643,106,2,293.96,0.1
21729,8643,6,1,148.07,0.05
21730,8643,115,5,191.72,0.05
21731,8644,51,1,592.49,0.15
21732,8644,32,1,527.45,0.0
21733,8645,88,4,217.75,0.0
21734,8645,60,4,765.19,0.15
21735,8645,20,2,344.47,0.05
21736,8646,57,3,359.66,0.0
21737,8646,58,5,421.43,0.1
21738,8646,68,1,187.83,0.05
21739,8647,10,4,358.28,0.0
21740,8647,35,4,368.74,0.1
21741,8648,61,1,610.85,0.05
21742,8648,54,5,589.22,0.0
21743,8649,17,5,335.91,0.0
21744,8649,109,1,345.03,0.1
21745,8649,75,2,102.43,0.0
21746,8649,68,4,187.83,0.1
21747,8650,112,1,530.6,0.05
21748,8651,98,3,387.36,0.0
21749,8651,106,2,293.96,0.0
21750,8651,109,5,345.03,0.1
21751,8652,62,3,455.65,0.15
21752,8652,5,2,206.39,0.15
21753,8652,49,1,224.05,0.15
21754,8653,47,2,533.66,0.1
21755,8653,15,3,434.83,0.1
21756,8654,93,1,96.97,0.0
21757,8654,63,5,460.08,0.1
21758,8654,106,1,293.96,0.0
21759,8655,104,4,497.51,0.0
21760,8655,62,1,455.65,0.0
21761,8655,96,4,261.53,0.0
21762,8656,5,5,206.39,0.15
21763,8656,91,2,111.41,0.0
21764,8657,72,2,417.09,0.0
21765,8657,14,3,167.56,0.0
21766,8657,61,3,610.85,0.0
21767,8657,95,3,197.03,0.0
21768,8658,118,4,357.13,0.0
21769,8658,29,5,332.87,0.1
21770,8658,23,5,473.03,0.15
21771,8658,3,3,400.77,0.0
21772,8659,91,1,111.41,0.0
21773,8659,93,4,96.97,0.15
21774,8659,31,2,492.63,0.1
21775,8660,114,4,321.32,0.0
21776,8660,29,2,332.87,0.0
21777,8661,71,3,298.03,0.1
21778,8662,101,2,530.68,0.1
21779,8662,15,2,434.83,0.1
21780,8662,33,3,596.3,0.0
21781,8663,25,2,424.49,0.0
21782,8663,91,4,111.41,0.0
21783,8663,24,3,576.43,0.15
21784,8664,61,3,610.85,0.05
21785,8664,48,1,688.65,0.05
21786,8665,21,4,128.96,0.0
21787,8665,51,3,592.49,0.0
21788,8666,66,3,325.89,0.15
21789,8666,56,2,701.89,0.0
21790,8666,5,4,206.39,0.15
21791,8667,19,1,236.74,0.1
21792,8667,48,2,688.65,0.0
21793,8667,54,3,589.22,0.05
21794,8667,26,4,283.16,0.1
21795,8668,117,2,97.33,0.15
21796,8669,101,3,530.68,0.0
21797,8669,8,1,230.66,0.0
21798,8669,112,5,530.6,0.0
21799,8670,17,5,335.91,0.15
21800,8670,70,1,477.56,0.05
21801,8671,30,1,474.66,0.0
21802,8671,44,1,155.05,0.0
21803,8672,110,3,551.82,0.0
21804,8672,116,1,151.15,0.15
21805,8672,25,3,424.49,0.0
21806,8672,26,2,283.16,0.1
21807,8673,98,3,387.36,0.1
21808,8673,62,2,455.65,0.0
21809,8674,119,3,181.96,0.15
21810,8674,78,4,496.95,0.05
21811,8674,107,3,70.69,0.15
21812,8675,34,1,269.02,0.05
21813,8676,61,3,610.85,0.15
21814,8676,98,3,387.36,0.0
21815,8676,97,4,140.58,0.1
21816,8676,12,1,665.95,0.0
21817,8677,119,2,181.96,0.0
21818,8677,112,1,530.6,0.15
21819,8677,56,3,701.89,0.05
21820,8677,20,2,344.47,0.0
21821,8678,69,5,199.67,0.0
21822,8678,38,2,342.42,0.0
21823,8679,101,3,530.68,0.15
21824,8679,80,2,334.64,0.0
21825,8680,67,4,439.64,0.0
21826,8680,80,3,334.64,0.05
21827,8680,91,1,111.41,0.05
21828,8681,32,3,527.45,0.0
21829,8682,76,5,544.8,0.15
21830,8682,67,3,439.64,0.1
21831,8683,112,3,530.6,0.15
21832,8683,62,1,455.65,0.1
21833,8684,65,3,775.34,0.0
21834,8684,19,2,236.74,0.1
21835,8684,12,2,665.95,0.05
21836,8685,86,4,508.15,0.0
21837,8685,11,2,431.92,0.0
21838,8685,56,2,701.89,0.15
21839,8685,42,1,506.69,0.1
21840,8686,49,1,224.05,0.0
21841,8687,8,5,230.66,0.0
21842,8687,12,1,665.95,0.0
21843,8688,92,5,473.15,0.0
21844,8688,60,2,765.19,0.05
21845,8688,62,1,455.65,0.05
21846,8689,10,5,358.28,0.15
21847,8689,85,3,294.43,0.0
21848,8690,44,1,155.05,0.0
21849,8690,8,5,230.66,0.0
21850,8690,119,4,181.96,0.15
21851,8691,90,4,250.98,0.0
21852,8691,39,4,435.88,0.0
21853,8691,117,3,97.33,0.0
21854,8692,19,5,236.74,0.1
21855,8692,80,4,334.64,0.0
21856,8693,24,4,576.43,0.0
21857,8693,75,1,102.43,0.1
21858,8693,10,3,358.28,0.0
21859,8694,100,3,192.03,0.0
21860,8694,114,3,321.32,0.15
21861,8694,104,2,497.51,0.0
21862,8695,104,5,497.51,0.15
21863,8696,98,2,387.36,0.0
21864,8696,85,3,294.43,0.15
21865,8696,58,3,421.43,0.0
21866,8696,35,1,368.74,0.15
21867,8697,62,2,455.65,0.0
21868,8697,13,2,546.51,0.0
21869,8697,15,4,434.83,0.0
21870,8698,97,1,140.58,0.05
21871,8698,15,1,434.83,0.05
21872,8699,3,4,400.77,0.0
21873,8699,59,2,189.03,0.0
21874,8700,43,1,487.39,0.15
21875,8700,102,2,268.48,0.0
21876,8700,84,5,233.29,0.15
21877,8700,26,1,283.16,0.15
21878,8701,3,1,400.77,0.1
21879,8702,5,4,206.39,0.1
21880,8702,83,5,229.64,0.1
21881,8702,47,2,533.66,0.05
21882,8702,99,3,654.14,0.0
21883,8703,67,1,439.64,0.05
21884,8704,25,3,424.49,0.0
21885,8704,27,1,50.29,0.0
21886,8705,73,1,693.24,0.05
21887,8706,14,4,167.56,0.0
21888,8706,53,2,90.14,0.15
21889,8706,86,1,508.15,0.0
21890,8707,87,4,87.7,0.0
21891,8708,70,3,477.56,0.0
21892,8708,98,5,387.36,0.05
21893,8708,24,4,576.43,0.0
21894,8709,116,3,151.15,0.1
21895,8709,28,4,278.53,0.1
21896,8709,53,4,90.14,0.1
21897,8709,81,5,472.42,0.0
21898,8710,3,2,400.77,0.05
21899,8710,64,4,433.42,0.0
21900,8710,104,3,497.51,0.05
21901,8710,114,5,321.32,0.0
21902,8711,25,1,424.49,0.05
21903,8711,102,3,268.48,0.1
21904,8711,16,5,337.82,0.0
21905,8712,97,1,140.58,0.0
21906,8713,23,5,473.03,0.0
21907,8713,97,3,140.58,0.05
21908,8713,35,3,368.74,0.15
21909,8713,36,2,461.97,0.0
21910,8714,38,2,342.42,0.15
21911,8715,5,5,206.39,0.15
21912,8715,76,2,544.8,0.0
21913,8715,63,5,460.08,0.05
21914,8716,12,4,665.95,0.0
21915,8716,82,5,382.23,0.0
21916,8716,5,4,206.39,0.05
21917,8716,16,4,337.82,0.0
21918,8717,92,5,473.15,0.0
21919,8717,72,5,417.09,0.0
21920,8717,89,3,156.62,0.0
21921,8717,11,5,431.92,0.0
21922,8718,69,4,199.67,0.0
21923,8718,65,5,775.34,0.0
21924,8718,101,5,530.68,0.0
21925,8719,94,1,357.14,0.0
21926,8719,15,4,434.83,0.1
21927,8720,45,4,124.25,0.1
21928,8720,91,4,111.41,0.05
21929,8720,47,1,533.66,0.05
21930,8720,28,4,278.53,0.15
21931,8721,34,3,269.02,0.1
21932,8721,17,3,335.91,0.0
21933,8721,119,3,181.96,0.05
21934,8721,116,4,151.15,0.0
21935,8722,91,3,111.41,0.05
21936,8722,93,4,96.97,0.0
21937,8723,10,3,358.28,0.1
21938,8723,103,1,415.47,0.15
21939,8723,42,1,506.69,0.1
21940,8724,72,4,417.09,0.0
21941,8724,116,3,151.15,0.0
21942,8724,7,5,342.91,0.15
21943,8724,25,4,424.49,0.0
21944,8725,110,2,551.82,0.1
21945,8725,90,2,250.98,0.05
21946,8725,3,3,400.77,0.0
21947,8726,80,5,334.64,0.1
21948,8727,9,4,566.94,0.05
21949,8727,82,1,382.23,0.1
21950,8727,89,4,156.62,0.0
21951,8727,78,2,496.95,0.15
21952,8728,63,3,460.08,0.1
21953,8728,29,3,332.87,0.1
21954,8728,30,4,474.66,0.05
21955,8729,119,3,181.96,0.0
21956,8729,19,5,236.74,0.05
21957,8729,113,5,113.5,0.0
21958,8729,92,5,473.15,0.0
21959,8730,89,1,156.62,0.0
21960,8730,10,3,358.28,0.1
21961,8731,95,1,197.03,0.1
21962,8732,74,1,259.9,0.05
21963,8732,100,5,192.03,0.0
21964,8732,109,1,345.03,0.1
21965,8732,58,1,421.43,0.0
21966,8733,59,4,189.03,0.0
21967,8733,57,5,359.66,0.1
21968,8733,33,4,596.3,0.05
21969,8734,46,5,429.96,0.15
21970,8734,111,2,220.69,0.0
21971,8734,20,3,344.47,0.0
21972,8734,108,5,564.18,0.15
21973,8735,49,1,224.05,0.15
21974,8735,7,3,342.91,0.0
21975,8735,81,4,472.42,0.1
21976,8736,110,2,551.82,0.0
21977,8737,108,2,564.18,0.15
21978,8738,58,2,421.43,0.0
21979,8738,45,5,124.25,0.1
21980,8738,31,5,492.63,0.0
21981,8738,33,2,596.3,0.1
21982,8739,28,4,278.53,0.0
21983,8740,13,4,546.51,0.0
21984,8741,47,3,533.66,0.0
21985,8741,18,3,774.6,0.0
21986,8742,61,4,610.85,0.0
21987,8742,65,5,775.34,0.1
21988,8742,38,2,342.42,0.05
21989,8742,92,5,473.15,0.0
21990,8743,44,5,155.05,0.1
21991,8744,82,3,382.23,0.05
21992,8744,92,5,473.15,0.0
21993,8744,47,1,533.66,0.0
21994,8744,101,3,530.68,0.05
21995,8745,75,3,102.43,0.15
21996,8746,89,5,156.62,0.15
21997,8746,110,2,551.82,0.0
21998,8746,58,4,421.43,0.0
21999,8746,61,1,610.85,0.15
22000,8747,39,5,435.88,0.15
22001,8747,97,3,140.58,0.15
22002,8747,116,3,151.15,0.0
22003,8747,27,3,50.29,0.0
22004,8748,62,4,455.65,0.05
22005,8748,93,5,96.97,0.15
22006,8748,119,1,181.96,0.0
22007,8749,74,2,259.9,0.0
22008,8749,73,4,693.24,0.0
22009,8749,65,3,775.34,0.05
22010,8749,102,5,268.48,0.0
22011,8750,104,4,497.51,0.0
22012,8750,34,4,269.02,0.15
22013,8750,73,3,693.24,0.05
22014,8751,107,3,70.69,0.0
22015,8751,2,5,225.66,0.15
22016,8751,120,2,437.18,0.1
22017,8751,79,3,353.32,0.0
22018,8752,108,3,564.18,0.0
22019,8752,95,5,197.03,0.0
22020,8752,33,3,596.3,0.0
22021,8753,21,2,128.96,0.0
22022,8754,61,4,610.85,0.0
22023,8754,88,3,217.75,0.0
22024,8754,75,4,102.43,0.05
22025,8754,107,2,70.69,0.15
22026,8755,30,2,474.66,0.05
22027,8755,108,1,564.18,0.15
22028,8755,44,1,155.05,0.1
22029,8756,33,2,596.3,0.0
22030,8757,66,1,325.89,0.0
22031,8757,23,2,473.03,0.1
22032,8757,93,3,96.97,0.1
22033,8758,89,1,156.62,0.05
22034,8758,108,2,564.18,0.0
22035,8759,116,4,151.15,0.05
22036,8759,56,5,701.89,0.1
22037,8759,92,5,473.15,0.05
22038,8760,113,1,113.5,0.05
22039,8760,6,3,148.07,0.0
22040,8760,48,1,688.65,0.05
22041,8761,56,4,701.89,0.1
22042,8761,70,1,477.56,0.0
22043,8761,34,1,269.02,0.0
22044,8761,103,5,415.47,0.15
22045,8762,113,1,113.5,0.0
22046,8762,99,5,654.14,0.1
22047,8763,9,1,566.94,0.05
22048,8763,77,4,20.71,0.0
22049,8764,82,2,382.23,0.0
22050,8764,73,4,693.24,0.15
22051,8765,43,3,487.39,0.0
22052,8765,120,2,437.18,0.0
22053,8765,7,3,342.91,0.0
22054,8766,35,2,368.74,0.1
22055,8766,15,1,434.83,0.0
22056,8767,101,4,530.68,0.0
22057,8767,104,4,497.51,0.0
22058,8767,12,1,665.95,0.15
22059,8768,59,3,189.03,0.1
22060,8769,120,4,437.18,0.15
22061,8769,89,2,156.62,0.0
22062,8770,103,3,415.47,0.1
22063,8770,79,1,353.32,0.05
22064,8770,76,3,544.8,0.15
22065,8770,61,5,610.85,0.0
22066,8771,13,3,546.51,0.15
22067,8771,6,2,148.07,0.05
22068,8771,30,3,474.66,0.05
22069,8772,76,3,544.8,0.0
22070,8772,42,4,506.69,0.0
22071,8772,67,2,439.64,0.0
22072,8772,107,2,70.69,0.0
22073,8773,26,5,283.16,0.0
22074,8773,101,4,530.68,0.0
22075,8773,3,3,400.77,0.15
22076,8774,59,5,189.03,0.0
22077,8774,62,3,455.65,0.0
22078,8775,44,2,155.05,0.15
22079,8775,96,5,261.53,0.05
22080,8775,8,5,230.66,0.0
22081,8776,54,5,589.22,0.1
22082,8776,103,2,415.47,0.0
22083,8777,51,4,592.49,0.1
22084,8777,26,4,283.16,0.0
22085,8777,10,4,358.28,0.05
22086,8777,119,3,181.96,0.0
22087,8778,68,4,187.83,0.1
22088,8778,107,4,70.69,0.0
22089,8778,63,1,460.08,0.05
22090,8779,20,4,344.47,0.1
22091,8779,56,4,701.89,0.0
22092,8779,55,3,143.78,0.15
22093,8780,120,5,437.18,0.05
22094,8780,15,4,434.83,0.0
22095,8780,68,5,187.83,0.0
22096,8780,42,5,506.69,0.15
22097,8781,60,3,765.19,0.05
22098,8781,49,1,224.05,0.0
22099,8781,56,4,701.89,0.1
22100,8782,74,4,259.9,0.05
22101,8783,9,5,566.94,0.0
22102,8783,111,4,220.69,0.05
22103,8783,3,2,400.77,0.1
22104,8783,51,2,592.49,0.1
22105,8784,89,4,156.62,0.0
22106,8784,101,2,530.68,0.0
22107,8784,74,1,259.9,0.0
22108,8784,48,3,688.65,0.0
22109,8785,47,2,533.66,0.0
22110,8785,93,5,96.97,0.0
22111,8786,110,1,551.82,0.05
22112,8787,99,4,654.14,0.0
22113,8787,105,1,161.35,0.0
22114,8787,84,3,233.29,0.15
22115,8788,52,2,119.81,0.0
22116,8788,31,2,492.63,0.15
22117,8789,25,2,424.49,0.1
22118,8789,31,3,492.63,0.0
22119,8789,103,1,415.47,0.1
22120,8789,30,5,474.66,0.0
22121,8790,33,2,596.3,0.0
22122,8790,68,2,187.83,0.0
22123,8790,37,4,678.06,0.0
22124,8790,23,2,473.03,0.0
22125,8791,64,5,433.42,0.1
22126,8791,44,4,155.05,0.1
22127,8791,33,4,596.3,0.0
22128,8791,57,4,359.66,0.0
22129,8792,8,1,230.66,0.15
22130,8792,10,1,358.28,0.1
22131,8793,114,1,321.32,0.0
22132,8794,6,4,148.07,0.0
22133,8794,120,5,437.18,0.0
22134,8795,94,4,357.14,0.0
22135,8795,90,2,250.98,0.0
22136,8796,67,3,439.64,0.15
22137,8796,86,2,508.15,0.0
22138,8796,110,1,551.82,0.0
22139,8797,103,2,415.47,0.0
22140,8797,112,5,530.6,0.15
22141,8798,53,5,90.14,0.0
22142,8798,17,3,335.91,0.0
22143,8799,115,1,191.72,0.1
22144,8799,100,3,192.03,0.15
22145,8799,45,1,124.25,0.1
22146,8800,110,2,551.82,0.0
22147,8800,8,1,230.66,0.0
22148,8800,19,1,236.74,0.15
22149,8800,48,2,688.65,0.15
22150,8801,102,3,268.48,0.15
22151,8801,99,1,654.14,0.1
22152,8802,69,4,199.67,0.0
22153,8802,64,1,433.42,0.1
22154,8803,6,4,148.07,0.0
22155,8804,43,1,487.39,0.0
22156,8804,47,4,533.66,0.15
22157,8804,42,3,506.69,0.15
22158,8804,116,3,151.15,0.0
22159,8805,32,3,527.45,0.15
22160,8806,109,5,345.03,0.0
22161,8806,42,1,506.69,0.0
22162,8807,118,3,357.13,0.1
22163,8807,12,1,665.95,0.15
22164,8807,107,2,70.69,0.0
22165,8808,115,5,191.72,0.05
22166,8808,30,3,474.66,0.1
22167,8809,37,5,678.06,0.0
22168,8809,5,1,206.39,0.0
22169,8809,98,4,387.36,0.0
22170,8809,38,5,342.42,0.0
22171,8810,64,4,433.42,0.0
22172,8810,18,1,774.6,0.0
22173,8811,46,1,429.96,0.05
22174,8811,62,5,455.65,0.1
22175,8811,67,4,439.64,0.0
22176,8812,112,3,530.6,0.1
22177,8812,27,1,50.29,0.0
22178,8812,26,3,283.16,0.0
22179,8812,8,3,230.66,0.1
22180,8813,90,4,250.98,0.0
22181,8813,9,2,566.94,0.0
22182,8813,42,4,506.69,0.0
22183,8814,14,1,167.56,0.0
22184,8815,64,3,433.42,0.0
22185,8815,109,2,345.03,0.0
22186,8815,42,2,506.69,0.0
22187,8815,10,2,358.28,0.0
22188,8816,84,1,233.29,0.15
22189,8816,61,4,610.85,0.05
22190,8816,33,1,596.3,0.05
22191,8817,84,4,233.29,0.15
22192,8817,13,5,546.51,0.05
22193,8818,79,3,353.32,0.15
22194,8819,101,2,530.68,0.0
22195,8819,68,3,187.83,0.0
22196,8820,8,2,230.66,0.15
22197,8820,99,3,654.14,0.0
22198,8820,58,2,421.43,0.1
22199,8820,40,2,246.27,0.15
22200,8821,46,4,429.96,0.15
22201,8821,2,4,225.66,0.05
22202,8822,80,1,334.64,0.15
22203,8822,100,3,192.03,0.15
22204,8822,53,1,90.14,0.0
22205,8823,54,2,589.22,0.0
22206,8823,93,3,96.97,0.0
22207,8823,7,2,342.91,0.0
22208,8823,94,5,357.14,0.1
22209,8824,96,4,261.53,0.15
22210,8824,76,3,544.8,0.0
22211,8824,66,5,325.89,0.0
22212,8825,78,4,496.95,0.0
22213,8825,108,4,564.18,0.15
22214,8826,118,3,357.13,0.1
22215,8826,120,4,437.18,0.0
22216,8827,26,2,283.16,0.0
22217,8827,86,4,508.15,0.0
22218,8827,17,5,335.91,0.05
22219,8828,15,1,434.83,0.05
22220,8828,2,1,225.66,0.15
22221,8828,68,1,187.83,0.1
22222,8828,23,4,473.03,0.05
22223,8829,70,1,477.56,0.0
22224,8829,19,4,236.74,0.15
22225,8829,41,1,466.15,0.0
22226,8830,65,1,775.34,0.05
22227,8830,32,1,527.45,0.15
22228,8831,60,4,765.19,0.0
22229,8831,44,4,155.05,0.1
22230,8831,3,1,400.77,0.0
22231,8831,66,1,325.89,0.1
22232,8832,111,5,220.69,0.05
22233,8832,33,2,596.3,0.0
22234,8832,76,2,544.8,0.0
22235,8833,116,4,151.15,0.1
22236,8833,70,4,477.56,0.05
22237,8834,55,3,143.78,0.05
22238,8834,30,2,474.66,0.0
22239,8834,6,2,148.07,0.05
22240,8834,99,3,654.14,0.15
22241,8835,24,2,576.43,0.1
22242,8836,49,3,224.05,0.05
22243,8836,11,5,431.92,0.1
22244,8836,25,2,424.49,0.0
22245,8837,116,3,151.15,0.0
22246,8837,66,4,325.89,0.0
22247,8837,72,1,417.09,0.0
22248,8837,71,4,298.03,0.1
22249,8838,113,2,113.5,0.15
22250,8838,27,2,50.29,0.1
22251,8838,66,5,325.89,0.1
22252,8839,52,1,119.81,0.1
22253,8839,77,4,20.71,0.1
22254,8839,92,2,473.15,0.1
22255,8839,88,1,217.75,0.1
22256,8840,99,1,654.14,0.1
22257,8840,73,1,693.24,0.0
22258,8841,2,4,225.66,0.0
22259,8842,27,4,50.29,0.15
22260,8842,43,3,487.39,0.15
22261,8842,73,1,693.24,0.05
22262,8843,80,4,334.64,0.05
22263,8843,64,2,433.42,0.1
22264,8844,84,4,233.29,0.05
22265,8844,22,2,155.04,0.0
22266,8844,79,1,353.32,0.0
22267,8844,118,2,357.13,0.0
22268,8845,62,4,455.65,0.15
22269,8845,108,2,564.18,0.15
22270,8845,55,2,143.78,0.15
22271,8846,54,1,589.22,0.1
22272,8846,47,4,533.66,0.1
22273,8846,42,2,506.69,0.05
22274,8846,26,3,283.16,0.0
22275,8847,29,4,332.87,0.0
22276,8847,15,3,434.83,0.15
22277,8847,81,1,472.42,0.15
22278,8848,109,4,345.03,0.0
22279,8848,1,4,250.67,0.1
22280,8848,81,5,472.42,0.15
22281,8849,74,2,259.9,0.15
22282,8849,33,1,596.3,0.0
22283,8850,66,1,325.89,0.1
22284,8851,78,3,496.95,0.15
22285,8851,9,2,566.94,0.15
22286,8851,63,4,460.08,0.0
22287,8851,106,4,293.96,0.1
22288,8852,118,3,357.13,0.0
22289,8852,113,5,113.5,0.05
22290,8853,27,4,50.29,0.0
22291,8854,97,2,140.58,0.05
22292,8855,26,1,283.16,0.0
22293,8855,105,3,161.35,0.0
22294,8855,79,4,353.32,0.15
22295,8855,104,2,497.51,0.1
22296,8856,114,3,321.32,0.0
22297,8856,110,3,551.82,0.05
22298,8856,3,4,400.77,0.0
22299,8857,75,5,102.43,0.0
22300,8857,30,3,474.66,0.0
22301,8857,66,5,325.89,0.0
22302,8858,45,5,124.25,0.1
22303,8858,56,3,701.89,0.05
22304,8859,111,2,220.69,0.05
22305,8859,97,1,140.58,0.0
22306,8859,50,3,641.98,0.15
22307,8859,38,1,342.42,0.0
22308,8860,62,2,455.65,0.05
22309,8860,43,2,487.39,0.0
22310,8860,25,4,424.49,0.1
22311,8860,5,5,206.39,0.0
22312,8861,77,2,20.71,0.0
22313,8861,73,3,693.24,0.05
22314,8861,103,4,415.47,0.0
22315,8861,109,2,345.03,0.0
22316,8862,9,3,566.94,0.0
22317,8862,25,3,424.49,0.0
22318,8862,85,1,294.43,0.0
22319,8862,81,3,472.42,0.05
22320,8863,97,4,140.58,0.0
22321,8863,92,3,473.15,0.0
22322,8863,91,3,111.41,0.0
22323,8864,71,2,298.03,0.0
22324,8864,8,2,230.66,0.0
22325,8864,85,5,294.43,0.05
22326,8865,8,1,230.66,0.0
22327,8865,113,3,113.5,0.0
22328,8865,67,2,439.64,0.0
22329,8865,34,2,269.02,0.05
22330,8866,72,4,417.09,0.05
22331,8866,90,4,250.98,0.05
22332,8867,27,5,50.29,0.0
22333,8867,117,5,97.33,0.15
22334,8868,70,1,477.56,0.05
22335,8868,64,1,433.42,0.15
22336,8868,39,2,435.88,0.05
22337,8869,17,1,335.91,0.0
22338,8869,98,5,387.36,0.0
22339,8870,12,4,665.95,0.05
22340,8870,21,4,128.96,0.0
22341,8871,80,5,334.64,0.15
22342,8871,92,2,473.15,0.05
22343,8872,43,3,487.39,0.0
22344,8872,71,4,298.03,0.15
22345,8872,16,3,337.82,0.0
22346,8872,111,1,220.69,0.05
22347,8873,91,1,111.41,0.15
22348,8873,3,5,400.77,0.0
22349,8874,40,4,246.27,0.0
22350,8875,18,5,774.6,0.1
22351,8875,120,3,437.18,0.15
22352,8876,102,3,268.48,0.0
22353,8876,119,3,181.96,0.05
22354,8876,114,5,321.32,0.15
22355,8876,14,3,167.56,0.0
22356,8877,47,2,533.66,0.0
22357,8877,38,2,342.42,0.0
22358,8878,75,2,102.43,0.0
22359,8879,91,3,111.41,0.0
22360,8880,59,1,189.03,0.0
22361,8881,69,3,199.67,0.0
22362,8881,57,3,359.66,0.1
22363,8881,86,2,508.15,0.0
22364,8882,104,3,497.51,0.1
22365,8883,33,3,596.3,0.15
22366,8884,114,4,321.32,0.0
22367,8885,9,4,566.94,0.15
22368,8885,96,4,261.53,0.15
22369,8885,119,4,181.96,0.1
22370,8885,33,3,596.3,0.1
22371,8886,108,4,564.18,0.05
22372,8886,88,5,217.75,0.0
22373,8886,51,5,592.49,0.05
22374,8887,32,2,527.45,0.05
22375,8887,72,3,417.09,0.1
22376,8887,94,2,357.14,0.0
22377,8887,78,5,496.95,0.15
22378,8888,89,4,156.62,0.0
22379,8889,93,5,96.97,0.05
22380,8889,104,1,497.51,0.15
22381,8889,32,3,527.45,0.0
22382,8890,6,3,148.07,0.0
22383,8890,77,5,20.71,0.1
22384,8890,5,5,206.39,0.1
22385,8891,33,4,596.3,0.05
22386,8891,38,3,342.42,0.0
22387,8891,23,5,473.03,0.05
22388,8892,107,2,70.69,0.0
22389,8892,38,2,342.42,0.0
22390,8892,76,1,544.8,0.05
22391,8892,31,2,492.63,0.0
22392,8893,113,1,113.5,0.15
22393,8894,74,4,259.9,0.0
22394,8894,11,4,431.92,0.15
22395,8895,74,1,259.9,0.0
22396,8895,10,4,358.28,0.0
22397,8895,66,5,325.89,0.1
22398,8896,74,5,259.9,0.0
22399,8896,113,4,113.5,0.1
22400,8896,33,3,596.3,0.05
22401,8896,105,1,161.35,0.0
22402,8897,92,4,473.15,0.0
22403,8897,12,2,665.95,0.0
22404,8898,78,3,496.95,0.0
22405,8898,4,1,538.06,0.0
22406,8898,120,1,437.18,0.05
22407,8898,32,2,527.45,0.1
22408,8899,45,2,124.25,0.0
22409,8899,42,2,506.69,0.15
22410,8899,58,2,421.43,0.0
22411,8899,4,5,538.06,0.15
22412,8900,93,4,96.97,0.0
22413,8900,117,1,97.33,0.05
22414,8900,77,1,20.71,0.1
22415,8901,105,3,161.35,0.05
22416,8901,57,1,359.66,0.05
22417,8902,46,1,429.96,0.1
22418,8902,67,4,439.64,0.1
22419,8902,111,3,220.69,0.05
22420,8903,100,5,192.03,0.1
22421,8903,68,2,187.83,0.15
22422,8903,48,3,688.65,0.1
22423,8904,34,2,269.02,0.15
22424,8905,67,1,439.64,0.0
22425,8905,88,1,217.75,0.0
22426,8905,26,1,283.16,0.1
22427,8905,53,4,90.14,0.0
22428,8906,46,3,429.96,0.0
22429,8907,70,1,477.56,0.15
22430,8907,24,2,576.43,0.05
22431,8907,62,2,455.65,0.0
22432,8908,36,2,461.97,0.0
22433,8908,101,3,530.68,0.0
22434,8908,38,4,342.42,0.0
22435,8908,22,4,155.04,0.0
22436,8909,3,5,400.77,0.15
22437,8909,47,2,533.66,0.1
22438,8909,78,4,496.95,0.05
22439,8909,9,4,566.94,0.0
22440,8910,108,2,564.18,0.0
22441,8911,23,5,473.03,0.0
22442,8912,36,1,461.97,0.1
22443,8912,89,1,156.62,0.0
22444,8912,66,4,325.89,0.0
22445,8912,19,1,236.74,0.05
22446,8913,20,1,344.47,0.15
22447,8913,35,4,368.74,0.0
22448,8913,96,3,261.53,0.0
22449,8913,38,5,342.42,0.1
22450,8914,103,4,415.47,0.0
22451,8914,96,2,261.53,0.05
22452,8915,118,4,357.13,0.0
22453,8915,68,2,187.83,0.0
22454,8915,20,5,344.47,0.05
22455,8916,54,2,589.22,0.0
22456,8916,78,5,496.95,0.0
22457,8916,66,5,325.89,0.0
22458,8917,111,2,220.69,0.1
22459,8917,84,1,233.29,0.0
22460,8917,119,3,181.96,0.05
22461,8917,45,4,124.25,0.1
22462,8918,48,5,688.65,0.0
22463,8918,110,1,551.82,0.0
22464,8918,61,5,610.85,0.0
22465,8919,60,2,765.19,0.15
22466,8919,30,2,474.66,0.15
22467,8919,104,3,497.51,0.0
22468,8919,14,3,167.56,0.0
22469,8920,20,5,344.47,0.05
22470,8920,24,4,576.43,0.15
22471,8920,28,3,278.53,0.0
22472,8921,117,4,97.33,0.15
22473,8921,18,2,774.6,0.05
22474,8921,30,1,474.66,0.1
22475,8921,109,2,345.03,0.15
22476,8922,58,1,421.43,0.05
22477,8922,107,5,70.69,0.05
22478,8922,48,3,688.65,0.0
22479,8923,112,2,530.6,0.1
22480,8923,53,4,90.14,0.0
22481,8923,82,4,382.23,0.1
22482,8924,72,4,417.09,0.0
22483,8925,53,2,90.14,0.0
22484,8925,52,3,119.81,0.0
22485,8926,23,3,473.03,0.0
22486,8926,99,4,654.14,0.15
22487,8926,78,4,496.95,0.1
22488,8926,12,2,665.95,0.15
22489,8927,43,1,487.39,0.15
22490,8928,90,1,250.98,0.0
22491,8928,79,1,353.32,0.05
22492,8928,31,3,492.63,0.0
22493,8929,71,3,298.03,0.0
22494,8929,86,2,508.15,0.0
22495,8929,90,3,250.98,0.1
22496,8929,80,1,334.64,0.05
22497,8930,23,4,473.03,0.15
22498,8931,104,5,497.51,0.0
22499,8931,52,2,119.81,0.1
22500,8931,81,3,472.42,0.1
22501,8931,66,2,325.89,0.1
22502,8932,93,5,96.97,0.0
22503,8932,74,2,259.9,0.15
22504,8932,6,1,148.07,0.15
22505,8933,91,4,111.41,0.15
22506,8934,79,4,353.32,0.0
22507,8934,94,3,357.14,0.0
22508,8934,109,1,345.03,0.0
22509,8935,47,4,533.66,0.0
22510,8935,117,3,97.33,0.0
22511,8936,53,5,90.14,0.05
22512,8936,16,3,337.82,0.0
22513,8936,109,2,345.03,0.0
22514,8936,85,4,294.43,0.1
22515,8937,11,5,431.92,0.15
22516,8937,77,1,20.71,0.0
22517,8938,55,1,143.78,0.05
22518,8938,112,4,530.6,0.0
22519,8939,43,5,487.39,0.0
22520,8940,33,4,596.3,0.1
22521,8941,59,5,189.03,0.0
22522,8941,106,3,293.96,0.0
22523,8941,95,2,197.03,0.0
22524,8941,61,1,610.85,0.1
22525,8942,8,2,230.66,0.1
22526,8942,5,3,206.39,0.0
22527,8942,50,3,641.98,0.05
22528,8942,117,5,97.33,0.0
22529,8943,95,4,197.03,0.0
22530,8943,62,4,455.65,0.1
22531,8943,104,5,497.51,0.0
22532,8944,88,5,217.75,0.15
22533,8944,17,3,335.91,0.0
22534,8944,115,1,191.72,0.1
22535,8945,51,5,592.49,0.05
22536,8945,71,3,298.03,0.0
22537,8945,10,2,358.28,0.1
22538,8945,107,5,70.69,0.05
22539,8946,106,1,293.96,0.05
22540,8946,73,2,693.24,0.0
22541,8946,111,4,220.69,0.1
22542,8947,77,1,20.71,0.0
22543,8947,55,3,143.78,0.05
22544,8947,45,5,124.25,0.0
22545,8948,66,5,325.89,0.0
22546,8948,114,5,321.32,0.05
22547,8948,33,5,596.3,0.05
22548,8949,38,4,342.42,0.0
22549,8950,13,4,546.51,0.0
22550,8951,13,1,546.51,0.0
22551,8951,102,1,268.48,0.05
22552,8951,28,1,278.53,0.0
22553,8952,75,3,102.43,0.0
22554,8953,111,4,220.69,0.0
22555,8953,51,3,592.49,0.0
22556,8953,78,3,496.95,0.05
22557,8954,37,5,678.06,0.15
22558,8954,120,1,437.18,0.0
22559,8955,97,2,140.58,0.05
22560,8955,88,2,217.75,0.05
22561,8956,87,3,87.7,0.05
22562,8956,34,5,269.02,0.0
22563,8956,25,4,424.49,0.15
22564,8956,60,4,765.19,0.1
22565,8957,112,5,530.6,0.0
22566,8957,71,5,298.03,0.15
22567,8958,28,4,278.53,0.0
22568,8958,27,3,50.29,0.0
22569,8959,88,4,217.75,0.05
22570,8960,98,1,387.36,0.05
22571,8960,111,5,220.69,0.0
22572,8960,110,5,551.82,0.0
22573,8961,110,2,551.82,0.15
22574,8962,49,2,224.05,0.1
22575,8962,109,2,345.03,0.0
22576,8962,55,3,143.78,0.05
22577,8962,116,2,151.15,0.05
22578,8963,23,4,473.03,0.0
22579,8964,4,2,538.06,0.0
22580,8965,72,1,417.09,0.0
22581,8965,69,2,199.67,0.0
22582,8965,2,4,225.66,0.0
22583,8966,20,4,344.47,0.1
22584,8966,7,2,342.91,0.05
22585,8967,16,5,337.82,0.0
22586,8968,27,5,50.29,0.05
22587,8968,64,5,433.42,0.15
22588,8968,99,3,654.14,0.15
22589,8968,120,1,437.18,0.0
22590,8969,80,1,334.64,0.0
22591,8969,28,2,278.53,0.0
22592,8969,11,3,431.92,0.0
22593,8969,87,2,87.7,0.15
22594,8970,90,1,250.98,0.05
22595,8970,104,2,497.51,0.1
22596,8970,110,2,551.82,0.0
22597,8970,44,1,155.05,0.0
22598,8971,104,5,497.51,0.0
22599,8971,14,3,167.56,0.1
22600,8972,113,1,113.5,0.0
22601,8972,92,5,473.15,0.0
22602,8972,96,3,261.53,0.1
22603,8973,99,3,654.14,0.0
22604,8974,86,1,508.15,0.0
22605,8974,115,1,191.72,0.1
22606,8975,2,4,225.66,0.0
22607,8976,55,1,143.78,0.15
22608,8976,48,2,688.65,0.0
22609,8977,105,2,161.35,0.0
22610,8977,36,2,461.97,0.0
22611,8977,33,3,596.3,0.0
22612,8977,43,4,487.39,0.0
22613,8978,20,5,344.47,0.0
22614,8978,10,4,358.28,0.0
22615,8979,92,5,473.15,0.0
22616,8980,5,3,206.39,0.0
22617,8980,42,4,506.69,0.0
22618,8980,113,2,113.5,0.15
22619,8980,71,3,298.03,0.0
22620,8981,18,5,774.6,0.05
22621,8981,56,5,701.89,0.15
22622,8981,72,1,417.09,0.05
22623,8981,14,3,167.56,0.0
22624,8982,69,5,199.67,0.0
22625,8982,58,3,421.43,0.0
22626,8982,109,3,345.03,0.0
22627,8982,116,5,151.15,0.0
22628,8983,48,1,688.65,0.05
22629,8984,39,4,435.88,0.15
22630,8984,111,3,220.69,0.1
22631,8984,115,3,191.72,0.1
22632,8985,18,5,774.6,0.0
22633,8985,43,4,487.39,0.1
22634,8985,38,4,342.42,0.1
22635,8985,112,2,530.6,0.1
22636,8986,71,3,298.03,0.0
22637,8986,60,3,765.19,0.0
22638,8986,68,4,187.83,0.15
22639,8986,47,1,533.66,0.0
22640,8987,55,4,143.78,0.0
22641,8987,70,4,477.56,0.0
22642,8987,113,2,113.5,0.15
22643,8987,84,1,233.29,0.0
22644,8988,116,2,151.15,0.05
22645,8988,1,2,250.67,0.0
22646,8988,65,4,775.34,0.0
22647,8988,16,1,337.82,0.0
22648,8989,61,3,610.85,0.0
22649,8989,5,3,206.39,0.0
22650,8989,100,4,192.03,0.1
22651,8989,112,5,530.6,0.15
22652,8990,97,4,140.58,0.05
22653,8991,48,5,688.65,0.15
22654,8991,84,2,233.29,0.0
22655,8992,117,1,97.33,0.0
22656,8992,63,3,460.08,0.0
22657,8993,15,3,434.83,0.0
22658,8994,15,5,434.83,0.0
22659,8995,89,1,156.62,0.05
22660,8995,63,3,460.08,0.0
22661,8996,14,5,167.56,0.0
22662,8996,25,5,424.49,0.05
22663,8996,18,5,774.6,0.0
22664,8997,89,1,156.62,0.0
22665,8998,37,1,678.06,0.0
22666,8998,91,5,111.41,0.0
22667,8998,21,2,128.96,0.15
22668,8998,27,5,50.29,0.0
22669,8999,75,5,102.43,0.15
22670,8999,116,3,151.15,0.0
22671,8999,26,4,283.16,0.15
22672,8999,35,3,368.74,0.05
22673,9000,76,1,544.8,0.0
22674,9000,103,1,415.47,0.0
22675,9000,74,5,259.9,0.0
22676,9001,30,1,474.66,0.1
22677,9001,55,4,143.78,0.0
22678,9001,7,2,342.91,0.1
22679,9002,17,1,335.91,0.0
22680,9002,100,2,192.03,0.0
22681,9002,71,5,298.03,0.0
22682,9003,10,2,358.28,0.1
22683,9003,30,3,474.66,0.0
22684,9004,58,2,421.43,0.1
22685,9004,10,3,358.28,0.15
22686,9005,1,4,250.67,0.0
22687,9005,35,3,368.74,0.0
22688,9005,19,5,236.74,0.1
22689,9006,32,3,527.45,0.05
22690,9007,17,1,335.91,0.1
22691,9008,39,2,435.88,0.0
22692,9008,94,4,357.14,0.15
22693,9009,119,4,181.96,0.05
22694,9009,110,4,551.82,0.0
22695,9009,78,3,496.95,0.0
22696,9010,85,3,294.43,0.0
22697,9010,11,1,431.92,0.05
22698,9010,41,1,466.15,0.0
22699,9011,97,1,140.58,0.0
22700,9012,76,1,544.8,0.0
22701,9012,83,2,229.64,0.0
22702,9012,22,4,155.04,0.1
22703,9012,18,2,774.6,0.0
22704,9013,5,3,206.39,0.0
22705,9013,85,1,294.43,0.0
22706,9013,34,3,269.02,0.05
22707,9013,65,3,775.34,0.05
22708,9014,61,1,610.85,0.0
22709,9015,14,3,167.56,0.05
22710,9016,109,1,345.03,0.15
22711,9016,113,5,113.5,0.0
22712,9016,78,5,496.95,0.0
22713,9017,81,3,472.42,0.05
22714,9018,19,3,236.74,0.0
22715,9018,32,5,527.45,0.0
22716,9018,45,4,124.25,0.0
22717,9019,35,2,368.74,0.1
22718,9020,97,2,140.58,0.1
22719,9021,47,1,533.66,0.05
22720,9021,65,5,775.34,0.0
22721,9021,88,1,217.75,0.05
22722,9022,10,1,358.28,0.05
22723,9022,57,2,359.66,0.0
22724,9022,8,4,230.66,0.15
22725,9023,109,3,345.03,0.05
22726,9023,45,2,124.25,0.15
22727,9023,72,2,417.09,0.15
22728,9023,3,5,400.77,0.0
22729,9024,72,1,417.09,0.1
22730,9024,118,4,357.13,0.05
22731,9024,65,1,775.34,0.0
22732,9025,56,3,701.89,0.0
22733,9025,57,1,359.66,0.0
22734,9025,28,5,278.53,0.05
22735,9026,3,4,400.77,0.0
22736,9027,41,4,466.15,0.0
22737,9027,68,1,187.83,0.0
22738,9028,24,1,576.43,0.0
22739,9028,32,5,527.45,0.0
22740,9029,3,5,400.77,0.05
22741,9029,7,2,342.91,0.15
22742,9029,11,1,431.92,0.0
22743,9030,58,1,421.43,0.1
22744,9030,37,2,678.06,0.05
22745,9030,56,1,701.89,0.0
22746,9030,7,2,342.91,0.1
22747,9031,109,2,345.03,0.15
22748,9031,11,1,431.92,0.0
22749,9031,97,4,140.58,0.15
22750,9031,100,2,192.03,0.1
22751,9032,65,2,775.34,0.05
22752,9032,63,3,460.08,0.1
22753,9032,71,5,298.03,0.15
22754,9032,67,5,439.64,0.05
22755,9033,115,5,191.72,0.0
22756,9033,117,1,97.33,0.05
22757,9034,15,4,434.83,0.1
22758,9034,90,2,250.98,0.15
22759,9034,73,4,693.24,0.1
22760,9035,114,5,321.32,0.15
22761,9035,76,1,544.8,0.1
22762,9035,29,5,332.87,0.05
22763,9036,3,1,400.77,0.0
22764,9036,9,5,566.94,0.05
22765,9036,114,5,321.32,0.15
22766,9036,95,4,197.03,0.05
22767,9037,19,5,236.74,0.15
22768,9037,9,2,566.94,0.0
22769,9038,2,4,225.66,0.0
22770,9038,47,3,533.66,0.05
22771,9038,66,4,325.89,0.0
22772,9039,110,4,551.82,0.0
22773,9039,84,5,233.29,0.1
22774,9039,52,2,119.81,0.0
22775,9040,74,3,259.9,0.05
22776,9040,120,4,437.18,0.1
22777,9041,89,1,156.62,0.05
22778,9041,100,5,192.03,0.05
22779,9041,45,1,124.25,0.05
22780,9042,76,2,544.8,0.15
22781,9042,59,3,189.03,0.05
22782,9042,47,1,533.66,0.15
22783,9042,97,1,140.58,0.0
22784,9043,67,3,439.64,0.15
22785,9043,69,1,199.67,0.0
22786,9043,82,3,382.23,0.0
22787,9044,14,5,167.56,0.0
22788,9044,43,1,487.39,0.0
22789,9045,9,2,566.94,0.0
22790,9045,118,2,357.13,0.1
22791,9046,43,5,487.39,0.0
22792,9046,111,3,220.69,0.0
22793,9046,45,4,124.25,0.0
22794,9047,17,1,335.91,0.0
22795,9047,60,5,765.19,0.15
22796,9047,51,3,592.49,0.15
22797,9048,120,5,437.18,0.1
22798,9048,83,1,229.64,0.15
22799,9048,49,5,224.05,0.1
22800,9049,77,3,20.71,0.15
22801,9050,101,3,530.68,0.1
22802,9050,120,4,437.18,0.0
22803,9050,111,5,220.69,0.15
22804,9051,34,5,269.02,0.15
22805,9051,85,3,294.43,0.05
22806,9051,38,3,342.42,0.05
22807,9052,77,2,20.71,0.0
22808,9053,73,5,693.24,0.15
22809,9053,29,5,332.87,0.1
22810,9053,22,4,155.04,0.05
22811,9054,11,3,431.92,0.15
22812,9054,49,2,224.05,0.15
22813,9054,113,5,113.5,0.05
22814,9055,109,3,345.03,0.1
22815,9055,36,1,461.97,0.0
22816,9055,47,2,533.66,0.0
22817,9055,33,1,596.3,0.0
22818,9056,95,5,197.03,0.05
22819,9056,19,4,236.74,0.0
22820,9056,32,1,527.45,0.0
22821,9056,117,4,97.33,0.0
22822,9057,78,5,496.95,0.15
22823,9057,39,4,435.88,0.0
22824,9057,83,2,229.64,0.1
22825,9058,104,5,497.51,0.05
22826,9058,41,5,466.15,0.1
22827,9059,107,1,70.69,0.15
22828,9059,114,2,321.32,0.0
22829,9060,64,4,433.42,0.05
22830,9060,12,2,665.95,0.05
22831,9060,78,4,496.95,0.05
22832,9060,76,3,544.8,0.0
22833,9061,109,5,345.03,0.1
22834,9061,93,1,96.97,0.0
22835,9062,14,5,167.56,0.15
22836,9062,29,5,332.87,0.0
22837,9063,91,3,111.41,0.1
22838,9063,43,1,487.39,0.15
22839,9063,33,5,596.3,0.0
22840,9064,1,2,250.67,0.1
22841,9064,60,2,765.19,0.1
22842,9064,15,1,434.83,0.0
22843,9064,20,4,344.47,0.0
22844,9065,24,2,576.43,0.0
22845,9066,96,2,261.53,0.1
22846,9066,1,3,250.67,0.1
22847,9066,42,2,506.69,0.0
22848,9067,77,4,20.71,0.05
22849,9067,101,3,530.68,0.0
22850,9067,95,2,197.03,0.05
22851,9067,6,2,148.07,0.15
22852,9068,34,1,269.02,0.1
22853,9068,27,2,50.29,0.0
22854,9068,46,3,429.96,0.0
22855,9068,67,1,439.64,0.0
22856,9069,28,2,278.53,0.0
22857,9069,110,5,551.82,0.1
22858,9069,64,4,433.42,0.15
22859,9069,33,4,596.3,0.0
22860,9070,102,5,268.48,0.0
22861,9070,103,2,415.47,0.15
22862,9070,1,3,250.67,0.0
22863,9070,10,5,358.28,0.0
22864,9071,59,2,189.03,0.0
22865,9071,18,5,774.6,0.0
22866,9071,70,2,477.56,0.1
22867,9071,57,1,359.66,0.1
22868,9072,6,1,148.07,0.0
22869,9072,60,1,765.19,0.0
22870,9073,27,5,50.29,0.05
22871,9073,80,4,334.64,0.0
22872,9073,91,2,111.41,0.1
22873,9073,40,5,246.27,0.0
22874,9074,67,3,439.64,0.0
22875,9074,102,4,268.48,0.05
22876,9075,63,5,460.08,0.1
22877,9075,34,1,269.02,0.0
22878,9075,30,4,474.66,0.05
22879,9076,113,3,113.5,0.1
22880,9076,76,4,544.8,0.15
22881,9076,38,4,342.42,0.0
22882,9077,3,4,400.77,0.0
22883,9077,120,1,437.18,0.15
22884,9077,117,1,97.33,0.1
22885,9078,117,1,97.33,0.1
22886,9078,30,5,474.66,0.05
22887,9078,100,4,192.03,0.0
22888,9078,2,4,225.66,0.05
22889,9079,39,4,435.88,0.1
22890,9080,27,1,50.29,0.0
22891,9080,91,2,111.41,0.0
22892,9080,20,1,344.47,0.05
22893,9081,101,1,530.68,0.05
22894,9081,28,1,278.53,0.15
22895,9082,41,1,466.15,0.05
22896,9082,76,1,544.8,0.05
22897,9083,54,3,589.22,0.0
22898,9083,57,5,359.66,0.0
22899,9083,22,4,155.04,0.1
22900,9083,77,3,20.71,0.0
22901,9084,15,2,434.83,0.0
22902,9085,12,2,665.95,0.05
22903,9085,30,2,474.66,0.15
22904,9085,36,1,461.97,0.0
22905,9085,63,5,460.08,0.0
22906,9086,111,2,220.69,0.0
22907,9086,51,4,592.49,0.0
22908,9086,47,2,533.66,0.0
22909,9086,19,5,236.74,0.15
22910,9087,116,3,151.15,0.1
22911,9087,32,2,527.45,0.15
22912,9087,1,2,250.67,0.0
22913,9087,69,5,199.67,0.1
22914,9088,39,5,435.88,0.15
22915,9088,36,2,461.97,0.05
22916,9089,75,5,102.43,0.1
22917,9090,5,3,206.39,0.1
22918,9090,77,4,20.71,0.0
22919,9090,78,2,496.95,0.0
22920,9090,82,5,382.23,0.0
22921,9091,105,5,161.35,0.1
22922,9091,36,5,461.97,0.0
22923,9091,41,5,466.15,0.0
22924,9092,9,3,566.94,0.0
22925,9092,42,2,506.69,0.15
22926,9093,111,1,220.69,0.0
22927,9093,18,5,774.6,0.0
22928,9094,120,2,437.18,0.1
22929,9094,30,2,474.66,0.1
22930,9095,103,3,415.47,0.0
22931,9095,30,3,474.66,0.0
22932,9096,77,5,20.71,0.05
22933,9096,115,3,191.72,0.1
22934,9096,109,2,345.03,0.0
22935,9097,113,4,113.5,0.15
22936,9097,65,1,775.34,0.05
22937,9097,37,4,678.06,0.0
22938,9097,18,2,774.6,0.0
22939,9098,69,2,199.67,0.1
22940,9098,100,3,192.03,0.0
22941,9098,44,1,155.05,0.0
22942,9099,75,3,102.43,0.0
22943,9099,19,2,236.74,0.0
22944,9099,22,1,155.04,0.15
22945,9100,42,2,506.69,0.0
22946,9101,37,3,678.06,0.0
22947,9101,17,4,335.91,0.0
22948,9101,7,1,342.91,0.15
22949,9101,100,2,192.03,0.1
22950,9102,108,4,564.18,0.0
22951,9102,39,1,435.88,0.0
22952,9103,116,1,151.15,0.0
22953,9103,23,4,473.03,0.15
22954,9104,9,4,566.94,0.05
22955,9105,1,1,250.67,0.0
22956,9105,37,3,678.06,0.05
22957,9106,30,3,474.66,0.05
22958,9107,53,2,90.14,0.15
22959,9107,24,1,576.43,0.0
22960,9107,100,4,192.03,0.15
22961,9107,25,4,424.49,0.15
22962,9108,25,5,424.49,0.05
22963,9109,36,4,461.97,0.15
22964,9110,111,3,220.69,0.1
22965,9110,35,1,368.74,0.0
22966,9110,94,3,357.14,0.0
22967,9110,104,3,497.51,0.05
22968,9111,18,2,774.6,0.15
22969,9111,28,4,278.53,0.0
22970,9112,89,1,156.62,0.0
22971,9113,109,2,345.03,0.0
22972,9113,81,3,472.42,0.05
22973,9113,6,2,148.07,0.0
22974,9114,79,1,353.32,0.1
22975,9114,26,5,283.16,0.15
22976,9114,101,5,530.68,0.1
22977,9114,102,4,268.48,0.0
22978,9115,61,5,610.85,0.15
22979,9115,106,5,293.96,0.0
22980,9116,51,3,592.49,0.05
22981,9116,67,3,439.64,0.1
22982,9117,29,1,332.87,0.0
22983,9117,46,3,429.96,0.05
22984,9117,57,3,359.66,0.0
22985,9118,62,4,455.65,0.0
22986,9118,96,5,261.53,0.1
22987,9118,51,2,592.49,0.0
22988,9118,32,1,527.45,0.0
22989,9119,64,2,433.42,0.1
22990,9119,35,1,368.74,0.05
22991,9120,95,5,197.03,0.0
22992,9121,4,5,538.06,0.0
22993,9121,61,4,610.85,0.15
22994,9121,52,4,119.81,0.0
22995,9121,59,2,189.03,0.15
22996,9122,117,5,97.33,0.1
22997,9122,109,5,345.03,0.05
22998,9123,57,2,359.66,0.15
22999,9124,17,4,335.91,0.0
23000,9125,26,2,283.16,0.0
23001,9125,32,2,527.45,0.15
23002,9126,55,1,143.78,0.0
23003,9126,28,4,278.53,0.15
23004,9126,31,1,492.63,0.05
23005,9126,36,3,461.97,0.15
23006,9127,57,1,359.66,0.0
23007,9127,44,4,155.05,0.0
23008,9128,10,1,358.28,0.0
23009,9128,47,1,533.66,0.0
23010,9129,62,5,455.65,0.05
23011,9129,51,1,592.49,0.1
23012,9130,58,5,421.43,0.0
23013,9130,9,3,566.94,0.15
23014,9130,29,1,332.87,0.0
23015,9130,49,2,224.05,0.1
23016,9131,77,5,20.71,0.0
23017,9131,100,4,192.03,0.05
23018,9131,18,4,774.6,0.0
23019,9132,69,5,199.67,0.0
23020,9132,103,3,415.47,0.0
23021,9132,65,3,775.34,0.0
23022,9132,79,2,353.32,0.15
23023,9133,1,1,250.67,0.0
23024,9133,119,2,181.96,0.15
23025,9133,61,3,610.85,0.0
23026,9134,115,2,191.72,0.0
23027,9134,119,2,181.96,0.15
23028,9135,77,1,20.71,0.1
23029,9136,100,4,192.03,0.0
23030,9137,26,1,283.16,0.0
23031,9137,14,5,167.56,0.0
23032,9137,108,2,564.18,0.0
23033,9138,82,4,382.23,0.15
23034,9138,47,3,533.66,0.0
23035,9138,35,1,368.74,0.1
23036,9138,72,1,417.09,0.1
23037,9139,6,3,148.07,0.15
23038,9139,52,3,119.81,0.0
23039,9139,92,4,473.15,0.15
23040,9140,25,5,424.49,0.0
23041,9140,104,4,497.51,0.1
23042,9140,55,2,143.78,0.0
23043,9140,24,2,576.43,0.15
23044,9141,53,5,90.14,0.1
23045,9141,106,4,293.96,0.05
23046,9141,11,2,431.92,0.0
23047,9141,100,4,192.03,0.1
23048,9142,3,5,400.77,0.1
23049,9142,116,5,151.15,0.05
23050,9142,41,1,466.15,0.0
23051,9143,66,1,325.89,0.1
23052,9143,120,3,437.18,0.0
23053,9143,72,5,417.09,0.0
23054,9144,103,3,415.47,0.0
23055,9144,64,4,433.42,0.0
23056,9145,118,2,357.13,0.1
23057,9145,86,2,508.15,0.0
23058,9145,92,1,473.15,0.05
23059,9146,117,3,97.33,0.0
23060,9146,58,2,421.43,0.0
23061,9146,86,5,508.15,0.05
23062,9146,18,3,774.6,0.05
23063,9147,16,5,337.82,0.05
23064,9148,90,3,250.98,0.1
23065,9148,39,3,435.88,0.0
23066,9148,23,4,473.03,0.15
23067,9149,32,5,527.45,0.15
23068,9150,114,1,321.32,0.05
23069,9150,67,5,439.64,0.0
23070,9150,19,2,236.74,0.0
23071,9150,102,1,268.48,0.0
23072,9151,19,4,236.74,0.0
23073,9152,98,5,387.36,0.0
23074,9152,91,4,111.41,0.0
23075,9153,49,3,224.05,0.0
23076,9153,13,2,546.51,0.1
23077,9154,86,5,508.15,0.0
23078,9154,54,3,589.22,0.1
23079,9154,107,3,70.69,0.1
23080,9154,93,1,96.97,0.0
23081,9155,68,1,187.83,0.0
23082,9155,118,5,357.13,0.15
23083,9155,51,4,592.49,0.0
23084,9156,3,3,400.77,0.05
23085,9156,75,3,102.43,0.1
23086,9156,60,1,765.19,0.0
23087,9156,33,2,596.3,0.0
23088,9157,22,4,155.04,0.1
23089,9158,72,3,417.09,0.15
23090,9158,44,4,155.05,0.15
23091,9159,101,3,530.68,0.15
23092,9159,49,2,224.05,0.05
23093,9160,11,5,431.92,0.15
23094,9161,119,5,181.96,0.1
23095,9161,67,5,439.64,0.05
23096,9161,106,3,293.96,0.0
23097,9161,79,1,353.32,0.1
23098,9162,13,5,546.51,0.0
23099,9162,64,1,433.42,0.0
23100,9162,106,4,293.96,0.1
23101,9163,39,2,435.88,0.0
23102,9163,76,5,544.8,0.1
23103,9163,1,5,250.67,0.15
23104,9163,32,2,527.45,0.15
23105,9164,58,3,421.43,0.05
23106,9164,33,4,596.3,0.15
23107,9164,73,3,693.24,0.1
23108,9165,120,3,437.18,0.15
23109,9166,113,4,113.5,0.15
23110,9166,96,2,261.53,0.05
23111,9166,76,1,544.8,0.0
23112,9167,36,5,461.97,0.15
23113,9167,37,3,678.06,0.0
23114,9168,12,5,665.95,0.1
23115,9168,63,4,460.08,0.1
23116,9168,29,1,332.87,0.0
23117,9168,48,4,688.65,0.15
23118,9169,101,5,530.68,0.1
23119,9169,87,3,87.7,0.0
23120,9169,14,2,167.56,0.05
23121,9170,28,5,278.53,0.15
23122,9171,90,5,250.98,0.15
23123,9172,8,2,230.66,0.05
23124,9172,95,2,197.03,0.0
23125,9173,81,3,472.42,0.05
23126,9174,3,3,400.77,0.1
23127,9174,75,5,102.43,0.0
23128,9174,76,3,544.8,0.05
23129,9175,19,2,236.74,0.0
23130,9175,68,4,187.83,0.15
23131,9176,62,3,455.65,0.0
23132,9176,95,2,197.03,0.0
23133,9176,107,2,70.69,0.05
23134,9177,32,3,527.45,0.0
23135,9177,13,3,546.51,0.05
23136,9177,116,3,151.15,0.0
23137,9178,86,2,508.15,0.0
23138,9178,114,1,321.32,0.05
23139,9179,37,1,678.06,0.15
23140,9180,14,3,167.56,0.0
23141,9180,32,2,527.45,0.1
23142,9180,17,2,335.91,0.05
23143,9180,72,5,417.09,0.0
23144,9181,103,5,415.47,0.0
23145,9182,10,3,358.28,0.0
23146,9182,16,2,337.82,0.0
23147,9182,20,3,344.47,0.0
23148,9183,116,5,151.15,0.0
23149,9183,36,1,461.97,0.1
23150,9183,30,5,474.66,0.0
23151,9184,104,1,497.51,0.1
23152,9184,51,5,592.49,0.05
23153,9184,26,3,283.16,0.0
23154,9184,83,5,229.64,0.1
23155,9185,19,5,236.74,0.0
23156,9185,67,2,439.64,0.0
23157,9185,44,4,155.05,0.0
23158,9185,25,2,424.49,0.15
23159,9186,60,3,765.19,0.15
23160,9186,18,1,774.6,0.0
23161,9186,38,2,342.42,0.15
23162,9186,26,5,283.16,0.0
23163,9187,46,2,429.96,0.1
23164,9187,2,2,225.66,0.0
23165,9188,30,3,474.66,0.15
23166,9188,72,3,417.09,0.0
23167,9189,119,1,181.96,0.0
23168,9189,92,4,473.15,0.0
23169,9189,89,5,156.62,0.15
23170,9190,51,4,592.49,0.0
23171,9190,6,5,148.07,0.1
23172,9190,46,1,429.96,0.0
23173,9190,89,1,156.62,0.15
23174,9191,32,2,527.45,0.0
23175,9192,40,1,246.27,0.05
23176,9192,44,3,155.05,0.15
23177,9192,90,1,250.98,0.0
23178,9193,118,4,357.13,0.0
23179,9194,90,5,250.98,0.0
23180,9194,41,2,466.15,0.05
23181,9194,83,1,229.64,0.0
23182,9194,100,1,192.03,0.15
23183,9195,106,3,293.96,0.15
23184,9195,8,1,230.66,0.15
23185,9195,65,1,775.34,0.15
23186,9196,65,5,775.34,0.0
23187,9196,68,4,187.83,0.05
23188,9197,71,1,298.03,0.15
23189,9197,42,1,506.69,0.0
23190,9197,64,2,433.42,0.05
23191,9197,67,5,439.64,0.05
23192,9198,80,2,334.64,0.0
23193,9199,108,2,564.18,0.15
23194,9199,31,3,492.63,0.05
23195,9199,84,1,233.29,0.0
23196,9200,4,1,538.06,0.15
23197,9200,57,4,359.66,0.1
23198,9200,48,4,688.65,0.0
23199,9200,52,4,119.81,0.15
23200,9201,85,1,294.43,0.0
23201,9201,78,5,496.95,0.15
23202,9201,113,3,113.5,0.1
23203,9202,98,2,387.36,0.1
23204,9202,7,3,342.91,0.05
23205,9203,86,2,508.15,0.05
23206,9203,14,3,167.56,0.0
23207,9203,26,1,283.16,0.1
23208,9203,75,2,102.43,0.1
23209,9204,110,4,551.82,0.1
23210,9205,61,2,610.85,0.0
23211,9205,4,3,538.06,0.0
23212,9206,19,5,236.74,0.05
23213,9206,89,3,156.62,0.0
23214,9206,11,3,431.92,0.0
23215,9206,79,3,353.32,0.0
23216,9207,11,4,431.92,0.0
23217,9207,53,3,90.14,0.05
23218,9207,106,1,293.96,0.15
23219,9208,53,2,90.14,0.15
23220,9208,33,2,596.3,0.0
23221,9209,102,5,268.48,0.15
23222,9210,20,1,344.47,0.0
23223,9210,3,5,400.77,0.0
23224,9211,34,1,269.02,0.1
23225,9211,105,5,161.35,0.0
23226,9212,62,1,455.65,0.0
23227,9212,93,4,96.97,0.0
23228,9212,1,1,250.67,0.1
23229,9212,114,1,321.32,0.0
23230,9213,1,2,250.67,0.0
23231,9213,4,5,538.06,0.0
23232,9214,115,4,191.72,0.05
23233,9215,81,5,472.42,0.1
23234,9215,91,1,111.41,0.05
23235,9216,94,2,357.14,0.15
23236,9216,5,2,206.39,0.1
23237,9216,74,5,259.9,0.0
23238,9217,35,5,368.74,0.05
23239,9217,106,5,293.96,0.15
23240,9217,25,1,424.49,0.0
23241,9217,80,1,334.64,0.1
23242,9218,16,5,337.82,0.0
23243,9219,23,4,473.03,0.0
23244,9219,39,2,435.88,0.05
23245,9220,60,1,765.19,0.0
23246,9220,116,4,151.15,0.0
23247,9220,53,3,90.14,0.05
23248,9221,6,2,148.07,0.0
23249,9221,83,4,229.64,0.0
23250,9221,94,1,357.14,0.0
23251,9222,98,2,387.36,0.0
23252,9222,5,5,206.39,0.0
23253,9223,80,3,334.64,0.05
23254,9224,47,5,533.66,0.0
23255,9224,24,5,576.43,0.0
23256,9224,18,3,774.6,0.15
23257,9224,40,1,246.27,0.1
23258,9225,115,2,191.72,0.0
23259,9225,34,1,269.02,0.0
23260,9225,63,5,460.08,0.0
23261,9225,110,5,551.82,0.0
23262,9226,55,2,143.78,0.05
23263,9227,111,1,220.69,0.1
23264,9227,101,3,530.68,0.15
23265,9227,17,2,335.91,0.05
23266,9227,4,5,538.06,0.0
23267,9228,10,5,358.28,0.0
23268,9228,48,3,688.65,0.05
23269,9228,90,1,250.98,0.0
23270,9229,61,3,610.85,0.05
23271,9229,38,5,342.42,0.1
23272,9229,53,1,90.14,0.0
23273,9229,105,1,161.35,0.1
23274,9230,34,4,269.02,0.0
23275,9230,80,5,334.64,0.0
23276,9230,15,4,434.83,0.0
23277,9230,59,4,189.03,0.1
23278,9231,41,4,466.15,0.0
23279,9231,5,3,206.39,0.05
23280,9232,4,5,538.06,0.1
23281,9232,13,2,546.51,0.0
23282,9233,10,2,358.28,0.0
23283,9233,19,2,236.74,0.05
23284,9233,59,4,189.03,0.15
23285,9233,51,5,592.49,0.0
23286,9234,24,1,576.43,0.0
23287,9235,83,1,229.64,0.0
23288,9235,91,3,111.41,0.0
23289,9235,99,5,654.14,0.0
23290,9236,31,1,492.63,0.0
23291,9236,75,4,102.43,0.1
23292,9236,113,4,113.5,0.0
23293,9237,4,3,538.06,0.0
23294,9237,68,3,187.83,0.1
23295,9238,105,2,161.35,0.05
23296,9239,41,2,466.15,0.0
23297,9239,33,2,596.3,0.1
23298,9239,36,5,461.97,0.1
23299,9240,17,2,335.91,0.1
23300,9240,117,2,97.33,0.05
23301,9240,108,3,564.18,0.0
23302,9241,58,4,421.43,0.0
23303,9242,106,5,293.96,0.1
23304,9242,84,3,233.29,0.0
23305,9243,100,5,192.03,0.1
23306,9244,112,3,530.6,0.05
23307,9244,44,4,155.05,0.0
23308,9244,90,2,250.98,0.05
23309,9245,62,2,455.65,0.15
23310,9245,39,2,435.88,0.05
23311,9245,35,3,368.74,0.0
23312,9245,110,4,551.82,0.0
23313,9246,114,2,321.32,0.0
23314,9246,53,1,90.14,0.15
23315,9246,103,4,415.47,0.0
23316,9246,2,5,225.66,0.0
23317,9247,84,2,233.29,0.0
23318,9247,68,5,187.83,0.05
23319,9248,25,4,424.49,0.15
23320,9248,34,1,269.02,0.1
23321,9248,116,5,151.15,0.0
23322,9248,21,1,128.96,0.15
23323,9249,101,5,530.68,0.0
23324,9249,9,2,566.94,0.05
23325,9249,12,3,665.95,0.0
23326,9249,16,1,337.82,0.0
23327,9250,51,4,592.49,0.15
23328,9251,111,5,220.69,0.15
23329,9252,6,5,148.07,0.15
23330,9253,8,5,230.66,0.15
23331,9254,100,2,192.03,0.1
23332,9254,21,4,128.96,0.0
23333,9254,120,3,437.18,0.15
23334,9254,35,2,368.74,0.05
23335,9255,103,3,415.47,0.0
23336,9256,110,1,551.82,0.0
23337,9256,10,3,358.28,0.0
23338,9256,19,5,236.74,0.0
23339,9256,39,1,435.88,0.0
23340,9257,69,4,199.67,0.0
23341,9258,55,2,143.78,0.0
23342,9258,74,2,259.9,0.0
23343,9259,64,3,433.42,0.0
23344,9259,105,3,161.35,0.0
23345,9259,72,2,417.09,0.0
23346,9260,111,3,220.69,0.0
23347,9261,110,1,551.82,0.0
23348,9261,71,5,298.03,0.05
23349,9261,54,3,589.22,0.05
23350,9262,70,5,477.56,0.0
23351,9262,24,3,576.43,0.0
23352,9262,97,1,140.58,0.1
23353,9263,75,5,102.43,0.0
23354,9264,23,4,473.03,0.05
23355,9264,59,2,189.03,0.1
23356,9264,1,5,250.67,0.0
23357,9264,25,1,424.49,0.15
23358,9265,118,4,357.13,0.15
23359,9265,34,1,269.02,0.0
23360,9265,77,5,20.71,0.1
23361,9266,23,3,473.03,0.0
23362,9266,27,4,50.29,0.1
23363,9266,60,4,765.19,0.0
23364,9267,78,2,496.95,0.15
23365,9267,112,3,530.6,0.0
23366,9267,80,1,334.64,0.05
23367,9267,53,4,90.14,0.0
23368,9268,103,3,415.47,0.0
23369,9269,78,4,496.95,0.0
23370,9269,35,1,368.74,0.05
23371,9269,68,3,187.83,0.0
23372,9270,70,3,477.56,0.0
23373,9270,29,1,332.87,0.0
23374,9270,106,5,293.96,0.15
23375,9271,26,1,283.16,0.0
23376,9272,85,1,294.43,0.0
23377,9273,99,1,654.14,0.0
23378,9274,113,4,113.5,0.05
23379,9274,51,4,592.49,0.0
23380,9274,72,2,417.09,0.0
23381,9274,37,2,678.06,0.0
23382,9275,52,4,119.81,0.0
23383,9275,61,5,610.85,0.05
23384,9275,50,1,641.98,0.0
23385,9275,84,2,233.29,0.0
23386,9276,80,3,334.64,0.0
23387,9276,83,1,229.64,0.0
23388,9276,105,4,161.35,0.0
23389,9276,42,1,506.69,0.1
23390,9277,47,2,533.66,0.15
23391,9278,20,4,344.47,0.05
23392,9278,91,5,111.41,0.05
23393,9279,65,2,775.34,0.0
23394,9279,18,5,774.6,0.1
23395,9280,109,3,345.03,0.05
23396,9280,31,5,492.63,0.0
23397,9280,32,5,527.45,0.05
23398,9280,12,3,665.95,0.0
23399,9281,91,1,111.41,0.05
23400,9281,22,3,155.04,0.0
23401,9281,41,2,466.15,0.0
23402,9281,114,1,321.32,0.15
23403,9282,115,3,191.72,0.1
23404,9283,38,4,342.42,0.05
23405,9283,69,2,199.67,0.05
23406,9283,82,4,382.23,0.0
23407,9283,98,3,387.36,0.15
23408,9284,113,3,113.5,0.0
23409,9284,19,1,236.74,0.0
23410,9285,24,1,576.43,0.05
23411,9285,23,1,473.03,0.15
23412,9286,62,2,455.65,0.15
23413,9286,100,3,192.03,0.1
23414,9286,105,2,161.35,0.15
23415,9286,103,5,415.47,0.0
23416,9287,14,2,167.56,0.0
23417,9288,118,2,357.13,0.05
23418,9288,57,3,359.66,0.15
23419,9289,11,1,431.92,0.05
23420,9290,44,2,155.05,0.0
23421,9290,110,5,551.82,0.15
23422,9290,45,2,124.25,0.0
23423,9291,101,4,530.68,0.1
23424,9291,106,3,293.96,0.15
23425,9292,40,1,246.27,0.0
23426,9292,112,4,530.6,0.0
23427,9293,105,4,161.35,0.0
23428,9294,87,4,87.7,0.15
23429,9294,64,4,433.42,0.0
23430,9294,72,2,417.09,0.1
23431,9295,86,3,508.15,0.0
23432,9295,29,1,332.87,0.0
23433,9295,48,1,688.65,0.0
23434,9295,88,4,217.75,0.0
23435,9296,103,2,415.47,0.15
23436,9296,85,3,294.43,0.1
23437,9296,59,2,189.03,0.0
23438,9296,63,3,460.08,0.05
23439,9297,48,1,688.65,0.15
23440,9298,99,2,654.14,0.05
23441,9298,112,4,530.6,0.0
23442,9299,11,4,431.92,0.1
23443,9299,74,4,259.9,0.1
23444,9299,40,3,246.27,0.05
23445,9300,6,4,148.07,0.0
23446,9300,108,4,564.18,0.1
23447,9300,77,4,20.71,0.15
23448,9300,39,3,435.88,0.15
23449,9301,95,2,197.03,0.0
23450,9302,86,4,508.15,0.0
23451,9303,94,2,357.14,0.1
23452,9304,84,2,233.29,0.0
23453,9304,97,1,140.58,0.0
23454,9304,52,5,119.81,0.05
23455,9304,50,4,641.98,0.0
23456,9305,73,4,693.24,0.05
23457,9305,9,2,566.94,0.1
23458,9305,22,5,155.04,0.0
23459,9306,111,2,220.69,0.1
23460,9306,76,3,544.8,0.0
23461,9306,50,4,641.98,0.15
23462,9307,64,1,433.42,0.05
23463,9307,26,2,283.16,0.0
23464,9308,13,3,546.51,0.0
23465,9308,11,3,431.92,0.05
23466,9308,94,2,357.14,0.15
23467,9309,81,4,472.42,0.05
23468,9309,55,1,143.78,0.1
23469,9310,117,1,97.33,0.15
23470,9310,99,5,654.14,0.0
23471,9310,14,3,167.56,0.15
23472,9311,42,1,506.69,0.05
23473,9311,53,5,90.14,0.0
23474,9311,104,1,497.51,0.1
23475,9311,34,2,269.02,0.1
23476,9312,53,2,90.14,0.0
23477,9312,6,1,148.07,0.15
23478,9313,113,2,113.5,0.0
23479,9313,112,5,530.6,0.05
23480,9313,86,1,508.15,0.0
23481,9314,41,5,466.15,0.0
23482,9314,74,4,259.9,0.0
23483,9315,30,3,474.66,0.0
23484,9315,75,5,102.43,0.05
23485,9316,8,3,230.66,0.0
23486,9316,119,1,181.96,0.0
23487,9316,109,5,345.03,0.15
23488,9316,53,4,90.14,0.15
23489,9317,70,3,477.56,0.0
23490,9317,110,2,551.82,0.05
23491,9317,56,2,701.89,0.1
23492,9318,9,3,566.94,0.0
23493,9319,73,1,693.24,0.05
23494,9320,41,1,466.15,0.15
23495,9321,54,3,589.22,0.1
23496,9321,70,1,477.56,0.0
23497,9322,77,3,20.71,0.0
23498,9322,70,2,477.56,0.1
23499,9323,76,4,544.8,0.15
23500,9323,56,5,701.89,0.1
23501,9324,58,1,421.43,0.0
23502,9324,76,5,544.8,0.0
23503,9324,28,5,278.53,0.0
23504,9325,28,1,278.53,0.15
23505,9325,88,1,217.75,0.0
23506,9326,84,1,233.29,0.1
23507,9326,88,4,217.75,0.0
23508,9327,26,5,283.16,0.0
23509,9327,102,5,268.48,0.05
23510,9327,59,5,189.03,0.0
23511,9328,19,4,236.74,0.05
23512,9328,97,1,140.58,0.05
23513,9329,47,1,533.66,0.15
23514,9329,94,3,357.14,0.0
23515,9329,55,4,143.78,0.15
23516,9330,47,3,533.66,0.05
23517,9331,60,2,765.19,0.1
23518,9332,26,1,283.16,0.0
23519,9332,105,1,161.35,0.0
23520,9332,36,1,461.97,0.05
23521,9332,64,2,433.42,0.0
23522,9333,4,2,538.06,0.0
23523,9333,100,5,192.03,0.0
23524,9333,6,5,148.07,0.1
23525,9333,85,3,294.43,0.15
23526,9334,66,5,325.89,0.0
23527,9334,45,1,124.25,0.15
23528,9334,31,4,492.63,0.0
23529,9334,67,1,439.64,0.1
23530,9335,29,1,332.87,0.1
23531,9335,7,4,342.91,0.1
23532,9336,114,4,321.32,0.0
23533,9336,70,4,477.56,0.05
23534,9336,27,5,50.29,0.15
23535,9337,5,2,206.39,0.0
23536,9337,23,2,473.03,0.0
23537,9337,1,2,250.67,0.1
23538,9338,67,5,439.64,0.05
23539,9339,52,3,119.81,0.0
23540,9339,115,2,191.72,0.05
23541,9340,36,1,461.97,0.05
23542,9340,1,4,250.67,0.05
23543,9341,70,2,477.56,0.1
23544,9341,82,1,382.23,0.1
23545,9342,22,2,155.04,0.05
23546,9342,53,2,90.14,0.0
23547,9342,106,4,293.96,0.15
23548,9343,20,4,344.47,0.15
23549,9343,119,4,181.96,0.15
23550,9343,25,1,424.49,0.05
23551,9344,9,4,566.94,0.0
23552,9344,31,5,492.63,0.0
23553,9344,35,5,368.74,0.0
23554,9345,66,4,325.89,0.1
23555,9346,84,3,233.29,0.05
23556,9346,13,1,546.51,0.0
23557,9347,28,3,278.53,0.15
23558,9347,95,3,197.03,0.1
23559,9348,31,1,492.63,0.1
23560,9348,30,4,474.66,0.0
23561,9348,29,2,332.87,0.0
23562,9348,41,4,466.15,0.0
23563,9349,93,4,96.97,0.0
23564,9349,35,3,368.74,0.0
23565,9349,34,3,269.02,0.0
23566,9349,117,1,97.33,0.0
23567,9350,70,4,477.56,0.0
23568,9350,104,3,497.51,0.15
23569,9351,74,5,259.9,0.05
23570,9351,53,2,90.14,0.0
23571,9352,111,3,220.69,0.0
23572,9353,68,4,187.83,0.0
23573,9353,112,4,530.6,0.15
23574,9353,44,3,155.05,0.15
23575,9353,7,2,342.91,0.0
23576,9354,18,2,774.6,0.15
23577,9354,68,4,187.83,0.0
23578,9354,2,5,225.66,0.1
23579,9354,5,1,206.39,0.15
23580,9355,101,5,530.68,0.0
23581,9356,14,5,167.56,0.0
23582,9356,113,2,113.5,0.0
23583,9356,91,2,111.41,0.15
23584,9356,77,1,20.71,0.15
23585,9357,84,4,233.29,0.0
23586,9357,32,1,527.45,0.0
23587,9357,101,2,530.68,0.0
23588,9358,43,2,487.39,0.15
23589,9359,110,3,551.82,0.05
23590,9359,29,3,332.87,0.0
23591,9359,28,5,278.53,0.0
23592,9360,17,3,335.91,0.0
23593,9360,44,5,155.05,0.15
23594,9360,97,1,140.58,0.15
23595,9360,52,4,119.81,0.15
23596,9361,8,4,230.66,0.05
23597,9361,18,5,774.6,0.05
23598,9361,96,3,261.53,0.0
23599,9362,34,1,269.02,0.0
23600,9362,65,5,775.34,0.05
23601,9363,117,2,97.33,0.0
23602,9363,25,2,424.49,0.0
23603,9364,93,1,96.97,0.1
23604,9365,55,4,143.78,0.0
23605,9365,88,5,217.75,0.0
23606,9366,22,5,155.04,0.15
23607,9366,15,4,434.83,0.0
23608,9366,110,3,551.82,0.0
23609,9367,75,1,102.43,0.0
23610,9367,93,5,96.97,0.1
23611,9367,59,2,189.03,0.05
23612,9367,118,1,357.13,0.0
23613,9368,17,1,335.91,0.15
23614,9368,7,1,342.91,0.0
23615,9368,49,1,224.05,0.0
23616,9369,25,5,424.49,0.0
23617,9369,98,2,387.36,0.15
23618,9369,26,4,283.16,0.0
23619,9369,3,2,400.77,0.0
23620,9370,55,3,143.78,0.0
23621,9371,48,1,688.65,0.05
23622,9371,28,2,278.53,0.05
23623,9371,93,3,96.97,0.1
23624,9372,61,1,610.85,0.0
23625,9372,108,5,564.18,0.1
23626,9372,20,4,344.47,0.05
23627,9372,19,5,236.74,0.15
23628,9373,33,3,596.3,0.05
23629,9373,23,1,473.03,0.0
23630,9373,35,2,368.74,0.15
23631,9374,53,3,90.14,0.05
23632,9374,113,3,113.5,0.05
23633,9374,88,5,217.75,0.0
23634,9374,21,3,128.96,0.0
23635,9375,108,4,564.18,0.0
23636,9375,27,4,50.29,0.1
23637,9376,58,5,421.43,0.1
23638,9376,43,2,487.39,0.15
23639,9377,65,2,775.34,0.0
23640,9377,17,3,335.91,0.0
23641,9377,25,1,424.49,0.0
23642,9378,62,2,455.65,0.0
23643,9378,31,3,492.63,0.0
23644,9379,12,3,665.95,0.0
23645,9379,25,3,424.49,0.1
23646,9380,83,5,229.64,0.15
23647,9380,94,5,357.14,0.0
23648,9380,28,5,278.53,0.0
23649,9381,110,2,551.82,0.0
23650,9381,23,5,473.03,0.05
23651,9381,54,5,589.22,0.1
23652,9382,120,3,437.18,0.1
23653,9382,67,3,439.64,0.0
23654,9382,15,3,434.83,0.1
23655,9382,70,5,477.56,0.0
23656,9383,3,3,400.77,0.15
23657,9384,97,4,140.58,0.15
23658,9384,57,3,359.66,0.0
23659,9384,15,4,434.83,0.05
23660,9384,85,4,294.43,0.0
23661,9385,39,3,435.88,0.0
23662,9386,42,5,506.69,0.05
23663,9386,107,3,70.69,0.0
23664,9386,75,1,102.43,0.0
23665,9387,86,5,508.15,0.05
23666,9387,55,2,143.78,0.0
23667,9387,52,1,119.81,0.05
23668,9387,49,1,224.05,0.0
23669,9388,84,2,233.29,0.0
23670,9388,71,3,298.03,0.0
23671,9389,88,5,217.75,0.0
23672,9389,76,2,544.8,0.0
23673,9390,1,5,250.67,0.0
23674,9390,65,1,775.34,0.0
23675,9391,62,2,455.65,0.05
23676,9391,51,2,592.49,0.0
23677,9392,17,1,335.91,0.15
23678,9392,82,1,382.23,0.15
23679,9392,88,2,217.75,0.0
23680,9393,47,5,533.66,0.0
23681,9393,108,2,564.18,0.0
23682,9393,92,3,473.15,0.15
23683,9394,102,1,268.48,0.15
23684,9394,99,4,654.14,0.05
23685,9394,118,5,357.13,0.1
23686,9394,91,3,111.41,0.0
23687,9395,2,3,225.66,0.0
23688,9395,12,2,665.95,0.15
23689,9396,91,1,111.41,0.0
23690,9397,29,4,332.87,0.0
23691,9398,84,4,233.29,0.0
23692,9398,100,2,192.03,0.0
23693,9398,8,1,230.66,0.15
23694,9398,46,5,429.96,0.05
23695,9399,80,4,334.64,0.0
23696,9399,8,3,230.66,0.1
23697,9399,51,2,592.49,0.05
23698,9399,42,5,506.69,0.1
23699,9400,13,4,546.51,0.0
23700,9400,95,3,197.03,0.05
23701,9400,5,5,206.39,0.15
23702,9401,97,3,140.58,0.0
23703,9401,44,2,155.05,0.0
23704,9401,115,4,191.72,0.0
23705,9402,27,3,50.29,0.15
23706,9402,75,1,102.43,0.1
23707,9402,62,2,455.65,0.1
23708,9402,25,1,424.49,0.0
23709,9403,72,4,417.09,0.1
23710,9404,116,2,151.15,0.0
23711,9405,88,1,217.75,0.15
23712,9406,7,3,342.91,0.05
23713,9407,1,2,250.67,0.0
23714,9407,28,1,278.53,0.0
23715,9407,61,5,610.85,0.05
23716,9408,86,3,508.15,0.15
23717,9408,100,2,192.03,0.15
23718,9409,104,5,497.51,0.15
23719,9409,44,1,155.05,0.1
23720,9409,36,1,461.97,0.15
23721,9409,53,2,90.14,0.1
23722,9410,102,1,268.48,0.1
23723,9410,98,1,387.36,0.15
23724,9411,109,1,345.03,0.1
23725,9412,66,3,325.89,0.0
23726,9413,9,4,566.94,0.0
23727,9413,17,1,335.91,0.0
23728,9414,102,4,268.48,0.05
23729,9414,110,4,551.82,0.15
23730,9414,109,1,345.03,0.0
23731,9415,88,2,217.75,0.1
23732,9415,94,5,357.14,0.0
23733,9415,31,4,492.63,0.05
23734,9415,4,1,538.06,0.0
23735,9416,68,3,187.83,0.05
23736,9416,33,2,596.3,0.0
23737,9416,85,2,294.43,0.0
23738,9416,91,4,111.41,0.15
23739,9417,80,2,334.64,0.05
23740,9417,18,1,774.6,0.05
23741,9418,53,3,90.14,0.1
23742,9419,48,2,688.65,0.0
23743,9420,112,5,530.6,0.0
23744,9420,70,1,477.56,0.1
23745,9420,16,3,337.82,0.1
23746,9420,117,2,97.33,0.05
23747,9421,83,1,229.64,0.05
23748,9421,2,5,225.66,0.15
23749,9421,49,1,224.05,0.1
23750,9422,46,3,429.96,0.05
23751,9422,93,1,96.97,0.1
23752,9422,21,5,128.96,0.0
23753,9423,55,3,143.78,0.0
23754,9423,33,3,596.3,0.0
23755,9424,45,4,124.25,0.1
23756,9424,48,4,688.65,0.0
23757,9424,64,4,433.42,0.15
23758,9425,77,2,20.71,0.0
23759,9426,5,3,206.39,0.0
23760,9426,52,4,119.81,0.1
23761,9426,97,2,140.58,0.1
23762,9426,68,5,187.83,0.0
23763,9427,104,1,497.51,0.1
23764,9427,23,4,473.03,0.05
23765,9427,38,2,342.42,0.1
23766,9427,54,5,589.22,0.15
23767,9428,73,2,693.24,0.15
23768,9428,92,5,473.15,0.05
23769,9428,13,4,546.51,0.15
23770,9429,28,2,278.53,0.0
23771,9429,86,3,508.15,0.15
23772,9430,46,5,429.96,0.15
23773,9430,53,3,90.14,0.0
23774,9431,2,5,225.66,0.15
23775,9431,80,5,334.64,0.05
23776,9431,38,5,342.42,0.05
23777,9432,56,3,701.89,0.15
23778,9432,89,3,156.62,0.05
23779,9433,72,3,417.09,0.05
23780,9433,36,5,461.97,0.15
23781,9433,24,5,576.43,0.15
23782,9433,65,4,775.34,0.0
23783,9434,100,5,192.03,0.0
23784,9434,9,1,566.94,0.0
23785,9434,108,3,564.18,0.05
23786,9434,76,1,544.8,0.15
23787,9435,5,1,206.39,0.0
23788,9435,86,3,508.15,0.15
23789,9436,116,2,151.15,0.0
23790,9436,57,2,359.66,0.0
23791,9436,118,3,357.13,0.0
23792,9436,17,1,335.91,0.15
23793,9437,120,2,437.18,0.0
23794,9437,93,1,96.97,0.0
23795,9438,108,4,564.18,0.0
23796,9438,75,1,102.43,0.05
23797,9438,58,2,421.43,0.0
23798,9439,116,1,151.15,0.0
23799,9440,54,5,589.22,0.1
23800,9441,18,2,774.6,0.1
23801,9442,32,2,527.45,0.15
23802,9442,90,2,250.98,0.0
23803,9442,67,4,439.64,0.0
23804,9442,41,3,466.15,0.0
23805,9443,84,1,233.29,0.05
23806,9444,34,2,269.02,0.0
23807,9444,22,3,155.04,0.0
23808,9445,26,3,283.16,0.0
23809,9446,38,1,342.42,0.0
23810,9446,49,1,224.05,0.05
23811,9446,34,2,269.02,0.15
23812,9446,10,5,358.28,0.1
23813,9447,78,5,496.95,0.1
23814,9447,36,1,461.97,0.0
23815,9447,109,1,345.03,0.15
23816,9448,68,2,187.83,0.15
23817,9448,11,1,431.92,0.0
23818,9448,59,4,189.03,0.0
23819,9449,52,5,119.81,0.0
23820,9449,42,1,506.69,0.05
23821,9450,57,5,359.66,0.0
23822,9451,25,5,424.49,0.05
23823,9451,6,3,148.07,0.15
23824,9451,63,4,460.08,0.0
23825,9451,1,5,250.67,0.15
23826,9452,78,3,496.95,0.05
23827,9452,57,5,359.66,0.0
23828,9452,109,5,345.03,0.1
23829,9452,17,1,335.91,0.15
23830,9453,16,5,337.82,0.0
23831,9453,106,5,293.96,0.0
23832,9453,117,5,97.33,0.1
23833,9454,8,1,230.66,0.0
23834,9455,112,3,530.6,0.0
23835,9455,2,2,225.66,0.05
23836,9455,110,2,551.82,0.05
23837,9456,80,4,334.64,0.0
23838,9456,82,4,382.23,0.1
23839,9456,13,3,546.51,0.15
23840,9457,45,2,124.25,0.0
23841,9458,71,4,298.03,0.05
23842,9458,86,4,508.15,0.0
23843,9459,6,1,148.07,0.0
23844,9460,69,3,199.67,0.0
23845,9460,98,4,387.36,0.05
23846,9461,9,4,566.94,0.05
23847,9461,8,4,230.66,0.05
23848,9461,84,3,233.29,0.0
23849,9462,28,4,278.53,0.0
23850,9462,79,3,353.32,0.1
23851,9462,77,4,20.71,0.0
23852,9463,100,5,192.03,0.05
23853,9463,58,4,421.43,0.0
23854,9463,38,5,342.42,0.05
23855,9464,115,1,191.72,0.0
23856,9464,9,3,566.94,0.0
23857,9464,89,5,156.62,0.1
23858,9465,59,4,189.03,0.0
23859,9466,37,5,678.06,0.05
23860,9466,34,3,269.02,0.0
23861,9466,46,2,429.96,0.1
23862,9466,111,3,220.69,0.05
23863,9467,72,3,417.09,0.1
23864,9467,104,3,497.51,0.15
23865,9467,11,1,431.92,0.0
23866,9468,44,3,155.05,0.0
23867,9468,6,4,148.07,0.0
23868,9469,115,5,191.72,0.0
23869,9470,109,2,345.03,0.15
23870,9470,15,4,434.83,0.0
23871,9470,113,4,113.5,0.15
23872,9471,99,2,654.14,0.0
23873,9471,90,1,250.98,0.0
23874,9471,62,2,455.65,0.0
23875,9472,19,1,236.74,0.0
23876,9473,97,4,140.58,0.15
23877,9474,61,2,610.85,0.15
23878,9474,116,2,151.15,0.1
23879,9475,117,2,97.33,0.0
23880,9476,9,2,566.94,0.0
23881,9476,79,4,353.32,0.15
23882,9476,11,2,431.92,0.0
23883,9476,20,1,344.47,0.05
23884,9477,63,1,460.08,0.0
23885,9477,17,2,335.91,0.0
23886,9477,8,1,230.66,0.15
23887,9477,39,1,435.88,0.15
23888,9478,107,5,70.69,0.15
23889,9479,26,1,283.16,0.1
23890,9479,14,1,167.56,0.1
23891,9480,3,2,400.77,0.0
23892,9480,9,4,566.94,0.1
23893,9480,117,3,97.33,0.05
23894,9480,92,2,473.15,0.0
23895,9481,69,3,199.67,0.05
23896,9481,91,2,111.41,0.15
23897,9481,35,1,368.74,0.05
23898,9482,67,3,439.64,0.1
23899,9482,83,1,229.64,0.0
23900,9482,47,1,533.66,0.0
23901,9482,76,2,544.8,0.0
23902,9483,80,3,334.64,0.05
23903,9483,63,5,460.08,0.0
23904,9483,96,5,261.53,0.05
23905,9484,70,3,477.56,0.1
23906,9484,25,4,424.49,0.15
23907,9484,54,5,589.22,0.1
23908,9484,103,1,415.47,0.0
23909,9485,17,1,335.91,0.0
23910,9486,43,5,487.39,0.0
23911,9487,6,5,148.07,0.0
23912,9487,35,4,368.74,0.0
23913,9487,25,3,424.49,0.1
23914,9488,14,3,167.56,0.0
23915,9489,48,1,688.65,0.0
23916,9489,56,2,701.89,0.0
23917,9489,6,4,148.07,0.05
23918,9490,42,1,506.69,0.0
23919,9491,8,3,230.66,0.0
23920,9491,115,2,191.72,0.0
23921,9491,116,2,151.15,0.0
23922,9491,41,2,466.15,0.0
23923,9492,88,1,217.75,0.0
23924,9492,114,2,321.32,0.15
23925,9492,21,2,128.96,0.1
23926,9493,103,3,415.47,0.0
23927,9494,71,3,298.03,0.1
23928,9495,24,5,576.43,0.05
23929,9495,61,1,610.85,0.0
23930,9495,98,3,387.36,0.0
23931,9495,27,3,50.29,0.0
23932,9496,74,1,259.9,0.15
23933,9496,55,5,143.78,0.0
23934,9496,44,4,155.05,0.1
23935,9496,118,3,357.13,0.15
23936,9497,102,3,268.48,0.15
23937,9497,81,3,472.42,0.0
23938,9498,24,3,576.43,0.15
23939,9498,119,4,181.96,0.15
23940,9498,37,3,678.06,0.15
23941,9499,23,5,473.03,0.15
23942,9499,78,4,496.95,0.0
23943,9499,46,2,429.96,0.15
23944,9499,8,3,230.66,0.0
23945,9500,95,5,197.03,0.0
23946,9500,32,2,527.45,0.0
23947,9500,80,2,334.64,0.05
23948,9501,86,5,508.15,0.15
23949,9502,118,2,357.13,0.15
23950,9502,45,3,124.25,0.15
23951,9502,117,4,97.33,0.1
23952,9502,99,4,654.14,0.1
23953,9503,60,3,765.19,0.0
23954,9503,33,4,596.3,0.1
23955,9504,46,4,429.96,0.0
23956,9505,104,5,497.51,0.15
23957,9506,72,5,417.09,0.0
23958,9506,76,2,544.8,0.0
23959,9506,70,4,477.56,0.0
23960,9507,59,1,189.03,0.05
23961,9507,30,3,474.66,0.05
23962,9508,26,2,283.16,0.0
23963,9508,52,4,119.81,0.0
23964,9509,91,3,111.41,0.1
23965,9510,27,4,50.29,0.1
23966,9510,35,2,368.74,0.0
23967,9510,91,4,111.41,0.0
23968,9510,83,3,229.64,0.0
23969,9511,39,3,435.88,0.1
23970,9512,1,2,250.67,0.0
23971,9512,38,4,342.42,0.0
23972,9512,78,1,496.95,0.15
23973,9513,2,5,225.66,0.0
23974,9513,65,3,775.34,0.15
23975,9513,35,3,368.74,0.05
23976,9513,96,5,261.53,0.1
23977,9514,33,2,596.3,0.0
23978,9514,78,1,496.95,0.05
23979,9514,1,1,250.67,0.05
23980,9515,94,5,357.14,0.1
23981,9515,41,1,466.15,0.15
23982,9515,9,2,566.94,0.0
23983,9515,48,4,688.65,0.0
23984,9516,34,3,269.02,0.15
23985,9516,56,3,701.89,0.0
23986,9516,58,3,421.43,0.15
23987,9517,73,5,693.24,0.0
23988,9517,37,4,678.06,0.0
23989,9517,107,1,70.69,0.0
23990,9518,11,1,431.92,0.0
23991,9518,85,4,294.43,0.15
23992,9518,24,4,576.43,0.0
23993,9519,113,3,113.5,0.0
23994,9519,61,1,610.85,0.1
23995,9520,4,3,538.06,0.0
23996,9520,14,3,167.56,0.15
23997,9520,18,2,774.6,0.0
23998,9521,88,3,217.75,0.05
23999,9522,116,3,151.15,0.15
24000,9522,75,2,102.43,0.1
24001,9522,24,3,576.43,0.0
24002,9523,91,3,111.41,0.15
24003,9523,103,2,415.47,0.05
24004,9523,33,5,596.3,0.0
24005,9523,108,3,564.18,0.0
24006,9524,4,4,538.06,0.0
24007,9524,3,1,400.77,0.05
24008,9524,93,2,96.97,0.05
24009,9525,90,4,250.98,0.0
24010,9525,22,5,155.04,0.15
24011,9525,52,5,119.81,0.0
24012,9526,116,4,151.15,0.1
24013,9526,49,2,224.05,0.15
24014,9526,28,3,278.53,0.0
24015,9527,54,5,589.22,0.1
24016,9528,31,4,492.63,0.0
24017,9528,100,2,192.03,0.0
24018,9529,43,1,487.39,0.05
24019,9529,51,3,592.49,0.1
24020,9529,38,1,342.42,0.15
24021,9529,40,3,246.27,0.0
24022,9530,100,1,192.03,0.0
24023,9530,62,3,455.65,0.05
24024,9530,82,1,382.23,0.1
24025,9530,106,5,293.96,0.0
24026,9531,21,4,128.96,0.15
24027,9532,103,1,415.47,0.15
24028,9532,104,3,497.51,0.0
24029,9533,97,4,140.58,0.0
24030,9533,16,2,337.82,0.1
24031,9534,103,2,415.47,0.15
24032,9534,115,5,191.72,0.0
24033,9535,36,5,461.97,0.0
24034,9536,15,2,434.83,0.15
24035,9536,13,3,546.51,0.05
24036,9537,79,1,353.32,0.0
24037,9537,85,4,294.43,0.15
24038,9537,86,4,508.15,0.15
24039,9537,105,4,161.35,0.05
24040,9538,72,1,417.09,0.15
24041,9538,95,4,197.03,0.0
24042,9538,55,3,143.78,0.15
24043,9538,86,3,508.15,0.0
24044,9539,79,1,353.32,0.1
24045,9539,71,2,298.03,0.0
24046,9540,82,4,382.23,0.05
24047,9541,60,2,765.19,0.05
24048,9541,72,2,417.09,0.05
24049,9542,105,5,161.35,0.0
24050,9542,40,4,246.27,0.05
24051,9543,92,2,473.15,0.15
24052,9543,83,4,229.64,0.15
24053,9543,70,2,477.56,0.0
24054,9543,64,2,433.42,0.05
24055,9544,13,3,546.51,0.0
24056,9545,19,4,236.74,0.0
24057,9545,53,1,90.14,0.0
24058,9545,46,1,429.96,0.15
24059,9546,7,3,342.91,0.0
24060,9546,61,5,610.85,0.0
24061,9547,6,1,148.07,0.0
24062,9547,97,4,140.58,0.0
24063,9547,78,3,496.95,0.0
24064,9547,72,2,417.09,0.05
24065,9548,71,3,298.03,0.15
24066,9548,78,4,496.95,0.0
24067,9548,50,4,641.98,0.0
24068,9548,8,2,230.66,0.0
24069,9549,88,4,217.75,0.05
24070,9549,33,2,596.3,0.0
24071,9549,14,4,167.56,0.0
24072,9549,99,3,654.14,0.0
24073,9550,12,4,665.95,0.0
24074,9550,51,3,592.49,0.15
24075,9551,117,2,97.33,0.0
24076,9551,95,3,197.03,0.15
24077,9552,5,4,206.39,0.0
24078,9552,75,2,102.43,0.0
24079,9552,42,4,506.69,0.15
24080,9552,95,3,197.03,0.0
24081,9553,76,1,544.8,0.0
24082,9553,64,1,433.42,0.15
24083,9553,103,5,415.47,0.0
24084,9554,117,3,97.33,0.0
24085,9554,40,2,246.27,0.0
24086,9554,79,2,353.32,0.15
24087,9554,71,3,298.03,0.1
24088,9555,115,5,191.72,0.0
24089,9555,41,5,466.15,0.15
24090,9555,91,4,111.41,0.1
24091,9555,68,2,187.83,0.05
24092,9556,105,5,161.35,0.0
24093,9556,71,1,298.03,0.0
24094,9557,70,5,477.56,0.05
24095,9557,1,3,250.67,0.05
24096,9558,24,3,576.43,0.0
24097,9559,95,5,197.03,0.0
24098,9559,36,3,461.97,0.05
24099,9559,50,2,641.98,0.0
24100,9559,32,2,527.45,0.0
24101,9560,31,2,492.63,0.0
24102,9560,119,1,181.96,0.0
24103,9561,11,4,431.92,0.05
24104,9561,65,2,775.34,0.05
24105,9562,80,4,334.64,0.1
24106,9562,6,3,148.07,0.0
24107,9562,35,3,368.74,0.05
24108,9563,9,2,566.94,0.1
24109,9563,29,1,332.87,0.15
24110,9563,47,5,533.66,0.0
24111,9563,92,1,473.15,0.15
24112,9564,108,1,564.18,0.0
24113,9564,39,5,435.88,0.0
24114,9564,99,5,654.14,0.0
24115,9564,75,1,102.43,0.0
24116,9565,83,4,229.64,0.05
24117,9565,39,4,435.88,0.0
24118,9566,34,1,269.02,0.05
24119,9566,7,3,342.91,0.1
24120,9567,23,3,473.03,0.0
24121,9567,3,5,400.77,0.0
24122,9567,65,4,775.34,0.15
24123,9567,109,1,345.03,0.0
24124,9568,94,5,357.14,0.0
24125,9568,57,1,359.66,0.0
24126,9569,20,3,344.47,0.0
24127,9570,64,5,433.42,0.05
24128,9570,13,2,546.51,0.0
24129,9571,56,4,701.89,0.15
24130,9572,67,1,439.64,0.0
24131,9572,7,4,342.91,0.0
24132,9573,67,4,439.64,0.0
24133,9573,94,5,357.14,0.0
24134,9573,9,4,566.94,0.15
24135,9574,103,2,415.47,0.0
24136,9574,85,4,294.43,0.15
24137,9575,72,4,417.09,0.0
24138,9575,35,2,368.74,0.15
24139,9575,100,4,192.03,0.05
24140,9575,1,2,250.67,0.0
24141,9576,103,5,415.47,0.05
24142,9576,62,5,455.65,0.1
24143,9576,74,5,259.9,0.05
24144,9576,89,4,156.62,0.0
24145,9577,39,2,435.88,0.05
24146,9578,111,4,220.69,0.0
24147,9579,66,5,325.89,0.0
24148,9579,105,1,161.35,0.0
24149,9580,79,5,353.32,0.05
24150,9580,75,3,102.43,0.15
24151,9580,34,4,269.02,0.15
24152,9580,101,1,530.68,0.0
24153,9581,30,1,474.66,0.05
24154,9581,44,4,155.05,0.1
24155,9582,80,3,334.64,0.0
24156,9583,114,5,321.32,0.0
24157,9584,119,5,181.96,0.0
24158,9584,10,5,358.28,0.1
24159,9585,59,1,189.03,0.05
24160,9585,102,4,268.48,0.15
24161,9585,30,1,474.66,0.1
24162,9585,71,4,298.03,0.0
24163,9586,77,4,20.71,0.0
24164,9587,69,4,199.67,0.05
24165,9588,31,4,492.63,0.1
24166,9588,86,2,508.15,0.0
24167,9589,53,1,90.14,0.0
24168,9590,99,5,654.14,0.15
24169,9590,105,2,161.35,0.0
24170,9590,96,3,261.53,0.05
24171,9590,78,5,496.95,0.0
24172,9591,31,2,492.63,0.15
24173,9592,75,1,102.43,0.05
24174,9593,94,2,357.14,0.0
24175,9593,4,4,538.06,0.0
24176,9594,96,1,261.53,0.1
24177,9595,16,4,337.82,0.1
24178,9595,120,2,437.18,0.15
24179,9595,93,2,96.97,0.0
24180,9595,6,5,148.07,0.05
24181,9596,4,2,538.06,0.05
24182,9596,35,1,368.74,0.1
24183,9596,89,1,156.62,0.15
24184,9597,119,1,181.96,0.05
24185,9597,95,2,197.03,0.1
24186,9598,59,5,189.03,0.1
24187,9598,98,2,387.36,0.0
24188,9599,96,1,261.53,0.05
24189,9600,45,2,124.25,0.1
24190,9600,47,3,533.66,0.0
24191,9600,88,1,217.75,0.05
24192,9600,31,3,492.63,0.0
24193,9601,48,3,688.65,0.05
24194,9602,86,5,508.15,0.1
24195,9602,83,5,229.64,0.0
24196,9603,88,4,217.75,0.15
24197,9603,118,1,357.13,0.05
24198,9604,15,2,434.83,0.0
24199,9605,18,1,774.6,0.0
24200,9605,20,3,344.47,0.0
24201,9606,2,5,225.66,0.15
24202,9606,101,5,530.68,0.0
24203,9606,9,2,566.94,0.05
24204,9606,4,5,538.06,0.0
24205,9607,58,2,421.43,0.0
24206,9607,75,4,102.43,0.0
24207,9607,113,2,113.5,0.05
24208,9607,115,5,191.72,0.0
24209,9608,30,1,474.66,0.0
24210,9608,33,5,596.3,0.15
24211,9608,77,3,20.71,0.0
24212,9609,54,4,589.22,0.0
24213,9609,50,5,641.98,0.0
24214,9609,53,2,90.14,0.15
24215,9609,88,3,217.75,0.15
24216,9610,110,5,551.82,0.05
24217,9610,37,5,678.06,0.1
24218,9610,48,3,688.65,0.0
24219,9610,36,2,461.97,0.05
24220,9611,39,3,435.88,0.0
24221,9611,69,2,199.67,0.1
24222,9611,86,4,508.15,0.0
24223,9611,74,1,259.9,0.0
24224,9612,71,1,298.03,0.05
24225,9612,37,5,678.06,0.1
24226,9612,98,2,387.36,0.15
24227,9613,36,3,461.97,0.1
24228,9614,70,3,477.56,0.0
24229,9614,22,3,155.04,0.0
24230,9615,36,1,461.97,0.15
24231,9615,81,3,472.42,0.15
24232,9615,115,1,191.72,0.0
24233,9616,83,5,229.64,0.15
24234,9616,24,4,576.43,0.0
24235,9616,38,1,342.42,0.15
24236,9616,88,3,217.75,0.0
24237,9617,48,1,688.65,0.0
24238,9617,27,1,50.29,0.0
24239,9617,66,3,325.89,0.0
24240,9618,71,2,298.03,0.0
24241,9618,59,4,189.03,0.05
24242,9619,79,2,353.32,0.0
24243,9620,117,1,97.33,0.1
24244,9620,94,3,357.14,0.0
24245,9620,63,3,460.08,0.0
24246,9621,23,3,473.03,0.0
24247,9621,39,5,435.88,0.0
24248,9621,106,2,293.96,0.0
24249,9622,119,4,181.96,0.15
24250,9622,94,4,357.14,0.15
24251,9623,54,2,589.22,0.05
24252,9623,88,1,217.75,0.0
24253,9624,116,2,151.15,0.0
24254,9625,92,2,473.15,0.0
24255,9625,15,5,434.83,0.1
24256,9626,119,5,181.96,0.05
24257,9626,120,2,437.18,0.1
24258,9626,43,5,487.39,0.1
24259,9626,93,5,96.97,0.05
24260,9627,113,5,113.5,0.0
24261,9628,18,4,774.6,0.0
24262,9628,17,1,335.91,0.15
24263,9629,93,1,96.97,0.15
24264,9630,96,1,261.53,0.0
24265,9630,120,1,437.18,0.0
24266,9631,100,2,192.03,0.15
24267,9632,24,4,576.43,0.0
24268,9632,21,2,128.96,0.0
24269,9632,63,4,460.08,0.15
24270,9633,23,4,473.03,0.15
24271,9633,53,3,90.14,0.05
24272,9633,55,2,143.78,0.0
24273,9633,64,4,433.42,0.15
24274,9634,98,2,387.36,0.15
24275,9634,30,5,474.66,0.1
24276,9635,20,1,344.47,0.15
24277,9635,112,1,530.6,0.0
24278,9635,105,1,161.35,0.05
24279,9635,74,5,259.9,0.1
24280,9636,34,4,269.02,0.0
24281,9637,118,3,357.13,0.0
24282,9638,28,1,278.53,0.0
24283,9638,62,5,455.65,0.0
24284,9638,22,4,155.04,0.15
24285,9639,13,4,546.51,0.1
24286,9640,42,5,506.69,0.1
24287,9640,38,1,342.42,0.0
24288,9641,64,2,433.42,0.0
24289,9642,117,3,97.33,0.0
24290,9642,19,3,236.74,0.1
24291,9642,55,3,143.78,0.0
24292,9643,17,2,335.91,0.05
24293,9644,96,1,261.53,0.05
24294,9644,20,5,344.47,0.15
24295,9644,99,3,654.14,0.0
24296,9645,76,5,544.8,0.1
24297,9645,30,4,474.66,0.1
24298,9645,54,5,589.22,0.0
24299,9645,59,3,189.03,0.05
24300,9646,45,1,124.25,0.0
24301,9646,22,2,155.04,0.0
24302,9646,55,2,143.78,0.0
24303,9646,13,2,546.51,0.0
24304,9647,62,3,455.65,0.05
24305,9648,39,3,435.88,0.05
24306,9649,43,1,487.39,0.05
24307,9649,57,2,359.66,0.0
24308,9650,29,4,332.87,0.1
24309,9650,18,1,774.6,0.05
24310,9650,60,5,765.19,0.0
24311,9650,44,1,155.05,0.05
24312,9651,97,2,140.58,0.05
24313,9651,57,5,359.66,0.0
24314,9651,107,1,70.69,0.05
24315,9652,50,4,641.98,0.05
24316,9653,27,4,50.29,0.0
24317,9654,84,3,233.29,0.1
24318,9654,92,4,473.15,0.0
24319,9655,73,1,693.24,0.0
24320,9655,21,3,128.96,0.0
24321,9655,57,2,359.66,0.15
24322,9656,94,3,357.14,0.0
24323,9656,48,5,688.65,0.15
24324,9656,76,4,544.8,0.0
24325,9656,66,1,325.89,0.1
24326,9657,103,2,415.47,0.0
24327,9658,26,4,283.16,0.15
24328,9658,100,3,192.03,0.0
24329,9658,115,4,191.72,0.1
24330,9659,112,4,530.6,0.1
24331,9659,47,4,533.66,0.05
24332,9659,117,5,97.33,0.15
24333,9660,108,4,564.18,0.0
24334,9660,55,2,143.78,0.0
24335,9660,33,2,596.3,0.15
24336,9660,44,5,155.05,0.1
24337,9661,119,4,181.96,0.1
24338,9661,7,5,342.91,0.15
24339,9661,37,2,678.06,0.15
24340,9662,91,1,111.41,0.0
24341,9662,88,3,217.75,0.1
24342,9662,101,1,530.68,0.0
24343,9663,23,3,473.03,0.0
24344,9663,92,3,473.15,0.0
24345,9663,88,1,217.75,0.0
24346,9663,32,4,527.45,0.05
24347,9664,104,1,497.51,0.15
24348,9665,23,4,473.03,0.0
24349,9665,87,2,87.7,0.05
24350,9665,15,5,434.83,0.0
24351,9666,101,3,530.68,0.0
24352,9666,100,3,192.03,0.0
24353,9667,35,1,368.74,0.0
24354,9667,49,5,224.05,0.15
24355,9667,13,2,546.51,0.0
24356,9667,33,2,596.3,0.0
24357,9668,33,1,596.3,0.1
24358,9668,29,2,332.87,0.05
24359,9669,23,5,473.03,0.1
24360,9670,42,5,506.69,0.1
24361,9670,95,4,197.03,0.0
24362,9670,15,5,434.83,0.0
24363,9671,67,1,439.64,0.0
24364,9671,19,4,236.74,0.05
24365,9671,73,3,693.24,0.0
24366,9672,21,5,128.96,0.1
24367,9672,68,3,187.83,0.15
24368,9672,111,3,220.69,0.0
24369,9672,57,1,359.66,0.0
24370,9673,34,1,269.02,0.1
24371,9673,69,1,199.67,0.0
24372,9674,47,2,533.66,0.1
24373,9674,107,5,70.69,0.0
24374,9675,55,3,143.78,0.05
24375,9675,115,5,191.72,0.0
24376,9676,6,1,148.07,0.15
24377,9676,66,4,325.89,0.15
24378,9677,55,2,143.78,0.05
24379,9678,92,2,473.15,0.0
24380,9678,83,4,229.64,0.1
24381,9678,17,5,335.91,0.0
24382,9679,27,2,50.29,0.0
24383,9680,37,3,678.06,0.0
24384,9680,10,2,358.28,0.1
24385,9681,13,5,546.51,0.05
24386,9681,26,3,283.16,0.15
24387,9681,60,2,765.19,0.05
24388,9681,12,2,665.95,0.15
24389,9682,50,5,641.98,0.05
24390,9682,35,1,368.74,0.1
24391,9682,65,3,775.34,0.0
24392,9682,95,1,197.03,0.1
24393,9683,110,2,551.82,0.0
24394,9683,33,1,596.3,0.0
24395,9683,37,2,678.06,0.05
24396,9683,3,2,400.77,0.0
24397,9684,114,1,321.32,0.1
24398,9684,116,4,151.15,0.0
24399,9684,69,4,199.67,0.15
24400,9684,76,1,544.8,0.1
24401,9685,25,4,424.49,0.0
24402,9685,86,5,508.15,0.0
24403,9685,27,5,50.29,0.15
24404,9686,56,2,701.89,0.15
24405,9686,80,3,334.64,0.0
24406,9686,13,5,546.51,0.0
24407,9687,14,3,167.56,0.0
24408,9687,103,2,415.47,0.15
24409,9688,28,3,278.53,0.0
24410,9689,48,2,688.65,0.0
24411,9690,108,3,564.18,0.0
24412,9690,6,5,148.07,0.15
24413,9690,84,3,233.29,0.05
24414,9690,98,1,387.36,0.0
24415,9691,118,2,357.13,0.0
24416,9691,49,2,224.05,0.0
24417,9691,96,5,261.53,0.1
24418,9691,40,2,246.27,0.0
24419,9692,25,3,424.49,0.15
24420,9692,44,3,155.05,0.0
24421,9692,51,2,592.49,0.05
24422,9692,97,1,140.58,0.0
24423,9693,109,1,345.03,0.1
24424,9694,115,4,191.72,0.1
24425,9694,100,3,192.03,0.0
24426,9694,36,4,461.97,0.0
24427,9695,47,4,533.66,0.05
24428,9695,79,5,353.32,0.05
24429,9695,77,3,20.71,0.0
24430,9696,1,5,250.67,0.15
24431,9696,106,5,293.96,0.15
24432,9697,119,5,181.96,0.15
24433,9697,91,5,111.41,0.0
24434,9697,37,2,678.06,0.05
24435,9697,65,2,775.34,0.0
24436,9698,69,3,199.67,0.05
24437,9698,90,3,250.98,0.05
24438,9698,13,2,546.51,0.0
24439,9699,84,2,233.29,0.05
24440,9699,36,5,461.97,0.05
24441,9699,3,4,400.77,0.15
24442,9699,52,4,119.81,0.05
24443,9700,15,5,434.83,0.0
24444,9700,89,1,156.62,0.0
24445,9700,111,5,220.69,0.0
24446,9700,78,2,496.95,0.1
24447,9701,98,3,387.36,0.05
24448,9702,68,5,187.83,0.0
24449,9702,22,2,155.04,0.0
24450,9703,92,3,473.15,0.1
24451,9704,52,4,119.81,0.05
24452,9705,7,1,342.91,0.0
24453,9705,65,4,775.34,0.0
24454,9705,47,1,533.66,0.1
24455,9706,40,2,246.27,0.0
24456,9707,11,2,431.92,0.0
24457,9707,16,1,337.82,0.05
24458,9707,35,3,368.74,0.0
24459,9708,63,4,460.08,0.15
24460,9708,113,1,113.5,0.05
24461,9708,45,3,124.25,0.0
24462,9709,53,2,90.14,0.0
24463,9709,114,2,321.32,0.05
24464,9709,55,2,143.78,0.15
24465,9710,15,1,434.83,0.0
24466,9710,118,5,357.13,0.05
24467,9710,67,5,439.64,0.0
24468,9710,61,1,610.85,0.0
24469,9711,56,5,701.89,0.0
24470,9711,24,2,576.43,0.05
24471,9711,61,2,610.85,0.0
24472,9711,85,3,294.43,0.15
24473,9712,120,5,437.18,0.15
24474,9712,41,5,466.15,0.0
24475,9712,38,4,342.42,0.0
24476,9712,96,3,261.53,0.0
24477,9713,38,5,342.42,0.0
24478,9713,120,1,437.18,0.0
24479,9713,30,3,474.66,0.05
24480,9714,47,4,533.66,0.1
24481,9714,119,3,181.96,0.15
24482,9714,91,2,111.41,0.05
24483,9715,4,4,538.06,0.0
24484,9716,39,1,435.88,0.0
24485,9717,78,5,496.95,0.0
24486,9718,118,3,357.13,0.15
24487,9718,35,1,368.74,0.15
24488,9718,99,3,654.14,0.0
24489,9718,27,1,50.29,0.05
24490,9719,115,2,191.72,0.15
24491,9719,10,5,358.28,0.0
24492,9719,38,3,342.42,0.0
24493,9719,98,4,387.36,0.05
24494,9720,38,5,342.42,0.0
24495,9720,56,4,701.89,0.1
24496,9721,57,4,359.66,0.0
24497,9721,93,3,96.97,0.15
24498,9722,5,5,206.39,0.05
24499,9722,96,5,261.53,0.0
24500,9723,35,5,368.74,0.05
24501,9723,65,5,775.34,0.0
24502,9723,49,1,224.05,0.1
24503,9724,13,3,546.51,0.0
24504,9725,56,2,701.89,0.0
24505,9726,18,3,774.6,0.0
24506,9726,10,3,358.28,0.0
24507,9727,5,4,206.39,0.0
24508,9727,16,2,337.82,0.0
24509,9728,82,2,382.23,0.0
24510,9728,94,5,357.14,0.1
24511,9728,116,1,151.15,0.05
24512,9728,115,4,191.72,0.1
24513,9729,115,1,191.72,0.0
24514,9729,16,4,337.82,0.1
24515,9729,91,5,111.41,0.0
24516,9729,68,1,187.83,0.0
24517,9730,50,3,641.98,0.0
24518,9730,94,2,357.14,0.15
24519,9730,78,3,496.95,0.0
24520,9730,103,2,415.47,0.0
24521,9731,82,4,382.23,0.0
24522,9731,61,5,610.85,0.0
24523,9732,106,2,293.96,0.0
24524,9732,9,4,566.94,0.0
24525,9732,89,5,156.62,0.0
24526,9733,114,1,321.32,0.0
24527,9733,87,4,87.7,0.0
24528,9733,33,3,596.3,0.0
24529,9733,36,4,461.97,0.0
24530,9734,15,1,434.83,0.15
24531,9735,119,4,181.96,0.0
24532,9736,40,4,246.27,0.0
24533,9737,53,1,90.14,0.0
24534,9737,112,3,530.6,0.1
24535,9737,87,2,87.7,0.1
24536,9738,25,2,424.49,0.1
24537,9738,19,4,236.74,0.05
24538,9738,71,4,298.03,0.05
24539,9739,78,5,496.95,0.1
24540,9739,113,1,113.5,0.05
24541,9740,3,1,400.77,0.0
24542,9740,25,3,424.49,0.05
24543,9740,24,1,576.43,0.05
24544,9740,90,2,250.98,0.05
24545,9741,33,1,596.3,0.05
24546,9741,63,1,460.08,0.0
24547,9741,19,1,236.74,0.0
24548,9741,22,3,155.04,0.0
24549,9742,40,3,246.27,0.0
24550,9742,112,5,530.6,0.05
24551,9743,114,1,321.32,0.1
24552,9744,90,5,250.98,0.15
24553,9744,2,5,225.66,0.1
24554,9744,78,2,496.95,0.1
24555,9745,33,5,596.3,0.0
24556,9745,50,5,641.98,0.0
24557,9745,98,4,387.36,0.05
24558,9745,118,3,357.13,0.0
24559,9746,6,3,148.07,0.05
24560,9746,31,3,492.63,0.15
24561,9746,74,5,259.9,0.0
24562,9747,14,3,167.56,0.1
24563,9747,92,2,473.15,0.0
24564,9748,26,5,283.16,0.15
24565,9748,29,2,332.87,0.15
24566,9748,98,3,387.36,0.0
24567,9749,40,2,246.27,0.0
24568,9749,105,5,161.35,0.0
24569,9749,6,5,148.07,0.0
24570,9750,48,5,688.65,0.0
24571,9750,66,2,325.89,0.0
24572,9750,117,1,97.33,0.05
24573,9750,7,5,342.91,0.05
24574,9751,95,1,197.03,0.0
24575,9752,9,1,566.94,0.15
24576,9752,92,3,473.15,0.1
24577,9752,27,2,50.29,0.1
24578,9753,34,4,269.02,0.0
24579,9753,102,1,268.48,0.0
24580,9754,120,1,437.18,0.1
24581,9755,20,5,344.47,0.15
24582,9755,41,3,466.15,0.0
24583,9755,47,3,533.66,0.05
24584,9755,37,2,678.06,0.0
24585,9756,8,1,230.66,0.0
24586,9757,99,4,654.14,0.1
24587,9757,94,1,357.14,0.0
24588,9758,17,4,335.91,0.0
24589,9758,86,5,508.15,0.1
24590,9758,93,3,96.97,0.05
24591,9759,73,5,693.24,0.15
24592,9760,26,4,283.16,0.0
24593,9761,107,3,70.69,0.1
24594,9761,49,1,224.05,0.0
24595,9761,7,4,342.91,0.1
24596,9762,110,4,551.82,0.1
24597,9762,38,3,342.42,0.0
24598,9762,58,4,421.43,0.0
24599,9762,23,5,473.03,0.0
24600,9763,15,3,434.83,0.05
24601,9763,48,3,688.65,0.0
24602,9764,88,3,217.75,0.0
24603,9765,45,2,124.25,0.0
24604,9765,57,4,359.66,0.1
24605,9766,51,4,592.49,0.05
24606,9767,46,5,429.96,0.05
24607,9767,12,4,665.95,0.05
24608,9767,110,2,551.82,0.0
24609,9767,57,3,359.66,0.15
24610,9768,51,5,592.49,0.0
24611,9769,36,3,461.97,0.0
24612,9770,108,5,564.18,0.05
24613,9770,103,3,415.47,0.05
24614,9771,6,4,148.07,0.1
24615,9772,6,1,148.07,0.0
24616,9772,69,1,199.67,0.0
24617,9773,74,2,259.9,0.0
24618,9773,26,1,283.16,0.05
24619,9774,27,4,50.29,0.15
24620,9774,45,2,124.25,0.0
24621,9775,36,1,461.97,0.0
24622,9775,13,4,546.51,0.05
24623,9776,37,1,678.06,0.0
24624,9776,101,2,530.68,0.0
24625,9776,2,3,225.66,0.0
24626,9777,26,2,283.16,0.15
24627,9777,10,1,358.28,0.0
24628,9778,108,3,564.18,0.0
24629,9778,75,5,102.43,0.15
24630,9778,73,1,693.24,0.0
24631,9778,3,1,400.77,0.0
24632,9779,90,1,250.98,0.1
24633,9779,67,4,439.64,0.15
24634,9779,117,2,97.33,0.05
24635,9780,104,1,497.51,0.15
24636,9780,93,3,96.97,0.0
24637,9781,67,3,439.64,0.15
24638,9782,105,2,161.35,0.05
24639,9782,13,2,546.51,0.0
24640,9782,48,3,688.65,0.1
24641,9783,84,5,233.29,0.0
24642,9783,28,2,278.53,0.0
24643,9784,84,5,233.29,0.15
24644,9784,14,2,167.56,0.15
24645,9784,108,5,564.18,0.0
24646,9784,36,4,461.97,0.0
24647,9785,66,4,325.89,0.0
24648,9785,46,5,429.96,0.05
24649,9785,68,2,187.83,0.0
24650,9786,40,2,246.27,0.0
24651,9786,75,2,102.43,0.1
24652,9786,26,2,283.16,0.0
24653,9787,4,4,538.06,0.0
24654,9787,43,5,487.39,0.0
24655,9788,77,3,20.71,0.0
24656,9788,82,1,382.23,0.0
24657,9788,81,2,472.42,0.15
24658,9789,9,5,566.94,0.0
24659,9789,54,4,589.22,0.0
24660,9789,88,2,217.75,0.0
24661,9789,52,3,119.81,0.05
24662,9790,68,3,187.83,0.15
24663,9790,95,3,197.03,0.0
24664,9790,87,2,87.7,0.0
24665,9790,10,4,358.28,0.05
24666,9791,65,1,775.34,0.05
24667,9791,100,1,192.03,0.0
24668,9791,98,4,387.36,0.0
24669,9791,54,5,589.22,0.05
24670,9792,79,5,353.32,0.0
24671,9792,71,2,298.03,0.05
24672,9792,101,5,530.68,0.15
24673,9792,113,1,113.5,0.1
24674,9793,4,2,538.06,0.1
24675,9794,76,2,544.8,0.1
24676,9794,9,3,566.94,0.0
24677,9795,63,1,460.08,0.0
24678,9795,116,2,151.15,0.0
24679,9795,105,2,161.35,0.0
24680,9795,32,5,527.45,0.0
24681,9796,41,1,466.15,0.15
24682,9796,36,2,461.97,0.1
24683,9796,31,4,492.63,0.0
24684,9796,104,2,497.51,0.05
24685,9797,42,4,506.69,0.0
24686,9797,34,4,269.02,0.0
24687,9797,58,5,421.43,0.0
24688,9797,36,4,461.97,0.0
24689,9798,59,2,189.03,0.0
24690,9798,49,4,224.05,0.05
24691,9798,98,3,387.36,0.0
24692,9799,76,5,544.8,0.15
24693,9799,100,3,192.03,0.05
24694,9800,24,1,576.43,0.0
24695,9800,78,3,496.95,0.0
24696,9800,10,2,358.28,0.0
24697,9800,91,1,111.41,0.15
24698,9801,45,3,124.25,0.0
24699,9802,111,3,220.69,0.1
24700,9802,84,3,233.29,0.0
24701,9802,113,4,113.5,0.0
24702,9803,15,3,434.83,0.0
24703,9804,34,2,269.02,0.0
24704,9804,68,1,187.83,0.1
24705,9805,108,5,564.18,0.0
24706,9805,45,3,124.25,0.0
24707,9806,6,2,148.07,0.1
24708,9806,77,2,20.71,0.1
24709,9807,9,3,566.94,0.0
24710,9807,11,1,431.92,0.0
24711,9808,89,1,156.62,0.05
24712,9808,104,3,497.51,0.0
24713,9809,48,1,688.65,0.1
24714,9809,94,5,357.14,0.0
24715,9809,51,3,592.49,0.0
24716,9810,7,5,342.91,0.0
24717,9810,87,5,87.7,0.0
24718,9811,78,2,496.95,0.05
24719,9811,23,4,473.03,0.0
24720,9812,57,2,359.66,0.1
24721,9812,33,3,596.3,0.0
24722,9813,66,5,325.89,0.0
24723,9813,47,1,533.66,0.05
24724,9814,55,1,143.78,0.05
24725,9814,77,5,20.71,0.0
24726,9814,5,3,206.39,0.15
24727,9815,16,3,337.82,0.0
24728,9815,22,5,155.04,0.0
24729,9816,102,1,268.48,0.15
24730,9816,74,2,259.9,0.1
24731,9816,18,3,774.6,0.0
24732,9816,99,5,654.14,0.0
24733,9817,7,3,342.91,0.15
24734,9817,69,1,199.67,0.05
24735,9817,6,3,148.07,0.0
24736,9817,18,1,774.6,0.05
24737,9818,100,1,192.03,0.0
24738,9818,7,3,342.91,0.0
24739,9819,7,2,342.91,0.15
24740,9819,21,3,128.96,0.1
24741,9819,68,3,187.83,0.15
24742,9820,63,4,460.08,0.05
24743,9820,1,2,250.67,0.15
24744,9820,82,2,382.23,0.1
24745,9821,44,2,155.05,0.0
24746,9821,100,5,192.03,0.15
24747,9822,43,5,487.39,0.0
24748,9822,96,1,261.53,0.15
24749,9822,73,2,693.24,0.05
24750,9822,69,5,199.67,0.0
24751,9823,36,1,461.97,0.1
24752,9823,107,2,70.69,0.0
24753,9824,10,3,358.28,0.0
24754,9824,97,4,140.58,0.15
24755,9825,60,4,765.19,0.0
24756,9826,86,2,508.15,0.0
24757,9826,106,1,293.96,0.0
24758,9826,94,2,357.14,0.0
24759,9826,17,2,335.91,0.0
24760,9827,100,4,192.03,0.05
24761,9827,86,2,508.15,0.0
24762,9827,82,2,382.23,0.15
24763,9827,106,3,293.96,0.15
24764,9828,65,5,775.34,0.0
24765,9829,65,4,775.34,0.05
24766,9830,17,2,335.91,0.0
24767,9830,112,3,530.6,0.0
24768,9830,38,3,342.42,0.1
24769,9830,12,2,665.95,0.05
24770,9831,39,2,435.88,0.05
24771,9832,64,1,433.42,0.0
24772,9832,67,5,439.64,0.0
24773,9832,50,1,641.98,0.0
24774,9833,24,3,576.43,0.15
24775,9833,91,1,111.41,0.1
24776,9833,30,2,474.66,0.15
24777,9834,58,5,421.43,0.1
24778,9834,94,5,357.14,0.15
24779,9835,45,4,124.25,0.1
24780,9835,37,4,678.06,0.05
24781,9835,39,4,435.88,0.0
24782,9835,2,1,225.66,0.0
24783,9836,58,2,421.43,0.05
24784,9836,53,4,90.14,0.05
24785,9837,84,2,233.29,0.0
24786,9837,90,1,250.98,0.1
24787,9838,66,4,325.89,0.0
24788,9838,54,1,589.22,0.15
24789,9838,81,5,472.42,0.15
24790,9838,23,1,473.03,0.0
24791,9839,95,3,197.03,0.0
24792,9839,75,5,102.43,0.0
24793,9839,57,5,359.66,0.15
24794,9840,111,4,220.69,0.0
24795,9840,29,4,332.87,0.15
24796,9840,46,1,429.96,0.1
24797,9841,99,3,654.14,0.15
24798,9842,7,4,342.91,0.0
24799,9842,5,1,206.39,0.15
24800,9842,40,1,246.27,0.0
24801,9842,44,1,155.05,0.1
24802,9843,70,3,477.56,0.0
24803,9844,34,5,269.02,0.0
24804,9844,18,1,774.6,0.15
24805,9844,80,1,334.64,0.0
24806,9845,84,2,233.29,0.05
24807,9846,66,1,325.89,0.0
24808,9846,48,5,688.65,0.1
24809,9846,64,1,433.42,0.15
24810,9847,28,4,278.53,0.0
24811,9848,42,3,506.69,0.05
24812,9849,114,5,321.32,0.15
24813,9849,54,2,589.22,0.0
24814,9849,31,1,492.63,0.0
24815,9850,3,2,400.77,0.15
24816,9850,59,4,189.03,0.05
24817,9850,20,4,344.47,0.0
24818,9850,102,1,268.48,0.1
24819,9851,88,3,217.75,0.0
24820,9851,19,3,236.74,0.05
24821,9851,18,5,774.6,0.0
24822,9851,15,1,434.83,0.05
24823,9852,116,2,151.15,0.0
24824,9852,33,3,596.3,0.0
24825,9852,46,1,429.96,0.0
24826,9852,84,5,233.29,0.05
24827,9853,50,3,641.98,0.1
24828,9853,7,3,342.91,0.0
24829,9854,32,5,527.45,0.15
24830,9854,57,2,359.66,0.05
24831,9854,79,3,353.32,0.0
24832,9854,71,5,298.03,0.0
24833,9855,55,1,143.78,0.0
24834,9855,68,4,187.83,0.1
24835,9856,80,2,334.64,0.0
24836,9856,32,3,527.45,0.05
24837,9856,21,1,128.96,0.15
24838,9857,92,3,473.15,0.1
24839,9858,72,5,417.09,0.0
24840,9858,14,1,167.56,0.05
24841,9858,108,3,564.18,0.0
24842,9859,56,2,701.89,0.1
24843,9860,79,5,353.32,0.05
24844,9860,107,3,70.69,0.0
24845,9860,98,5,387.36,0.0
24846,9860,3,2,400.77,0.1
24847,9861,82,2,382.23,0.0
24848,9861,103,3,415.47,0.0
24849,9862,49,5,224.05,0.1
24850,9862,1,2,250.67,0.0
24851,9863,46,5,429.96,0.0
24852,9864,96,3,261.53,0.0
24853,9864,119,1,181.96,0.0
24854,9864,92,3,473.15,0.0
24855,9864,74,5,259.9,0.0
24856,9865,77,3,20.71,0.1
24857,9865,35,5,368.74,0.0
24858,9866,100,1,192.03,0.15
24859,9866,45,5,124.25,0.0
24860,9866,49,4,224.05,0.0
24861,9866,44,1,155.05,0.05
24862,9867,103,1,415.47,0.0
24863,9867,40,2,246.27,0.15
24864,9867,7,2,342.91,0.05
24865,9868,79,3,353.32,0.1
24866,9868,118,4,357.13,0.05
24867,9868,27,5,50.29,0.1
24868,9868,46,5,429.96,0.0
24869,9869,117,3,97.33,0.0
24870,9869,2,2,225.66,0.0
24871,9869,47,5,533.66,0.0
24872,9869,15,3,434.83,0.15
24873,9870,91,2,111.41,0.1
24874,9870,120,2,437.18,0.0
24875,9870,71,4,298.03,0.05
24876,9870,84,2,233.29,0.05
24877,9871,50,3,641.98,0.1
24878,9871,100,2,192.03,0.0
24879,9871,26,5,283.16,0.1
24880,9872,63,1,460.08,0.1
24881,9872,100,3,192.03,0.15
24882,9872,85,5,294.43,0.15
24883,9873,78,2,496.95,0.15
24884,9874,115,1,191.72,0.05
24885,9874,56,4,701.89,0.05
24886,9874,47,1,533.66,0.0
24887,9874,53,1,90.14,0.1
24888,9875,106,2,293.96,0.0
24889,9875,114,1,321.32,0.0
24890,9875,2,3,225.66,0.05
24891,9875,40,1,246.27,0.1
24892,9876,88,4,217.75,0.0
24893,9876,108,1,564.18,0.0
24894,9876,59,5,189.03,0.0
24895,9876,71,4,298.03,0.15
24896,9877,12,3,665.95,0.15
24897,9878,70,1,477.56,0.0
24898,9878,3,1,400.77,0.0
24899,9879,46,5,429.96,0.15
24900,9880,51,3,592.49,0.15
24901,9880,113,2,113.5,0.0
24902,9881,67,3,439.64,0.05
24903,9882,70,4,477.56,0.0
24904,9883,52,3,119.81,0.0
24905,9884,31,3,492.63,0.1
24906,9884,27,5,50.29,0.05
24907,9884,34,2,269.02,0.15
24908,9884,22,4,155.04,0.15
24909,9885,77,1,20.71,0.1
24910,9886,31,2,492.63,0.0
24911,9886,112,5,530.6,0.0
24912,9887,89,5,156.62,0.0
24913,9887,119,4,181.96,0.0
24914,9888,29,1,332.87,0.0
24915,9889,41,1,466.15,0.15
24916,9889,97,4,140.58,0.05
24917,9889,10,3,358.28,0.05
24918,9889,91,1,111.41,0.0
24919,9890,24,5,576.43,0.1
24920,9890,47,5,533.66,0.05
24921,9890,45,5,124.25,0.0
24922,9891,66,4,325.89,0.0
24923,9891,87,2,87.7,0.15
24924,9891,101,1,530.68,0.15
24925,9891,3,5,400.77,0.05
24926,9892,94,5,357.14,0.0
24927,9893,118,1,357.13,0.1
24928,9893,117,4,97.33,0.0
24929,9893,49,1,224.05,0.0
24930,9894,42,5,506.69,0.0
24931,9894,34,1,269.02,0.1
24932,9895,118,1,357.13,0.05
24933,9896,21,3,128.96,0.1
24934,9896,57,5,359.66,0.0
24935,9896,61,1,610.85,0.0
24936,9896,74,1,259.9,0.0
24937,9897,84,2,233.29,0.1
24938,9897,38,3,342.42,0.05
24939,9897,56,4,701.89,0.1
24940,9897,36,3,461.97,0.05
24941,9898,35,4,368.74,0.0
24942,9898,103,4,415.47,0.0
24943,9898,53,3,90.14,0.15
24944,9899,77,5,20.71,0.0
24945,9899,12,5,665.95,0.05
24946,9899,27,5,50.29,0.15
24947,9899,119,4,181.96,0.1
24948,9900,81,5,472.42,0.05
24949,9900,118,5,357.13,0.15
24950,9900,78,5,496.95,0.0
24951,9901,80,1,334.64,0.15
24952,9902,7,4,342.91,0.05
24953,9902,4,2,538.06,0.05
24954,9902,69,5,199.67,0.05
24955,9903,103,4,415.47,0.1
24956,9903,106,1,293.96,0.0
24957,9904,83,1,229.64,0.0
24958,9904,115,5,191.72,0.0
24959,9904,73,2,693.24,0.0
24960,9905,77,1,20.71,0.0
24961,9905,84,4,233.29,0.0
24962,9905,103,3,415.47,0.0
24963,9906,76,2,544.8,0.05
24964,9906,35,1,368.74,0.0
24965,9906,112,4,530.6,0.05
24966,9907,105,4,161.35,0.0
24967,9907,28,1,278.53,0.0
24968,9907,52,3,119.81,0.0
24969,9907,75,3,102.43,0.0
24970,9908,5,4,206.39,0.0
24971,9909,39,4,435.88,0.0
24972,9910,105,4,161.35,0.0
24973,9910,16,3,337.82,0.15
24974,9910,91,1,111.41,0.05
24975,9910,3,4,400.77,0.0
24976,9911,113,1,113.5,0.0
24977,9911,77,2,20.71,0.05
24978,9911,48,3,688.65,0.05
24979,9911,65,5,775.34,0.0
24980,9912,29,5,332.87,0.05
24981,9912,20,5,344.47,0.15
24982,9912,70,2,477.56,0.0
24983,9913,19,5,236.74,0.0
24984,9914,79,4,353.32,0.0
24985,9915,72,2,417.09,0.15
24986,9915,11,5,431.92,0.0
24987,9915,89,5,156.62,0.0
24988,9916,25,1,424.49,0.0
24989,9916,118,3,357.13,0.1
24990,9916,65,4,775.34,0.0
24991,9917,75,1,102.43,0.05
24992,9917,43,5,487.39,0.0
24993,9918,56,5,701.89,0.0
24994,9918,54,1,589.22,0.05
24995,9918,85,4,294.43,0.05
24996,9919,63,5,460.08,0.1
24997,9919,120,5,437.18,0.15
24998,9919,59,1,189.03,0.0
24999,9920,10,4,358.28,0.15
25000,9921,85,4,294.43,0.0
25001,9921,112,3,530.6,0.0
25002,9922,32,2,527.45,0.1
25003,9922,95,3,197.03,0.0
25004,9922,62,5,455.65,0.0
25005,9923,99,5,654.14,0.15
25006,9923,64,3,433.42,0.0
25007,9924,7,5,342.91,0.0
25008,9924,38,5,342.42,0.05
25009,9924,119,4,181.96,0.1
25010,9925,34,1,269.02,0.0
25011,9925,6,1,148.07,0.15
25012,9926,109,1,345.03,0.0
25013,9927,6,5,148.07,0.1
25014,9927,80,4,334.64,0.0
25015,9927,72,1,417.09,0.0
25016,9928,120,3,437.18,0.0
25017,9928,83,4,229.64,0.0
25018,9929,120,5,437.18,0.0
25019,9930,19,1,236.74,0.15
25020,9930,76,4,544.8,0.0
25021,9930,3,1,400.77,0.1
25022,9930,55,2,143.78,0.1
25023,9931,36,3,461.97,0.15
25024,9932,86,2,508.15,0.05
25025,9932,80,1,334.64,0.0
25026,9933,119,1,181.96,0.0
25027,9934,7,5,342.91,0.0
25028,9934,22,3,155.04,0.0
25029,9934,6,5,148.07,0.15
25030,9935,1,3,250.67,0.15
25031,9935,84,3,233.29,0.1
25032,9935,63,5,460.08,0.05
25033,9936,92,3,473.15,0.0
25034,9936,3,4,400.77,0.05
25035,9936,27,5,50.29,0.0
25036,9937,51,4,592.49,0.05
25037,9937,3,2,400.77,0.0
25038,9937,108,5,564.18,0.0
25039,9938,31,1,492.63,0.0
25040,9939,20,2,344.47,0.1
25041,9940,91,4,111.41,0.0
25042,9940,72,1,417.09,0.1
25043,9940,115,1,191.72,0.0
25044,9940,20,2,344.47,0.0
25045,9941,39,2,435.88,0.1
25046,9941,60,5,765.19,0.05
25047,9941,50,4,641.98,0.05
25048,9941,32,3,527.45,0.0
25049,9942,32,3,527.45,0.0
25050,9943,97,5,140.58,0.05
25051,9943,21,4,128.96,0.0
25052,9943,71,5,298.03,0.0
25053,9944,106,5,293.96,0.05
25054,9945,41,3,466.15,0.05
25055,9946,54,4,589.22,0.0
25056,9947,110,5,551.82,0.05
25057,9948,18,5,774.6,0.05
25058,9948,67,1,439.64,0.0
25059,9949,15,1,434.83,0.1
25060,9949,67,2,439.64,0.1
25061,9950,66,5,325.89,0.1
25062,9950,50,5,641.98,0.1
25063,9950,95,4,197.03,0.1
25064,9950,4,1,538.06,0.0
25065,9951,81,3,472.42,0.05
25066,9951,34,3,269.02,0.0
25067,9952,7,5,342.91,0.15
25068,9953,34,3,269.02,0.05
25069,9953,27,5,50.29,0.15
25070,9953,65,4,775.34,0.1
25071,9954,53,3,90.14,0.15
25072,9954,76,1,544.8,0.05
25073,9955,2,4,225.66,0.15
25074,9956,39,4,435.88,0.15
25075,9956,74,1,259.9,0.0
25076,9956,25,3,424.49,0.05
25077,9956,73,3,693.24,0.0
25078,9957,97,5,140.58,0.15
25079,9957,105,1,161.35,0.15
25080,9957,19,5,236.74,0.0
25081,9957,78,1,496.95,0.0
25082,9958,117,2,97.33,0.1
25083,9958,28,1,278.53,0.1
25084,9958,41,3,466.15,0.0
25085,9958,66,5,325.89,0.05
25086,9959,73,5,693.24,0.1
25087,9959,1,2,250.67,0.15
25088,9960,28,4,278.53,0.1
25089,9961,63,2,460.08,0.0
25090,9961,68,1,187.83,0.0
25091,9962,4,3,538.06,0.1
25092,9962,98,5,387.36,0.0
25093,9962,111,3,220.69,0.0
25094,9963,3,5,400.77,0.0
25095,9963,54,5,589.22,0.1
25096,9964,10,1,358.28,0.1
25097,9964,73,1,693.24,0.05
25098,9964,61,4,610.85,0.0
25099,9965,116,1,151.15,0.15
25100,9965,86,3,508.15,0.05
25101,9965,4,5,538.06,0.05
25102,9966,27,2,50.29,0.0
25103,9966,13,2,546.51,0.0
25104,9966,31,2,492.63,0.15
25105,9967,111,4,220.69,0.0
25106,9967,68,3,187.83,0.0
25107,9967,36,5,461.97,0.15
25108,9968,7,5,342.91,0.05
25109,9968,94,2,357.14,0.15
25110,9969,98,5,387.36,0.05
25111,9969,101,2,530.68,0.15
25112,9969,46,2,429.96,0.0
25113,9969,112,2,530.6,0.0
25114,9970,107,3,70.69,0.1
25115,9970,120,4,437.18,0.0
25116,9970,88,5,217.75,0.05
25117,9971,109,2,345.03,0.0
25118,9971,1,1,250.67,0.15
25119,9972,8,3,230.66,0.0
25120,9972,52,2,119.81,0.0
25121,9972,59,5,189.03,0.0
25122,9973,70,1,477.56,0.15
25123,9973,14,1,167.56,0.0
25124,9973,48,2,688.65,0.0
25125,9973,79,1,353.32,0.1
25126,9974,56,3,701.89,0.0
25127,9974,41,3,466.15,0.1
25128,9974,39,5,435.88,0.0
25129,9974,22,5,155.04,0.05
25130,9975,102,2,268.48,0.0
25131,9975,84,4,233.29,0.0
25132,9975,58,3,421.43,0.0
25133,9976,105,4,161.35,0.1
25134,9976,30,1,474.66,0.05
25135,9977,106,1,293.96,0.15
25136,9977,50,3,641.98,0.15
25137,9977,113,1,113.5,0.15
25138,9977,67,3,439.64,0.0
25139,9978,77,2,20.71,0.15
25140,9978,70,3,477.56,0.15
25141,9978,115,1,191.72,0.0
25142,9978,106,2,293.96,0.1
25143,9979,38,5,342.42,0.15
25144,9980,84,3,233.29,0.0
25145,9980,36,5,461.97,0.15
25146,9981,52,2,119.81,0.0
25147,9981,66,5,325.89,0.1
25148,9982,36,3,461.97,0.15
25149,9982,89,4,156.62,0.0
25150,9982,99,1,654.14,0.0
25151,9982,106,1,293.96,0.0
25152,9983,49,2,224.05,0.0
25153,9983,111,3,220.69,0.0
25154,9983,89,1,156.62,0.05
25155,9984,95,3,197.03,0.0
25156,9985,68,3,187.83,0.0
25157,9985,86,5,508.15,0.15
25158,9986,74,5,259.9,0.0
25159,9986,78,1,496.95,0.15
25160,9986,110,4,551.82,0.0
25161,9987,88,4,217.75,0.0
25162,9988,99,3,654.14,0.0
25163,9988,49,2,224.05,0.0
25164,9988,19,3,236.74,0.15
25165,9988,45,3,124.25,0.1
25166,9989,73,3,693.24,0.05
25167,9989,47,2,533.66,0.0
25168,9989,48,5,688.65,0.05
25169,9990,116,4,151.15,0.0
25170,9991,5,5,206.39,0.0
25171,9991,64,1,433.42,0.05
25172,9991,16,2,337.82,0.0
25173,9991,99,5,654.14,0.0
25174,9992,77,5,20.71,0.1
25175,9992,97,2,140.58,0.1
25176,9992,62,5,455.65,0.1
25177,9992,51,2,592.49,0.0
25178,9993,26,4,283.16,0.0
25179,9993,12,4,665.95,0.0
25180,9993,120,2,437.18,0.05
25181,9993,44,2,155.05,0.1
25182,9994,8,5,230.66,0.0
25183,9994,42,5,506.69,0.0
25184,9994,91,3,111.41,0.1
25185,9995,72,5,417.09,0.0
25186,9995,12,2,665.95,0.05
25187,9995,3,1,400.77,0.05
25188,9996,103,4,415.47,0.1
25189,9997,14,2,167.56,0.0
25190,9997,31,3,492.63,0.15
25191,9997,80,4,334.64,0.1
25192,9998,104,2,497.51,0.0
25193,9998,39,1,435.88,0.15
25194,9998,49,2,224.05,0.0
25195,9998,60,4,765.19,0.05
25196,9999,71,4,298.03,0.0
25197,9999,96,1,261.53,0.0
25198,9999,73,4,693.24,0.1
25199,9999,24,4,576.43,0.15
25200,10000,61,4,610.85,0.15
25201,10000,80,5,334.64,0.1
25202,10000,69,3,199.67,0.0
25203,10000,63,2,460.08,0.0
25204,10001,66,2,325.89,0.1
25205,10001,109,5,345.03,0.0
25206,10001,67,4,439.64,0.0
25207,10001,22,5,155.04,0.15
25208,10002,85,1,294.43,0.0
25209,10002,34,3,269.02,0.05
25210,10002,43,1,487.39,0.0
25211,10003,78,5,496.95,0.0
25212,10003,75,3,102.43,0.0
25213,10004,81,5,472.42,0.0
25214,10004,118,4,357.13,0.05
25215,10005,65,3,775.34,0.0
25216,10005,61,2,610.85,0.0
25217,10006,102,5,268.48,0.0
25218,10006,34,1,269.02,0.15
25219,10006,65,2,775.34,0.1
25220,10006,119,1,181.96,0.0
25221,10007,106,3,293.96,0.0
25222,10007,8,3,230.66,0.0
25223,10008,101,4,530.68,0.0
25224,10008,9,3,566.94,0.0
25225,10008,119,1,181.96,0.1
25226,10008,47,5,533.66,0.0
25227,10009,23,4,473.03,0.15
25228,10009,94,3,357.14,0.0
25229,10010,33,2,596.3,0.0
25230,10010,1,5,250.67,0.05
25231,10010,13,1,546.51,0.0
25232,10011,95,1,197.03,0.0
25233,10011,90,1,250.98,0.0
25234,10011,42,3,506.69,0.0
25235,10011,118,5,357.13,0.0
25236,10012,83,3,229.64,0.1
25237,10013,19,5,236.74,0.0
25238,10013,34,3,269.02,0.0
25239,10013,46,5,429.96,0.05
25240,10014,111,3,220.69,0.1
25241,10015,37,5,678.06,0.0
25242,10015,118,1,357.13,0.0
25243,10015,95,4,197.03,0.15
25244,10015,64,1,433.42,0.05
25245,10016,91,5,111.41,0.05
25246,10016,102,1,268.48,0.05
25247,10017,73,2,693.24,0.0
25248,10017,93,1,96.97,0.05
25249,10017,63,2,460.08,0.0
25250,10018,15,4,434.83,0.0
25251,10018,98,3,387.36,0.05
25252,10019,32,3,527.45,0.0
25253,10020,73,1,693.24,0.0
25254,10020,55,1,143.78,0.0
25255,10020,119,4,181.96,0.1
25256,10020,83,2,229.64,0.15
25257,10021,42,2,506.69,0.05
25258,10021,107,3,70.69,0.1
25259,10021,3,2,400.77,0.1
25260,10021,95,1,197.03,0.15
25261,10022,68,3,187.83,0.05
25262,10022,2,2,225.66,0.15
25263,10022,48,1,688.65,0.0
25264,10023,23,3,473.03,0.05
25265,10023,26,4,283.16,0.0
25266,10023,75,3,102.43,0.0
25267,10024,93,1,96.97,0.0
25268,10024,72,2,417.09,0.0
25269,10024,26,3,283.16,0.1
25270,10025,94,2,357.14,0.1
25271,10026,31,4,492.63,0.0
25272,10026,36,4,461.97,0.0
25273,10026,95,5,197.03,0.0
25274,10026,28,5,278.53,0.0
25275,10027,24,2,576.43,0.0
25276,10027,61,2,610.85,0.0
25277,10028,27,3,50.29,0.0
25278,10028,14,2,167.56,0.0
25279,10028,118,5,357.13,0.0
25280,10028,29,5,332.87,0.0
25281,10029,40,3,246.27,0.05
25282,10029,18,2,774.6,0.0
25283,10029,117,2,97.33,0.0
25284,10030,45,4,124.25,0.05
25285,10030,113,2,113.5,0.0
25286,10030,12,2,665.95,0.1
25287,10031,105,4,161.35,0.0
25288,10031,7,5,342.91,0.15
25289,10031,13,5,546.51,0.0
25290,10032,88,1,217.75,0.05
25291,10032,17,1,335.91,0.1
25292,10032,48,2,688.65,0.05
25293,10033,76,3,544.8,0.0
25294,10033,25,1,424.49,0.05
25295,10033,57,2,359.66,0.1
25296,10033,97,1,140.58,0.0
25297,10034,36,4,461.97,0.1
25298,10034,56,3,701.89,0.0
25299,10034,65,2,775.34,0.0
25300,10035,14,5,167.56,0.0
25301,10035,95,5,197.03,0.0
25302,10036,115,3,191.72,0.1
25303,10037,114,3,321.32,0.05
25304,10037,24,5,576.43,0.0
25305,10038,34,1,269.02,0.15
25306,10038,109,4,345.03,0.0
25307,10038,49,3,224.05,0.1
25308,10038,45,1,124.25,0.0
25309,10039,5,3,206.39,0.0
25310,10039,91,5,111.41,0.1
25311,10040,61,5,610.85,0.15
25312,10040,83,5,229.64,0.05
25313,10041,20,4,344.47,0.0
25314,10041,53,1,90.14,0.15
25315,10042,106,5,293.96,0.0
25316,10042,61,3,610.85,0.15
25317,10042,51,2,592.49,0.05
25318,10043,61,2,610.85,0.0
25319,10044,97,1,140.58,0.0
25320,10044,102,5,268.48,0.15
25321,10044,111,4,220.69,0.1
25322,10044,88,2,217.75,0.1
25323,10045,51,4,592.49,0.0
25324,10045,110,1,551.82,0.05
25325,10045,81,5,472.42,0.0
25326,10046,95,2,197.03,0.0
25327,10046,12,1,665.95,0.0
25328,10046,31,4,492.63,0.0
25329,10046,29,1,332.87,0.0
25330,10047,8,4,230.66,0.1
25331,10047,63,1,460.08,0.1
25332,10047,26,3,283.16,0.0
25333,10047,106,5,293.96,0.1
25334,10048,5,1,206.39,0.0
25335,10048,114,4,321.32,0.0
25336,10049,104,3,497.51,0.0
25337,10049,32,3,527.45,0.0
25338,10050,53,1,90.14,0.0
25339,10050,50,1,641.98,0.1
25340,10050,36,4,461.97,0.05
25341,10050,113,3,113.5,0.0
25342,10051,50,2,641.98,0.1
25343,10051,37,2,678.06,0.15
25344,10052,94,2,357.14,0.1
25345,10052,119,5,181.96,0.0
25346,10052,63,1,460.08,0.1
25347,10052,99,5,654.14,0.0
25348,10053,45,1,124.25,0.05
25349,10054,52,5,119.81,0.0
25350,10054,94,3,357.14,0.05
25351,10054,73,1,693.24,0.05
25352,10055,61,4,610.85,0.0
25353,10055,55,4,143.78,0.0
25354,10056,7,4,342.91,0.1
25355,10057,18,1,774.6,0.05
25356,10057,33,3,596.3,0.05
25357,10057,86,4,508.15,0.0
25358,10058,67,3,439.64,0.1
25359,10058,76,4,544.8,0.0
25360,10059,43,2,487.39,0.0
25361,10059,96,3,261.53,0.1
25362,10060,89,4,156.62,0.0
25363,10060,92,3,473.15,0.05
25364,10060,50,3,641.98,0.0
25365,10060,100,1,192.03,0.05
25366,10061,72,2,417.09,0.05
25367,10061,13,1,546.51,0.0
25368,10062,60,5,765.19,0.0
25369,10062,115,2,191.72,0.1
25370,10063,55,5,143.78,0.0
25371,10063,56,4,701.89,0.1
25372,10063,113,2,113.5,0.0
25373,10064,98,2,387.36,0.0
25374,10064,39,1,435.88,0.0
25375,10064,92,3,473.15,0.05
25376,10065,92,3,473.15,0.05
25377,10065,66,2,325.89,0.1
25378,10065,27,1,50.29,0.1
25379,10066,59,3,189.03,0.1
25380,10067,29,2,332.87,0.0
25381,10067,68,1,187.83,0.0
25382,10068,65,3,775.34,0.05
25383,10068,1,1,250.67,0.0
25384,10068,27,5,50.29,0.0
25385,10069,55,1,143.78,0.15
25386,10069,65,5,775.34,0.05
25387,10070,57,4,359.66,0.15
25388,10070,117,2,97.33,0.1
25389,10070,4,2,538.06,0.15
25390,10070,40,1,246.27,0.1
25391,10071,91,2,111.41,0.1
25392,10071,85,3,294.43,0.15
25393,10071,6,3,148.07,0.0
25394,10071,8,1,230.66,0.0
25395,10072,28,3,278.53,0.0
25396,10073,9,1,566.94,0.0
25397,10074,100,4,192.03,0.0
25398,10074,94,1,357.14,0.1
25399,10074,109,3,345.03,0.0
25400,10075,117,4,97.33,0.05
25401,10075,36,1,461.97,0.0
25402,10076,56,1,701.89,0.0
25403,10076,35,3,368.74,0.0
25404,10077,110,1,551.82,0.0
25405,10077,83,4,229.64,0.15
25406,10077,6,4,148.07,0.1
25407,10077,25,4,424.49,0.0
25408,10078,107,4,70.69,0.0
25409,10079,120,1,437.18,0.0
25410,10079,52,5,119.81,0.05
25411,10079,98,4,387.36,0.0
25412,10080,83,1,229.64,0.15
25413,10081,31,5,492.63,0.15
25414,10082,69,2,199.67,0.0
25415,10082,41,3,466.15,0.0
25416,10083,103,5,415.47,0.0
25417,10083,119,4,181.96,0.0
25418,10083,56,5,701.89,0.1
25419,10083,21,5,128.96,0.0
25420,10084,21,2,128.96,0.05
25421,10084,31,2,492.63,0.0
25422,10085,46,2,429.96,0.05
25423,10086,6,2,148.07,0.05
25424,10086,22,1,155.04,0.0
25425,10086,109,1,345.03,0.1
25426,10086,102,1,268.48,0.0
25427,10087,65,3,775.34,0.0
25428,10087,119,3,181.96,0.0
25429,10087,86,5,508.15,0.0
25430,10087,76,2,544.8,0.0
25431,10088,90,3,250.98,0.0
25432,10088,70,4,477.56,0.0
25433,10089,45,5,124.25,0.0
25434,10089,31,2,492.63,0.1
25435,10090,15,3,434.83,0.1
25436,10090,19,3,236.74,0.0
25437,10091,105,1,161.35,0.15
25438,10091,13,2,546.51,0.0
25439,10092,88,1,217.75,0.1
25440,10093,11,2,431.92,0.05
25441,10093,30,4,474.66,0.1
25442,10093,40,2,246.27,0.0
25443,10094,63,5,460.08,0.1
25444,10094,114,3,321.32,0.0
25445,10094,68,4,187.83,0.0
25446,10094,76,3,544.8,0.0
25447,10095,46,2,429.96,0.0
25448,10095,25,1,424.49,0.0
25449,10096,31,4,492.63,0.0
25450,10097,52,3,119.81,0.0
25451,10097,84,3,233.29,0.15
25452,10097,99,4,654.14,0.15
25453,10098,96,3,261.53,0.0
25454,10099,59,3,189.03,0.1
25455,10099,4,2,538.06,0.0
25456,10100,95,2,197.03,0.0
25457,10100,16,5,337.82,0.05
25458,10100,66,2,325.89,0.0
25459,10101,47,4,533.66,0.05
25460,10101,91,4,111.41,0.05
25461,10101,51,3,592.49,0.0
25462,10102,77,5,20.71,0.0
25463,10102,76,1,544.8,0.15
25464,10102,94,2,357.14,0.05
25465,10102,70,5,477.56,0.0
25466,10103,50,2,641.98,0.05
25467,10104,41,1,466.15,0.15
25468,10104,26,3,283.16,0.15
25469,10105,95,2,197.03,0.0
25470,10105,81,3,472.42,0.15
25471,10105,56,4,701.89,0.0
25472,10106,13,1,546.51,0.05
25473,10106,114,5,321.32,0.05
25474,10107,116,5,151.15,0.0
25475,10107,53,3,90.14,0.05
25476,10108,84,5,233.29,0.0
25477,10109,78,3,496.95,0.0
25478,10109,7,5,342.91,0.15
25479,10109,20,5,344.47,0.15
25480,10109,68,1,187.83,0.15
25481,10110,16,5,337.82,0.0
25482,10111,19,3,236.74,0.05
25483,10111,15,4,434.83,0.0
25484,10111,3,4,400.77,0.1
25485,10112,117,3,97.33,0.0
25486,10112,26,1,283.16,0.0
25487,10113,68,5,187.83,0.0
25488,10113,46,3,429.96,0.0
25489,10114,11,4,431.92,0.0
25490,10114,10,4,358.28,0.0
25491,10114,96,4,261.53,0.15
25492,10114,74,4,259.9,0.0
25493,10115,23,5,473.03,0.1
25494,10115,51,2,592.49,0.0
25495,10116,51,3,592.49,0.05
25496,10116,100,5,192.03,0.15
25497,10116,90,3,250.98,0.05
25498,10117,8,3,230.66,0.0
25499,10117,74,2,259.9,0.05
25500,10117,79,2,353.32,0.0
25501,10117,67,4,439.64,0.0
25502,10118,71,3,298.03,0.15
25503,10118,5,2,206.39,0.0
25504,10119,65,3,775.34,0.05
25505,10120,32,3,527.45,0.0
25506,10120,112,2,530.6,0.0
25507,10120,100,2,192.03,0.1
25508,10120,42,5,506.69,0.0
25509,10121,113,2,113.5,0.1
25510,10122,55,2,143.78,0.0
25511,10123,4,5,538.06,0.0
25512,10123,72,4,417.09,0.1
25513,10124,23,1,473.03,0.1
25514,10124,12,3,665.95,0.15
25515,10124,113,5,113.5,0.05
25516,10124,9,2,566.94,0.0
25517,10125,59,2,189.03,0.0
25518,10126,49,5,224.05,0.15
25519,10126,61,1,610.85,0.0
25520,10126,106,1,293.96,0.0
25521,10127,107,4,70.69,0.05
25522,10127,83,2,229.64,0.1
25523,10128,48,2,688.65,0.05
25524,10128,119,5,181.96,0.0
25525,10128,23,5,473.03,0.0
25526,10129,74,5,259.9,0.0
25527,10129,90,4,250.98,0.0
25528,10129,43,5,487.39,0.0
25529,10130,104,2,497.51,0.1
25530,10130,72,2,417.09,0.0
25531,10130,97,1,140.58,0.05
25532,10131,108,2,564.18,0.0
25533,10131,55,3,143.78,0.05
25534,10131,11,1,431.92,0.1
25535,10132,21,2,128.96,0.0
25536,10132,9,5,566.94,0.05
25537,10133,17,3,335.91,0.0
25538,10133,91,3,111.41,0.0
25539,10133,73,1,693.24,0.1
25540,10134,100,1,192.03,0.1
25541,10135,71,2,298.03,0.1
25542,10135,117,5,97.33,0.0
25543,10135,108,3,564.18,0.0
25544,10136,118,3,357.13,0.0
25545,10136,11,1,431.92,0.05
25546,10137,63,2,460.08,0.0
25547,10137,71,1,298.03,0.0
25548,10138,95,5,197.03,0.0
25549,10138,100,1,192.03,0.15
25550,10139,57,2,359.66,0.0
25551,10139,40,5,246.27,0.1
25552,10139,112,1,530.6,0.0
25553,10139,37,3,678.06,0.0
25554,10140,64,4,433.42,0.0
25555,10140,2,1,225.66,0.0
25556,10141,69,5,199.67,0.05
25557,10141,24,1,576.43,0.0
25558,10141,16,4,337.82,0.05
25559,10141,105,3,161.35,0.0
25560,10142,102,2,268.48,0.0
25561,10143,78,5,496.95,0.0
25562,10144,110,5,551.82,0.0
25563,10144,84,2,233.29,0.0
25564,10145,30,4,474.66,0.0
25565,10145,87,1,87.7,0.15
25566,10145,110,3,551.82,0.0
25567,10145,66,1,325.89,0.05
25568,10146,102,2,268.48,0.15
25569,10146,27,5,50.29,0.05
25570,10146,112,2,530.6,0.0
25571,10146,80,5,334.64,0.1
25572,10147,80,3,334.64,0.05
25573,10147,104,1,497.51,0.0
25574,10147,93,5,96.97,0.15
25575,10148,71,3,298.03,0.1
25576,10148,1,4,250.67,0.0
25577,10148,81,2,472.42,0.15
25578,10148,94,4,357.14,0.05
25579,10149,66,4,325.89,0.15
25580,10149,92,3,473.15,0.0
25581,10149,91,2,111.41,0.0
25582,10149,102,3,268.48,0.0
25583,10150,28,1,278.53,0.0
25584,10151,37,2,678.06,0.15
25585,10151,36,4,461.97,0.0
25586,10151,49,5,224.05,0.0
25587,10152,93,4,96.97,0.0
25588,10152,103,2,415.47,0.05
25589,10153,32,2,527.45,0.15
25590,10153,30,2,474.66,0.0
25591,10154,9,2,566.94,0.0
25592,10154,83,4,229.64,0.05
25593,10155,72,4,417.09,0.0
25594,10155,31,3,492.63,0.05
25595,10155,11,4,431.92,0.0
25596,10155,51,4,592.49,0.0
25597,10156,54,3,589.22,0.15
25598,10156,96,5,261.53,0.0
25599,10157,85,5,294.43,0.0
25600,10157,118,5,357.13,0.1
25601,10158,75,3,102.43,0.05
25602,10158,49,5,224.05,0.0
25603,10158,59,2,189.03,0.15
25604,10159,23,2,473.03,0.0
25605,10159,25,4,424.49,0.15
25606,10159,12,2,665.95,0.1
25607,10159,7,3,342.91,0.1
25608,10160,82,5,382.23,0.05
25609,10160,45,2,124.25,0.0
25610,10161,27,4,50.29,0.0
25611,10161,67,4,439.64,0.0
25612,10161,77,2,20.71,0.05
25613,10162,39,1,435.88,0.05
25614,10162,51,1,592.49,0.05
25615,10162,90,1,250.98,0.0
25616,10163,58,3,421.43,0.15
25617,10163,74,2,259.9,0.0
25618,10163,18,2,774.6,0.1
25619,10163,94,3,357.14,0.1
25620,10164,84,3,233.29,0.15
25621,10164,33,4,596.3,0.05
25622,10164,37,4,678.06,0.0
25623,10164,92,2,473.15,0.05
25624,10165,56,4,701.89,0.15
25625,10165,5,4,206.39,0.15
25626,10165,107,2,70.69,0.0
25627,10166,42,1,506.69,0.15
25628,10166,45,3,124.25,0.1
25629,10166,120,1,437.18,0.0
25630,10167,17,5,335.91,0.15
25631,10167,54,5,589.22,0.0
25632,10167,118,5,357.13,0.0
25633,10167,20,2,344.47,0.0
25634,10168,93,3,96.97,0.05
25635,10168,102,1,268.48,0.0
25636,10169,5,5,206.39,0.0
25637,10169,82,4,382.23,0.0
25638,10169,40,3,246.27,0.0
25639,10170,62,4,455.65,0.15
25640,10170,63,4,460.08,0.0
25641,10170,60,2,765.19,0.05
25642,10171,54,4,589.22,0.05
25643,10172,64,3,433.42,0.0
25644,10172,90,5,250.98,0.0
25645,10172,79,3,353.32,0.0
25646,10173,1,3,250.67,0.15
25647,10174,92,5,473.15,0.05
25648,10174,42,2,506.69,0.0
25649,10174,72,5,417.09,0.05
25650,10175,46,4,429.96,0.05
25651,10175,17,2,335.91,0.1
25652,10176,18,1,774.6,0.0
25653,10176,64,3,433.42,0.1
25654,10176,27,5,50.29,0.0
25655,10177,78,5,496.95,0.05
25656,10177,44,1,155.05,0.1
25657,10177,13,3,546.51,0.05
25658,10177,23,4,473.03,0.1
25659,10178,29,5,332.87,0.0
25660,10178,114,2,321.32,0.0
25661,10178,26,3,283.16,0.0
25662,10179,42,5,506.69,0.0
25663,10179,53,1,90.14,0.1
25664,10179,39,2,435.88,0.1
25665,10180,19,1,236.74,0.0
25666,10180,107,5,70.69,0.15
25667,10180,73,1,693.24,0.0
25668,10181,69,4,199.67,0.0
25669,10181,59,3,189.03,0.1
25670,10182,3,4,400.77,0.0
25671,10182,2,5,225.66,0.0
25672,10182,69,3,199.67,0.0
25673,10182,35,2,368.74,0.05
25674,10183,84,4,233.29,0.1
25675,10183,68,3,187.83,0.0
25676,10184,23,5,473.03,0.0
25677,10184,65,3,775.34,0.0
25678,10185,31,2,492.63,0.0
25679,10185,36,4,461.97,0.0
25680,10186,1,2,250.67,0.0
25681,10186,77,5,20.71,0.0
25682,10187,13,4,546.51,0.0
25683,10187,64,5,433.42,0.0
25684,10187,81,2,472.42,0.1
25685,10188,53,1,90.14,0.15
25686,10188,43,2,487.39,0.15
25687,10188,36,3,461.97,0.05
25688,10189,45,1,124.25,0.05
25689,10189,41,2,466.15,0.05
25690,10189,81,2,472.42,0.1
25691,10190,14,3,167.56,0.0
25692,10190,51,5,592.49,0.05
25693,10190,37,4,678.06,0.0
25694,10190,107,5,70.69,0.1
25695,10191,13,3,546.51,0.0
25696,10191,53,2,90.14,0.15
25697,10191,51,2,592.49,0.0
25698,10191,36,2,461.97,0.0
25699,10192,35,2,368.74,0.0
25700,10192,110,2,551.82,0.1
25701,10192,68,4,187.83,0.1
25702,10193,68,1,187.83,0.15
25703,10193,82,3,382.23,0.05
25704,10193,43,1,487.39,0.15
25705,10194,3,1,400.77,0.0
25706,10194,120,1,437.18,0.05
25707,10194,87,4,87.7,0.15
25708,10194,63,4,460.08,0.0
25709,10195,25,1,424.49,0.15
25710,10196,17,5,335.91,0.15
25711,10196,28,1,278.53,0.05
25712,10197,40,5,246.27,0.15
25713,10197,39,2,435.88,0.15
25714,10197,117,3,97.33,0.1
25715,10197,38,5,342.42,0.0
25716,10198,72,5,417.09,0.1
25717,10198,67,4,439.64,0.0
25718,10198,109,3,345.03,0.05
25719,10198,75,5,102.43,0.1
25720,10199,82,4,382.23,0.0
25721,10199,12,4,665.95,0.1
25722,10199,6,2,148.07,0.0
25723,10199,74,2,259.9,0.0
25724,10200,68,2,187.83,0.1
25725,10200,47,5,533.66,0.0
25726,10200,24,3,576.43,0.0
25727,10200,49,4,224.05,0.1
25728,10201,41,5,466.15,0.0
25729,10201,109,4,345.03,0.1
25730,10201,104,5,497.51,0.0
25731,10201,108,5,564.18,0.0
25732,10202,55,5,143.78,0.0
25733,10203,50,1,641.98,0.0
25734,10203,31,2,492.63,0.05
25735,10203,78,5,496.95,0.15
25736,10203,41,3,466.15,0.05
25737,10204,73,5,693.24,0.0
25738,10204,111,4,220.69,0.0
25739,10204,56,5,701.89,0.0
25740,10205,115,5,191.72,0.0
25741,10206,100,5,192.03,0.15
25742,10206,37,5,678.06,0.05
25743,10206,62,2,455.65,0.0
25744,10206,111,4,220.69,0.1
25745,10207,55,1,143.78,0.15
25746,10208,25,4,424.49,0.1
25747,10209,32,4,527.45,0.1
25748,10209,23,4,473.03,0.1
25749,10209,88,5,217.75,0.0
25750,10210,83,2,229.64,0.0
25751,10211,61,3,610.85,0.0
25752,10212,74,3,259.9,0.15
25753,10212,6,1,148.07,0.1
25754,10212,15,5,434.83,0.05
25755,10213,95,2,197.03,0.15
25756,10214,106,5,293.96,0.1
25757,10214,14,3,167.56,0.0
25758,10214,43,2,487.39,0.0
25759,10215,82,1,382.23,0.0
25760,10215,30,1,474.66,0.1
25761,10215,66,5,325.89,0.1
25762,10215,65,5,775.34,0.0
25763,10216,48,4,688.65,0.15
25764,10216,105,3,161.35,0.0
25765,10216,27,3,50.29,0.0
25766,10217,81,2,472.42,0.0
25767,10218,63,2,460.08,0.05
25768,10218,34,5,269.02,0.0
25769,10218,105,1,161.35,0.05
25770,10218,54,2,589.22,0.0
25771,10219,46,2,429.96,0.0
25772,10219,60,1,765.19,0.15
25773,10220,56,3,701.89,0.1
25774,10220,89,2,156.62,0.15
25775,10221,88,1,217.75,0.1
25776,10221,27,1,50.29,0.1
25777,10222,61,1,610.85,0.0
25778,10223,26,5,283.16,0.0
25779,10223,57,1,359.66,0.0
25780,10223,8,5,230.66,0.05
25781,10224,109,3,345.03,0.1
25782,10224,31,4,492.63,0.15
25783,10224,95,5,197.03,0.05
25784,10225,55,4,143.78,0.15
25785,10226,22,2,155.04,0.0
25786,10226,29,2,332.87,0.0
25787,10226,47,4,533.66,0.0
25788,10226,107,2,70.69,0.1
25789,10227,21,3,128.96,0.1
25790,10227,39,2,435.88,0.0
25791,10228,91,2,111.41,0.1
25792,10229,22,4,155.04,0.0
25793,10229,35,3,368.74,0.0
25794,10229,50,4,641.98,0.05
25795,10229,43,3,487.39,0.05
25796,10230,38,1,342.42,0.0
25797,10230,93,3,96.97,0.0
25798,10230,40,1,246.27,0.15
25799,10231,19,5,236.74,0.0
25800,10231,68,5,187.83,0.15
25801,10232,23,3,473.03,0.0
25802,10232,111,5,220.69,0.0
25803,10232,86,3,508.15,0.0
25804,10233,69,4,199.67,0.05
25805,10233,113,3,113.5,0.0
25806,10233,32,4,527.45,0.0
25807,10234,44,4,155.05,0.0
25808,10234,5,2,206.39,0.1
25809,10234,120,3,437.18,0.0
25810,10234,9,2,566.94,0.0
25811,10235,99,4,654.14,0.0
25812,10235,52,1,119.81,0.0
25813,10235,27,5,50.29,0.1
25814,10235,63,3,460.08,0.0
25815,10236,76,4,544.8,0.0
25816,10236,117,4,97.33,0.0
25817,10236,94,1,357.14,0.0
25818,10237,7,5,342.91,0.0
25819,10237,97,2,140.58,0.0
25820,10237,28,5,278.53,0.15
25821,10238,32,4,527.45,0.0
25822,10238,5,4,206.39,0.0
25823,10238,49,5,224.05,0.0
25824,10239,110,1,551.82,0.0
25825,10240,51,2,592.49,0.0
25826,10240,87,2,87.7,0.0
25827,10240,80,5,334.64,0.0
25828,10240,104,1,497.51,0.05
25829,10241,118,5,357.13,0.0
25830,10241,116,4,151.15,0.15
25831,10241,45,4,124.25,0.0
25832,10242,68,3,187.83,0.05
25833,10242,31,1,492.63,0.15
25834,10243,78,5,496.95,0.0
25835,10243,30,3,474.66,0.05
25836,10243,117,3,97.33,0.0
25837,10243,48,1,688.65,0.1
25838,10244,41,4,466.15,0.15
25839,10244,116,2,151.15,0.0
25840,10244,63,1,460.08,0.15
25841,10245,88,4,217.75,0.1
25842,10246,52,2,119.81,0.0
25843,10246,77,5,20.71,0.15
25844,10246,102,1,268.48,0.0
25845,10246,61,1,610.85,0.0
25846,10247,42,4,506.69,0.05
25847,10247,81,4,472.42,0.0
25848,10248,86,5,508.15,0.15
25849,10249,106,5,293.96,0.1
25850,10249,71,4,298.03,0.0
25851,10249,118,3,357.13,0.0
25852,10249,77,2,20.71,0.05
25853,10250,59,1,189.03,0.1
25854,10250,119,4,181.96,0.0
25855,10250,40,5,246.27,0.05
25856,10251,64,4,433.42,0.05
25857,10251,2,4,225.66,0.0
25858,10252,110,2,551.82,0.1
25859,10252,51,2,592.49,0.0
25860,10252,54,2,589.22,0.0
25861,10253,35,5,368.74,0.0
25862,10253,115,5,191.72,0.1
25863,10254,84,3,233.29,0.0
25864,10254,102,4,268.48,0.0
25865,10254,86,5,508.15,0.0
25866,10255,52,5,119.81,0.0
25867,10255,118,5,357.13,0.15
25868,10255,99,1,654.14,0.05
25869,10256,31,5,492.63,0.15
25870,10256,41,3,466.15,0.05
25871,10256,103,5,415.47,0.0
25872,10257,2,4,225.66,0.15
25873,10258,117,2,97.33,0.0
25874,10258,65,1,775.34,0.0
25875,10258,48,4,688.65,0.0
25876,10259,39,1,435.88,0.0
25877,10259,28,1,278.53,0.05
25878,10259,71,1,298.03,0.0
25879,10260,22,2,155.04,0.15
25880,10260,64,2,433.42,0.1
25881,10260,9,3,566.94,0.0
25882,10260,81,4,472.42,0.1
25883,10261,45,4,124.25,0.1
25884,10261,42,2,506.69,0.15
25885,10261,3,5,400.77,0.1
25886,10261,27,1,50.29,0.0
25887,10262,107,1,70.69,0.0
25888,10262,34,1,269.02,0.0
25889,10263,57,2,359.66,0.0
25890,10263,117,4,97.33,0.1
25891,10263,89,3,156.62,0.0
25892,10263,115,4,191.72,0.0
25893,10264,66,2,325.89,0.0
25894,10264,87,1,87.7,0.15
25895,10264,83,2,229.64,0.05
25896,10264,120,2,437.18,0.0
25897,10265,79,1,353.32,0.15
25898,10266,4,4,538.06,0.0
25899,10266,78,4,496.95,0.0
25900,10266,116,3,151.15,0.0
25901,10267,70,1,477.56,0.1
25902,10267,80,2,334.64,0.0
25903,10268,91,2,111.41,0.0
25904,10268,111,4,220.69,0.05
25905,10268,27,3,50.29,0.0
25906,10269,35,4,368.74,0.1
25907,10270,84,1,233.29,0.1
25908,10270,103,5,415.47,0.05
25909,10270,71,4,298.03,0.1
25910,10270,45,3,124.25,0.1
25911,10271,57,2,359.66,0.15
25912,10271,85,3,294.43,0.0
25913,10272,63,5,460.08,0.0
25914,10272,56,2,701.89,0.0
25915,10272,42,3,506.69,0.15
25916,10272,54,3,589.22,0.0
25917,10273,106,4,293.96,0.0
25918,10273,4,1,538.06,0.0
25919,10273,85,1,294.43,0.15
25920,10274,59,1,189.03,0.15
25921,10274,116,4,151.15,0.0
25922,10274,100,5,192.03,0.05
25923,10274,40,5,246.27,0.15
25924,10275,44,2,155.05,0.1
25925,10275,107,1,70.69,0.0
25926,10276,32,4,527.45,0.0
25927,10276,33,3,596.3,0.0
25928,10276,89,5,156.62,0.1
25929,10277,81,5,472.42,0.05
25930,10278,60,1,765.19,0.0
25931,10278,48,2,688.65,0.05
25932,10279,81,3,472.42,0.05
25933,10279,17,2,335.91,0.0
25934,10279,3,4,400.77,0.0
25935,10279,97,1,140.58,0.0
25936,10280,60,1,765.19,0.15
25937,10280,68,1,187.83,0.05
25938,10280,2,4,225.66,0.0
25939,10281,104,3,497.51,0.0
25940,10281,67,2,439.64,0.0
25941,10281,15,1,434.83,0.15
25942,10282,120,3,437.18,0.15
25943,10283,108,1,564.18,0.15
25944,10283,96,4,261.53,0.05
25945,10283,92,4,473.15,0.0
25946,10283,107,4,70.69,0.0
25947,10284,115,1,191.72,0.1
25948,10284,54,5,589.22,0.15
25949,10285,97,5,140.58,0.15
25950,10285,78,1,496.95,0.0
25951,10286,36,3,461.97,0.0
25952,10286,84,1,233.29,0.0
25953,10287,99,2,654.14,0.05
25954,10288,9,4,566.94,0.0
25955,10288,10,1,358.28,0.15
25956,10288,95,3,197.03,0.0
25957,10288,40,2,246.27,0.1
25958,10289,1,5,250.67,0.0
25959,10289,15,1,434.83,0.0
25960,10290,117,3,97.33,0.0
25961,10290,43,5,487.39,0.0
25962,10291,20,5,344.47,0.0
25963,10291,34,5,269.02,0.05
25964,10291,24,5,576.43,0.05
25965,10291,73,5,693.24,0.05
25966,10292,11,3,431.92,0.0
25967,10292,80,2,334.64,0.0
25968,10292,23,4,473.03,0.1
25969,10292,86,3,508.15,0.0
25970,10293,105,2,161.35,0.0
25971,10293,13,5,546.51,0.15
25972,10294,16,4,337.82,0.15
25973,10294,67,5,439.64,0.0
25974,10295,75,2,102.43,0.0
25975,10295,48,2,688.65,0.05
25976,10295,79,2,353.32,0.0
25977,10296,85,1,294.43,0.15
25978,10296,8,4,230.66,0.05
25979,10296,99,1,654.14,0.1
25980,10297,57,5,359.66,0.0
25981,10297,15,1,434.83,0.0
25982,10297,50,3,641.98,0.1
25983,10298,26,1,283.16,0.1
25984,10299,60,5,765.19,0.15
25985,10299,32,3,527.45,0.0
25986,10299,24,2,576.43,0.05
25987,10299,6,1,148.07,0.1
25988,10300,44,2,155.05,0.0
25989,10300,58,2,421.43,0.0
25990,10300,113,3,113.5,0.05
25991,10300,89,3,156.62,0.0
25992,10301,83,5,229.64,0.1
25993,10301,58,3,421.43,0.0
25994,10301,47,4,533.66,0.0
25995,10301,28,5,278.53,0.05
25996,10302,77,3,20.71,0.0
25997,10302,112,4,530.6,0.0
25998,10303,50,5,641.98,0.0
25999,10303,9,5,566.94,0.0
26000,10303,46,4,429.96,0.0
26001,10304,40,3,246.27,0.1
26002,10304,56,3,701.89,0.15
26003,10305,97,5,140.58,0.05
26004,10305,44,3,155.05,0.15
26005,10306,55,5,143.78,0.0
26006,10306,27,5,50.29,0.0
26007,10307,23,3,473.03,0.0
26008,10307,87,1,87.7,0.0
26009,10307,112,4,530.6,0.0
26010,10307,105,5,161.35,0.0
26011,10308,46,4,429.96,0.0
26012,10308,21,3,128.96,0.1
26013,10308,105,3,161.35,0.0
26014,10309,5,5,206.39,0.1
26015,10309,78,4,496.95,0.0
26016,10310,14,3,167.56,0.15
26017,10310,101,5,530.68,0.0
26018,10310,42,3,506.69,0.0
26019,10310,109,2,345.03,0.05
26020,10311,47,3,533.66,0.1
26021,10312,94,2,357.14,0.05
26022,10313,52,1,119.81,0.05
26023,10314,56,3,701.89,0.0
26024,10314,120,3,437.18,0.05
26025,10314,95,5,197.03,0.0
26026,10315,120,2,437.18,0.05
26027,10316,32,5,527.45,0.05
26028,10316,50,3,641.98,0.1
26029,10316,8,4,230.66,0.05
26030,10316,93,1,96.97,0.1
26031,10317,67,5,439.64,0.15
26032,10317,22,4,155.04,0.05
26033,10317,114,5,321.32,0.1
26034,10318,1,1,250.67,0.0
26035,10318,87,2,87.7,0.15
26036,10319,79,3,353.32,0.0
26037,10319,104,2,497.51,0.0
26038,10320,73,5,693.24,0.15
26039,10320,92,1,473.15,0.0
26040,10320,78,1,496.95,0.1
26041,10321,55,3,143.78,0.15
26042,10321,43,1,487.39,0.15
26043,10321,38,1,342.42,0.1
26044,10322,62,2,455.65,0.0
26045,10322,65,4,775.34,0.0
26046,10323,107,2,70.69,0.05
26047,10323,6,5,148.07,0.0
26048,10324,90,3,250.98,0.0
26049,10324,11,4,431.92,0.0
26050,10324,48,4,688.65,0.05
26051,10325,93,3,96.97,0.0
26052,10325,32,1,527.45,0.15
26053,10325,68,3,187.83,0.05
26054,10325,63,2,460.08,0.05
26055,10326,44,4,155.05,0.15
26056,10326,65,3,775.34,0.15
26057,10327,26,2,283.16,0.05
26058,10328,53,3,90.14,0.0
26059,10329,9,5,566.94,0.0
26060,10329,24,5,576.43,0.0
26061,10330,25,3,424.49,0.1
26062,10331,13,3,546.51,0.0
26063,10331,4,3,538.06,0.1
26064,10331,120,5,437.18,0.1
26065,10331,69,3,199.67,0.0
26066,10332,5,5,206.39,0.0
26067,10332,85,2,294.43,0.05
26068,10332,2,1,225.66,0.0
26069,10333,90,2,250.98,0.0
26070,10333,42,2,506.69,0.0
26071,10334,120,2,437.18,0.0
26072,10334,64,3,433.42,0.0
26073,10335,14,2,167.56,0.0
26074,10335,104,4,497.51,0.0
26075,10335,91,5,111.41,0.0
26076,10335,64,4,433.42,0.15
26077,10336,44,1,155.05,0.05
26078,10336,74,1,259.9,0.0
26079,10336,102,5,268.48,0.15
26080,10337,120,2,437.18,0.0
26081,10337,88,3,217.75,0.1
26082,10337,80,5,334.64,0.0
26083,10337,93,5,96.97,0.15
26084,10338,20,3,344.47,0.0
26085,10339,64,3,433.42,0.1
26086,10339,96,5,261.53,0.0
26087,10339,117,5,97.33,0.15
26088,10340,8,4,230.66,0.0
26089,10340,78,4,496.95,0.0
26090,10341,74,1,259.9,0.05
26091,10342,62,5,455.65,0.0
26092,10342,52,5,119.81,0.0
26093,10342,4,1,538.06,0.1
26094,10343,71,1,298.03,0.1
26095,10343,101,1,530.68,0.05
26096,10344,68,3,187.83,0.0
26097,10344,71,3,298.03,0.05
26098,10344,18,5,774.6,0.05
26099,10345,83,1,229.64,0.05
26100,10345,29,2,332.87,0.0
26101,10346,2,1,225.66,0.1
26102,10346,13,1,546.51,0.05
26103,10346,93,2,96.97,0.0
26104,10347,119,1,181.96,0.0
26105,10347,104,4,497.51,0.0
26106,10347,107,3,70.69,0.1
26107,10347,105,1,161.35,0.15
26108,10348,101,5,530.68,0.15
26109,10349,59,5,189.03,0.1
26110,10349,92,2,473.15,0.15
26111,10349,11,1,431.92,0.0
26112,10349,49,1,224.05,0.0
26113,10350,41,3,466.15,0.1
26114,10350,23,4,473.03,0.15
26115,10351,87,1,87.7,0.0
26116,10351,74,2,259.9,0.15
26117,10351,80,2,334.64,0.0
26118,10352,99,1,654.14,0.0
26119,10352,112,4,530.6,0.0
26120,10353,46,4,429.96,0.15
26121,10354,105,3,161.35,0.0
26122,10354,67,2,439.64,0.0
26123,10354,35,1,368.74,0.0
26124,10354,40,2,246.27,0.0
26125,10355,68,3,187.83,0.0
26126,10355,54,2,589.22,0.1
26127,10355,34,1,269.02,0.0
26128,10356,56,3,701.89,0.15
26129,10356,12,3,665.95,0.15
26130,10357,26,4,283.16,0.0
26131,10357,75,4,102.43,0.1
26132,10358,37,4,678.06,0.0
26133,10358,96,3,261.53,0.0
26134,10359,98,2,387.36,0.0
26135,10359,117,3,97.33,0.05
26136,10360,5,4,206.39,0.05
26137,10360,14,1,167.56,0.0
26138,10361,80,4,334.64,0.05
26139,10361,1,5,250.67,0.0
26140,10361,56,3,701.89,0.0
26141,10362,80,3,334.64,0.0
26142,10362,86,5,508.15,0.1
26143,10363,7,1,342.91,0.0
26144,10364,110,4,551.82,0.05
26145,10364,117,1,97.33,0.0
26146,10364,1,3,250.67,0.0
26147,10364,115,5,191.72,0.0
26148,10365,14,1,167.56,0.0
26149,10365,105,1,161.35,0.0
26150,10366,92,5,473.15,0.1
26151,10366,90,1,250.98,0.0
26152,10366,101,5,530.68,0.15
26153,10367,37,2,678.06,0.1
26154,10367,70,3,477.56,0.0
26155,10367,13,2,546.51,0.0
26156,10368,82,1,382.23,0.0
26157,10368,39,4,435.88,0.0
26158,10368,11,2,431.92,0.0
26159,10369,60,2,765.19,0.05
26160,10369,11,3,431.92,0.0
26161,10369,80,3,334.64,0.0
26162,10370,22,3,155.04,0.1
26163,10370,86,5,508.15,0.1
26164,10371,61,5,610.85,0.15
26165,10371,91,1,111.41,0.0
26166,10371,78,5,496.95,0.1
26167,10371,28,3,278.53,0.15
26168,10372,31,2,492.63,0.0
26169,10373,71,3,298.03,0.0
26170,10373,118,3,357.13,0.1
26171,10373,23,1,473.03,0.15
26172,10374,14,3,167.56,0.0
26173,10374,22,2,155.04,0.05
26174,10374,18,1,774.6,0.05
26175,10374,98,4,387.36,0.1
26176,10375,62,5,455.65,0.15
26177,10375,54,1,589.22,0.1
26178,10375,97,4,140.58,0.0
26179,10375,59,3,189.03,0.05
26180,10376,92,4,473.15,0.0
26181,10376,35,5,368.74,0.0
26182,10376,70,2,477.56,0.05
26183,10377,78,4,496.95,0.15
26184,10377,5,2,206.39,0.0
26185,10377,97,5,140.58,0.05
26186,10378,102,2,268.48,0.05
26187,10378,120,5,437.18,0.0
26188,10378,73,4,693.24,0.15
26189,10378,3,5,400.77,0.0
26190,10379,3,4,400.77,0.0
26191,10379,19,4,236.74,0.0
26192,10380,77,1,20.71,0.0
26193,10380,75,4,102.43,0.0
26194,10380,81,1,472.42,0.0
26195,10380,26,4,283.16,0.05
26196,10381,78,2,496.95,0.05
26197,10381,60,5,765.19,0.0
26198,10382,34,2,269.02,0.1
26199,10382,103,4,415.47,0.0
26200,10383,98,2,387.36,0.0
26201,10383,61,1,610.85,0.0
26202,10384,4,3,538.06,0.15
26203,10384,75,3,102.43,0.0
26204,10385,59,1,189.03,0.0
26205,10385,88,1,217.75,0.0
26206,10386,6,3,148.07,0.05
26207,10387,118,5,357.13,0.0
26208,10387,59,1,189.03,0.1
26209,10388,101,4,530.68,0.05
26210,10388,57,1,359.66,0.0
26211,10388,92,2,473.15,0.0
26212,10388,84,5,233.29,0.15
26213,10389,66,4,325.89,0.1
26214,10390,114,2,321.32,0.0
26215,10390,83,2,229.64,0.0
26216,10391,35,3,368.74,0.0
26217,10392,108,5,564.18,0.0
26218,10392,95,2,197.03,0.1
26219,10392,82,1,382.23,0.15
26220,10392,59,1,189.03,0.15
26221,10393,102,1,268.48,0.0
26222,10394,101,5,530.68,0.0
26223,10395,113,3,113.5,0.0
26224,10396,13,2,546.51,0.0
26225,10396,26,4,283.16,0.0
26226,10396,68,4,187.83,0.15
26227,10396,60,4,765.19,0.15
26228,10397,77,4,20.71,0.1
26229,10398,107,1,70.69,0.05
26230,10399,73,2,693.24,0.05
26231,10400,10,5,358.28,0.1
26232,10401,6,5,148.07,0.1
26233,10401,4,4,538.06,0.1
26234,10401,44,1,155.05,0.15
26235,10401,87,3,87.7,0.0
26236,10402,1,2,250.67,0.1
26237,10402,4,2,538.06,0.1
26238,10402,88,3,217.75,0.0
26239,10403,74,5,259.9,0.0
26240,10403,116,4,151.15,0.15
26241,10403,65,4,775.34,0.0
26242,10403,59,5,189.03,0.05
26243,10404,27,1,50.29,0.0
26244,10404,47,3,533.66,0.0
26245,10405,35,5,368.74,0.0
26246,10405,97,3,140.58,0.05
26247,10406,25,3,424.49,0.0
26248,10406,45,5,124.25,0.0
26249,10407,36,3,461.97,0.05
26250,10408,29,1,332.87,0.1
26251,10408,18,1,774.6,0.15
26252,10409,9,4,566.94,0.05
26253,10409,113,3,113.5,0.0
26254,10410,99,3,654.14,0.1
26255,10410,28,5,278.53,0.1
26256,10410,16,1,337.82,0.1
26257,10411,20,5,344.47,0.05
26258,10411,12,5,665.95,0.0
26259,10412,45,3,124.25,0.0
26260,10412,32,1,527.45,0.15
26261,10413,98,1,387.36,0.0
26262,10413,49,5,224.05,0.0
26263,10413,59,1,189.03,0.0
26264,10414,99,5,654.14,0.05
26265,10415,83,5,229.64,0.0
26266,10415,44,4,155.05,0.0
26267,10415,94,4,357.14,0.0
26268,10415,59,3,189.03,0.05
26269,10416,20,2,344.47,0.05
26270,10417,2,5,225.66,0.1
26271,10417,32,5,527.45,0.0
26272,10418,54,5,589.22,0.1
26273,10419,51,4,592.49,0.15
26274,10420,98,3,387.36,0.05
26275,10420,57,3,359.66,0.0
26276,10421,120,4,437.18,0.0
26277,10421,47,3,533.66,0.0
26278,10421,22,1,155.04,0.0
26279,10421,99,2,654.14,0.1
26280,10422,67,2,439.64,0.1
26281,10423,27,4,50.29,0.0
26282,10423,59,1,189.03,0.0
26283,10424,60,4,765.19,0.0
26284,10424,74,2,259.9,0.15
26285,10424,111,5,220.69,0.1
26286,10424,108,2,564.18,0.0
26287,10425,85,2,294.43,0.1
26288,10425,111,4,220.69,0.0
26289,10425,56,3,701.89,0.0
26290,10425,21,4,128.96,0.0
26291,10426,47,4,533.66,0.0
26292,10426,37,2,678.06,0.0
26293,10427,38,2,342.42,0.15
26294,10427,94,3,357.14,0.05
26295,10427,65,1,775.34,0.05
26296,10427,52,1,119.81,0.0
26297,10428,80,3,334.64,0.0
26298,10428,108,4,564.18,0.0
26299,10428,35,1,368.74,0.15
26300,10429,64,4,433.42,0.1
26301,10429,7,5,342.91,0.05
26302,10430,93,4,96.97,0.05
26303,10430,104,3,497.51,0.0
26304,10430,74,3,259.9,0.1
26305,10430,79,2,353.32,0.05
26306,10431,27,3,50.29,0.05
26307,10431,54,3,589.22,0.15
26308,10432,10,5,358.28,0.05
26309,10432,22,2,155.04,0.0
26310,10432,28,2,278.53,0.15
26311,10433,6,1,148.07,0.05
26312,10433,40,4,246.27,0.15
26313,10433,49,5,224.05,0.0
26314,10433,57,3,359.66,0.0
26315,10434,18,3,774.6,0.0
26316,10434,61,1,610.85,0.0
26317,10434,68,3,187.83,0.0
26318,10434,103,3,415.47,0.0
26319,10435,91,2,111.41,0.15
26320,10436,104,3,497.51,0.0
26321,10436,65,4,775.34,0.0
26322,10436,42,4,506.69,0.1
26323,10437,11,5,431.92,0.0
26324,10437,110,2,551.82,0.0
26325,10437,29,4,332.87,0.1
26326,10437,32,4,527.45,0.0
26327,10438,113,3,113.5,0.0
26328,10438,120,1,437.18,0.15
26329,10439,45,2,124.25,0.0
26330,10439,58,4,421.43,0.1
26331,10440,59,3,189.03,0.15
26332,10440,77,2,20.71,0.1
26333,10440,68,5,187.83,0.15
26334,10441,106,1,293.96,0.0
26335,10441,56,1,701.89,0.05
26336,10441,81,5,472.42,0.0
26337,10442,46,3,429.96,0.15
26338,10443,93,3,96.97,0.0
26339,10443,33,1,596.3,0.0
26340,10444,3,4,400.77,0.15
26341,10444,109,5,345.03,0.0
26342,10444,100,2,192.03,0.15
26343,10444,56,4,701.89,0.05
26344,10445,102,5,268.48,0.0
26345,10445,27,3,50.29,0.0
26346,10445,58,3,421.43,0.0
26347,10446,33,4,596.3,0.0
26348,10446,77,3,20.71,0.15
26349,10446,88,4,217.75,0.0
26350,10447,22,1,155.04,0.0
26351,10447,6,2,148.07,0.15
26352,10448,33,1,596.3,0.0
26353,10448,1,5,250.67,0.0
26354,10448,115,5,191.72,0.15
26355,10448,120,2,437.18,0.0
26356,10449,80,2,334.64,0.0
26357,10449,89,3,156.62,0.0
26358,10449,1,4,250.67,0.1
26359,10449,114,2,321.32,0.0
26360,10450,65,5,775.34,0.0
26361,10450,86,4,508.15,0.1
26362,10451,90,5,250.98,0.15
26363,10451,115,3,191.72,0.0
26364,10452,73,5,693.24,0.0
26365,10452,52,4,119.81,0.05
26366,10452,16,3,337.82,0.0
26367,10452,91,4,111.41,0.0
26368,10453,119,4,181.96,0.0
26369,10454,67,4,439.64,0.0
26370,10454,93,2,96.97,0.1
26371,10454,60,2,765.19,0.15
26372,10454,8,1,230.66,0.15
26373,10455,60,1,765.19,0.15
26374,10456,24,4,576.43,0.0
26375,10456,104,1,497.51,0.1
26376,10456,86,3,508.15,0.1
26377,10456,120,4,437.18,0.0
26378,10457,27,5,50.29,0.1
26379,10457,87,2,87.7,0.0
26380,10457,80,3,334.64,0.0
26381,10458,112,5,530.6,0.05
26382,10459,3,3,400.77,0.0
26383,10459,65,1,775.34,0.0
26384,10459,97,5,140.58,0.0
26385,10459,107,2,70.69,0.05
26386,10460,99,2,654.14,0.0
26387,10460,4,4,538.06,0.15
26388,10460,120,2,437.18,0.1
26389,10461,50,3,641.98,0.0
26390,10461,18,2,774.6,0.15
26391,10461,119,1,181.96,0.05
26392,10462,95,3,197.03,0.0
26393,10462,16,3,337.82,0.0
26394,10463,5,1,206.39,0.05
26395,10463,72,3,417.09,0.0
26396,10463,28,3,278.53,0.15
26397,10464,27,4,50.29,0.0
26398,10464,10,2,358.28,0.0
26399,10464,34,3,269.02,0.0
26400,10464,89,2,156.62,0.0
26401,10465,107,4,70.69,0.0
26402,10466,108,4,564.18,0.0
26403,10466,113,3,113.5,0.15
26404,10466,7,3,342.91,0.15
26405,10467,1,1,250.67,0.0
26406,10467,68,2,187.83,0.0
26407,10467,34,4,269.02,0.0
26408,10467,20,4,344.47,0.05
26409,10468,58,3,421.43,0.0
26410,10468,97,3,140.58,0.0
26411,10468,5,1,206.39,0.15
26412,10468,45,1,124.25,0.1
26413,10469,77,5,20.71,0.15
26414,10470,4,3,538.06,0.05
26415,10470,116,1,151.15,0.15
26416,10471,28,3,278.53,0.0
26417,10471,54,5,589.22,0.0
26418,10471,13,4,546.51,0.15
26419,10471,105,1,161.35,0.0
26420,10472,42,3,506.69,0.1
26421,10472,97,5,140.58,0.05
26422,10472,113,1,113.5,0.0
26423,10472,108,2,564.18,0.1
26424,10473,93,4,96.97,0.05
26425,10473,99,5,654.14,0.0
26426,10474,87,1,87.7,0.0
26427,10475,96,3,261.53,0.0
26428,10475,102,4,268.48,0.1
26429,10475,36,1,461.97,0.0
26430,10476,90,2,250.98,0.0
26431,10476,27,3,50.29,0.0
26432,10476,23,1,473.03,0.05
26433,10477,1,3,250.67,0.1
26434,10477,16,5,337.82,0.05
26435,10477,52,2,119.81,0.15
26436,10478,78,2,496.95,0.15
26437,10478,27,5,50.29,0.0
26438,10478,53,5,90.14,0.15
26439,10478,31,5,492.63,0.15
26440,10479,118,3,357.13,0.0
26441,10479,86,4,508.15,0.0
26442,10479,111,3,220.69,0.0
26443,10479,120,2,437.18,0.1
26444,10480,62,2,455.65,0.0
26445,10480,112,5,530.6,0.0
26446,10480,27,3,50.29,0.05
26447,10480,37,3,678.06,0.0
26448,10481,17,5,335.91,0.05
26449,10481,96,4,261.53,0.15
26450,10481,93,5,96.97,0.0
26451,10481,32,2,527.45,0.0
26452,10482,63,5,460.08,0.15
26453,10483,36,5,461.97,0.15
26454,10483,104,1,497.51,0.0
26455,10484,5,5,206.39,0.0
26456,10485,2,4,225.66,0.0
26457,10485,56,5,701.89,0.05
26458,10486,75,1,102.43,0.0
26459,10486,82,5,382.23,0.1
26460,10487,89,4,156.62,0.0
26461,10487,60,4,765.19,0.05
26462,10487,99,1,654.14,0.0
26463,10487,75,3,102.43,0.0
26464,10488,106,1,293.96,0.15
26465,10489,107,2,70.69,0.15
26466,10489,54,1,589.22,0.05
26467,10490,93,1,96.97,0.05
26468,10490,41,2,466.15,0.0
26469,10490,43,2,487.39,0.1
26470,10491,91,1,111.41,0.05
26471,10492,21,2,128.96,0.15
26472,10492,53,1,90.14,0.15
26473,10493,33,1,596.3,0.0
26474,10493,72,3,417.09,0.1
26475,10493,112,5,530.6,0.15
26476,10493,53,2,90.14,0.0
26477,10494,81,3,472.42,0.0
26478,10494,62,2,455.65,0.1
26479,10494,86,4,508.15,0.0
26480,10494,18,5,774.6,0.0
26481,10495,79,1,353.32,0.05
26482,10495,119,3,181.96,0.15
26483,10495,32,1,527.45,0.0
26484,10496,52,1,119.81,0.0
26485,10496,85,4,294.43,0.05
26486,10497,37,1,678.06,0.05
26487,10498,10,2,358.28,0.0
26488,10498,20,3,344.47,0.0
26489,10498,31,4,492.63,0.1
26490,10499,44,4,155.05,0.0
26491,10499,46,5,429.96,0.0
26492,10499,58,2,421.43,0.05
26493,10499,13,5,546.51,0.0
26494,10500,92,2,473.15,0.0
26495,10500,69,3,199.67,0.0
26496,10500,113,1,113.5,0.0
26497,10501,2,4,225.66,0.0
26498,10501,87,5,87.7,0.0
26499,10502,25,4,424.49,0.1
26500,10502,56,3,701.89,0.0
26501,10502,26,1,283.16,0.05
26502,10503,71,2,298.03,0.05
26503,10503,20,4,344.47,0.15
26504,10504,37,4,678.06,0.05
26505,10504,8,1,230.66,0.0
26506,10505,90,5,250.98,0.05
26507,10506,10,1,358.28,0.1
26508,10506,5,3,206.39,0.0
26509,10506,112,1,530.6,0.0
26510,10507,114,5,321.32,0.0
26511,10507,11,3,431.92,0.0
26512,10507,6,2,148.07,0.15
26513,10508,103,5,415.47,0.15
26514,10508,51,3,592.49,0.05
26515,10508,77,4,20.71,0.0
26516,10509,34,4,269.02,0.1
26517,10509,114,2,321.32,0.0
26518,10509,71,4,298.03,0.05
26519,10509,10,1,358.28,0.0
26520,10510,93,1,96.97,0.15
26521,10510,101,5,530.68,0.0
26522,10510,8,3,230.66,0.15
26523,10511,120,3,437.18,0.0
26524,10511,96,2,261.53,0.0
26525,10511,65,1,775.34,0.0
26526,10511,108,3,564.18,0.05
26527,10512,36,5,461.97,0.0
26528,10512,84,4,233.29,0.15
26529,10512,107,3,70.69,0.0
26530,10513,89,1,156.62,0.0
26531,10513,114,4,321.32,0.0
26532,10513,67,4,439.64,0.05
26533,10513,87,3,87.7,0.05
26534,10514,112,3,530.6,0.05
26535,10514,105,1,161.35,0.0
26536,10514,25,1,424.49,0.1
26537,10515,23,4,473.03,0.0
26538,10515,12,5,665.95,0.15
26539,10516,100,2,192.03,0.1
26540,10516,70,1,477.56,0.05
26541,10516,46,2,429.96,0.05
26542,10516,23,1,473.03,0.0
26543,10517,84,5,233.29,0.0
26544,10517,26,2,283.16,0.15
26545,10518,33,1,596.3,0.05
26546,10518,76,2,544.8,0.15
26547,10519,6,2,148.07,0.05
26548,10519,66,4,325.89,0.15
26549,10519,61,5,610.85,0.1
26550,10520,1,4,250.67,0.1
26551,10520,110,4,551.82,0.0
26552,10520,93,3,96.97,0.05
26553,10520,75,5,102.43,0.15
26554,10521,51,1,592.49,0.0
26555,10522,106,2,293.96,0.05
26556,10522,33,3,596.3,0.05
26557,10522,40,3,246.27,0.15
26558,10523,36,4,461.97,0.0
26559,10523,59,3,189.03,0.15
26560,10523,78,2,496.95,0.1
26561,10524,22,2,155.04,0.0
26562,10525,116,4,151.15,0.05
26563,10525,14,5,167.56,0.0
26564,10525,111,4,220.69,0.15
26565,10526,7,1,342.91,0.0
26566,10526,80,3,334.64,0.1
26567,10526,22,5,155.04,0.0
26568,10526,2,4,225.66,0.0
26569,10527,68,1,187.83,0.0
26570,10527,78,4,496.95,0.15
26571,10527,60,1,765.19,0.0
26572,10528,109,3,345.03,0.0
26573,10528,1,1,250.67,0.0
26574,10528,41,1,466.15,0.0
26575,10528,117,3,97.33,0.0
26576,10529,57,4,359.66,0.15
26577,10529,35,3,368.74,0.15
26578,10529,119,2,181.96,0.0
26579,10530,85,1,294.43,0.0
26580,10530,116,2,151.15,0.0
26581,10530,107,1,70.69,0.1
26582,10531,24,5,576.43,0.0
26583,10531,26,3,283.16,0.1
26584,10531,69,5,199.67,0.0
26585,10532,104,4,497.51,0.0
26586,10532,72,5,417.09,0.05
26587,10533,96,2,261.53,0.15
26588,10534,55,3,143.78,0.1
26589,10534,14,1,167.56,0.1
26590,10535,75,2,102.43,0.05
26591,10535,101,4,530.68,0.15
26592,10535,37,4,678.06,0.05
26593,10535,21,2,128.96,0.0
26594,10536,87,1,87.7,0.0
26595,10536,50,2,641.98,0.0
26596,10536,67,5,439.64,0.05
26597,10536,77,5,20.71,0.05
26598,10537,115,5,191.72,0.05
26599,10538,72,1,417.09,0.05
26600,10538,19,3,236.74,0.05
26601,10538,45,4,124.25,0.05
26602,10539,114,3,321.32,0.0
26603,10540,15,5,434.83,0.0
26604,10541,70,3,477.56,0.0
26605,10542,39,5,435.88,0.1
26606,10542,85,1,294.43,0.0
26607,10542,18,2,774.6,0.0
26608,10543,12,4,665.95,0.15
26609,10543,82,4,382.23,0.1
26610,10543,83,4,229.64,0.1
26611,10543,1,3,250.67,0.1
26612,10544,55,3,143.78,0.1
26613,10544,13,2,546.51,0.15
26614,10545,57,1,359.66,0.0
26615,10545,10,3,358.28,0.15
26616,10545,107,1,70.69,0.0
26617,10545,106,3,293.96,0.1
26618,10546,98,4,387.36,0.0
26619,10546,61,5,610.85,0.1
26620,10547,112,2,530.6,0.05
26621,10547,44,5,155.05,0.15
26622,10547,28,3,278.53,0.15
26623,10547,45,3,124.25,0.05
26624,10548,90,1,250.98,0.05
26625,10548,51,5,592.49,0.0
26626,10548,36,4,461.97,0.0
26627,10549,57,2,359.66,0.0
26628,10549,47,2,533.66,0.15
26629,10550,93,3,96.97,0.15
26630,10550,36,2,461.97,0.1
26631,10550,99,5,654.14,0.0
26632,10550,25,4,424.49,0.0
26633,10551,93,4,96.97,0.1
26634,10551,15,5,434.83,0.05
26635,10552,87,5,87.7,0.0
26636,10552,76,3,544.8,0.15
26637,10552,96,1,261.53,0.1
26638,10552,31,2,492.63,0.0
26639,10553,101,1,530.68,0.05
26640,10554,106,5,293.96,0.0
26641,10554,102,3,268.48,0.0
26642,10554,89,1,156.62,0.0
26643,10555,51,2,592.49,0.05
26644,10555,76,4,544.8,0.05
26645,10555,65,1,775.34,0.15
26646,10556,34,5,269.02,0.15
26647,10557,59,4,189.03,0.05
26648,10557,116,3,151.15,0.05
26649,10558,51,5,592.49,0.15
26650,10558,87,3,87.7,0.0
26651,10558,116,3,151.15,0.15
26652,10559,103,3,415.47,0.0
26653,10560,13,1,546.51,0.0
26654,10560,120,4,437.18,0.05
26655,10560,9,3,566.94,0.1
26656,10561,26,1,283.16,0.05
26657,10561,51,3,592.49,0.15
26658,10561,1,1,250.67,0.0
26659,10561,36,4,461.97,0.05
26660,10562,42,2,506.69,0.0
26661,10562,52,4,119.81,0.1
26662,10563,79,2,353.32,0.05
26663,10563,7,5,342.91,0.1
26664,10563,35,5,368.74,0.0
26665,10564,69,1,199.67,0.0
26666,10564,81,3,472.42,0.0
26667,10564,21,5,128.96,0.0
26668,10565,38,3,342.42,0.1
26669,10565,11,3,431.92,0.0
26670,10565,110,1,551.82,0.0
26671,10565,57,2,359.66,0.15
26672,10566,96,5,261.53,0.0
26673,10566,71,4,298.03,0.0
26674,10567,59,5,189.03,0.0
26675,10567,100,4,192.03,0.0
26676,10567,6,1,148.07,0.0
26677,10567,49,4,224.05,0.15
26678,10568,67,4,439.64,0.0
26679,10568,24,5,576.43,0.0
26680,10568,69,2,199.67,0.05
26681,10569,37,4,678.06,0.0
26682,10569,26,5,283.16,0.05
26683,10569,41,1,466.15,0.15
26684,10570,84,4,233.29,0.1
26685,10570,11,1,431.92,0.1
26686,10570,6,1,148.07,0.05
26687,10570,33,2,596.3,0.15
26688,10571,81,5,472.42,0.05
26689,10571,106,1,293.96,0.0
26690,10572,66,2,325.89,0.0
26691,10572,90,5,250.98,0.15
26692,10573,75,1,102.43,0.15
26693,10573,118,4,357.13,0.05
26694,10573,92,5,473.15,0.1
26695,10574,2,3,225.66,0.1
26696,10574,68,2,187.83,0.0
26697,10574,13,5,546.51,0.1
26698,10575,97,1,140.58,0.15
26699,10575,67,1,439.64,0.05
26700,10576,78,5,496.95,0.0
26701,10576,116,5,151.15,0.0
26702,10576,49,3,224.05,0.1
26703,10576,92,4,473.15,0.0
26704,10577,4,2,538.06,0.0
26705,10578,67,5,439.64,0.15
26706,10578,31,4,492.63,0.0
26707,10578,38,5,342.42,0.0
26708,10579,68,5,187.83,0.0
26709,10579,11,4,431.92,0.0
26710,10579,18,3,774.6,0.15
26711,10580,88,2,217.75,0.0
26712,10580,32,2,527.45,0.0
26713,10580,33,5,596.3,0.0
26714,10581,115,1,191.72,0.05
26715,10581,55,2,143.78,0.15
26716,10581,91,1,111.41,0.05
26717,10582,84,1,233.29,0.1
26718,10582,100,5,192.03,0.0
26719,10582,104,5,497.51,0.0
26720,10583,106,5,293.96,0.0
26721,10583,118,5,357.13,0.1
26722,10584,107,2,70.69,0.0
26723,10584,41,3,466.15,0.1
26724,10585,15,3,434.83,0.05
26725,10585,105,5,161.35,0.05
26726,10586,25,2,424.49,0.05
26727,10587,38,2,342.42,0.0
26728,10587,107,3,70.69,0.15
26729,10587,103,1,415.47,0.0
26730,10587,40,3,246.27,0.0
26731,10588,19,4,236.74,0.0
26732,10588,9,5,566.94,0.0
26733,10589,64,3,433.42,0.0
26734,10590,48,5,688.65,0.15
26735,10590,50,1,641.98,0.0
26736,10590,98,5,387.36,0.0
26737,10591,54,5,589.22,0.0
26738,10591,102,1,268.48,0.0
26739,10592,111,4,220.69,0.0
26740,10592,54,4,589.22,0.1
26741,10592,83,2,229.64,0.15
26742,10592,34,2,269.02,0.05
26743,10593,88,2,217.75,0.0
26744,10593,8,5,230.66,0.0
26745,10593,5,4,206.39,0.0
26746,10593,82,1,382.23,0.0
26747,10594,52,5,119.81,0.15
26748,10594,36,3,461.97,0.0
26749,10594,59,2,189.03,0.0
26750,10595,71,3,298.03,0.0
26751,10595,50,1,641.98,0.05
26752,10596,75,4,102.43,0.15
26753,10596,88,4,217.75,0.0
26754,10596,56,5,701.89,0.05
26755,10597,115,4,191.72,0.1
26756,10598,61,1,610.85,0.0
26757,10599,85,4,294.43,0.05
26758,10599,109,1,345.03,0.15
26759,10599,40,4,246.27,0.0
26760,10600,66,3,325.89,0.0
26761,10601,71,4,298.03,0.0
26762,10601,54,4,589.22,0.0
26763,10601,50,5,641.98,0.1
26764,10602,20,1,344.47,0.0
26765,10603,108,3,564.18,0.0
26766,10603,85,4,294.43,0.1
26767,10603,88,3,217.75,0.05
26768,10603,53,1,90.14,0.15
26769,10604,3,5,400.77,0.0
26770,10604,52,1,119.81,0.0
26771,10604,65,3,775.34,0.0
26772,10605,45,4,124.25,0.15
26773,10606,98,3,387.36,0.1
26774,10606,56,1,701.89,0.0
26775,10607,17,3,335.91,0.0
26776,10607,32,2,527.45,0.05
26777,10607,73,5,693.24,0.1
26778,10608,44,5,155.05,0.05
26779,10609,1,3,250.67,0.05
26780,10609,36,1,461.97,0.0
26781,10610,84,2,233.29,0.0
26782,10610,54,4,589.22,0.15
26783,10610,73,1,693.24,0.15
26784,10610,101,4,530.68,0.0
26785,10611,68,5,187.83,0.1
26786,10611,57,4,359.66,0.05
26787,10612,44,3,155.05,0.1
26788,10612,92,2,473.15,0.05
26789,10613,65,4,775.34,0.0
26790,10613,108,5,564.18,0.05
26791,10614,80,3,334.64,0.0
26792,10614,31,3,492.63,0.1
26793,10614,40,1,246.27,0.0
26794,10615,51,1,592.49,0.0
26795,10616,51,5,592.49,0.0
26796,10616,69,3,199.67,0.0
26797,10616,116,5,151.15,0.0
26798,10617,54,2,589.22,0.05
26799,10617,87,4,87.7,0.0
26800,10617,44,2,155.05,0.1
26801,10617,4,2,538.06,0.0
26802,10618,109,2,345.03,0.05
26803,10618,46,4,429.96,0.0
26804,10618,99,5,654.14,0.0
26805,10618,30,3,474.66,0.15
26806,10619,84,5,233.29,0.0
26807,10619,81,1,472.42,0.0
26808,10619,106,5,293.96,0.0
26809,10620,77,1,20.71,0.05
26810,10620,12,1,665.95,0.0
26811,10620,40,2,246.27,0.0
26812,10621,35,3,368.74,0.1
26813,10621,55,1,143.78,0.05
26814,10621,42,5,506.69,0.1
26815,10621,37,2,678.06,0.0
26816,10622,68,5,187.83,0.0
26817,10622,91,5,111.41,0.0
26818,10623,62,2,455.65,0.0
26819,10623,65,5,775.34,0.15
26820,10624,49,4,224.05,0.1
26821,10624,44,5,155.05,0.15
26822,10624,2,1,225.66,0.0
26823,10625,106,3,293.96,0.1
26824,10625,86,3,508.15,0.0
26825,10625,113,2,113.5,0.05
26826,10625,68,1,187.83,0.15
26827,10626,112,1,530.6,0.0
26828,10626,23,3,473.03,0.1
26829,10626,9,4,566.94,0.0
26830,10627,54,3,589.22,0.1
26831,10627,1,1,250.67,0.15
26832,10628,35,3,368.74,0.05
26833,10628,101,5,530.68,0.0
26834,10629,7,2,342.91,0.1
26835,10629,109,2,345.03,0.15
26836,10629,66,3,325.89,0.0
26837,10629,80,4,334.64,0.1
26838,10630,76,5,544.8,0.05
26839,10630,87,2,87.7,0.05
26840,10630,50,4,641.98,0.15
26841,10630,14,5,167.56,0.1
26842,10631,97,1,140.58,0.05
26843,10632,90,4,250.98,0.0
26844,10632,117,1,97.33,0.15
26845,10633,55,2,143.78,0.05
26846,10634,10,4,358.28,0.0
26847,10634,54,5,589.22,0.1
26848,10634,90,2,250.98,0.0
26849,10635,46,4,429.96,0.0
26850,10635,111,5,220.69,0.1
26851,10635,80,4,334.64,0.0
26852,10636,53,5,90.14,0.0
26853,10636,85,5,294.43,0.0
26854,10637,5,2,206.39,0.15
26855,10637,9,2,566.94,0.15
26856,10637,114,3,321.32,0.0
26857,10637,64,2,433.42,0.1
26858,10638,56,5,701.89,0.15
26859,10638,54,2,589.22,0.0
26860,10639,72,2,417.09,0.0
26861,10639,100,5,192.03,0.05
26862,10639,59,3,189.03,0.0
26863,10640,104,3,497.51,0.1
26864,10641,98,5,387.36,0.05
26865,10641,17,4,335.91,0.1
26866,10641,67,4,439.64,0.0
26867,10641,26,1,283.16,0.0
26868,10642,43,4,487.39,0.1
26869,10642,118,3,357.13,0.0
26870,10642,83,5,229.64,0.0
26871,10642,6,5,148.07,0.1
26872,10643,101,5,530.68,0.05
26873,10643,82,5,382.23,0.0
26874,10643,37,2,678.06,0.05
26875,10644,95,2,197.03,0.05
26876,10644,18,4,774.6,0.1
26877,10645,70,5,477.56,0.0
26878,10645,68,4,187.83,0.05
26879,10645,26,2,283.16,0.05
26880,10646,42,1,506.69,0.1
26881,10646,72,5,417.09,0.0
26882,10647,98,4,387.36,0.0
26883,10648,12,5,665.95,0.0
26884,10649,34,2,269.02,0.0
26885,10650,41,3,466.15,0.1
26886,10650,9,1,566.94,0.15
26887,10650,21,4,128.96,0.0
26888,10651,107,1,70.69,0.0
26889,10651,103,4,415.47,0.15
26890,10652,53,5,90.14,0.0
26891,10652,42,4,506.69,0.05
26892,10652,25,1,424.49,0.0
26893,10652,85,3,294.43,0.1
26894,10653,93,1,96.97,0.15
26895,10653,116,5,151.15,0.1
26896,10653,119,4,181.96,0.05
26897,10653,75,4,102.43,0.0
26898,10654,44,3,155.05,0.1
26899,10654,9,4,566.94,0.0
26900,10654,26,2,283.16,0.0
26901,10655,63,2,460.08,0.05
26902,10655,118,2,357.13,0.0
26903,10655,112,2,530.6,0.15
26904,10655,18,5,774.6,0.0
26905,10656,38,5,342.42,0.0
26906,10656,101,4,530.68,0.0
26907,10657,27,4,50.29,0.05
26908,10657,29,3,332.87,0.1
26909,10657,116,4,151.15,0.0
26910,10657,117,3,97.33,0.0
26911,10658,88,4,217.75,0.05
26912,10659,111,3,220.69,0.0
26913,10659,75,2,102.43,0.0
26914,10659,70,4,477.56,0.15
26915,10660,34,2,269.02,0.0
26916,10661,13,1,546.51,0.15
26917,10662,105,3,161.35,0.0
26918,10662,98,3,387.36,0.0
26919,10662,65,2,775.34,0.0
26920,10663,87,4,87.7,0.0
26921,10663,60,1,765.19,0.0
26922,10663,19,5,236.74,0.0
26923,10663,38,5,342.42,0.0
26924,10664,13,1,546.51,0.05
26925,10664,76,3,544.8,0.15
26926,10665,94,4,357.14,0.15
26927,10665,68,2,187.83,0.1
26928,10665,107,1,70.69,0.1
26929,10666,17,3,335.91,0.05
26930,10666,89,2,156.62,0.15
26931,10666,1,4,250.67,0.05
26932,10667,15,5,434.83,0.1
26933,10667,59,5,189.03,0.05
26934,10668,45,5,124.25,0.15
26935,10668,118,3,357.13,0.0
26936,10669,50,3,641.98,0.15
26937,10669,46,4,429.96,0.0
26938,10669,12,4,665.95,0.0
26939,10670,51,2,592.49,0.1
26940,10670,9,3,566.94,0.0
26941,10670,45,3,124.25,0.05
26942,10670,74,1,259.9,0.15
26943,10671,60,3,765.19,0.0
26944,10671,94,1,357.14,0.0
26945,10671,61,1,610.85,0.05
26946,10672,66,1,325.89,0.0
26947,10672,20,1,344.47,0.0
26948,10673,71,5,298.03,0.15
26949,10673,25,1,424.49,0.05
26950,10673,4,3,538.06,0.0
26951,10674,46,5,429.96,0.0
26952,10675,75,2,102.43,0.15
26953,10675,79,3,353.32,0.0
26954,10675,8,2,230.66,0.05
26955,10675,115,1,191.72,0.15
26956,10676,16,5,337.82,0.15
26957,10677,76,2,544.8,0.0
26958,10677,30,5,474.66,0.0
26959,10677,34,2,269.02,0.0
26960,10678,33,1,596.3,0.0
26961,10678,81,5,472.42,0.05
26962,10678,51,1,592.49,0.15
26963,10679,116,2,151.15,0.0
26964,10679,77,4,20.71,0.05
26965,10679,118,2,357.13,0.0
26966,10680,41,5,466.15,0.0
26967,10681,21,1,128.96,0.0
26968,10682,118,2,357.13,0.0
26969,10682,18,4,774.6,0.1
26970,10682,5,4,206.39,0.0
26971,10683,66,4,325.89,0.05
26972,10684,66,4,325.89,0.05
26973,10685,1,1,250.67,0.0
26974,10685,41,5,466.15,0.0
26975,10685,44,1,155.05,0.1
26976,10686,92,1,473.15,0.0
26977,10686,110,5,551.82,0.0
26978,10687,9,5,566.94,0.1
26979,10687,43,4,487.39,0.0
26980,10688,102,4,268.48,0.0
26981,10689,118,1,357.13,0.0
26982,10689,57,5,359.66,0.15
26983,10689,23,5,473.03,0.0
26984,10689,29,1,332.87,0.0
26985,10690,113,2,113.5,0.05
26986,10690,76,2,544.8,0.0
26987,10691,97,4,140.58,0.15
26988,10692,25,3,424.49,0.1
26989,10692,44,1,155.05,0.1
26990,10692,90,3,250.98,0.15
26991,10693,102,5,268.48,0.0
26992,10693,111,5,220.69,0.15
26993,10693,14,4,167.56,0.0
26994,10694,12,5,665.95,0.0
26995,10695,63,1,460.08,0.0
26996,10695,48,4,688.65,0.0
26997,10695,68,5,187.83,0.0
26998,10696,11,5,431.92,0.0
26999,10697,64,1,433.42,0.05
27000,10697,38,3,342.42,0.0
27001,10698,23,3,473.03,0.0
27002,10698,35,2,368.74,0.0
27003,10699,107,3,70.69,0.15
27004,10699,82,3,382.23,0.0
27005,10699,63,3,460.08,0.05
27006,10700,107,2,70.69,0.05
27007,10700,72,5,417.09,0.0
27008,10701,62,2,455.65,0.0
27009,10701,26,4,283.16,0.0
27010,10701,51,3,592.49,0.0
27011,10701,34,1,269.02,0.0
27012,10702,18,1,774.6,0.15
27013,10702,15,3,434.83,0.0
27014,10702,57,1,359.66,0.0
27015,10702,41,1,466.15,0.1
27016,10703,119,2,181.96,0.0
27017,10704,81,3,472.42,0.1
27018,10705,118,5,357.13,0.0
27019,10705,42,4,506.69,0.0
27020,10706,97,5,140.58,0.0
27021,10706,5,4,206.39,0.0
27022,10706,67,4,439.64,0.0
27023,10706,65,5,775.34,0.15
27024,10707,59,2,189.03,0.15
27025,10707,4,4,538.06,0.15
27026,10707,14,2,167.56,0.1
27027,10707,23,5,473.03,0.0
27028,10708,52,1,119.81,0.1
27029,10708,6,2,148.07,0.0
27030,10708,7,4,342.91,0.1
27031,10708,35,3,368.74,0.1
27032,10709,41,1,466.15,0.0
27033,10710,3,1,400.77,0.1
27034,10711,73,4,693.24,0.1
27035,10711,120,2,437.18,0.0
27036,10711,59,1,189.03,0.0
27037,10712,10,5,358.28,0.1
27038,10712,107,3,70.69,0.0
27039,10712,104,2,497.51,0.0
27040,10713,87,5,87.7,0.05
27041,10713,88,1,217.75,0.0
27042,10713,92,5,473.15,0.05
27043,10714,38,3,342.42,0.05
27044,10714,70,5,477.56,0.0
27045,10714,68,4,187.83,0.0
27046,10715,30,1,474.66,0.0
27047,10715,58,2,421.43,0.0
27048,10716,36,4,461.97,0.05
27049,10716,74,3,259.9,0.0
27050,10717,15,1,434.83,0.0
27051,10717,33,1,596.3,0.15
27052,10718,120,1,437.18,0.0
27053,10719,111,2,220.69,0.0
27054,10720,43,2,487.39,0.0
27055,10721,23,2,473.03,0.0
27056,10721,10,2,358.28,0.0
27057,10721,46,3,429.96,0.05
27058,10721,72,5,417.09,0.0
27059,10722,95,1,197.03,0.15
27060,10722,55,4,143.78,0.05
27061,10722,60,5,765.19,0.0
27062,10723,53,2,90.14,0.0
27063,10723,29,2,332.87,0.0
27064,10723,61,2,610.85,0.0
27065,10723,23,4,473.03,0.0
27066,10724,75,1,102.43,0.05
27067,10724,59,3,189.03,0.0
27068,10725,17,4,335.91,0.0
27069,10725,76,4,544.8,0.1
27070,10725,65,5,775.34,0.0
27071,10726,114,5,321.32,0.0
27072,10726,22,5,155.04,0.0
27073,10726,55,1,143.78,0.15
27074,10726,58,1,421.43,0.1
27075,10727,92,2,473.15,0.15
27076,10727,99,1,654.14,0.1
27077,10727,5,1,206.39,0.05
27078,10727,53,5,90.14,0.05
27079,10728,82,1,382.23,0.0
27080,10728,23,4,473.03,0.0
27081,10728,114,2,321.32,0.0
27082,10729,98,3,387.36,0.0
27083,10729,21,1,128.96,0.05
27084,10729,120,1,437.18,0.0
27085,10730,68,1,187.83,0.1
27086,10730,45,2,124.25,0.05
27087,10730,55,3,143.78,0.05
27088,10730,16,5,337.82,0.15
27089,10731,81,2,472.42,0.0
27090,10731,36,1,461.97,0.0
27091,10732,51,3,592.49,0.05
27092,10732,83,4,229.64,0.0
27093,10733,15,3,434.83,0.0
27094,10733,45,4,124.25,0.1
27095,10734,42,2,506.69,0.0
27096,10734,64,2,433.42,0.15
27097,10734,106,4,293.96,0.15
27098,10734,76,5,544.8,0.0
27099,10735,31,5,492.63,0.15
27100,10735,77,4,20.71,0.15
27101,10735,66,1,325.89,0.15
27102,10735,37,2,678.06,0.0
27103,10736,42,4,506.69,0.0
27104,10737,42,3,506.69,0.05
27105,10737,96,5,261.53,0.0
27106,10738,7,4,342.91,0.15
27107,10739,44,2,155.05,0.05
27108,10740,13,2,546.51,0.15
27109,10741,100,4,192.03,0.0
27110,10741,5,1,206.39,0.15
27111,10741,94,5,357.14,0.0
27112,10742,78,1,496.95,0.15
27113,10742,105,2,161.35,0.0
27114,10742,46,5,429.96,0.0
27115,10742,20,1,344.47,0.1
27116,10743,34,4,269.02,0.15
27117,10744,105,3,161.35,0.0
27118,10745,43,2,487.39,0.1
27119,10746,35,5,368.74,0.0
27120,10746,43,5,487.39,0.0
27121,10746,4,5,538.06,0.0
27122,10747,84,1,233.29,0.0
27123,10747,109,1,345.03,0.05
27124,10747,25,4,424.49,0.0
27125,10748,31,3,492.63,0.05
27126,10748,108,2,564.18,0.0
27127,10748,88,3,217.75,0.05
27128,10748,35,4,368.74,0.15
27129,10749,66,1,325.89,0.0
27130,10750,21,2,128.96,0.1
27131,10751,11,4,431.92,0.05
27132,10751,101,2,530.68,0.05
27133,10751,78,3,496.95,0.15
27134,10752,64,5,433.42,0.15
27135,10752,50,1,641.98,0.05
27136,10752,90,3,250.98,0.0
27137,10752,73,3,693.24,0.15
27138,10753,74,4,259.9,0.1
27139,10754,119,2,181.96,0.1
27140,10754,47,2,533.66,0.1
27141,10754,85,1,294.43,0.05
27142,10755,79,3,353.32,0.0
27143,10755,14,3,167.56,0.1
27144,10755,62,3,455.65,0.0
27145,10755,116,3,151.15,0.15
27146,10756,79,3,353.32,0.0
27147,10756,110,3,551.82,0.1
27148,10756,99,4,654.14,0.15
27149,10756,69,2,199.67,0.05
27150,10757,42,1,506.69,0.15
27151,10757,49,2,224.05,0.0
27152,10757,45,4,124.25,0.15
27153,10758,13,4,546.51,0.0
27154,10758,52,4,119.81,0.0
27155,10758,55,4,143.78,0.15
27156,10759,77,1,20.71,0.1
27157,10759,3,2,400.77,0.15
27158,10759,111,1,220.69,0.0
27159,10760,113,5,113.5,0.0
27160,10760,15,3,434.83,0.0
27161,10760,70,1,477.56,0.0
27162,10760,89,2,156.62,0.1
27163,10761,20,5,344.47,0.0
27164,10761,58,1,421.43,0.0
27165,10761,70,5,477.56,0.15
27166,10762,32,4,527.45,0.0
27167,10762,16,2,337.82,0.15
27168,10762,11,5,431.92,0.05
27169,10763,7,2,342.91,0.15
27170,10764,72,5,417.09,0.0
27171,10765,68,3,187.83,0.15
27172,10765,64,4,433.42,0.0
27173,10765,15,3,434.83,0.0
27174,10765,120,4,437.18,0.05
27175,10766,80,3,334.64,0.05
27176,10767,19,3,236.74,0.1
27177,10767,55,1,143.78,0.0
27178,10768,113,2,113.5,0.1
27179,10768,27,2,50.29,0.0
27180,10768,10,3,358.28,0.0
27181,10768,61,1,610.85,0.15
27182,10769,59,2,189.03,0.05
27183,10769,83,2,229.64,0.0
27184,10770,59,2,189.03,0.0
27185,10770,41,5,466.15,0.05
27186,10771,61,4,610.85,0.1
27187,10772,70,2,477.56,0.0
27188,10772,84,3,233.29,0.0
27189,10772,26,3,283.16,0.0
27190,10772,18,4,774.6,0.0
27191,10773,79,1,353.32,0.0
27192,10773,2,1,225.66,0.0
27193,10773,32,2,527.45,0.1
27194,10774,56,5,701.89,0.15
27195,10774,110,1,551.82,0.0
27196,10775,94,5,357.14,0.05
27197,10775,86,1,508.15,0.0
27198,10775,99,2,654.14,0.1
27199,10776,68,5,187.83,0.05
27200,10776,74,1,259.9,0.0
27201,10776,100,5,192.03,0.05
27202,10777,89,5,156.62,0.15
27203,10777,11,2,431.92,0.0
27204,10777,34,2,269.02,0.15
27205,10778,106,4,293.96,0.1
27206,10779,54,4,589.22,0.0
27207,10780,82,4,382.23,0.0
27208,10780,72,4,417.09,0.1
27209,10780,59,3,189.03,0.05
27210,10780,91,2,111.41,0.0
27211,10781,48,5,688.65,0.0
27212,10782,76,2,544.8,0.1
27213,10782,24,3,576.43,0.05
27214,10783,20,4,344.47,0.05
27215,10783,41,1,466.15,0.0
27216,10783,103,3,415.47,0.0
27217,10783,37,5,678.06,0.1
27218,10784,4,4,538.06,0.1
27219,10784,100,1,192.03,0.0
27220,10785,101,5,530.68,0.1
27221,10785,32,5,527.45,0.05
27222,10785,53,4,90.14,0.0
27223,10786,5,1,206.39,0.05
27224,10786,77,3,20.71,0.1
27225,10786,98,4,387.36,0.0
27226,10787,113,5,113.5,0.1
27227,10788,12,1,665.95,0.1
27228,10788,103,4,415.47,0.0
27229,10789,48,3,688.65,0.15
27230,10789,58,2,421.43,0.15
27231,10790,82,5,382.23,0.0
27232,10790,114,3,321.32,0.0
27233,10790,40,3,246.27,0.0
27234,10790,113,3,113.5,0.05
27235,10791,76,1,544.8,0.05
27236,10792,36,2,461.97,0.1
27237,10792,120,4,437.18,0.0
27238,10792,113,4,113.5,0.05
27239,10792,110,5,551.82,0.0
27240,10793,90,5,250.98,0.0
27241,10794,97,5,140.58,0.0
27242,10794,20,3,344.47,0.0
27243,10794,68,5,187.83,0.0
27244,10795,113,3,113.5,0.15
27245,10795,12,3,665.95,0.0
27246,10795,72,1,417.09,0.05
27247,10796,16,2,337.82,0.15
27248,10796,52,2,119.81,0.1
27249,10797,89,3,156.62,0.0
27250,10797,56,2,701.89,0.15
27251,10798,21,4,128.96,0.05
27252,10798,62,1,455.65,0.0
27253,10799,37,4,678.06,0.0
27254,10800,92,5,473.15,0.0
27255,10800,31,3,492.63,0.0
27256,10800,57,4,359.66,0.0
27257,10801,100,3,192.03,0.0
27258,10801,119,4,181.96,0.1
27259,10801,93,1,96.97,0.1
27260,10801,84,4,233.29,0.1
27261,10802,101,3,530.68,0.0
27262,10802,31,3,492.63,0.15
27263,10803,9,3,566.94,0.0
27264,10803,54,2,589.22,0.1
27265,10803,46,2,429.96,0.0
27266,10804,59,1,189.03,0.0
27267,10805,108,2,564.18,0.0
27268,10806,30,3,474.66,0.05
27269,10807,45,2,124.25,0.0
27270,10808,14,5,167.56,0.0
27271,10808,64,2,433.42,0.1
27272,10808,96,1,261.53,0.0
27273,10808,8,2,230.66,0.1
27274,10809,20,1,344.47,0.15
27275,10809,113,4,113.5,0.15
27276,10810,115,5,191.72,0.05
27277,10810,42,4,506.69,0.15
27278,10810,120,2,437.18,0.0
27279,10811,109,5,345.03,0.0
27280,10812,53,4,90.14,0.0
27281,10812,14,4,167.56,0.1
27282,10812,99,3,654.14,0.0
27283,10812,116,2,151.15,0.15
27284,10813,68,3,187.83,0.05
27285,10813,119,4,181.96,0.15
27286,10813,72,1,417.09,0.15
27287,10813,6,2,148.07,0.0
27288,10814,3,3,400.77,0.0
27289,10814,94,4,357.14,0.0
27290,10815,6,3,148.07,0.15
27291,10815,30,5,474.66,0.0
27292,10816,77,5,20.71,0.05
27293,10816,104,3,497.51,0.1
27294,10816,119,5,181.96,0.0
27295,10816,16,1,337.82,0.0
27296,10817,29,2,332.87,0.15
27297,10817,5,3,206.39,0.05
27298,10818,24,2,576.43,0.0
27299,10819,93,4,96.97,0.0
27300,10819,59,5,189.03,0.0
27301,10819,65,3,775.34,0.0
27302,10819,104,3,497.51,0.0
27303,10820,47,2,533.66,0.15
27304,10820,40,2,246.27,0.05
27305,10821,34,4,269.02,0.1
27306,10821,101,1,530.68,0.05
27307,10821,116,5,151.15,0.0
27308,10821,48,4,688.65,0.1
27309,10822,37,5,678.06,0.1
27310,10822,19,1,236.74,0.0
27311,10823,112,2,530.6,0.0
27312,10823,74,1,259.9,0.0
27313,10823,108,3,564.18,0.0
27314,10823,11,1,431.92,0.0
27315,10824,108,1,564.18,0.0
27316,10825,105,4,161.35,0.0
27317,10825,96,2,261.53,0.0
27318,10825,9,5,566.94,0.0
27319,10825,33,2,596.3,0.1
27320,10826,108,2,564.18,0.0
27321,10826,42,5,506.69,0.0
27322,10827,63,1,460.08,0.1
27323,10828,48,2,688.65,0.0
27324,10828,59,2,189.03,0.0
27325,10829,101,3,530.68,0.05
27326,10829,77,2,20.71,0.0
27327,10829,58,1,421.43,0.0
27328,10830,12,4,665.95,0.15
27329,10830,40,3,246.27,0.15
27330,10830,73,5,693.24,0.15
27331,10830,19,5,236.74,0.1
27332,10831,42,2,506.69,0.0
27333,10832,48,4,688.65,0.15
27334,10832,19,5,236.74,0.15
27335,10832,53,1,90.14,0.0
27336,10832,34,3,269.02,0.15
27337,10833,35,4,368.74,0.0
27338,10834,118,5,357.13,0.1
27339,10834,78,3,496.95,0.0
27340,10834,26,4,283.16,0.0
27341,10834,17,2,335.91,0.0
27342,10835,59,3,189.03,0.15
27343,10836,92,3,473.15,0.0
27344,10836,47,3,533.66,0.0
27345,10836,86,1,508.15,0.05
27346,10837,55,2,143.78,0.0
27347,10837,15,3,434.83,0.0
27348,10838,77,5,20.71,0.0
27349,10838,80,5,334.64,0.0
27350,10838,54,2,589.22,0.15
27351,10838,16,4,337.82,0.0
27352,10839,8,1,230.66,0.05
27353,10839,80,2,334.64,0.15
27354,10839,59,2,189.03,0.0
27355,10839,100,4,192.03,0.0
27356,10840,86,2,508.15,0.1
27357,10840,19,2,236.74,0.15
27358,10840,47,4,533.66,0.15
27359,10840,6,1,148.07,0.15
27360,10841,119,3,181.96,0.1
27361,10841,54,3,589.22,0.0
27362,10841,50,5,641.98,0.15
27363,10841,77,5,20.71,0.05
27364,10842,30,4,474.66,0.0
27365,10842,11,1,431.92,0.0
27366,10842,67,2,439.64,0.15
27367,10842,95,1,197.03,0.0
27368,10843,24,4,576.43,0.0
27369,10843,110,4,551.82,0.0
27370,10843,102,4,268.48,0.0
27371,10844,54,3,589.22,0.0
27372,10844,110,1,551.82,0.15
27373,10844,91,2,111.41,0.0
27374,10845,34,1,269.02,0.15
27375,10845,70,1,477.56,0.0
27376,10845,2,2,225.66,0.0
27377,10846,71,3,298.03,0.05
27378,10846,5,3,206.39,0.0
27379,10846,96,5,261.53,0.0
27380,10847,27,4,50.29,0.05
27381,10847,107,3,70.69,0.15
27382,10848,57,2,359.66,0.0
27383,10848,81,4,472.42,0.0
27384,10849,80,1,334.64,0.1
27385,10849,3,5,400.77,0.0
27386,10850,50,3,641.98,0.1
27387,10850,63,2,460.08,0.0
27388,10850,66,2,325.89,0.15
27389,10850,57,4,359.66,0.05
27390,10851,12,1,665.95,0.05
27391,10851,62,1,455.65,0.15
27392,10851,120,5,437.18,0.0
27393,10851,39,4,435.88,0.0
27394,10852,111,2,220.69,0.0
27395,10852,53,1,90.14,0.0
27396,10852,40,5,246.27,0.05
27397,10852,27,2,50.29,0.0
27398,10853,87,1,87.7,0.0
27399,10853,106,4,293.96,0.1
27400,10853,66,4,325.89,0.0
27401,10854,91,5,111.41,0.0
27402,10854,16,5,337.82,0.0
27403,10854,13,2,546.51,0.0
27404,10854,101,1,530.68,0.0
27405,10855,22,4,155.04,0.0
27406,10855,63,4,460.08,0.0
27407,10855,117,1,97.33,0.1
27408,10856,67,4,439.64,0.05
27409,10856,43,3,487.39,0.1
27410,10856,3,3,400.77,0.05
27411,10856,25,4,424.49,0.1
27412,10857,54,1,589.22,0.0
27413,10858,78,3,496.95,0.05
27414,10858,96,2,261.53,0.0
27415,10858,28,5,278.53,0.05
27416,10859,107,3,70.69,0.15
27417,10859,114,5,321.32,0.1
27418,10859,95,2,197.03,0.0
27419,10859,53,4,90.14,0.0
27420,10860,59,2,189.03,0.0
27421,10861,53,5,90.14,0.15
27422,10861,67,5,439.64,0.0
27423,10861,7,1,342.91,0.0
27424,10862,111,4,220.69,0.0
27425,10862,22,5,155.04,0.1
27426,10862,44,3,155.05,0.05
27427,10862,107,1,70.69,0.1
27428,10863,42,5,506.69,0.15
27429,10863,65,2,775.34,0.0
27430,10864,76,1,544.8,0.15
27431,10865,94,1,357.14,0.0
27432,10865,46,1,429.96,0.0
27433,10866,72,4,417.09,0.15
27434,10866,68,4,187.83,0.0
27435,10866,8,3,230.66,0.15
27436,10867,88,3,217.75,0.05
27437,10868,55,5,143.78,0.05
27438,10868,98,4,387.36,0.1
27439,10869,38,5,342.42,0.0
27440,10869,84,4,233.29,0.0
27441,10869,14,5,167.56,0.1
27442,10870,88,3,217.75,0.15
27443,10870,69,2,199.67,0.05
27444,10870,76,5,544.8,0.0
27445,10871,37,2,678.06,0.0
27446,10871,85,4,294.43,0.0
27447,10871,57,2,359.66,0.05
27448,10871,8,2,230.66,0.0
27449,10872,20,1,344.47,0.1
27450,10872,95,4,197.03,0.0
27451,10872,77,2,20.71,0.0
27452,10873,77,4,20.71,0.0
27453,10873,3,3,400.77,0.0
27454,10873,109,2,345.03,0.1
27455,10873,107,5,70.69,0.0
27456,10874,75,3,102.43,0.1
27457,10874,52,2,119.81,0.0
27458,10874,5,3,206.39,0.0
27459,10875,20,5,344.47,0.15
27460,10875,104,1,497.51,0.0
27461,10875,72,2,417.09,0.15
27462,10876,30,1,474.66,0.05
27463,10876,36,1,461.97,0.1
27464,10877,36,5,461.97,0.1
27465,10877,94,4,357.14,0.1
27466,10878,9,2,566.94,0.0
27467,10878,77,3,20.71,0.15
27468,10879,11,3,431.92,0.0
27469,10879,99,1,654.14,0.15
27470,10879,88,2,217.75,0.0
27471,10880,97,2,140.58,0.0
27472,10880,16,3,337.82,0.15
27473,10881,10,1,358.28,0.05
27474,10882,88,5,217.75,0.1
27475,10883,116,5,151.15,0.1
27476,10883,21,4,128.96,0.0
27477,10884,64,5,433.42,0.0
27478,10885,117,4,97.33,0.1
27479,10885,105,1,161.35,0.05
27480,10885,25,4,424.49,0.1
27481,10885,29,2,332.87,0.05
27482,10886,115,2,191.72,0.0
27483,10887,6,1,148.07,0.0
27484,10887,77,2,20.71,0.0
27485,10888,45,3,124.25,0.0
27486,10888,7,1,342.91,0.15
27487,10888,48,3,688.65,0.0
27488,10888,54,5,589.22,0.15
27489,10889,17,1,335.91,0.05
27490,10890,25,3,424.49,0.1
27491,10890,45,3,124.25,0.1
27492,10890,109,2,345.03,0.1
27493,10890,67,1,439.64,0.0
27494,10891,74,3,259.9,0.1
27495,10892,97,5,140.58,0.05
27496,10892,11,3,431.92,0.05
27497,10892,81,2,472.42,0.0
27498,10892,102,2,268.48,0.0
27499,10893,48,4,688.65,0.05
27500,10893,8,3,230.66,0.15
27501,10894,84,2,233.29,0.0
27502,10894,100,3,192.03,0.0
27503,10895,20,2,344.47,0.15
27504,10895,9,5,566.94,0.0
27505,10895,69,2,199.67,0.15
27506,10896,113,4,113.5,0.0
27507,10896,15,5,434.83,0.1
27508,10897,73,5,693.24,0.0
27509,10897,44,2,155.05,0.0
27510,10898,60,5,765.19,0.0
27511,10898,75,2,102.43,0.0
27512,10898,74,3,259.9,0.05
27513,10898,73,4,693.24,0.1
27514,10899,94,4,357.14,0.0
27515,10900,36,3,461.97,0.0
27516,10900,53,5,90.14,0.15
27517,10900,54,1,589.22,0.0
27518,10900,58,2,421.43,0.0
27519,10901,19,2,236.74,0.05
27520,10901,111,1,220.69,0.0
27521,10901,80,5,334.64,0.1
27522,10902,34,2,269.02,0.0
27523,10903,68,3,187.83,0.0
27524,10903,55,4,143.78,0.15
27525,10903,44,2,155.05,0.05
27526,10904,12,1,665.95,0.0
27527,10904,25,5,424.49,0.1
27528,10904,106,5,293.96,0.15
27529,10905,96,3,261.53,0.15
27530,10906,16,1,337.82,0.0
27531,10906,90,1,250.98,0.0
27532,10906,79,3,353.32,0.1
27533,10907,70,3,477.56,0.05
27534,10907,79,3,353.32,0.0
27535,10908,24,5,576.43,0.05
27536,10908,29,5,332.87,0.0
27537,10908,3,3,400.77,0.05
27538,10909,6,2,148.07,0.0
27539,10909,95,3,197.03,0.05
27540,10909,40,5,246.27,0.0
27541,10910,13,4,546.51,0.0
27542,10910,97,1,140.58,0.0
27543,10910,9,5,566.94,0.0
27544,10911,54,1,589.22,0.15
27545,10911,115,2,191.72,0.0
27546,10911,101,5,530.68,0.0
27547,10912,99,5,654.14,0.1
27548,10912,119,5,181.96,0.0
27549,10913,67,5,439.64,0.0
27550,10913,81,3,472.42,0.0
27551,10913,27,2,50.29,0.15
27552,10913,99,1,654.14,0.15
27553,10914,103,4,415.47,0.1
27554,10915,97,3,140.58,0.0
27555,10915,1,1,250.67,0.0
27556,10916,91,2,111.41,0.05
27557,10916,37,3,678.06,0.05
27558,10916,24,3,576.43,0.0
27559,10916,106,2,293.96,0.15
27560,10917,82,1,382.23,0.05
27561,10917,86,4,508.15,0.05
27562,10917,59,4,189.03,0.1
27563,10918,68,3,187.83,0.05
27564,10918,43,3,487.39,0.05
27565,10918,106,4,293.96,0.1
27566,10919,6,1,148.07,0.0
27567,10919,33,1,596.3,0.1
27568,10919,59,1,189.03,0.15
27569,10920,32,5,527.45,0.0
27570,10920,64,2,433.42,0.0
27571,10920,25,2,424.49,0.05
27572,10920,65,5,775.34,0.0
27573,10921,21,4,128.96,0.1
27574,10921,110,2,551.82,0.15
27575,10921,78,5,496.95,0.0
27576,10921,67,1,439.64,0.05
27577,10922,114,5,321.32,0.15
27578,10922,120,4,437.18,0.15
27579,10922,35,1,368.74,0.0
27580,10923,31,3,492.63,0.0
27581,10923,39,3,435.88,0.05
27582,10923,10,2,358.28,0.0
27583,10924,78,3,496.95,0.05
27584,10924,61,4,610.85,0.1
27585,10925,28,1,278.53,0.1
27586,10925,68,3,187.83,0.1
27587,10926,4,2,538.06,0.15
27588,10926,46,1,429.96,0.0
27589,10927,58,2,421.43,0.15
27590,10927,39,3,435.88,0.0
27591,10927,36,1,461.97,0.0
27592,10927,10,2,358.28,0.0
27593,10928,6,1,148.07,0.1
27594,10928,56,5,701.89,0.0
27595,10929,76,4,544.8,0.0
27596,10929,40,4,246.27,0.15
27597,10930,101,4,530.68,0.0
27598,10930,75,4,102.43,0.05
27599,10931,44,2,155.05,0.15
27600,10931,98,2,387.36,0.1
27601,10932,86,5,508.15,0.15
27602,10932,69,1,199.67,0.0
27603,10932,66,4,325.89,0.15
27604,10933,109,3,345.03,0.05
27605,10933,38,4,342.42,0.05
27606,10934,43,3,487.39,0.15
27607,10934,77,2,20.71,0.1
27608,10934,118,1,357.13,0.0
27609,10935,4,4,538.06,0.15
27610,10935,30,5,474.66,0.0
27611,10936,110,1,551.82,0.1
27612,10936,72,2,417.09,0.15
27613,10936,36,1,461.97,0.05
27614,10936,54,3,589.22,0.0
27615,10937,74,5,259.9,0.0
27616,10937,89,5,156.62,0.0
27617,10937,93,4,96.97,0.0
27618,10937,9,3,566.94,0.0
27619,10938,20,2,344.47,0.0
27620,10938,107,4,70.69,0.0
27621,10939,62,2,455.65,0.0
27622,10939,45,2,124.25,0.05
27623,10940,85,1,294.43,0.0
27624,10940,75,1,102.43,0.15
27625,10940,105,4,161.35,0.0
27626,10941,120,3,437.18,0.05
27627,10941,59,4,189.03,0.0
27628,10942,106,4,293.96,0.0
27629,10942,7,5,342.91,0.0
27630,10942,16,3,337.82,0.0
27631,10942,22,1,155.04,0.0
27632,10943,104,3,497.51,0.0
27633,10943,34,4,269.02,0.0
27634,10943,8,2,230.66,0.1
27635,10943,44,4,155.05,0.0
27636,10944,106,1,293.96,0.0
27637,10945,55,2,143.78,0.1
27638,10945,56,1,701.89,0.0
27639,10945,93,3,96.97,0.0
27640,10945,58,5,421.43,0.05
27641,10946,53,4,90.14,0.15
27642,10946,11,5,431.92,0.1
27643,10947,2,5,225.66,0.1
27644,10947,110,4,551.82,0.0
27645,10948,68,1,187.83,0.15
27646,10948,36,2,461.97,0.05
27647,10948,83,2,229.64,0.0
27648,10948,64,5,433.42,0.1
27649,10949,67,4,439.64,0.05
27650,10949,103,4,415.47,0.15
27651,10949,14,3,167.56,0.0
27652,10950,19,3,236.74,0.0
27653,10950,35,5,368.74,0.0
27654,10950,111,5,220.69,0.0
27655,10951,19,5,236.74,0.0
27656,10951,57,1,359.66,0.0
27657,10952,71,3,298.03,0.05
27658,10953,105,2,161.35,0.0
27659,10954,113,2,113.5,0.0
27660,10954,38,4,342.42,0.15
27661,10955,117,1,97.33,0.1
27662,10955,56,5,701.89,0.0
27663,10956,60,4,765.19,0.0
27664,10957,53,3,90.14,0.0
27665,10958,112,2,530.6,0.0
27666,10958,28,4,278.53,0.0
27667,10958,100,3,192.03,0.0
27668,10959,109,3,345.03,0.0
27669,10960,6,4,148.07,0.0
27670,10960,92,1,473.15,0.1
27671,10960,48,2,688.65,0.0
27672,10961,18,3,774.6,0.0
27673,10961,7,3,342.91,0.05
27674,10962,40,5,246.27,0.0
27675,10962,87,4,87.7,0.0
27676,10962,114,2,321.32,0.15
27677,10963,24,2,576.43,0.15
27678,10963,1,1,250.67,0.0
27679,10964,29,1,332.87,0.0
27680,10964,1,4,250.67,0.0
27681,10964,120,1,437.18,0.15
27682,10964,34,2,269.02,0.05
27683,10965,98,1,387.36,0.0
27684,10966,119,5,181.96,0.0
27685,10967,87,1,87.7,0.0
27686,10967,57,3,359.66,0.0
27687,10967,29,1,332.87,0.05
27688,10967,33,4,596.3,0.1
27689,10968,106,4,293.96,0.0
27690,10969,68,4,187.83,0.15
27691,10969,33,1,596.3,0.0
27692,10970,75,2,102.43,0.15
27693,10971,8,1,230.66,0.0
27694,10971,70,2,477.56,0.0
27695,10971,61,5,610.85,0.05
27696,10972,23,1,473.03,0.15
27697,10972,92,1,473.15,0.0
27698,10973,50,2,641.98,0.0
27699,10973,45,2,124.25,0.0
27700,10973,10,5,358.28,0.1
27701,10974,110,2,551.82,0.0
27702,10974,30,3,474.66,0.0
27703,10974,120,2,437.18,0.0
27704,10974,16,1,337.82,0.15
27705,10975,2,4,225.66,0.0
27706,10975,112,2,530.6,0.0
27707,10976,81,3,472.42,0.0
27708,10976,22,3,155.04,0.1
27709,10976,105,1,161.35,0.15
27710,10977,73,2,693.24,0.0
27711,10977,120,1,437.18,0.1
27712,10978,75,4,102.43,0.15
27713,10978,39,5,435.88,0.05
27714,10978,100,3,192.03,0.0
27715,10978,35,4,368.74,0.0
27716,10979,36,2,461.97,0.0
27717,10980,49,2,224.05,0.0
27718,10981,45,4,124.25,0.1
27719,10981,12,5,665.95,0.15
27720,10981,63,2,460.08,0.15
27721,10981,83,4,229.64,0.0
27722,10982,84,5,233.29,0.0
27723,10982,119,2,181.96,0.15
27724,10982,58,5,421.43,0.0
27725,10982,88,1,217.75,0.0
27726,10983,75,1,102.43,0.0
27727,10984,69,5,199.67,0.0
27728,10984,89,2,156.62,0.15
27729,10984,39,3,435.88,0.15
27730,10984,79,5,353.32,0.0
27731,10985,102,1,268.48,0.1
27732,10985,115,2,191.72,0.0
27733,10986,54,4,589.22,0.05
27734,10987,75,1,102.43,0.0
27735,10988,34,4,269.02,0.0
27736,10989,113,2,113.5,0.0
27737,10990,73,5,693.24,0.0
27738,10990,36,4,461.97,0.0
27739,10990,62,3,455.65,0.0
27740,10991,54,4,589.22,0.0
27741,10992,22,1,155.04,0.15
27742,10993,96,3,261.53,0.05
27743,10993,39,4,435.88,0.0
27744,10993,43,5,487.39,0.0
27745,10994,110,4,551.82,0.1
27746,10995,76,5,544.8,0.1
27747,10996,112,3,530.6,0.0
27748,10996,7,5,342.91,0.05
27749,10996,77,4,20.71,0.0
27750,10996,113,5,113.5,0.05
27751,10997,71,3,298.03,0.0
27752,10997,107,4,70.69,0.1
27753,10998,84,5,233.29,0.05
27754,10998,4,4,538.06,0.15
27755,10998,79,4,353.32,0.15
27756,10998,87,2,87.7,0.15
27757,10999,38,2,342.42,0.0
27758,10999,108,5,564.18,0.1
27759,10999,71,3,298.03,0.1
27760,10999,21,3,128.96,0.15
27761,11000,30,4,474.66,0.0
27762,11001,53,5,90.14,0.15
27763,11001,92,3,473.15,0.15
27764,11001,47,5,533.66,0.1
27765,11001,15,3,434.83,0.0
27766,11002,74,1,259.9,0.1
27767,11002,93,2,96.97,0.05
27768,11002,58,2,421.43,0.0
27769,11003,55,2,143.78,0.0
27770,11004,68,3,187.83,0.0
27771,11005,50,3,641.98,0.0
27772,11005,88,3,217.75,0.0
27773,11005,48,2,688.65,0.15
27774,11005,58,1,421.43,0.0
27775,11006,98,4,387.36,0.0
27776,11006,45,4,124.25,0.0
27777,11007,95,5,197.03,0.1
27778,11008,52,4,119.81,0.1
27779,11009,72,1,417.09,0.0
27780,11009,13,3,546.51,0.1
27781,11009,15,2,434.83,0.1
27782,11010,110,3,551.82,0.15
27783,11010,95,3,197.03,0.1
27784,11010,102,1,268.48,0.1
27785,11011,119,4,181.96,0.0
27786,11012,7,4,342.91,0.0
27787,11013,102,1,268.48,0.05
27788,11013,95,4,197.03,0.05
27789,11013,82,2,382.23,0.05
27790,11014,61,4,610.85,0.15
27791,11014,94,1,357.14,0.05
27792,11014,77,4,20.71,0.0
27793,11015,32,2,527.45,0.0
27794,11015,59,3,189.03,0.15
27795,11016,90,3,250.98,0.0
27796,11016,97,2,140.58,0.0
27797,11016,24,2,576.43,0.0
27798,11017,76,1,544.8,0.0
27799,11017,63,5,460.08,0.15
27800,11018,116,2,151.15,0.15
27801,11019,49,2,224.05,0.1
27802,11019,28,5,278.53,0.1
27803,11019,12,2,665.95,0.05
27804,11019,117,2,97.33,0.1
27805,11020,54,3,589.22,0.05
27806,11020,38,4,342.42,0.0
27807,11020,82,1,382.23,0.0
27808,11021,56,4,701.89,0.1
27809,11021,32,4,527.45,0.0
27810,11021,64,1,433.42,0.1
27811,11021,85,2,294.43,0.0
27812,11022,108,3,564.18,0.0
27813,11022,42,4,506.69,0.1
27814,11022,9,2,566.94,0.0
27815,11023,69,5,199.67,0.1
27816,11024,18,1,774.6,0.0
27817,11024,35,4,368.74,0.0
27818,11025,73,3,693.24,0.1
27819,11025,75,1,102.43,0.0
27820,11025,23,3,473.03,0.15
27821,11026,51,4,592.49,0.05
27822,11026,61,2,610.85,0.0
27823,11026,58,4,421.43,0.0
27824,11027,38,1,342.42,0.15
27825,11027,108,4,564.18,0.0
27826,11028,5,1,206.39,0.0
27827,11029,27,4,50.29,0.1
27828,11030,9,2,566.94,0.1
27829,11030,23,3,473.03,0.0
27830,11031,39,1,435.88,0.0
27831,11031,61,3,610.85,0.0
27832,11031,26,2,283.16,0.15
27833,11032,1,2,250.67,0.0
27834,11032,74,2,259.9,0.05
27835,11032,117,1,97.33,0.1
27836,11032,48,5,688.65,0.05
27837,11033,76,2,544.8,0.15
27838,11033,101,3,530.68,0.1
27839,11033,87,5,87.7,0.0
27840,11033,40,3,246.27,0.0
27841,11034,33,1,596.3,0.1
27842,11035,115,3,191.72,0.05
27843,11035,26,4,283.16,0.05
27844,11035,27,1,50.29,0.05
27845,11035,84,1,233.29,0.0
27846,11036,93,2,96.97,0.0
27847,11036,43,2,487.39,0.0
27848,11037,73,5,693.24,0.1
27849,11037,116,2,151.15,0.0
27850,11038,64,5,433.42,0.0
27851,11039,87,1,87.7,0.0
27852,11039,72,3,417.09,0.05
27853,11039,84,3,233.29,0.0
27854,11040,120,4,437.18,0.0
27855,11040,43,1,487.39,0.0
27856,11041,9,1,566.94,0.0
27857,11041,93,2,96.97,0.0
27858,11041,63,3,460.08,0.05
27859,11041,54,4,589.22,0.0
27860,11042,44,3,155.05,0.05
27861,11042,94,3,357.14,0.0
27862,11042,110,1,551.82,0.1
27863,11042,95,2,197.03,0.1
27864,11043,10,2,358.28,0.1
27865,11043,67,4,439.64,0.05
27866,11043,91,1,111.41,0.05
27867,11043,75,4,102.43,0.0
27868,11044,109,3,345.03,0.0
27869,11045,72,4,417.09,0.0
27870,11046,8,4,230.66,0.05
27871,11046,107,3,70.69,0.15
27872,11046,31,3,492.63,0.0
27873,11047,73,2,693.24,0.0
27874,11047,97,1,140.58,0.0
27875,11048,81,5,472.42,0.15
27876,11048,98,4,387.36,0.0
27877,11049,59,1,189.03,0.0
27878,11049,58,4,421.43,0.0
27879,11050,47,3,533.66,0.0
27880,11050,85,3,294.43,0.0
27881,11050,12,1,665.95,0.15
27882,11050,32,1,527.45,0.05
27883,11051,40,3,246.27,0.0
27884,11052,116,3,151.15,0.0
27885,11052,25,5,424.49,0.05
27886,11053,49,5,224.05,0.15
27887,11053,7,3,342.91,0.15
27888,11053,95,3,197.03,0.0
27889,11054,114,5,321.32,0.05
27890,11054,35,4,368.74,0.0
27891,11054,109,4,345.03,0.0
27892,11055,34,3,269.02,0.0
27893,11055,67,2,439.64,0.15
27894,11055,114,2,321.32,0.15
27895,11056,94,4,357.14,0.05
27896,11056,27,5,50.29,0.0
27897,11056,120,3,437.18,0.15
27898,11057,16,5,337.82,0.05
27899,11057,97,2,140.58,0.05
27900,11057,58,4,421.43,0.0
27901,11058,12,1,665.95,0.05
27902,11058,80,2,334.64,0.15
27903,11058,22,2,155.04,0.0
27904,11059,16,2,337.82,0.0
27905,11060,111,1,220.69,0.0
27906,11060,4,1,538.06,0.1
27907,11060,5,3,206.39,0.0
27908,11060,118,3,357.13,0.0
27909,11061,57,2,359.66,0.15
27910,11061,96,1,261.53,0.05
27911,11061,21,2,128.96,0.05
27912,11061,108,4,564.18,0.15
27913,11062,115,1,191.72,0.0
27914,11062,33,1,596.3,0.1
27915,11063,79,4,353.32,0.0
27916,11063,14,1,167.56,0.05
27917,11064,119,5,181.96,0.15
27918,11064,83,2,229.64,0.0
27919,11064,21,4,128.96,0.0
27920,11064,47,3,533.66,0.0
27921,11065,41,4,466.15,0.0
27922,11065,66,5,325.89,0.1
27923,11065,13,3,546.51,0.15
27924,11065,63,1,460.08,0.1
27925,11066,80,1,334.64,0.0
27926,11066,70,2,477.56,0.05
27927,11066,106,4,293.96,0.0
27928,11066,34,5,269.02,0.0
27929,11067,87,3,87.7,0.1
27930,11067,66,4,325.89,0.0
27931,11067,100,4,192.03,0.05
27932,11067,61,2,610.85,0.0
27933,11068,115,3,191.72,0.1
27934,11068,57,5,359.66,0.1
27935,11068,72,3,417.09,0.05
27936,11069,76,5,544.8,0.1
27937,11069,43,4,487.39,0.0
27938,11069,82,1,382.23,0.15
27939,11070,112,3,530.6,0.0
27940,11071,57,5,359.66,0.0
27941,11071,95,1,197.03,0.0
27942,11071,106,1,293.96,0.1
27943,11072,88,3,217.75,0.0
27944,11072,86,4,508.15,0.1
27945,11073,59,5,189.03,0.15
27946,11074,42,1,506.69,0.0
27947,11075,50,5,641.98,0.0
27948,11076,6,3,148.07,0.0
27949,11076,71,3,298.03,0.0
27950,11076,101,1,530.68,0.05
27951,11077,10,1,358.28,0.0
27952,11077,104,2,497.51,0.1
27953,11078,20,1,344.47,0.0
27954,11078,58,3,421.43,0.0
27955,11078,25,4,424.49,0.0
27956,11079,120,2,437.18,0.1
27957,11079,23,1,473.03,0.0
27958,11079,111,1,220.69,0.05
27959,11080,102,5,268.48,0.15
27960,11080,79,1,353.32,0.0
27961,11080,29,3,332.87,0.0
27962,11080,5,2,206.39,0.0
27963,11081,102,5,268.48,0.0
27964,11081,19,1,236.74,0.15
27965,11081,22,1,155.04,0.05
27966,11082,79,3,353.32,0.15
27967,11082,4,4,538.06,0.0
27968,11082,72,4,417.09,0.15
27969,11082,94,3,357.14,0.0
27970,11083,3,1,400.77,0.0
27971,11084,88,5,217.75,0.15
27972,11084,96,2,261.53,0.0
27973,11084,114,5,321.32,0.15
27974,11084,69,4,199.67,0.1
27975,11085,85,5,294.43,0.1
27976,11086,63,3,460.08,0.1
27977,11086,30,1,474.66,0.0
27978,11086,112,1,530.6,0.1
27979,11086,76,3,544.8,0.05
27980,11087,86,1,508.15,0.05
27981,11088,8,3,230.66,0.1
27982,11088,4,1,538.06,0.0
27983,11088,3,1,400.77,0.05
27984,11089,62,2,455.65,0.1
27985,11089,87,3,87.7,0.0
27986,11089,99,5,654.14,0.05
27987,11090,79,4,353.32,0.05
27988,11090,15,4,434.83,0.1
27989,11091,115,4,191.72,0.15
27990,11091,22,1,155.04,0.1
27991,11091,61,4,610.85,0.05
27992,11092,10,2,358.28,0.0
27993,11092,65,4,775.34,0.0
27994,11092,40,5,246.27,0.1
27995,11092,17,5,335.91,0.0
27996,11093,55,1,143.78,0.0
27997,11094,23,3,473.03,0.0
27998,11095,31,1,492.63,0.15
27999,11095,19,5,236.74,0.1
28000,11095,18,1,774.6,0.15
28001,11095,6,5,148.07,0.1
28002,11096,82,4,382.23,0.1
28003,11096,36,5,461.97,0.0
28004,11097,96,5,261.53,0.15
28005,11097,81,4,472.42,0.0
28006,11098,2,1,225.66,0.1
28007,11098,95,4,197.03,0.15
28008,11099,120,5,437.18,0.0
28009,11099,18,2,774.6,0.0
28010,11100,36,1,461.97,0.15
28011,11100,46,5,429.96,0.1
28012,11100,2,1,225.66,0.0
28013,11101,58,3,421.43,0.0
28014,11101,31,4,492.63,0.05
28015,11102,76,5,544.8,0.0
28016,11102,51,4,592.49,0.0
28017,11102,8,3,230.66,0.0
28018,11103,22,3,155.04,0.0
28019,11103,36,3,461.97,0.0
28020,11103,92,1,473.15,0.0
28021,11104,76,2,544.8,0.0
28022,11104,73,3,693.24,0.05
28023,11104,103,4,415.47,0.0
28024,11104,79,2,353.32,0.05
28025,11105,78,2,496.95,0.0
28026,11105,48,4,688.65,0.05
28027,11105,45,3,124.25,0.05
28028,11106,55,3,143.78,0.0
28029,11106,100,1,192.03,0.1
28030,11106,82,5,382.23,0.05
28031,11106,24,3,576.43,0.15
28032,11107,21,2,128.96,0.1
28033,11107,56,5,701.89,0.05
28034,11108,78,2,496.95,0.05
28035,11109,118,1,357.13,0.05
28036,11109,90,3,250.98,0.05
28037,11109,14,1,167.56,0.0
28038,11110,93,4,96.97,0.0
28039,11110,27,2,50.29,0.0
28040,11110,110,2,551.82,0.0
28041,11111,10,5,358.28,0.0
28042,11111,99,2,654.14,0.1
28043,11111,112,3,530.6,0.0
28044,11111,39,5,435.88,0.15
28045,11112,46,5,429.96,0.1
28046,11112,87,4,87.7,0.0
28047,11112,1,3,250.67,0.0
28048,11113,68,5,187.83,0.1
28049,11113,67,1,439.64,0.1
28050,11114,21,2,128.96,0.05
28051,11114,60,2,765.19,0.15
28052,11115,94,4,357.14,0.0
28053,11115,55,3,143.78,0.1
28054,11116,6,5,148.07,0.0
28055,11116,82,5,382.23,0.0
28056,11116,98,2,387.36,0.15
28057,11117,113,2,113.5,0.05
28058,11118,76,2,544.8,0.15
28059,11118,34,4,269.02,0.05
28060,11119,55,1,143.78,0.05
28061,11120,114,5,321.32,0.0
28062,11121,26,2,283.16,0.0
28063,11121,100,3,192.03,0.0
28064,11122,58,1,421.43,0.15
28065,11122,40,5,246.27,0.05
28066,11123,114,3,321.32,0.1
28067,11123,52,3,119.81,0.05
28068,11123,111,3,220.69,0.0
28069,11123,13,4,546.51,0.0
28070,11124,1,5,250.67,0.05
28071,11124,31,4,492.63,0.0
28072,11125,13,3,546.51,0.0
28073,11125,57,4,359.66,0.1
28074,11126,79,3,353.32,0.1
28075,11126,51,5,592.49,0.1
28076,11127,69,4,199.67,0.0
28077,11128,55,3,143.78,0.0
28078,11128,16,1,337.82,0.1
28079,11128,103,1,415.47,0.0
28080,11128,21,4,128.96,0.15
28081,11129,25,3,424.49,0.1
28082,11129,78,3,496.95,0.0
28083,11129,18,2,774.6,0.05
28084,11130,36,1,461.97,0.05
28085,11130,96,5,261.53,0.15
28086,11131,86,1,508.15,0.05
28087,11131,96,1,261.53,0.05
28088,11132,12,5,665.95,0.1
28089,11132,7,3,342.91,0.0
28090,11132,85,2,294.43,0.0
28091,11133,38,2,342.42,0.1
28092,11133,47,5,533.66,0.1
28093,11134,87,3,87.7,0.1
28094,11135,66,4,325.89,0.1
28095,11135,61,2,610.85,0.0
28096,11135,79,3,353.32,0.0
28097,11136,37,3,678.06,0.15
28098,11136,62,3,455.65,0.0
28099,11136,98,4,387.36,0.0
28100,11137,83,4,229.64,0.1
28101,11137,93,4,96.97,0.0
28102,11137,101,4,530.68,0.0
28103,11137,42,2,506.69,0.15
28104,11138,24,5,576.43,0.1
28105,11138,47,4,533.66,0.0
28106,11139,33,5,596.3,0.05
28107,11139,62,2,455.65,0.15
28108,11139,114,2,321.32,0.0
28109,11139,84,5,233.29,0.1
28110,11140,93,3,96.97,0.0
28111,11140,108,3,564.18,0.1
28112,11140,31,3,492.63,0.1
28113,11140,26,5,283.16,0.1
28114,11141,74,3,259.9,0.0
28115,11141,91,5,111.41,0.0
28116,11141,83,3,229.64,0.1
28117,11142,107,5,70.69,0.15
28118,11142,111,4,220.69,0.0
28119,11142,81,4,472.42,0.0
28120,11143,88,3,217.75,0.1
28121,11144,17,4,335.91,0.05
28122,11144,111,3,220.69,0.15
28123,11145,105,4,161.35,0.0
28124,11145,75,3,102.43,0.0
28125,11146,91,4,111.41,0.05
28126,11146,119,2,181.96,0.15
28127,11146,104,5,497.51,0.0
28128,11147,85,4,294.43,0.0
28129,11148,23,1,473.03,0.15
28130,11148,11,1,431.92,0.0
28131,11149,11,3,431.92,0.05
28132,11149,91,4,111.41,0.1
28133,11149,2,1,225.66,0.1
28134,11149,56,4,701.89,0.05
28135,11150,13,2,546.51,0.0
28136,11150,95,3,197.03,0.0
28137,11150,68,4,187.83,0.0
28138,11150,42,4,506.69,0.15
28139,11151,17,4,335.91,0.15
28140,11152,93,1,96.97,0.15
28141,11152,103,4,415.47,0.15
28142,11153,54,3,589.22,0.1
28143,11153,49,4,224.05,0.0
28144,11153,5,1,206.39,0.0
28145,11154,87,1,87.7,0.0
28146,11154,98,5,387.36,0.05
28147,11155,79,1,353.32,0.05
28148,11156,68,4,187.83,0.0
28149,11156,94,5,357.14,0.0
28150,11157,33,1,596.3,0.0
28151,11157,72,2,417.09,0.05
28152,11157,47,5,533.66,0.0
28153,11157,16,1,337.82,0.1
28154,11158,90,5,250.98,0.15
28155,11158,12,4,665.95,0.15
28156,11158,42,3,506.69,0.0
28157,11158,30,4,474.66,0.1
28158,11159,92,1,473.15,0.0
28159,11159,88,4,217.75,0.1
28160,11159,12,4,665.95,0.0
28161,11160,55,3,143.78,0.0
28162,11160,27,1,50.29,0.0
28163,11161,4,1,538.06,0.1
28164,11161,31,2,492.63,0.1
28165,11161,8,4,230.66,0.1
28166,11161,90,5,250.98,0.1
28167,11162,34,1,269.02,0.15
28168,11162,108,4,564.18,0.15
28169,11162,7,3,342.91,0.0
28170,11163,78,3,496.95,0.0
28171,11163,24,4,576.43,0.05
28172,11163,109,1,345.03,0.1
28173,11163,94,3,357.14,0.0
28174,11164,7,2,342.91,0.0
28175,11164,24,2,576.43,0.0
28176,11165,14,4,167.56,0.1
28177,11165,42,5,506.69,0.1
28178,11165,31,2,492.63,0.05
28179,11166,39,5,435.88,0.0
28180,11166,66,4,325.89,0.1
28181,11166,79,3,353.32,0.0
28182,11167,77,3,20.71,0.0
28183,11167,55,2,143.78,0.0
28184,11167,84,5,233.29,0.15
28185,11167,91,2,111.41,0.0
28186,11168,96,1,261.53,0.05
28187,11168,18,1,774.6,0.15
28188,11168,116,1,151.15,0.05
28189,11169,6,1,148.07,0.15
28190,11169,75,5,102.43,0.1
28191,11170,100,5,192.03,0.15
28192,11170,85,2,294.43,0.1
28193,11170,38,5,342.42,0.0
28194,11170,67,2,439.64,0.15
28195,11171,32,4,527.45,0.0
28196,11171,119,2,181.96,0.15
28197,11171,15,4,434.83,0.0
28198,11172,114,2,321.32,0.1
28199,11173,13,1,546.51,0.1
28200,11173,11,4,431.92,0.0
28201,11174,95,4,197.03,0.05
28202,11174,120,4,437.18,0.0
28203,11174,90,2,250.98,0.1
28204,11174,4,2,538.06,0.0
28205,11175,113,1,113.5,0.05
28206,11176,1,4,250.67,0.15
28207,11177,92,2,473.15,0.15
28208,11177,8,2,230.66,0.0
28209,11178,36,3,461.97,0.0
28210,11178,109,2,345.03,0.0
28211,11178,43,3,487.39,0.0
28212,11179,58,5,421.43,0.1
28213,11179,82,3,382.23,0.1
28214,11180,48,3,688.65,0.15
28215,11180,62,5,455.65,0.0
28216,11181,8,5,230.66,0.0
28217,11182,23,4,473.03,0.05
28218,11182,68,4,187.83,0.15
28219,11183,9,4,566.94,0.0
28220,11183,65,4,775.34,0.0
28221,11184,18,3,774.6,0.1
28222,11184,41,5,466.15,0.0
28223,11184,36,3,461.97,0.15
28224,11185,73,4,693.24,0.05
28225,11185,99,5,654.14,0.1
28226,11185,47,5,533.66,0.05
28227,11186,23,5,473.03,0.0
28228,11187,106,5,293.96,0.05
28229,11188,48,3,688.65,0.05
28230,11189,60,5,765.19,0.05
28231,11189,72,1,417.09,0.0
28232,11190,17,4,335.91,0.15
28233,11190,49,1,224.05,0.0
28234,11190,117,2,97.33,0.0
28235,11190,34,3,269.02,0.0
28236,11191,109,2,345.03,0.15
28237,11191,79,1,353.32,0.0
28238,11192,14,5,167.56,0.0
28239,11192,15,1,434.83,0.0
28240,11192,70,3,477.56,0.0
28241,11193,108,3,564.18,0.0
28242,11193,11,1,431.92,0.1
28243,11193,115,3,191.72,0.0
28244,11194,117,2,97.33,0.0
28245,11194,30,1,474.66,0.0
28246,11194,18,5,774.6,0.0
28247,11194,42,5,506.69,0.0
28248,11195,35,3,368.74,0.05
28249,11195,112,2,530.6,0.0
28250,11195,94,1,357.14,0.05
28251,11195,31,3,492.63,0.15
28252,11196,87,4,87.7,0.1
28253,11196,120,5,437.18,0.1
28254,11196,78,3,496.95,0.0
28255,11196,93,2,96.97,0.0
28256,11197,104,3,497.51,0.0
28257,11197,67,2,439.64,0.0
28258,11198,63,1,460.08,0.0
28259,11198,94,5,357.14,0.05
28260,11199,64,4,433.42,0.0
28261,11199,93,3,96.97,0.0
28262,11199,10,2,358.28,0.15
28263,11199,49,4,224.05,0.0
28264,11200,106,1,293.96,0.0
28265,11200,20,3,344.47,0.05
28266,11201,106,1,293.96,0.1
28267,11201,63,4,460.08,0.0
28268,11201,115,3,191.72,0.15
28269,11202,21,3,128.96,0.15
28270,11202,110,2,551.82,0.0
28271,11203,30,5,474.66,0.0
28272,11203,59,2,189.03,0.1
28273,11203,42,5,506.69,0.0
28274,11203,39,3,435.88,0.0
28275,11204,79,5,353.32,0.0
28276,11204,74,4,259.9,0.1
28277,11204,111,4,220.69,0.0
28278,11205,98,2,387.36,0.1
28279,11205,1,3,250.67,0.0
28280,11205,111,5,220.69,0.0
28281,11206,6,5,148.07,0.15
28282,11206,119,4,181.96,0.0
28283,11207,75,3,102.43,0.0
28284,11208,69,1,199.67,0.1
28285,11208,46,1,429.96,0.1
28286,11208,19,2,236.74,0.15
28287,11209,18,1,774.6,0.0
28288,11209,117,2,97.33,0.1
28289,11209,73,4,693.24,0.0
28290,11209,12,3,665.95,0.0
28291,11210,40,4,246.27,0.1
28292,11211,46,5,429.96,0.05
28293,11212,55,1,143.78,0.0
28294,11212,51,4,592.49,0.05
28295,11213,29,3,332.87,0.0
28296,11214,80,4,334.64,0.0
28297,11214,18,1,774.6,0.0
28298,11214,94,5,357.14,0.15
28299,11214,28,4,278.53,0.05
28300,11215,58,5,421.43,0.1
28301,11215,99,5,654.14,0.15
28302,11215,82,5,382.23,0.1
28303,11215,115,5,191.72,0.0
28304,11216,95,1,197.03,0.05
28305,11216,21,2,128.96,0.0
28306,11216,12,3,665.95,0.0
28307,11216,44,2,155.05,0.15
28308,11217,68,3,187.83,0.0
28309,11217,27,2,50.29,0.0
28310,11218,87,2,87.7,0.15
28311,11218,91,1,111.41,0.15
28312,11219,7,1,342.91,0.05
28313,11219,88,4,217.75,0.0
28314,11219,106,4,293.96,0.0
28315,11219,85,3,294.43,0.0
28316,11220,33,5,596.3,0.15
28317,11220,19,2,236.74,0.15
28318,11220,48,5,688.65,0.15
28319,11220,27,4,50.29,0.15
28320,11221,106,3,293.96,0.0
28321,11221,5,2,206.39,0.05
28322,11221,27,1,50.29,0.15
28323,11222,113,4,113.5,0.0
28324,11223,92,4,473.15,0.0
28325,11223,40,5,246.27,0.0
28326,11223,53,5,90.14,0.0
28327,11224,27,1,50.29,0.0
28328,11224,92,1,473.15,0.15
28329,11225,103,4,415.47,0.05
28330,11226,36,1,461.97,0.15
28331,11226,17,4,335.91,0.05
28332,11226,75,4,102.43,0.0
28333,11226,104,1,497.51,0.15
28334,11227,60,4,765.19,0.1
28335,11227,110,1,551.82,0.15
28336,11227,2,5,225.66,0.0
28337,11228,73,1,693.24,0.15
28338,11228,63,5,460.08,0.1
28339,11228,117,5,97.33,0.05
28340,11229,1,5,250.67,0.0
28341,11229,79,4,353.32,0.0
28342,11229,8,5,230.66,0.0
28343,11230,16,4,337.82,0.15
28344,11230,107,4,70.69,0.0
28345,11231,96,3,261.53,0.0
28346,11231,72,5,417.09,0.05
28347,11231,17,3,335.91,0.0
28348,11232,85,3,294.43,0.0
28349,11232,57,2,359.66,0.05
28350,11232,104,5,497.51,0.1
28351,11233,37,1,678.06,0.15
28352,11234,32,4,527.45,0.05
28353,11234,39,1,435.88,0.05
28354,11234,98,3,387.36,0.15
28355,11235,81,3,472.42,0.15
28356,11235,20,1,344.47,0.0
28357,11236,16,1,337.82,0.0
28358,11236,13,2,546.51,0.15
28359,11236,46,2,429.96,0.0
28360,11237,31,2,492.63,0.0
28361,11237,15,5,434.83,0.1
28362,11237,71,2,298.03,0.05
28363,11238,80,2,334.64,0.05
28364,11238,51,4,592.49,0.0
28365,11239,54,5,589.22,0.0
28366,11239,67,3,439.64,0.1
28367,11239,115,1,191.72,0.0
28368,11240,16,4,337.82,0.0
28369,11240,70,4,477.56,0.0
28370,11241,93,4,96.97,0.0
28371,11241,103,3,415.47,0.1
28372,11242,111,4,220.69,0.15
28373,11242,1,2,250.67,0.0
28374,11243,18,1,774.6,0.0
28375,11244,119,2,181.96,0.15
28376,11245,113,4,113.5,0.0
28377,11245,11,3,431.92,0.0
28378,11245,37,3,678.06,0.15
28379,11245,34,4,269.02,0.0
28380,11246,87,4,87.7,0.0
28381,11247,25,2,424.49,0.0
28382,11247,64,5,433.42,0.0
28383,11247,11,4,431.92,0.15
28384,11248,44,2,155.05,0.0
28385,11248,99,2,654.14,0.0
28386,11248,78,2,496.95,0.15
28387,11248,6,5,148.07,0.15
28388,11249,18,5,774.6,0.0
28389,11249,48,1,688.65,0.0
28390,11249,97,4,140.58,0.0
28391,11249,44,3,155.05,0.1
28392,11250,113,1,113.5,0.1
28393,11250,37,3,678.06,0.05
28394,11250,84,5,233.29,0.0
28395,11251,45,3,124.25,0.1
28396,11251,36,2,461.97,0.1
28397,11251,34,4,269.02,0.0
28398,11252,82,2,382.23,0.05
28399,11252,20,3,344.47,0.0
28400,11253,103,5,415.47,0.1
28401,11253,82,3,382.23,0.05
28402,11253,96,3,261.53,0.0
28403,11253,36,4,461.97,0.1
28404,11254,5,1,206.39,0.0
28405,11254,83,2,229.64,0.1
28406,11254,82,2,382.23,0.15
28407,11255,73,1,693.24,0.1
28408,11255,12,3,665.95,0.0
28409,11255,1,4,250.67,0.0
28410,11255,78,5,496.95,0.0
28411,11256,34,2,269.02,0.0
28412,11257,38,5,342.42,0.1
28413,11258,72,4,417.09,0.0
28414,11258,113,2,113.5,0.0
28415,11258,88,2,217.75,0.05
28416,11258,57,5,359.66,0.0
28417,11259,25,3,424.49,0.0
28418,11259,28,4,278.53,0.0
28419,11259,97,5,140.58,0.0
28420,11260,91,4,111.41,0.0
28421,11260,105,2,161.35,0.0
28422,11261,64,4,433.42,0.05
28423,11262,120,3,437.18,0.05
28424,11263,29,5,332.87,0.1
28425,11263,75,1,102.43,0.0
28426,11264,1,1,250.67,0.0
28427,11265,109,4,345.03,0.05
28428,11265,111,4,220.69,0.1
28429,11266,51,4,592.49,0.1
28430,11266,20,4,344.47,0.15
28431,11266,78,3,496.95,0.0
28432,11266,112,2,530.6,0.05
28433,11267,110,2,551.82,0.0
28434,11267,21,4,128.96,0.0
28435,11268,120,1,437.18,0.15
28436,11269,89,1,156.62,0.0
28437,11269,108,3,564.18,0.0
28438,11269,5,5,206.39,0.0
28439,11270,74,2,259.9,0.1
28440,11270,111,1,220.69,0.0
28441,11270,108,4,564.18,0.05
28442,11271,11,5,431.92,0.05
28443,11271,40,1,246.27,0.15
28444,11272,100,5,192.03,0.0
28445,11272,25,2,424.49,0.05
28446,11273,50,2,641.98,0.05
28447,11273,104,3,497.51,0.1
28448,11273,15,2,434.83,0.0
28449,11273,69,1,199.67,0.1
28450,11274,82,5,382.23,0.0
28451,11274,7,3,342.91,0.0
28452,11275,89,2,156.62,0.15
28453,11275,46,1,429.96,0.15
28454,11276,16,2,337.82,0.0
28455,11276,60,4,765.19,0.15
28456,11276,7,1,342.91,0.0
28457,11277,103,2,415.47,0.0
28458,11278,11,5,431.92,0.15
28459,11278,75,3,102.43,0.1
28460,11279,5,3,206.39,0.15
28461,11279,45,2,124.25,0.15
28462,11280,75,1,102.43,0.05
28463,11280,63,3,460.08,0.1
28464,11280,117,4,97.33,0.0
28465,11281,33,2,596.3,0.0
28466,11282,119,5,181.96,0.0
28467,11282,68,4,187.83,0.05
28468,11283,79,1,353.32,0.05
28469,11283,45,3,124.25,0.0
28470,11283,64,4,433.42,0.15
28471,11283,33,3,596.3,0.0
28472,11284,114,1,321.32,0.0
28473,11284,13,3,546.51,0.0
28474,11284,94,3,357.14,0.0
28475,11285,117,2,97.33,0.05
28476,11285,31,3,492.63,0.1
28477,11285,19,2,236.74,0.0
28478,11285,45,3,124.25,0.0
28479,11286,33,5,596.3,0.0
28480,11286,120,5,437.18,0.0
28481,11286,84,3,233.29,0.05
28482,11287,50,3,641.98,0.15
28483,11287,17,3,335.91,0.05
28484,11287,87,1,87.7,0.0
28485,11287,1,4,250.67,0.0
28486,11288,6,3,148.07,0.0
28487,11288,72,3,417.09,0.0
28488,11288,81,4,472.42,0.0
28489,11288,11,1,431.92,0.0
28490,11289,42,3,506.69,0.0
28491,11290,58,4,421.43,0.0
28492,11290,102,3,268.48,0.05
28493,11291,2,5,225.66,0.1
28494,11292,64,2,433.42,0.1
28495,11293,3,1,400.77,0.0
28496,11293,57,3,359.66,0.15
28497,11293,7,3,342.91,0.1
28498,11293,33,4,596.3,0.0
28499,11294,79,2,353.32,0.0
28500,11295,113,1,113.5,0.0
28501,11295,46,5,429.96,0.15
28502,11295,120,1,437.18,0.0
28503,11295,119,3,181.96,0.0
28504,11296,15,1,434.83,0.05
28505,11296,104,5,497.51,0.1
28506,11296,27,3,50.29,0.1
28507,11297,72,5,417.09,0.0
28508,11298,87,3,87.7,0.0
28509,11298,55,5,143.78,0.05
28510,11298,10,2,358.28,0.1
28511,11299,56,5,701.89,0.0
28512,11299,119,4,181.96,0.15
28513,11299,91,3,111.41,0.15
28514,11300,74,1,259.9,0.15
28515,11300,86,2,508.15,0.05
28516,11301,3,3,400.77,0.0
28517,11301,25,3,424.49,0.0
28518,11301,21,1,128.96,0.0
28519,11301,30,3,474.66,0.0
28520,11302,47,4,533.66,0.0
28521,11303,107,1,70.69,0.1
28522,11303,27,1,50.29,0.1
28523,11303,103,4,415.47,0.0
28524,11304,85,3,294.43,0.05
28525,11304,67,4,439.64,0.15
28526,11305,50,4,641.98,0.05
28527,11306,98,1,387.36,0.15
28528,11306,110,1,551.82,0.0
28529,11306,111,4,220.69,0.0
28530,11306,91,3,111.41,0.0
28531,11307,100,2,192.03,0.0
28532,11308,34,3,269.02,0.1
28533,11309,120,3,437.18,0.05
28534,11310,71,2,298.03,0.05
28535,11311,13,5,546.51,0.0
28536,11311,57,3,359.66,0.05
28537,11311,25,3,424.49,0.05
28538,11311,23,4,473.03,0.15
28539,11312,76,3,544.8,0.0
28540,11312,77,1,20.71,0.05
28541,11312,15,4,434.83,0.05
28542,11312,75,5,102.43,0.05
28543,11313,83,3,229.64,0.05
28544,11314,28,5,278.53,0.0
28545,11314,57,1,359.66,0.1
28546,11315,38,5,342.42,0.1
28547,11315,51,3,592.49,0.0
28548,11315,112,3,530.6,0.0
28549,11316,82,1,382.23,0.0
28550,11316,80,2,334.64,0.15
28551,11316,26,2,283.16,0.05
28552,11316,75,2,102.43,0.0
28553,11317,50,5,641.98,0.0
28554,11317,65,3,775.34,0.0
28555,11317,49,2,224.05,0.0
28556,11318,104,4,497.51,0.0
28557,11318,51,5,592.49,0.05
28558,11319,62,3,455.65,0.0
28559,11319,118,2,357.13,0.1
28560,11319,101,4,530.68,0.1
28561,11319,120,3,437.18,0.0
28562,11320,107,5,70.69,0.0
28563,11320,72,5,417.09,0.15
28564,11320,96,1,261.53,0.05
28565,11320,27,5,50.29,0.0
28566,11321,78,3,496.95,0.0
28567,11321,117,4,97.33,0.15
28568,11322,30,3,474.66,0.05
28569,11323,31,4,492.63,0.0
28570,11323,23,3,473.03,0.0
28571,11323,77,2,20.71,0.05
28572,11324,39,5,435.88,0.0
28573,11324,95,4,197.03,0.05
28574,11325,103,4,415.47,0.0
28575,11325,37,3,678.06,0.0
28576,11325,21,2,128.96,0.0
28577,11325,109,3,345.03,0.0
28578,11326,40,1,246.27,0.15
28579,11326,13,4,546.51,0.0
28580,11327,106,1,293.96,0.0
28581,11327,53,1,90.14,0.05
28582,11327,37,2,678.06,0.15
28583,11328,97,2,140.58,0.15
28584,11329,45,5,124.25,0.15
28585,11330,60,3,765.19,0.1
28586,11331,87,1,87.7,0.15
28587,11332,11,3,431.92,0.0
28588,11332,76,1,544.8,0.15
28589,11332,25,3,424.49,0.15
28590,11332,72,5,417.09,0.0
28591,11333,60,3,765.19,0.0
28592,11333,26,2,283.16,0.0
28593,11333,54,5,589.22,0.0
28594,11334,49,2,224.05,0.0
28595,11334,55,2,143.78,0.1
28596,11334,51,4,592.49,0.1
28597,11334,118,2,357.13,0.0
28598,11335,61,1,610.85,0.0
28599,11335,116,4,151.15,0.0
28600,11335,62,4,455.65,0.05
28601,11335,87,4,87.7,0.0
28602,11336,113,4,113.5,0.0
28603,11336,60,4,765.19,0.05
28604,11337,66,5,325.89,0.1
28605,11338,30,5,474.66,0.1
28606,11339,52,5,119.81,0.05
28607,11339,80,4,334.64,0.0
28608,11339,25,3,424.49,0.05
28609,11339,102,4,268.48,0.0
28610,11340,7,4,342.91,0.0
28611,11340,45,1,124.25,0.0
28612,11340,100,5,192.03,0.15
28613,11341,1,5,250.67,0.05
28614,11341,33,1,596.3,0.15
28615,11341,56,3,701.89,0.0
28616,11342,113,4,113.5,0.15
28617,11342,86,3,508.15,0.1
28618,11342,2,4,225.66,0.0
28619,11342,103,3,415.47,0.15
28620,11343,46,4,429.96,0.0
28621,11343,120,5,437.18,0.0
28622,11343,12,5,665.95,0.0
28623,11344,84,4,233.29,0.05
28624,11345,82,2,382.23,0.05
28625,11346,77,2,20.71,0.0
28626,11346,3,2,400.77,0.15
28627,11346,24,5,576.43,0.1
28628,11346,90,1,250.98,0.0
28629,11347,38,4,342.42,0.0
28630,11347,39,3,435.88,0.0
28631,11348,3,4,400.77,0.0
28632,11348,48,5,688.65,0.05
28633,11348,54,1,589.22,0.15
28634,11348,91,4,111.41,0.0
28635,11349,100,5,192.03,0.0
28636,11350,56,3,701.89,0.0
28637,11350,83,4,229.64,0.0
28638,11351,10,1,358.28,0.15
28639,11351,74,5,259.9,0.0
28640,11352,23,1,473.03,0.0
28641,11352,7,2,342.91,0.1
28642,11352,12,3,665.95,0.0
28643,11353,104,3,497.51,0.0
28644,11354,103,1,415.47,0.0
28645,11355,83,1,229.64,0.15
28646,11355,22,1,155.04,0.0
28647,11355,48,2,688.65,0.05
28648,11355,56,3,701.89,0.15
28649,11356,15,2,434.83,0.05
28650,11356,44,1,155.05,0.0
28651,11357,12,3,665.95,0.0
28652,11358,12,1,665.95,0.15
28653,11359,16,2,337.82,0.15
28654,11359,31,1,492.63,0.0
28655,11359,23,3,473.03,0.1
28656,11359,74,1,259.9,0.1
28657,11360,17,3,335.91,0.0
28658,11360,71,4,298.03,0.1
28659,11360,5,1,206.39,0.0
28660,11360,23,2,473.03,0.05
28661,11361,4,4,538.06,0.0
28662,11361,39,3,435.88,0.1
28663,11361,54,3,589.22,0.0
28664,11361,5,1,206.39,0.0
28665,11362,71,3,298.03,0.0
28666,11362,98,5,387.36,0.05
28667,11362,104,3,497.51,0.1
28668,11362,73,4,693.24,0.15
28669,11363,117,3,97.33,0.15
28670,11364,15,2,434.83,0.05
28671,11365,14,4,167.56,0.15
28672,11365,105,2,161.35,0.0
28673,11365,55,1,143.78,0.0
28674,11366,28,2,278.53,0.15
28675,11366,77,2,20.71,0.0
28676,11367,42,5,506.69,0.05
28677,11367,9,4,566.94,0.0
28678,11367,95,4,197.03,0.0
28679,11368,100,2,192.03,0.05
28680,11368,89,1,156.62,0.0
28681,11368,30,2,474.66,0.0
28682,11368,29,5,332.87,0.1
28683,11369,114,1,321.32,0.05
28684,11369,58,2,421.43,0.0
28685,11369,4,4,538.06,0.15
28686,11370,119,1,181.96,0.0
28687,11370,105,1,161.35,0.15
28688,11371,88,1,217.75,0.15
28689,11371,44,1,155.05,0.0
28690,11371,116,5,151.15,0.0
28691,11372,108,4,564.18,0.0
28692,11372,93,4,96.97,0.1
28693,11372,111,3,220.69,0.05
28694,11373,16,3,337.82,0.0
28695,11374,91,2,111.41,0.15
28696,11375,67,1,439.64,0.0
28697,11375,88,2,217.75,0.1
28698,11375,54,3,589.22,0.15
28699,11375,98,4,387.36,0.15
28700,11376,101,5,530.68,0.0
28701,11376,90,1,250.98,0.0
28702,11376,88,4,217.75,0.0
28703,11377,53,1,90.14,0.0
28704,11378,28,5,278.53,0.15
28705,11379,83,1,229.64,0.1
28706,11379,44,1,155.05,0.05
28707,11379,98,4,387.36,0.05
28708,11380,85,3,294.43,0.0
28709,11381,74,1,259.9,0.0
28710,11381,118,4,357.13,0.1
28711,11381,83,4,229.64,0.0
28712,11381,58,3,421.43,0.1
28713,11382,61,4,610.85,0.1
28714,11383,54,4,589.22,0.0
28715,11384,110,3,551.82,0.0
28716,11384,111,5,220.69,0.05
28717,11384,90,2,250.98,0.0
28718,11385,61,5,610.85,0.0
28719,11385,110,3,551.82,0.0
28720,11386,54,1,589.22,0.05
28721,11386,74,4,259.9,0.0
28722,11386,114,4,321.32,0.05
28723,11387,80,2,334.64,0.0
28724,11387,21,2,128.96,0.1
28725,11388,61,1,610.85,0.05
28726,11388,117,2,97.33,0.0
28727,11388,31,2,492.63,0.1
28728,11389,37,5,678.06,0.0
28729,11389,106,5,293.96,0.15
28730,11390,100,2,192.03,0.15
28731,11391,82,3,382.23,0.05
28732,11391,13,1,546.51,0.0
28733,11391,25,4,424.49,0.15
28734,11391,111,5,220.69,0.15
28735,11392,21,5,128.96,0.0
28736,11393,40,2,246.27,0.15
28737,11393,60,3,765.19,0.0
28738,11394,114,2,321.32,0.1
28739,11394,79,2,353.32,0.0
28740,11394,27,3,50.29,0.0
28741,11394,26,3,283.16,0.0
28742,11395,91,4,111.41,0.0
28743,11396,1,5,250.67,0.05
28744,11396,56,5,701.89,0.05
28745,11396,81,5,472.42,0.0
28746,11396,94,4,357.14,0.1
28747,11397,119,4,181.96,0.0
28748,11397,17,4,335.91,0.15
28749,11397,61,3,610.85,0.15
28750,11397,69,1,199.67,0.0
28751,11398,23,1,473.03,0.15
28752,11398,83,3,229.64,0.15
28753,11398,100,5,192.03,0.0
28754,11398,2,4,225.66,0.0
28755,11399,13,4,546.51,0.0
28756,11399,98,4,387.36,0.1
28757,11399,88,2,217.75,0.1
28758,11399,31,4,492.63,0.0
28759,11400,98,2,387.36,0.15
28760,11400,85,1,294.43,0.15
28761,11400,48,4,688.65,0.05
28762,11401,114,5,321.32,0.0
28763,11401,103,1,415.47,0.0
28764,11401,118,4,357.13,0.05
28765,11401,119,5,181.96,0.15
28766,11402,71,1,298.03,0.05
28767,11402,9,4,566.94,0.0
28768,11402,100,4,192.03,0.15
28769,11402,76,5,544.8,0.1
28770,11403,73,1,693.24,0.0
28771,11403,19,5,236.74,0.05
28772,11403,52,3,119.81,0.1
28773,11403,102,4,268.48,0.0
28774,11404,25,2,424.49,0.0
28775,11404,57,4,359.66,0.0
28776,11405,74,3,259.9,0.1
28777,11405,95,2,197.03,0.0
28778,11406,79,3,353.32,0.15
28779,11406,76,5,544.8,0.0
28780,11407,96,2,261.53,0.15
28781,11407,44,3,155.05,0.15
28782,11407,74,3,259.9,0.15
28783,11408,37,3,678.06,0.05
28784,11408,51,1,592.49,0.05
28785,11408,18,2,774.6,0.1
28786,11408,15,5,434.83,0.05
28787,11409,72,1,417.09,0.15
28788,11410,41,2,466.15,0.05
28789,11411,67,4,439.64,0.0
28790,11411,68,3,187.83,0.15
28791,11412,24,4,576.43,0.05
28792,11412,40,2,246.27,0.0
28793,11412,97,1,140.58,0.0
28794,11413,118,3,357.13,0.0
28795,11413,65,2,775.34,0.0
28796,11414,119,5,181.96,0.0
28797,11415,105,1,161.35,0.05
28798,11415,15,1,434.83,0.0
28799,11415,110,4,551.82,0.0
28800,11416,49,4,224.05,0.1
28801,11417,44,3,155.05,0.0
28802,11417,32,5,527.45,0.05
28803,11417,42,1,506.69,0.0
28804,11417,57,1,359.66,0.0
28805,11418,107,1,70.69,0.05
28806,11418,71,5,298.03,0.05
28807,11419,35,3,368.74,0.15
28808,11419,63,2,460.08,0.05
28809,11420,111,1,220.69,0.05
28810,11421,75,4,102.43,0.1
28811,11421,2,5,225.66,0.1
28812,11422,83,3,229.64,0.1
28813,11422,85,4,294.43,0.0
28814,11423,14,3,167.56,0.0
28815,11423,114,1,321.32,0.0
28816,11423,24,1,576.43,0.0
28817,11424,33,1,596.3,0.0
28818,11424,43,2,487.39,0.05
28819,11425,56,3,701.89,0.0
28820,11426,17,2,335.91,0.0
28821,11427,90,1,250.98,0.0
28822,11427,68,2,187.83,0.05
28823,11427,102,3,268.48,0.0
28824,11428,98,5,387.36,0.1
28825,11429,43,3,487.39,0.15
28826,11430,112,3,530.6,0.05
28827,11430,59,5,189.03,0.0
28828,11430,87,1,87.7,0.0
28829,11431,3,4,400.77,0.15
28830,11431,106,2,293.96,0.15
28831,11432,94,1,357.14,0.15
28832,11432,30,2,474.66,0.0
28833,11433,51,3,592.49,0.0
28834,11434,66,3,325.89,0.15
28835,11435,80,1,334.64,0.0
28836,11436,9,3,566.94,0.0
28837,11436,78,1,496.95,0.0
28838,11436,47,1,533.66,0.05
28839,11436,104,4,497.51,0.05
28840,11437,56,4,701.89,0.05
28841,11438,45,4,124.25,0.15
28842,11438,14,5,167.56,0.0
28843,11438,56,2,701.89,0.15
28844,11439,25,3,424.49,0.1
28845,11440,104,2,497.51,0.15
28846,11440,40,4,246.27,0.1
28847,11440,41,5,466.15,0.0
28848,11440,120,3,437.18,0.1
28849,11441,50,5,641.98,0.0
28850,11441,41,1,466.15,0.15
28851,11442,76,5,544.8,0.0
28852,11442,72,3,417.09,0.05
28853,11442,13,3,546.51,0.1
28854,11442,98,1,387.36,0.1
28855,11443,88,1,217.75,0.0
28856,11443,94,4,357.14,0.15
28857,11444,87,1,87.7,0.0
28858,11444,99,3,654.14,0.0
28859,11445,114,1,321.32,0.1
28860,11445,81,5,472.42,0.05
28861,11445,38,1,342.42,0.0
28862,11446,98,5,387.36,0.0
28863,11447,94,2,357.14,0.0
28864,11447,29,2,332.87,0.0
28865,11447,71,3,298.03,0.0
28866,11448,63,1,460.08,0.0
28867,11448,67,4,439.64,0.0
28868,11448,59,3,189.03,0.0
28869,11448,28,3,278.53,0.1
28870,11449,34,1,269.02,0.1
28871,11450,106,1,293.96,0.0
28872,11451,90,5,250.98,0.15
28873,11451,38,5,342.42,0.0
28874,11451,19,3,236.74,0.1
28875,11452,15,1,434.83,0.05
28876,11452,34,3,269.02,0.0
28877,11452,28,4,278.53,0.0
28878,11452,78,1,496.95,0.05
28879,11453,42,2,506.69,0.05
28880,11454,100,4,192.03,0.0
28881,11455,99,4,654.14,0.05
28882,11455,5,3,206.39,0.05
28883,11455,20,2,344.47,0.0
28884,11455,107,3,70.69,0.0
28885,11456,83,5,229.64,0.05
28886,11457,8,3,230.66,0.0
28887,11458,1,1,250.67,0.0
28888,11458,64,5,433.42,0.1
28889,11458,9,2,566.94,0.1
28890,11459,4,3,538.06,0.15
28891,11460,21,3,128.96,0.0
28892,11460,107,5,70.69,0.1
28893,11460,103,1,415.47,0.15
28894,11461,41,1,466.15,0.05
28895,11461,71,4,298.03,0.0
28896,11461,110,3,551.82,0.1
28897,11462,3,3,400.77,0.1
28898,11462,51,5,592.49,0.05
28899,11462,36,1,461.97,0.15
28900,11462,56,3,701.89,0.0
28901,11463,114,1,321.32,0.15
28902,11464,7,2,342.91,0.0
28903,11465,112,3,530.6,0.0
28904,11465,118,4,357.13,0.0
28905,11465,11,2,431.92,0.0
28906,11466,10,1,358.28,0.0
28907,11467,3,2,400.77,0.0
28908,11468,86,3,508.15,0.15
28909,11468,73,5,693.24,0.05
28910,11468,92,1,473.15,0.0
28911,11468,62,3,455.65,0.0
28912,11469,117,3,97.33,0.15
28913,11469,36,2,461.97,0.0
28914,11469,108,5,564.18,0.0
28915,11470,1,3,250.67,0.0
28916,11470,99,3,654.14,0.0
28917,11470,41,3,466.15,0.0
28918,11471,112,3,530.6,0.0
28919,11471,96,5,261.53,0.05
28920,11471,60,3,765.19,0.0
28921,11472,33,2,596.3,0.0
28922,11473,24,5,576.43,0.0
28923,11473,52,4,119.81,0.05
28924,11473,34,2,269.02,0.05
28925,11473,42,3,506.69,0.0
28926,11474,78,1,496.95,0.0
28927,11475,66,4,325.89,0.0
28928,11475,76,3,544.8,0.0
28929,11475,6,2,148.07,0.0
28930,11476,5,3,206.39,0.05
28931,11476,109,4,345.03,0.1
28932,11476,115,5,191.72,0.05
28933,11476,70,4,477.56,0.1
28934,11477,11,4,431.92,0.0
28935,11477,13,4,546.51,0.0
28936,11477,52,2,119.81,0.0
28937,11478,51,1,592.49,0.1
28938,11479,64,1,433.42,0.0
28939,11479,42,5,506.69,0.0
28940,11479,61,3,610.85,0.15
28941,11480,21,2,128.96,0.0
28942,11481,45,2,124.25,0.0
28943,11481,32,5,527.45,0.0
28944,11482,55,2,143.78,0.0
28945,11483,38,4,342.42,0.15
28946,11483,37,1,678.06,0.0
28947,11483,107,1,70.69,0.05
28948,11483,72,4,417.09,0.1
28949,11484,26,1,283.16,0.0
28950,11484,98,4,387.36,0.0
28951,11484,82,1,382.23,0.0
28952,11484,5,3,206.39,0.0
28953,11485,82,1,382.23,0.05
28954,11485,65,2,775.34,0.05
28955,11485,55,5,143.78,0.0
28956,11486,78,1,496.95,0.15
28957,11486,97,1,140.58,0.0
28958,11487,14,2,167.56,0.15
28959,11487,44,4,155.05,0.1
28960,11487,74,3,259.9,0.0
28961,11487,95,4,197.03,0.05
28962,11488,71,1,298.03,0.0
28963,11488,94,1,357.14,0.1
28964,11488,5,2,206.39,0.1
28965,11489,20,5,344.47,0.0
28966,11489,34,3,269.02,0.0
28967,11489,49,5,224.05,0.0
28968,11490,97,2,140.58,0.0
28969,11490,43,2,487.39,0.0
28970,11490,36,4,461.97,0.0
28971,11491,15,3,434.83,0.0
28972,11492,62,2,455.65,0.1
28973,11492,104,3,497.51,0.0
28974,11492,19,1,236.74,0.15
28975,11492,9,2,566.94,0.05
28976,11493,104,1,497.51,0.0
28977,11493,116,1,151.15,0.1
28978,11493,114,4,321.32,0.1
28979,11494,50,2,641.98,0.1
28980,11494,80,3,334.64,0.1
28981,11495,116,5,151.15,0.05
28982,11495,51,5,592.49,0.0
28983,11496,49,4,224.05,0.15
28984,11496,46,3,429.96,0.05
28985,11497,12,2,665.95,0.1
28986,11497,94,1,357.14,0.05
28987,11497,65,3,775.34,0.0
28988,11498,64,4,433.42,0.15
28989,11498,118,5,357.13,0.0
28990,11498,32,3,527.45,0.1
28991,11499,74,1,259.9,0.0
28992,11499,22,5,155.04,0.0
28993,11500,52,1,119.81,0.0
28994,11501,85,4,294.43,0.1
28995,11501,19,3,236.74,0.05
28996,11501,81,1,472.42,0.15
28997,11501,36,5,461.97,0.1
28998,11502,43,3,487.39,0.1
28999,11503,76,1,544.8,0.05
29000,11504,83,1,229.64,0.05
29001,11504,45,3,124.25,0.15
29002,11504,22,5,155.04,0.0
29003,11504,80,4,334.64,0.0
29004,11505,55,1,143.78,0.0
29005,11506,105,3,161.35,0.1
29006,11506,18,1,774.6,0.15
29007,11506,8,2,230.66,0.0
29008,11507,4,3,538.06,0.0
29009,11507,106,1,293.96,0.05
29010,11507,117,2,97.33,0.0
29011,11507,99,1,654.14,0.1
29012,11508,12,2,665.95,0.0
29013,11509,70,5,477.56,0.15
29014,11509,41,1,466.15,0.05
29015,11510,53,5,90.14,0.0
29016,11510,3,5,400.77,0.0
29017,11510,67,4,439.64,0.15
29018,11510,23,5,473.03,0.0
29019,11511,90,2,250.98,0.0
29020,11511,46,4,429.96,0.0
29021,11511,29,2,332.87,0.15
29022,11512,16,5,337.82,0.15
29023,11512,8,3,230.66,0.0
29024,11513,7,1,342.91,0.1
29025,11513,16,5,337.82,0.1
29026,11513,14,4,167.56,0.1
29027,11514,64,1,433.42,0.05
29028,11514,39,3,435.88,0.0
29029,11515,99,5,654.14,0.1
29030,11515,101,2,530.68,0.05
29031,11515,57,1,359.66,0.0
29032,11515,71,2,298.03,0.0
29033,11516,15,3,434.83,0.15
29034,11516,112,2,530.6,0.1
29035,11516,55,2,143.78,0.0
29036,11516,65,3,775.34,0.05
29037,11517,85,5,294.43,0.1
29038,11517,59,1,189.03,0.0
29039,11518,114,4,321.32,0.1
29040,11518,102,5,268.48,0.0
29041,11519,26,1,283.16,0.15
29042,11520,41,5,466.15,0.15
29043,11520,2,1,225.66,0.0
29044,11520,60,2,765.19,0.1
29045,11521,112,3,530.6,0.0
29046,11521,15,1,434.83,0.0
29047,11521,4,5,538.06,0.15
29048,11522,56,5,701.89,0.0
29049,11522,115,1,191.72,0.05
29050,11522,60,4,765.19,0.0
29051,11522,71,1,298.03,0.0
29052,11523,19,2,236.74,0.05
29053,11523,55,5,143.78,0.0
29054,11523,66,1,325.89,0.05
29055,11524,77,4,20.71,0.0
29056,11524,80,5,334.64,0.0
29057,11525,112,4,530.6,0.0
29058,11525,34,5,269.02,0.15
29059,11526,92,4,473.15,0.1
29060,11526,2,3,225.66,0.0
29061,11526,106,3,293.96,0.0
29062,11527,15,3,434.83,0.1
29063,11527,53,1,90.14,0.05
29064,11527,27,3,50.29,0.1
29065,11527,19,4,236.74,0.15
29066,11528,66,3,325.89,0.05
29067,11528,56,5,701.89,0.0
29068,11528,69,2,199.67,0.05
29069,11529,16,1,337.82,0.1
29070,11529,6,2,148.07,0.15
29071,11529,4,1,538.06,0.0
29072,11530,78,2,496.95,0.0
29073,11530,54,1,589.22,0.1
29074,11530,101,2,530.68,0.0
29075,11530,43,3,487.39,0.05
29076,11531,53,4,90.14,0.05
29077,11532,95,3,197.03,0.1
29078,11532,91,1,111.41,0.0
29079,11532,19,2,236.74,0.0
29080,11532,63,4,460.08,0.15
29081,11533,46,1,429.96,0.05
29082,11534,73,1,693.24,0.05
29083,11534,54,5,589.22,0.0
29084,11534,115,3,191.72,0.0
29085,11535,8,1,230.66,0.15
29086,11536,53,2,90.14,0.0
29087,11536,9,5,566.94,0.05
29088,11536,28,1,278.53,0.0
29089,11536,19,5,236.74,0.1
29090,11537,5,2,206.39,0.0
29091,11537,23,5,473.03,0.0
29092,11537,36,4,461.97,0.0
29093,11537,91,4,111.41,0.0
29094,11538,56,3,701.89,0.0
29095,11539,78,2,496.95,0.0
29096,11539,36,3,461.97,0.05
29097,11540,93,4,96.97,0.0
29098,11540,21,4,128.96,0.15
29099,11540,76,2,544.8,0.05
29100,11541,118,3,357.13,0.0
29101,11541,88,2,217.75,0.1
29102,11542,56,2,701.89,0.0
29103,11542,14,5,167.56,0.05
29104,11542,13,5,546.51,0.0
29105,11543,49,4,224.05,0.15
29106,11543,62,1,455.65,0.0
29107,11543,115,5,191.72,0.0
29108,11543,38,3,342.42,0.1
29109,11544,87,3,87.7,0.0
29110,11545,97,4,140.58,0.0
29111,11545,99,5,654.14,0.05
29112,11545,58,1,421.43,0.15
29113,11545,14,5,167.56,0.0
29114,11546,21,4,128.96,0.0
29115,11547,4,1,538.06,0.15
29116,11547,43,5,487.39,0.0
29117,11547,52,1,119.81,0.05
29118,11548,117,3,97.33,0.0
29119,11549,92,5,473.15,0.0
29120,11550,22,2,155.04,0.15
29121,11550,120,2,437.18,0.1
29122,11550,113,3,113.5,0.0
29123,11551,48,3,688.65,0.05
29124,11552,5,4,206.39,0.0
29125,11553,38,3,342.42,0.0
29126,11553,43,3,487.39,0.0
29127,11553,73,5,693.24,0.05
29128,11554,115,5,191.72,0.15
29129,11554,9,1,566.94,0.05
29130,11555,92,4,473.15,0.05
29131,11555,93,5,96.97,0.0
29132,11555,73,3,693.24,0.1
29133,11555,18,2,774.6,0.0
29134,11556,80,5,334.64,0.0
29135,11556,33,1,596.3,0.1
29136,11556,95,2,197.03,0.15
29137,11557,101,4,530.68,0.15
29138,11558,120,4,437.18,0.05
29139,11558,72,1,417.09,0.0
29140,11558,24,1,576.43,0.0
29141,11559,87,4,87.7,0.15
29142,11559,83,1,229.64,0.0
29143,11559,102,5,268.48,0.1
29144,11559,33,5,596.3,0.15
29145,11560,103,4,415.47,0.15
29146,11561,93,4,96.97,0.15
29147,11561,114,3,321.32,0.0
29148,11561,65,1,775.34,0.0
29149,11562,45,4,124.25,0.15
29150,11562,84,4,233.29,0.0
29151,11562,50,4,641.98,0.05
29152,11562,58,4,421.43,0.15
29153,11563,58,2,421.43,0.15
29154,11563,45,5,124.25,0.0
29155,11563,100,5,192.03,0.0
29156,11563,26,1,283.16,0.0
29157,11564,13,4,546.51,0.0
29158,11564,14,3,167.56,0.0
29159,11564,61,5,610.85,0.15
29160,11565,73,3,693.24,0.0
29161,11565,81,5,472.42,0.0
29162,11565,25,2,424.49,0.1
29163,11566,65,3,775.34,0.0
29164,11566,66,4,325.89,0.1
29165,11566,55,3,143.78,0.0
29166,11567,22,1,155.04,0.0
29167,11568,96,5,261.53,0.0
29168,11568,80,4,334.64,0.0
29169,11569,25,2,424.49,0.1
29170,11570,34,1,269.02,0.05
29171,11570,74,3,259.9,0.1
29172,11570,29,1,332.87,0.15
29173,11570,53,5,90.14,0.0
29174,11571,52,4,119.81,0.0
29175,11571,112,2,530.6,0.1
29176,11571,110,1,551.82,0.0
29177,11572,56,5,701.89,0.05
29178,11572,9,1,566.94,0.1
29179,11572,71,2,298.03,0.15
29180,11573,16,4,337.82,0.15
29181,11574,99,4,654.14,0.0
29182,11574,110,4,551.82,0.1
29183,11574,63,2,460.08,0.1
29184,11574,82,1,382.23,0.0
29185,11575,83,3,229.64,0.0
29186,11575,26,3,283.16,0.1
29187,11575,42,2,506.69,0.15
29188,11575,13,1,546.51,0.15
29189,11576,104,5,497.51,0.0
29190,11577,71,4,298.03,0.0
29191,11577,73,4,693.24,0.0
29192,11578,98,5,387.36,0.15
29193,11579,93,3,96.97,0.15
29194,11580,78,4,496.95,0.0
29195,11581,70,5,477.56,0.0
29196,11582,115,4,191.72,0.0
29197,11583,25,5,424.49,0.0
29198,11584,90,5,250.98,0.0
29199,11584,116,3,151.15,0.05
29200,11584,56,4,701.89,0.15
29201,11584,75,2,102.43,0.0
29202,11585,112,5,530.6,0.0
29203,11586,26,1,283.16,0.0
29204,11587,101,2,530.68,0.1
29205,11587,117,1,97.33,0.15
29206,11588,85,2,294.43,0.1
29207,11589,52,2,119.81,0.05
29208,11589,41,2,466.15,0.05
29209,11590,97,2,140.58,0.0
29210,11590,101,5,530.68,0.0
29211,11590,71,5,298.03,0.0
29212,11590,17,3,335.91,0.0
29213,11591,5,1,206.39,0.0
29214,11591,20,5,344.47,0.05
29215,11591,46,1,429.96,0.0
29216,11592,95,3,197.03,0.15
29217,11593,1,2,250.67,0.05
29218,11593,53,5,90.14,0.0
29219,11593,56,3,701.89,0.0
29220,11593,88,1,217.75,0.0
29221,11594,62,2,455.65,0.0
29222,11594,45,5,124.25,0.0
29223,11594,96,3,261.53,0.0
29224,11594,3,3,400.77,0.15
29225,11595,118,1,357.13,0.15
29226,11595,77,3,20.71,0.0
29227,11596,106,5,293.96,0.1
29228,11596,43,2,487.39,0.15
29229,11597,59,4,189.03,0.15
29230,11597,32,2,527.45,0.0
29231,11597,33,1,596.3,0.0
29232,11598,71,3,298.03,0.1
29233,11598,92,1,473.15,0.05
29234,11598,113,1,113.5,0.0
29235,11598,3,1,400.77,0.15
29236,11599,72,4,417.09,0.0
29237,11600,11,2,431.92,0.0
29238,11600,70,1,477.56,0.0
29239,11601,13,4,546.51,0.1
29240,11601,110,5,551.82,0.05
29241,11601,61,4,610.85,0.0
29242,11602,14,5,167.56,0.0
29243,11602,72,2,417.09,0.0
29244,11602,117,5,97.33,0.1
29245,11603,100,5,192.03,0.05
29246,11604,79,4,353.32,0.15
29247,11604,34,3,269.02,0.05
29248,11605,10,2,358.28,0.0
29249,11605,74,4,259.9,0.0
29250,11605,46,4,429.96,0.15
29251,11605,85,4,294.43,0.0
29252,11606,5,3,206.39,0.0
29253,11607,49,5,224.05,0.1
29254,11608,82,1,382.23,0.05
29255,11608,106,3,293.96,0.0
29256,11608,64,4,433.42,0.1
29257,11609,33,4,596.3,0.0
29258,11610,74,5,259.9,0.0
29259,11610,1,3,250.67,0.0
29260,11610,87,1,87.7,0.0
29261,11611,22,4,155.04,0.15
29262,11611,105,5,161.35,0.0
29263,11612,26,2,283.16,0.1
29264,11612,109,3,345.03,0.05
29265,11612,77,1,20.71,0.0
29266,11612,17,2,335.91,0.15
29267,11613,92,2,473.15,0.1
29268,11613,46,4,429.96,0.1
29269,11613,12,4,665.95,0.0
29270,11613,10,5,358.28,0.0
29271,11614,93,1,96.97,0.05
29272,11614,54,3,589.22,0.0
29273,11614,45,3,124.25,0.0
29274,11615,75,5,102.43,0.0
29275,11615,5,4,206.39,0.15
29276,11615,36,1,461.97,0.0
29277,11615,48,1,688.65,0.0
29278,11616,100,2,192.03,0.1
29279,11616,91,2,111.41,0.1
29280,11617,75,4,102.43,0.0
29281,11618,54,2,589.22,0.0
29282,11619,96,2,261.53,0.05
29283,11620,69,1,199.67,0.15
29284,11620,15,1,434.83,0.0
29285,11620,77,4,20.71,0.0
29286,11620,27,5,50.29,0.1
29287,11621,25,1,424.49,0.15
29288,11622,97,3,140.58,0.0
29289,11622,64,5,433.42,0.05
29290,11623,92,3,473.15,0.0
29291,11623,108,5,564.18,0.0
29292,11624,39,4,435.88,0.0
29293,11624,83,3,229.64,0.05
29294,11624,72,2,417.09,0.15
29295,11624,116,5,151.15,0.0
29296,11625,82,3,382.23,0.05
29297,11625,86,5,508.15,0.0
29298,11625,36,3,461.97,0.0
29299,11626,7,3,342.91,0.0
29300,11626,13,4,546.51,0.0
29301,11626,49,2,224.05,0.0
29302,11627,74,4,259.9,0.15
29303,11628,70,4,477.56,0.0
29304,11628,68,3,187.83,0.1
29305,11628,14,4,167.56,0.0
29306,11629,76,3,544.8,0.0
29307,11629,64,2,433.42,0.0
29308,11629,34,2,269.02,0.05
29309,11629,74,3,259.9,0.15
29310,11630,11,2,431.92,0.05
29311,11630,32,2,527.45,0.1
29312,11630,6,1,148.07,0.0
29313,11630,77,4,20.71,0.0
29314,11631,70,4,477.56,0.05
29315,11631,4,5,538.06,0.05
29316,11631,78,3,496.95,0.0
29317,11632,118,5,357.13,0.1
29318,11632,60,3,765.19,0.15
29319,11632,17,4,335.91,0.0
29320,11632,50,4,641.98,0.0
29321,11633,8,3,230.66,0.0
29322,11633,109,2,345.03,0.0
29323,11633,28,1,278.53,0.0
29324,11634,18,2,774.6,0.0
29325,11634,7,3,342.91,0.15
29326,11635,78,1,496.95,0.0
29327,11635,113,5,113.5,0.1
29328,11636,26,3,283.16,0.0
29329,11636,74,4,259.9,0.15
29330,11637,29,1,332.87,0.0
29331,11637,64,2,433.42,0.15
29332,11638,95,3,197.03,0.0
29333,11638,59,5,189.03,0.1
29334,11638,78,4,496.95,0.05
29335,11639,43,4,487.39,0.0
29336,11640,7,3,342.91,0.05
29337,11641,75,3,102.43,0.0
29338,11641,5,3,206.39,0.0
29339,11642,114,2,321.32,0.0
29340,11642,116,4,151.15,0.1
29341,11643,6,5,148.07,0.0
29342,11644,76,1,544.8,0.15
29343,11644,25,3,424.49,0.0
29344,11644,53,2,90.14,0.1
29345,11645,3,4,400.77,0.1
29346,11646,66,4,325.89,0.0
29347,11647,65,5,775.34,0.0
29348,11647,109,3,345.03,0.05
29349,11648,103,3,415.47,0.0
29350,11648,110,3,551.82,0.0
29351,11648,71,1,298.03,0.0
29352,11648,30,4,474.66,0.0
29353,11649,77,1,20.71,0.05
29354,11649,50,5,641.98,0.0
29355,11650,20,2,344.47,0.0
29356,11650,19,1,236.74,0.0
29357,11650,71,4,298.03,0.15
29358,11651,56,2,701.89,0.0
29359,11652,101,3,530.68,0.0
29360,11652,31,2,492.63,0.0
29361,11652,96,3,261.53,0.15
29362,11652,79,3,353.32,0.0
29363,11653,80,2,334.64,0.15
29364,11654,43,2,487.39,0.0
29365,11654,15,4,434.83,0.05
29366,11654,88,4,217.75,0.0
29367,11654,87,5,87.7,0.1
29368,11655,89,1,156.62,0.0
29369,11656,21,5,128.96,0.05
29370,11656,51,4,592.49,0.15
29371,11656,90,3,250.98,0.1
29372,11657,89,4,156.62,0.0
29373,11657,113,5,113.5,0.0
29374,11657,40,4,246.27,0.0
29375,11657,68,5,187.83,0.15
29376,11658,107,2,70.69,0.15
29377,11658,92,1,473.15,0.0
29378,11658,25,4,424.49,0.05
29379,11659,63,1,460.08,0.0
29380,11660,111,3,220.69,0.15
29381,11660,84,2,233.29,0.0
29382,11661,48,3,688.65,0.0
29383,11661,78,1,496.95,0.0
29384,11661,23,2,473.03,0.05
29385,11661,34,1,269.02,0.0
29386,11662,75,1,102.43,0.1
29387,11662,32,4,527.45,0.15
29388,11663,115,5,191.72,0.0
29389,11664,45,2,124.25,0.05
29390,11665,94,4,357.14,0.0
29391,11666,50,4,641.98,0.0
29392,11666,14,1,167.56,0.0
29393,11667,115,3,191.72,0.1
29394,11667,47,2,533.66,0.05
29395,11668,76,3,544.8,0.05
29396,11669,84,1,233.29,0.0
29397,11669,94,2,357.14,0.05
29398,11669,50,5,641.98,0.05
29399,11669,78,5,496.95,0.0
29400,11670,37,1,678.06,0.05
29401,11670,20,4,344.47,0.15
29402,11670,70,5,477.56,0.05
29403,11671,40,5,246.27,0.0
29404,11671,59,2,189.03,0.1
29405,11671,41,2,466.15,0.1
29406,11671,52,4,119.81,0.15
29407,11672,33,2,596.3,0.15
29408,11672,26,5,283.16,0.0
29409,11672,52,1,119.81,0.0
29410,11672,12,5,665.95,0.0
29411,11673,11,4,431.92,0.0
29412,11674,108,3,564.18,0.0
29413,11675,42,1,506.69,0.0
29414,11675,25,5,424.49,0.0
29415,11676,80,1,334.64,0.0
29416,11677,41,4,466.15,0.0
29417,11677,48,5,688.65,0.15
29418,11677,44,4,155.05,0.1
29419,11678,98,5,387.36,0.0
29420,11679,47,5,533.66,0.05
29421,11679,120,1,437.18,0.1
29422,11680,37,5,678.06,0.05
29423,11680,97,2,140.58,0.0
29424,11680,64,1,433.42,0.05
29425,11680,59,3,189.03,0.1
29426,11681,82,3,382.23,0.0
29427,11682,57,4,359.66,0.0
29428,11683,101,1,530.68,0.0
29429,11683,12,3,665.95,0.0
29430,11684,19,4,236.74,0.0
29431,11684,4,1,538.06,0.0
29432,11684,75,1,102.43,0.0
29433,11685,107,5,70.69,0.1
29434,11685,76,1,544.8,0.05
29435,11685,55,5,143.78,0.0
29436,11685,77,5,20.71,0.0
29437,11686,113,1,113.5,0.0
29438,11686,98,2,387.36,0.0
29439,11687,59,1,189.03,0.05
29440,11687,95,3,197.03,0.05
29441,11687,48,1,688.65,0.0
29442,11687,71,5,298.03,0.0
29443,11688,107,5,70.69,0.1
29444,11689,43,2,487.39,0.0
29445,11689,20,5,344.47,0.05
29446,11689,12,5,665.95,0.1
29447,11690,84,2,233.29,0.0
29448,11690,22,1,155.04,0.05
29449,11690,95,5,197.03,0.1
29450,11691,57,1,359.66,0.1
29451,11691,67,4,439.64,0.05
29452,11691,72,1,417.09,0.05
29453,11691,92,3,473.15,0.1
29454,11692,83,1,229.64,0.0
29455,11692,28,1,278.53,0.15
29456,11692,43,2,487.39,0.15
29457,11693,13,2,546.51,0.1
29458,11694,43,5,487.39,0.0
29459,11694,29,1,332.87,0.0
29460,11695,57,5,359.66,0.0
29461,11695,105,1,161.35,0.0
29462,11696,84,4,233.29,0.1
29463,11696,57,3,359.66,0.05
29464,11696,13,3,546.51,0.15
29465,11697,89,5,156.62,0.0
29466,11698,109,2,345.03,0.05
29467,11698,92,5,473.15,0.0
29468,11698,59,5,189.03,0.15
29469,11699,80,1,334.64,0.05
29470,11699,119,3,181.96,0.0
29471,11699,110,5,551.82,0.0
29472,11699,39,4,435.88,0.0
29473,11700,111,5,220.69,0.0
29474,11700,25,2,424.49,0.05
29475,11700,64,5,433.42,0.0
29476,11701,68,3,187.83,0.15
29477,11701,116,5,151.15,0.0
29478,11702,90,3,250.98,0.15
29479,11703,11,2,431.92,0.0
29480,11703,79,1,353.32,0.0
29481,11703,1,3,250.67,0.15
29482,11704,59,1,189.03,0.1
29483,11704,3,3,400.77,0.0
29484,11705,39,3,435.88,0.1
29485,11705,103,3,415.47,0.15
29486,11705,55,2,143.78,0.0
29487,11706,29,1,332.87,0.15
29488,11706,105,2,161.35,0.05
29489,11706,109,3,345.03,0.1
29490,11706,50,1,641.98,0.0
29491,11707,86,4,508.15,0.05
29492,11707,29,4,332.87,0.0
29493,11708,68,4,187.83,0.0
29494,11708,77,4,20.71,0.1
29495,11708,64,4,433.42,0.05
29496,11708,8,5,230.66,0.0
29497,11709,29,5,332.87,0.15
29498,11709,87,2,87.7,0.1
29499,11709,45,3,124.25,0.0
29500,11709,83,2,229.64,0.0
29501,11710,87,1,87.7,0.0
29502,11710,85,1,294.43,0.15
29503,11710,79,1,353.32,0.15
29504,11711,109,5,345.03,0.0
29505,11711,44,2,155.05,0.15
29506,11712,27,4,50.29,0.15
29507,11712,57,5,359.66,0.05
29508,11712,83,2,229.64,0.15
29509,11713,86,3,508.15,0.0
29510,11714,45,3,124.25,0.05
29511,11714,71,2,298.03,0.15
29512,11714,114,5,321.32,0.0
29513,11714,102,1,268.48,0.0
29514,11715,49,3,224.05,0.1
29515,11716,75,4,102.43,0.0
29516,11716,25,4,424.49,0.0
29517,11716,114,2,321.32,0.1
29518,11716,95,4,197.03,0.0
29519,11717,70,3,477.56,0.15
29520,11718,72,5,417.09,0.0
29521,11718,81,3,472.42,0.15
29522,11718,109,5,345.03,0.0
29523,11718,22,1,155.04,0.05
29524,11719,27,4,50.29,0.05
29525,11719,18,5,774.6,0.05
29526,11719,9,3,566.94,0.0
29527,11720,8,4,230.66,0.15
29528,11720,88,2,217.75,0.15
29529,11720,117,4,97.33,0.05
29530,11721,9,3,566.94,0.05
29531,11722,78,3,496.95,0.1
29532,11722,19,5,236.74,0.15
29533,11723,48,1,688.65,0.0
29534,11723,18,2,774.6,0.15
29535,11723,49,1,224.05,0.0
29536,11723,79,4,353.32,0.05
29537,11724,10,5,358.28,0.0
29538,11724,64,3,433.42,0.0
29539,11724,65,2,775.34,0.0
29540,11724,75,5,102.43,0.15
29541,11725,119,2,181.96,0.15
29542,11726,9,2,566.94,0.0
29543,11726,116,3,151.15,0.0
29544,11726,110,4,551.82,0.15
29545,11727,25,5,424.49,0.05
29546,11727,26,2,283.16,0.0
29547,11727,36,4,461.97,0.0
29548,11727,28,4,278.53,0.05
29549,11728,36,1,461.97,0.0
29550,11728,63,4,460.08,0.15
29551,11728,4,5,538.06,0.0
29552,11729,48,4,688.65,0.0
29553,11729,113,2,113.5,0.0
29554,11729,120,1,437.18,0.0
29555,11729,56,1,701.89,0.0
29556,11730,69,3,199.67,0.0
29557,11731,37,2,678.06,0.0
29558,11731,21,3,128.96,0.0
29559,11732,3,4,400.77,0.0
29560,11733,8,5,230.66,0.0
29561,11733,54,2,589.22,0.05
29562,11733,99,5,654.14,0.1
29563,11733,111,2,220.69,0.15
29564,11734,53,2,90.14,0.15
29565,11734,83,2,229.64,0.05
29566,11734,14,2,167.56,0.05
29567,11734,13,2,546.51,0.15
29568,11735,85,4,294.43,0.0
29569,11736,93,2,96.97,0.0
29570,11736,11,3,431.92,0.05
29571,11736,33,4,596.3,0.0
29572,11737,66,2,325.89,0.0
29573,11737,82,3,382.23,0.0
29574,11738,59,5,189.03,0.0
29575,11738,76,4,544.8,0.0
29576,11739,31,4,492.63,0.1
29577,11740,60,2,765.19,0.0
29578,11740,49,4,224.05,0.0
29579,11740,43,3,487.39,0.0
29580,11740,67,1,439.64,0.05
29581,11741,93,3,96.97,0.0
29582,11742,67,3,439.64,0.0
29583,11742,65,4,775.34,0.0
29584,11743,105,1,161.35,0.15
29585,11743,73,4,693.24,0.15
29586,11744,85,3,294.43,0.1
29587,11744,41,1,466.15,0.1
29588,11744,105,3,161.35,0.05
29589,11745,22,5,155.04,0.0
29590,11746,88,5,217.75,0.0
29591,11746,81,3,472.42,0.0
29592,11746,43,3,487.39,0.0
29593,11746,37,3,678.06,0.05
29594,11747,41,5,466.15,0.05
29595,11748,38,1,342.42,0.0
29596,11748,87,5,87.7,0.1
29597,11749,119,3,181.96,0.0
29598,11750,105,3,161.35,0.1
29599,11750,96,5,261.53,0.0
29600,11751,70,4,477.56,0.05
29601,11751,32,2,527.45,0.05
29602,11751,67,5,439.64,0.05
29603,11751,34,5,269.02,0.0
29604,11752,33,5,596.3,0.1
29605,11752,67,5,439.64,0.0
29606,11752,99,4,654.14,0.0
29607,11752,73,4,693.24,0.0
29608,11753,90,4,250.98,0.0
29609,11754,41,2,466.15,0.0
29610,11754,18,5,774.6,0.0
29611,11754,68,1,187.83,0.15
29612,11755,21,2,128.96,0.0
29613,11756,10,4,358.28,0.0
29614,11756,108,2,564.18,0.0
29615,11756,91,4,111.41,0.15
29616,11756,87,1,87.7,0.0
29617,11757,16,3,337.82,0.15
29618,11757,75,3,102.43,0.05
29619,11757,73,4,693.24,0.0
29620,11757,40,1,246.27,0.0
29621,11758,17,4,335.91,0.05
29622,11758,71,3,298.03,0.0
29623,11758,80,5,334.64,0.15
29624,11759,92,3,473.15,0.15
29625,11760,42,3,506.69,0.0
29626,11761,35,5,368.74,0.0
29627,11761,26,1,283.16,0.0
29628,11762,78,5,496.95,0.05
29629,11762,104,5,497.51,0.05
29630,11762,77,3,20.71,0.05
29631,11763,37,2,678.06,0.1
29632,11763,101,1,530.68,0.0
29633,11764,81,4,472.42,0.15
29634,11765,54,2,589.22,0.0
29635,11765,70,3,477.56,0.0
29636,11765,89,5,156.62,0.0
29637,11765,35,3,368.74,0.0
29638,11766,108,4,564.18,0.0
29639,11767,66,4,325.89,0.15
29640,11767,76,3,544.8,0.0
29641,11767,88,4,217.75,0.0
29642,11767,60,2,765.19,0.0
29643,11768,75,4,102.43,0.15
29644,11768,10,3,358.28,0.1
29645,11768,13,5,546.51,0.0
29646,11769,94,4,357.14,0.15
29647,11770,80,3,334.64,0.1
29648,11770,60,2,765.19,0.0
29649,11771,38,3,342.42,0.0
29650,11771,87,3,87.7,0.05
29651,11771,111,5,220.69,0.05
29652,11772,3,2,400.77,0.0
29653,11772,120,3,437.18,0.1
29654,11773,38,5,342.42,0.0
29655,11773,14,5,167.56,0.0
29656,11773,56,5,701.89,0.05
29657,11774,28,2,278.53,0.0
29658,11774,40,4,246.27,0.0
29659,11774,61,5,610.85,0.05
29660,11775,25,5,424.49,0.05
29661,11775,45,5,124.25,0.1
29662,11775,46,1,429.96,0.0
29663,11776,46,1,429.96,0.1
29664,11776,33,1,596.3,0.0
29665,11777,37,5,678.06,0.05
29666,11777,89,2,156.62,0.05
29667,11778,57,2,359.66,0.0
29668,11778,92,4,473.15,0.05
29669,11779,15,1,434.83,0.15
29670,11779,55,2,143.78,0.0
29671,11779,48,1,688.65,0.05
29672,11779,116,1,151.15,0.0
29673,11780,112,5,530.6,0.05
29674,11780,116,5,151.15,0.1
29675,11780,35,5,368.74,0.0
29676,11781,36,3,461.97,0.05
29677,11781,54,5,589.22,0.05
29678,11781,3,1,400.77,0.05
29679,11782,94,3,357.14,0.0
29680,11782,9,2,566.94,0.15
29681,11782,56,1,701.89,0.15
29682,11783,7,2,342.91,0.0
29683,11783,75,4,102.43,0.0
29684,11783,80,2,334.64,0.0
29685,11784,8,2,230.66,0.0
29686,11784,1,4,250.67,0.0
29687,11784,22,2,155.04,0.0
29688,11784,40,1,246.27,0.0
29689,11785,103,2,415.47,0.05
29690,11785,30,1,474.66,0.0
29691,11785,109,2,345.03,0.05
29692,11786,22,5,155.04,0.0
29693,11786,4,3,538.06,0.1
29694,11787,22,3,155.04,0.05
29695,11788,34,5,269.02,0.05
29696,11788,51,5,592.49,0.1
29697,11789,100,5,192.03,0.0
29698,11789,18,1,774.6,0.15
29699,11790,23,4,473.03,0.15
29700,11790,111,3,220.69,0.1
29701,11791,29,4,332.87,0.0
29702,11791,41,2,466.15,0.0
29703,11791,35,1,368.74,0.15
29704,11791,113,5,113.5,0.1
29705,11792,60,4,765.19,0.0
29706,11792,28,2,278.53,0.0
29707,11792,31,3,492.63,0.0
29708,11793,50,4,641.98,0.0
29709,11793,3,4,400.77,0.05
29710,11793,27,5,50.29,0.0
29711,11793,101,4,530.68,0.15
29712,11794,53,3,90.14,0.15
29713,11795,109,5,345.03,0.15
29714,11795,85,5,294.43,0.15
29715,11795,96,5,261.53,0.0
29716,11795,45,1,124.25,0.0
29717,11796,12,1,665.95,0.1
29718,11796,104,4,497.51,0.0
29719,11796,64,1,433.42,0.0
29720,11796,65,4,775.34,0.15
29721,11797,101,5,530.68,0.0
29722,11797,114,2,321.32,0.15
29723,11797,63,2,460.08,0.0
29724,11798,56,4,701.89,0.0
29725,11799,10,3,358.28,0.0
29726,11800,24,2,576.43,0.0
29727,11800,35,4,368.74,0.0
29728,11800,74,4,259.9,0.15
29729,11801,47,5,533.66,0.0
29730,11801,79,3,353.32,0.05
29731,11802,112,2,530.6,0.0
29732,11802,9,5,566.94,0.05
29733,11802,103,2,415.47,0.15
29734,11803,11,3,431.92,0.0
29735,11804,102,5,268.48,0.05
29736,11804,67,2,439.64,0.05
29737,11804,21,4,128.96,0.1
29738,11805,10,5,358.28,0.0
29739,11805,83,2,229.64,0.15
29740,11805,92,2,473.15,0.1
29741,11806,69,3,199.67,0.1
29742,11806,108,3,564.18,0.15
29743,11807,80,5,334.64,0.05
29744,11807,51,3,592.49,0.0
29745,11807,42,2,506.69,0.0
29746,11808,84,3,233.29,0.0
29747,11808,107,1,70.69,0.1
29748,11808,116,3,151.15,0.0
29749,11809,17,4,335.91,0.0
29750,11809,69,4,199.67,0.15
29751,11809,63,1,460.08,0.0
29752,11809,59,2,189.03,0.0
29753,11810,27,2,50.29,0.1
29754,11810,11,1,431.92,0.0
29755,11810,44,4,155.05,0.1
29756,11811,8,3,230.66,0.0
29757,11811,82,5,382.23,0.0
29758,11812,95,3,197.03,0.15
29759,11812,29,1,332.87,0.0
29760,11813,38,3,342.42,0.0
29761,11813,66,3,325.89,0.0
29762,11813,45,1,124.25,0.0
29763,11813,56,4,701.89,0.0
29764,11814,61,2,610.85,0.05
29765,11814,35,2,368.74,0.0
29766,11814,37,4,678.06,0.0
29767,11815,59,1,189.03,0.0
29768,11816,113,3,113.5,0.15
29769,11816,53,2,90.14,0.0
29770,11816,117,3,97.33,0.1
29771,11817,100,2,192.03,0.05
29772,11818,106,4,293.96,0.1
29773,11818,1,4,250.67,0.0
29774,11819,92,5,473.15,0.0
29775,11819,74,5,259.9,0.0
29776,11819,59,1,189.03,0.15
29777,11820,77,3,20.71,0.0
29778,11821,88,4,217.75,0.0
29779,11821,102,5,268.48,0.05
29780,11821,24,2,576.43,0.05
29781,11821,53,2,90.14,0.0
29782,11822,19,5,236.74,0.0
29783,11823,30,3,474.66,0.05
29784,11823,16,5,337.82,0.0
29785,11823,115,5,191.72,0.05
29786,11824,63,1,460.08,0.0
29787,11825,20,1,344.47,0.0
29788,11825,50,3,641.98,0.05
29789,11825,79,5,353.32,0.15
29790,11825,106,3,293.96,0.15
29791,11826,88,3,217.75,0.05
29792,11826,102,1,268.48,0.0
29793,11826,47,4,533.66,0.0
29794,11827,32,2,527.45,0.0
29795,11827,11,2,431.92,0.05
29796,11827,105,3,161.35,0.0
29797,11827,38,2,342.42,0.15
29798,11828,1,1,250.67,0.0
29799,11828,117,1,97.33,0.15
29800,11828,82,1,382.23,0.15
29801,11829,38,1,342.42,0.0
29802,11829,9,1,566.94,0.0
29803,11830,71,2,298.03,0.0
29804,11830,81,1,472.42,0.0
29805,11830,101,4,530.68,0.05
29806,11831,101,2,530.68,0.05
29807,11831,84,3,233.29,0.0
29808,11831,110,4,551.82,0.0
29809,11831,16,2,337.82,0.1
29810,11832,13,5,546.51,0.1
29811,11832,99,2,654.14,0.0
29812,11832,31,4,492.63,0.0
29813,11833,20,5,344.47,0.0
29814,11833,28,1,278.53,0.0
29815,11834,96,5,261.53,0.15
29816,11834,114,2,321.32,0.15
29817,11835,71,4,298.03,0.0
29818,11835,99,4,654.14,0.15
29819,11836,86,3,508.15,0.1
29820,11837,71,4,298.03,0.0
29821,11837,104,4,497.51,0.05
29822,11837,62,3,455.65,0.05
29823,11838,40,4,246.27,0.1
29824,11838,54,2,589.22,0.0
29825,11838,67,5,439.64,0.0
29826,11839,18,1,774.6,0.05
29827,11839,105,2,161.35,0.1
29828,11839,4,2,538.06,0.0
29829,11840,26,1,283.16,0.0
29830,11840,13,3,546.51,0.1
29831,11841,44,5,155.05,0.0
29832,11841,102,4,268.48,0.0
29833,11841,76,2,544.8,0.0
29834,11841,103,5,415.47,0.05
29835,11842,24,5,576.43,0.0
29836,11842,73,3,693.24,0.0
29837,11842,21,2,128.96,0.0
29838,11842,31,5,492.63,0.0
29839,11843,28,1,278.53,0.15
29840,11843,120,1,437.18,0.05
29841,11843,42,5,506.69,0.1
29842,11843,34,5,269.02,0.0
29843,11844,97,2,140.58,0.1
29844,11844,9,2,566.94,0.1
29845,11845,96,5,261.53,0.0
29846,11846,43,5,487.39,0.0
29847,11846,77,5,20.71,0.15
29848,11847,95,2,197.03,0.15
29849,11847,43,5,487.39,0.1
29850,11847,62,4,455.65,0.15
29851,11848,55,5,143.78,0.0
29852,11849,77,5,20.71,0.1
29853,11849,53,3,90.14,0.0
29854,11849,115,4,191.72,0.15
29855,11849,25,4,424.49,0.0
29856,11850,75,3,102.43,0.15
29857,11850,104,3,497.51,0.0
29858,11850,40,5,246.27,0.15
29859,11850,113,5,113.5,0.0
29860,11851,40,1,246.27,0.0
29861,11851,120,4,437.18,0.1
29862,11851,27,5,50.29,0.05
29863,11851,4,2,538.06,0.05
29864,11852,35,2,368.74,0.1
29865,11852,94,4,357.14,0.0
29866,11853,44,4,155.05,0.15
29867,11853,116,4,151.15,0.0
29868,11853,91,5,111.41,0.05
29869,11853,90,2,250.98,0.15
29870,11854,16,5,337.82,0.1
29871,11854,32,2,527.45,0.15
29872,11854,87,5,87.7,0.0
29873,11855,97,2,140.58,0.15
29874,11856,23,1,473.03,0.05
29875,11856,92,4,473.15,0.0
29876,11856,73,5,693.24,0.0
29877,11857,36,1,461.97,0.1
29878,11858,1,3,250.67,0.15
29879,11859,52,1,119.81,0.15
29880,11859,75,2,102.43,0.1
29881,11859,78,5,496.95,0.0
29882,11860,118,2,357.13,0.05
29883,11860,113,1,113.5,0.05
29884,11860,58,2,421.43,0.0
29885,11861,9,4,566.94,0.15
29886,11861,45,5,124.25,0.1
29887,11861,87,5,87.7,0.0
29888,11861,84,1,233.29,0.1
29889,11862,85,5,294.43,0.05
29890,11862,39,5,435.88,0.1
29891,11862,114,3,321.32,0.15
29892,11863,23,5,473.03,0.1
29893,11863,3,3,400.77,0.05
29894,11864,61,1,610.85,0.0
29895,11864,26,4,283.16,0.0
29896,11864,85,5,294.43,0.0
29897,11865,105,2,161.35,0.15
29898,11866,104,5,497.51,0.15
29899,11866,78,2,496.95,0.05
29900,11866,18,4,774.6,0.1
29901,11866,109,3,345.03,0.05
29902,11867,29,3,332.87,0.0
29903,11867,53,3,90.14,0.0
29904,11867,96,4,261.53,0.1
29905,11867,42,1,506.69,0.0
29906,11868,95,5,197.03,0.15
29907,11868,102,1,268.48,0.0
29908,11869,72,4,417.09,0.15
29909,11869,55,4,143.78,0.15
29910,11869,28,3,278.53,0.0
29911,11870,31,1,492.63,0.0
29912,11871,45,3,124.25,0.05
29913,11871,43,2,487.39,0.15
29914,11871,96,5,261.53,0.0
29915,11872,25,1,424.49,0.15
29916,11872,40,3,246.27,0.1
29917,11872,65,1,775.34,0.05
29918,11872,115,1,191.72,0.1
29919,11873,69,4,199.67,0.1
29920,11873,16,1,337.82,0.0
29921,11873,106,4,293.96,0.05
29922,11873,47,5,533.66,0.0
29923,11874,84,5,233.29,0.0
29924,11875,25,2,424.49,0.1
29925,11875,19,2,236.74,0.05
29926,11876,30,3,474.66,0.15
29927,11876,79,1,353.32,0.0
29928,11876,53,2,90.14,0.0
29929,11876,55,1,143.78,0.0
29930,11877,100,2,192.03,0.05
29931,11878,12,3,665.95,0.0
29932,11878,47,4,533.66,0.0
29933,11878,30,4,474.66,0.0
29934,11878,99,3,654.14,0.0
29935,11879,117,5,97.33,0.05
29936,11879,21,3,128.96,0.0
29937,11880,52,5,119.81,0.0
29938,11880,59,5,189.03,0.1
29939,11881,85,3,294.43,0.1
29940,11881,16,1,337.82,0.15
29941,11881,78,3,496.95,0.0
29942,11881,1,5,250.67,0.0
29943,11882,8,1,230.66,0.0
29944,11882,28,3,278.53,0.05
29945,11882,60,1,765.19,0.0
29946,11883,102,5,268.48,0.1
29947,11884,81,5,472.42,0.15
29948,11884,60,5,765.19,0.15
29949,11885,79,4,353.32,0.0
29950,11886,29,3,332.87,0.0
29951,11886,99,1,654.14,0.0
29952,11886,71,4,298.03,0.0
29953,11886,8,2,230.66,0.0
29954,11887,114,5,321.32,0.0
29955,11888,52,4,119.81,0.0
29956,11888,54,3,589.22,0.15
29957,11888,10,4,358.28,0.0
29958,11888,8,3,230.66,0.0
29959,11889,65,4,775.34,0.0
29960,11889,50,4,641.98,0.0
29961,11889,79,3,353.32,0.05
29962,11890,105,4,161.35,0.05
29963,11890,94,1,357.14,0.05
29964,11890,65,2,775.34,0.0
29965,11891,9,5,566.94,0.1
29966,11892,4,1,538.06,0.0
29967,11893,70,3,477.56,0.0
29968,11893,83,3,229.64,0.0
29969,11894,101,3,530.68,0.15
29970,11895,106,1,293.96,0.0
29971,11895,82,1,382.23,0.0
29972,11895,91,1,111.41,0.1
29973,11895,10,2,358.28,0.1
29974,11896,24,4,576.43,0.0
29975,11896,111,2,220.69,0.0
29976,11896,3,5,400.77,0.0
29977,11897,25,2,424.49,0.15
29978,11897,47,3,533.66,0.0
29979,11897,10,1,358.28,0.1
29980,11898,10,3,358.28,0.0
29981,11898,50,2,641.98,0.1
29982,11898,94,1,357.14,0.1
29983,11898,4,1,538.06,0.15
29984,11899,120,5,437.18,0.1
29985,11899,66,2,325.89,0.0
29986,11899,80,1,334.64,0.15
29987,11899,51,4,592.49,0.0
29988,11900,5,2,206.39,0.15
29989,11901,26,2,283.16,0.1
29990,11901,74,5,259.9,0.05
29991,11902,76,4,544.8,0.0
29992,11903,14,1,167.56,0.0
29993,11903,79,2,353.32,0.0
29994,11903,19,4,236.74,0.0
29995,11904,51,2,592.49,0.15
29996,11904,104,4,497.51,0.0
29997,11904,2,4,225.66,0.0
29998,11904,75,4,102.43,0.0
29999,11905,109,2,345.03,0.05
30000,11905,41,4,466.15,0.0
30001,11905,25,1,424.49,0.15
30002,11906,24,5,576.43,0.0
30003,11906,33,2,596.3,0.0
30004,11907,63,2,460.08,0.05
30005,11907,53,1,90.14,0.0
30006,11907,111,5,220.69,0.05
30007,11907,18,5,774.6,0.0
30008,11908,86,3,508.15,0.0
30009,11908,29,2,332.87,0.15
30010,11908,83,3,229.64,0.1
30011,11909,21,3,128.96,0.15
30012,11909,73,5,693.24,0.0
30013,11909,71,2,298.03,0.15
30014,11910,102,1,268.48,0.15
30015,11910,10,5,358.28,0.1
30016,11910,116,5,151.15,0.0
30017,11910,72,1,417.09,0.1
30018,11911,76,2,544.8,0.05
30019,11911,70,5,477.56,0.0
30020,11912,77,1,20.71,0.1
30021,11913,69,3,199.67,0.1
30022,11913,119,2,181.96,0.0
30023,11913,89,2,156.62,0.15
30024,11914,12,2,665.95,0.0
30025,11914,85,4,294.43,0.0
30026,11914,97,5,140.58,0.05
30027,11915,101,5,530.68,0.0
30028,11916,52,4,119.81,0.0
30029,11917,49,3,224.05,0.1
30030,11917,114,5,321.32,0.0
30031,11918,70,5,477.56,0.15
30032,11918,82,4,382.23,0.05
30033,11919,116,5,151.15,0.0
30034,11920,9,1,566.94,0.15
30035,11920,66,1,325.89,0.05
30036,11920,91,5,111.41,0.05
30037,11920,69,2,199.67,0.05
30038,11921,36,5,461.97,0.1
30039,11921,69,2,199.67,0.15
30040,11922,47,5,533.66,0.1
30041,11922,30,2,474.66,0.0
30042,11922,106,2,293.96,0.15
30043,11922,69,3,199.67,0.0
30044,11923,81,4,472.42,0.0
30045,11923,63,5,460.08,0.0
30046,11924,39,1,435.88,0.05
30047,11924,84,5,233.29,0.0
30048,11925,33,3,596.3,0.0
30049,11925,31,5,492.63,0.15
30050,11925,24,1,576.43,0.05
30051,11926,10,4,358.28,0.0
30052,11926,24,1,576.43,0.0
30053,11926,41,2,466.15,0.0
30054,11927,54,4,589.22,0.15
30055,11928,13,1,546.51,0.15
30056,11928,14,5,167.56,0.0
30057,11928,53,2,90.14,0.0
30058,11928,32,5,527.45,0.15
30059,11929,51,5,592.49,0.0
30060,11929,80,5,334.64,0.1
30061,11929,114,3,321.32,0.1
30062,11930,115,2,191.72,0.0
30063,11930,113,1,113.5,0.0
30064,11931,30,5,474.66,0.0
30065,11931,114,4,321.32,0.0
30066,11931,33,4,596.3,0.0
30067,11932,60,5,765.19,0.15
30068,11932,17,5,335.91,0.0
30069,11933,64,3,433.42,0.0
30070,11934,69,2,199.67,0.0
30071,11934,73,3,693.24,0.15
30072,11934,100,5,192.03,0.15
30073,11934,49,3,224.05,0.0
30074,11935,23,3,473.03,0.0
30075,11935,24,2,576.43,0.15
30076,11936,39,1,435.88,0.15
30077,11936,97,3,140.58,0.15
30078,11936,89,3,156.62,0.0
30079,11937,29,5,332.87,0.05
30080,11937,74,5,259.9,0.1
30081,11937,4,3,538.06,0.15
30082,11937,60,2,765.19,0.0
30083,11938,1,3,250.67,0.15
30084,11938,48,2,688.65,0.15
30085,11938,104,5,497.51,0.1
30086,11939,108,1,564.18,0.0
30087,11939,50,2,641.98,0.0
30088,11940,91,4,111.41,0.05
30089,11941,20,1,344.47,0.0
30090,11941,43,3,487.39,0.0
30091,11941,22,4,155.04,0.15
30092,11941,19,1,236.74,0.0
30093,11942,69,1,199.67,0.0
30094,11942,115,2,191.72,0.0
30095,11942,6,1,148.07,0.0
30096,11942,85,4,294.43,0.15
30097,11943,118,3,357.13,0.05
30098,11944,38,3,342.42,0.0
30099,11944,1,2,250.67,0.15
30100,11944,62,5,455.65,0.05
30101,11945,38,5,342.42,0.0
30102,11945,118,5,357.13,0.05
30103,11945,66,5,325.89,0.0
30104,11945,1,1,250.67,0.0
30105,11946,8,5,230.66,0.15
30106,11946,103,5,415.47,0.05
30107,11946,64,4,433.42,0.0
30108,11947,113,5,113.5,0.05
30109,11947,112,5,530.6,0.0
30110,11947,36,3,461.97,0.05
30111,11948,109,3,345.03,0.0
30112,11948,13,5,546.51,0.0
30113,11948,14,3,167.56,0.0
30114,11949,44,4,155.05,0.05
30115,11950,61,1,610.85,0.0
30116,11950,43,1,487.39,0.0
30117,11950,94,3,357.14,0.0
30118,11950,84,5,233.29,0.0
30119,11951,106,4,293.96,0.0
30120,11951,48,5,688.65,0.0
30121,11951,32,3,527.45,0.1
30122,11951,45,4,124.25,0.0
30123,11952,37,4,678.06,0.0
30124,11952,55,1,143.78,0.15
30125,11952,5,5,206.39,0.0
30126,11953,98,2,387.36,0.0
30127,11953,94,1,357.14,0.1
30128,11953,29,5,332.87,0.0
30129,11954,109,1,345.03,0.1
30130,11954,51,1,592.49,0.05
30131,11954,52,1,119.81,0.1
30132,11954,26,1,283.16,0.0
30133,11955,78,5,496.95,0.05
30134,11956,8,1,230.66,0.0
30135,11957,14,4,167.56,0.0
30136,11958,59,5,189.03,0.0
30137,11958,62,5,455.65,0.1
30138,11958,21,1,128.96,0.1
30139,11959,50,5,641.98,0.05
30140,11959,39,4,435.88,0.15
30141,11959,62,4,455.65,0.1
30142,11960,14,5,167.56,0.15
30143,11960,42,1,506.69,0.1
30144,11960,94,5,357.14,0.0
30145,11960,24,4,576.43,0.0
30146,11961,111,4,220.69,0.0
30147,11961,93,5,96.97,0.05
30148,11961,56,3,701.89,0.15
30149,11961,112,1,530.6,0.0
30150,11962,115,5,191.72,0.0
30151,11962,1,5,250.67,0.0
30152,11962,93,4,96.97,0.0
30153,11962,71,3,298.03,0.0
30154,11963,91,3,111.41,0.05
30155,11963,22,1,155.04,0.0
30156,11963,93,5,96.97,0.0
30157,11963,40,1,246.27,0.1
30158,11964,39,4,435.88,0.15
30159,11964,77,1,20.71,0.15
30160,11965,91,1,111.41,0.15
30161,11965,14,1,167.56,0.1
30162,11965,29,4,332.87,0.15
30163,11966,19,2,236.74,0.15
30164,11967,32,5,527.45,0.15
30165,11968,54,5,589.22,0.15
30166,11968,101,4,530.68,0.0
30167,11968,24,1,576.43,0.15
30168,11969,120,3,437.18,0.0
30169,11969,49,2,224.05,0.0
30170,11969,111,3,220.69,0.05
30171,11970,53,5,90.14,0.1
30172,11971,75,4,102.43,0.1
30173,11971,15,4,434.83,0.0
30174,11971,18,5,774.6,0.0
30175,11971,68,5,187.83,0.1
30176,11972,67,2,439.64,0.0
30177,11972,37,3,678.06,0.1
30178,11972,66,4,325.89,0.15
30179,11973,91,4,111.41,0.1
30180,11973,84,5,233.29,0.15
30181,11974,12,3,665.95,0.0
30182,11975,119,5,181.96,0.0
30183,11975,31,1,492.63,0.1
30184,11976,47,5,533.66,0.0
30185,11976,2,4,225.66,0.05
30186,11977,40,2,246.27,0.0
30187,11978,56,1,701.89,0.0
30188,11978,52,5,119.81,0.0
30189,11978,37,4,678.06,0.1
30190,11979,60,2,765.19,0.05
30191,11979,68,3,187.83,0.1
30192,11979,87,4,87.7,0.1
30193,11980,55,2,143.78,0.05
30194,11980,60,3,765.19,0.0
30195,11981,87,3,87.7,0.05
30196,11981,48,1,688.65,0.0
30197,11981,53,2,90.14,0.0
30198,11982,72,2,417.09,0.15
30199,11982,19,4,236.74,0.0
30200,11982,30,2,474.66,0.0
30201,11982,27,3,50.29,0.0
30202,11983,44,1,155.05,0.0
30203,11984,2,4,225.66,0.0
30204,11985,108,1,564.18,0.0
30205,11985,72,1,417.09,0.0
30206,11986,118,3,357.13,0.0
30207,11987,90,5,250.98,0.1
30208,11987,5,2,206.39,0.15
30209,11987,74,3,259.9,0.05
30210,11987,117,3,97.33,0.05
30211,11988,8,4,230.66,0.0
30212,11988,26,3,283.16,0.15
30213,11988,33,2,596.3,0.0
30214,11989,50,1,641.98,0.15
30215,11989,42,4,506.69,0.0
30216,11989,110,3,551.82,0.0
30217,11989,22,2,155.04,0.1
30218,11990,39,4,435.88,0.1
30219,11990,46,5,429.96,0.0
30220,11991,69,2,199.67,0.15
30221,11992,58,5,421.43,0.05
30222,11992,6,2,148.07,0.15
30223,11993,97,2,140.58,0.0
30224,11993,57,5,359.66,0.0
30225,11993,23,2,473.03,0.15
30226,11994,16,5,337.82,0.05
30227,11994,113,1,113.5,0.0
30228,11994,47,5,533.66,0.15
30229,11995,4,2,538.06,0.15
30230,11995,78,4,496.95,0.05
30231,11995,43,3,487.39,0.05
30232,11996,25,1,424.49,0.05
30233,11996,110,2,551.82,0.05
30234,11997,12,3,665.95,0.0
30235,11997,24,1,576.43,0.05
30236,11998,18,3,774.6,0.0
30237,11998,120,3,437.18,0.0
30238,11998,4,5,538.06,0.0
30239,11998,48,4,688.65,0.1
30240,11999,5,1,206.39,0.0
30241,11999,117,2,97.33,0.0
30242,11999,26,5,283.16,0.0
30243,11999,63,4,460.08,0.0
30244,12000,69,2,199.67,0.0
30245,12001,7,5,342.91,0.05
30246,12001,112,4,530.6,0.15
30247,12001,20,2,344.47,0.0
30248,12001,94,3,357.14,0.15
30249,12002,57,4,359.66,0.1
30250,12002,33,4,596.3,0.0
30251,12002,45,3,124.25,0.1
30252,12003,76,3,544.8,0.0
30253,12003,62,2,455.65,0.05
30254,12003,66,1,325.89,0.0
30255,12004,112,5,530.6,0.0
30256,12005,34,4,269.02,0.1
30257,12005,102,1,268.48,0.0
30258,12006,59,4,189.03,0.05
30259,12006,120,1,437.18,0.0
30260,12007,92,2,473.15,0.1
30261,12008,106,3,293.96,0.0
30262,12008,47,3,533.66,0.0
30263,12008,64,2,433.42,0.05
30264,12008,104,3,497.51,0.1
30265,12009,22,5,155.04,0.0
30266,12009,87,1,87.7,0.05
30267,12009,58,4,421.43,0.1
30268,12009,19,2,236.74,0.0
30269,12010,27,1,50.29,0.15
30270,12010,16,4,337.82,0.0
30271,12011,49,2,224.05,0.0
30272,12011,109,2,345.03,0.0
30273,12011,100,4,192.03,0.0
30274,12011,79,3,353.32,0.0
30275,12012,85,1,294.43,0.0
30276,12012,12,2,665.95,0.0
30277,12013,61,5,610.85,0.1
30278,12013,84,1,233.29,0.15
30279,12013,85,3,294.43,0.05
30280,12013,109,2,345.03,0.0
30281,12014,91,3,111.41,0.1
30282,12015,116,4,151.15,0.1
30283,12015,34,2,269.02,0.0
30284,12015,47,1,533.66,0.15
30285,12016,57,5,359.66,0.0
30286,12016,49,3,224.05,0.0
30287,12016,81,3,472.42,0.0
30288,12017,91,3,111.41,0.0
30289,12017,56,5,701.89,0.0
30290,12017,51,4,592.49,0.05
30291,12017,33,1,596.3,0.1
30292,12018,22,1,155.04,0.05
30293,12018,96,3,261.53,0.15
30294,12019,42,5,506.69,0.0
30295,12019,13,5,546.51,0.05
30296,12019,65,5,775.34,0.05
30297,12020,6,1,148.07,0.15
30298,12021,5,4,206.39,0.0
30299,12021,21,3,128.96,0.0
30300,12021,51,1,592.49,0.1
30301,12021,68,3,187.83,0.15
30302,12022,13,1,546.51,0.0
30303,12022,83,2,229.64,0.0
30304,12023,59,1,189.03,0.0
30305,12024,27,5,50.29,0.05
30306,12025,15,4,434.83,0.15
30307,12025,33,4,596.3,0.1
30308,12025,30,3,474.66,0.0
30309,12026,99,3,654.14,0.0
30310,12026,24,1,576.43,0.05
30311,12026,63,2,460.08,0.1
30312,12027,59,5,189.03,0.1
30313,12028,111,1,220.69,0.0
30314,12029,112,3,530.6,0.05
30315,12030,95,4,197.03,0.1
30316,12030,86,2,508.15,0.15
30317,12031,56,3,701.89,0.0
30318,12032,75,2,102.43,0.15
30319,12032,57,2,359.66,0.15
30320,12032,105,1,161.35,0.0
30321,12033,85,4,294.43,0.15
30322,12034,97,2,140.58,0.05
30323,12034,76,2,544.8,0.15
30324,12034,115,4,191.72,0.0
30325,12035,82,1,382.23,0.1
30326,12035,89,5,156.62,0.0
30327,12035,47,5,533.66,0.05
30328,12035,111,5,220.69,0.0
30329,12036,89,3,156.62,0.15
30330,12036,49,3,224.05,0.0
30331,12037,95,2,197.03,0.0
30332,12037,64,2,433.42,0.0
30333,12037,90,4,250.98,0.0
30334,12038,118,5,357.13,0.1
30335,12038,50,2,641.98,0.0
30336,12038,12,5,665.95,0.0
30337,12038,81,3,472.42,0.0
30338,12039,3,3,400.77,0.0
30339,12039,106,2,293.96,0.0
30340,12040,67,5,439.64,0.15
30341,12040,112,4,530.6,0.0
30342,12040,106,1,293.96,0.05
30343,12041,13,3,546.51,0.0
30344,12041,30,3,474.66,0.0
30345,12041,63,5,460.08,0.15
30346,12042,28,3,278.53,0.1
30347,12042,93,4,96.97,0.05
30348,12042,82,3,382.23,0.0
30349,12043,27,3,50.29,0.1
30350,12044,72,2,417.09,0.0
30351,12044,14,3,167.56,0.0
30352,12045,27,3,50.29,0.0
30353,12045,84,3,233.29,0.0
30354,12045,53,5,90.14,0.05
30355,12045,37,5,678.06,0.0
30356,12046,10,1,358.28,0.05
30357,12046,63,3,460.08,0.0
30358,12047,8,2,230.66,0.0
30359,12048,50,2,641.98,0.1
30360,12048,35,2,368.74,0.0
30361,12048,77,3,20.71,0.1
30362,12048,49,4,224.05,0.0
30363,12049,51,1,592.49,0.0
30364,12049,81,3,472.42,0.0
30365,12049,112,2,530.6,0.1
30366,12049,85,3,294.43,0.1
30367,12050,25,4,424.49,0.0
30368,12050,107,3,70.69,0.0
30369,12050,42,3,506.69,0.1
30370,12050,40,3,246.27,0.0
30371,12051,113,3,113.5,0.15
30372,12051,12,1,665.95,0.0
30373,12051,2,5,225.66,0.05
30374,12051,41,5,466.15,0.1
30375,12052,82,4,382.23,0.0
30376,12052,10,3,358.28,0.1
30377,12053,30,2,474.66,0.15
30378,12053,38,5,342.42,0.0
30379,12054,46,5,429.96,0.05
30380,12054,72,2,417.09,0.1
30381,12054,83,5,229.64,0.0
30382,12055,7,1,342.91,0.1
30383,12055,30,1,474.66,0.0
30384,12055,104,2,497.51,0.05
30385,12056,83,4,229.64,0.0
30386,12056,28,4,278.53,0.15
30387,12056,36,4,461.97,0.0
30388,12056,43,3,487.39,0.0
30389,12057,47,4,533.66,0.15
30390,12058,82,3,382.23,0.0
30391,12058,59,4,189.03,0.0
30392,12058,15,2,434.83,0.1
30393,12058,67,4,439.64,0.0
30394,12059,16,2,337.82,0.05
30395,12060,41,3,466.15,0.0
30396,12060,49,5,224.05,0.1
30397,12060,72,3,417.09,0.05
30398,12060,110,3,551.82,0.05
30399,12061,1,1,250.67,0.05
30400,12062,47,1,533.66,0.0
30401,12062,43,1,487.39,0.15
30402,12062,64,3,433.42,0.05
30403,12062,65,3,775.34,0.0
30404,12063,46,1,429.96,0.05
30405,12063,16,2,337.82,0.0
30406,12063,56,2,701.89,0.1
30407,12064,86,3,508.15,0.1
30408,12064,39,5,435.88,0.15
30409,12064,85,3,294.43,0.0
30410,12065,100,5,192.03,0.05
30411,12065,1,1,250.67,0.15
30412,12065,113,2,113.5,0.0
30413,12066,119,5,181.96,0.0
30414,12067,87,1,87.7,0.15
30415,12067,67,2,439.64,0.1
30416,12067,46,1,429.96,0.1
30417,12067,32,3,527.45,0.0
30418,12068,108,1,564.18,0.05
30419,12068,44,4,155.05,0.0
30420,12068,117,3,97.33,0.0
30421,12068,68,2,187.83,0.1
30422,12069,119,4,181.96,0.0
30423,12069,25,2,424.49,0.15
30424,12070,59,3,189.03,0.05
30425,12070,52,1,119.81,0.1
30426,12070,99,2,654.14,0.0
30427,12071,119,5,181.96,0.0
30428,12071,10,3,358.28,0.15
30429,12071,118,1,357.13,0.0
30430,12071,114,2,321.32,0.15
30431,12072,45,5,124.25,0.15
30432,12072,42,5,506.69,0.05
30433,12072,64,2,433.42,0.0
30434,12073,115,1,191.72,0.05
30435,12073,47,5,533.66,0.15
30436,12073,78,1,496.95,0.0
30437,12073,50,3,641.98,0.15
30438,12074,102,4,268.48,0.0
30439,12074,7,2,342.91,0.0
30440,12074,91,4,111.41,0.15
30441,12075,94,4,357.14,0.0
30442,12075,83,4,229.64,0.0
30443,12075,113,5,113.5,0.0
30444,12076,60,5,765.19,0.0
30445,12077,86,5,508.15,0.05
30446,12077,4,4,538.06,0.1
30447,12077,33,3,596.3,0.0
30448,12077,119,4,181.96,0.0
30449,12078,118,4,357.13,0.15
30450,12078,30,2,474.66,0.0
30451,12078,101,2,530.68,0.1
30452,12078,111,5,220.69,0.0
30453,12079,26,1,283.16,0.15
30454,12079,55,4,143.78,0.0
30455,12080,39,1,435.88,0.0
30456,12080,11,2,431.92,0.1
30457,12080,65,4,775.34,0.0
30458,12080,23,1,473.03,0.0
30459,12081,102,4,268.48,0.0
30460,12081,105,5,161.35,0.05
30461,12081,86,3,508.15,0.0
30462,12081,46,2,429.96,0.0
30463,12082,103,1,415.47,0.05
30464,12082,116,4,151.15,0.15
30465,12082,5,3,206.39,0.05
30466,12083,101,2,530.68,0.1
30467,12084,79,3,353.32,0.0
30468,12084,28,2,278.53,0.15
30469,12084,92,4,473.15,0.1
30470,12085,70,2,477.56,0.1
30471,12085,92,3,473.15,0.1
30472,12086,26,3,283.16,0.0
30473,12086,18,4,774.6,0.1
30474,12087,16,4,337.82,0.05
30475,12088,37,1,678.06,0.1
30476,12088,96,1,261.53,0.1
30477,12088,87,1,87.7,0.0
30478,12088,57,2,359.66,0.05
30479,12089,112,5,530.6,0.0
30480,12089,6,4,148.07,0.1
30481,12090,109,2,345.03,0.15
30482,12091,47,3,533.66,0.0
30483,12091,62,3,455.65,0.05
30484,12091,106,2,293.96,0.1
30485,12092,86,2,508.15,0.05
30486,12092,102,4,268.48,0.0
30487,12093,36,5,461.97,0.0
30488,12093,77,4,20.71,0.0
30489,12094,54,1,589.22,0.0
30490,12095,8,2,230.66,0.0
30491,12095,5,2,206.39,0.0
30492,12095,43,1,487.39,0.0
30493,12095,95,5,197.03,0.0
30494,12096,66,4,325.89,0.0
30495,12096,28,1,278.53,0.1
30496,12096,85,1,294.43,0.15
30497,12097,64,3,433.42,0.15
30498,12098,72,4,417.09,0.0
30499,12098,48,5,688.65,0.1
30500,12098,17,5,335.91,0.0
30501,12099,28,1,278.53,0.05
30502,12099,117,2,97.33,0.15
30503,12099,110,5,551.82,0.05
30504,12099,18,2,774.6,0.05
30505,12100,9,4,566.94,0.15
30506,12100,18,5,774.6,0.0
30507,12100,76,5,544.8,0.0
30508,12101,54,3,589.22,0.0
30509,12101,28,3,278.53,0.0
30510,12101,15,3,434.83,0.1
30511,12102,51,1,592.49,0.15
30512,12102,7,3,342.91,0.15
30513,12102,66,3,325.89,0.05
30514,12102,114,1,321.32,0.1
30515,12103,64,2,433.42,0.0
30516,12103,13,5,546.51,0.05
30517,12103,106,1,293.96,0.0
30518,12103,93,4,96.97,0.15
30519,12104,16,4,337.82,0.1
30520,12104,48,2,688.65,0.0
30521,12105,58,2,421.43,0.1
30522,12105,32,3,527.45,0.15
30523,12106,80,2,334.64,0.0
30524,12106,64,5,433.42,0.0
30525,12106,110,4,551.82,0.0
30526,12107,108,4,564.18,0.0
30527,12108,46,5,429.96,0.0
30528,12108,15,3,434.83,0.15
30529,12109,67,5,439.64,0.05
30530,12109,70,1,477.56,0.0
30531,12110,104,3,497.51,0.0
30532,12111,78,1,496.95,0.05
30533,12112,99,1,654.14,0.0
30534,12113,66,1,325.89,0.0
30535,12114,50,4,641.98,0.05
30536,12114,116,5,151.15,0.15
30537,12115,93,3,96.97,0.05
30538,12116,97,3,140.58,0.0
30539,12116,15,3,434.83,0.15
30540,12116,22,1,155.04,0.15
30541,12117,46,3,429.96,0.15
30542,12117,65,1,775.34,0.0
30543,12117,78,3,496.95,0.1
30544,12118,119,4,181.96,0.1
30545,12118,82,1,382.23,0.0
30546,12118,78,4,496.95,0.05
30547,12118,92,5,473.15,0.0
30548,12119,97,4,140.58,0.0
30549,12119,79,4,353.32,0.0
30550,12120,112,2,530.6,0.05
30551,12120,14,5,167.56,0.1
30552,12120,44,4,155.05,0.0
30553,12121,60,1,765.19,0.15
30554,12121,69,1,199.67,0.05
30555,12122,38,3,342.42,0.15
30556,12123,15,1,434.83,0.0
30557,12123,11,3,431.92,0.05
30558,12123,57,4,359.66,0.15
30559,12124,59,4,189.03,0.0
30560,12124,65,3,775.34,0.0
30561,12124,120,4,437.18,0.15
30562,12124,75,5,102.43,0.0
30563,12125,106,4,293.96,0.05
30564,12125,62,2,455.65,0.0
30565,12126,12,5,665.95,0.0
30566,12126,81,4,472.42,0.15
30567,12127,107,3,70.69,0.0
30568,12127,117,4,97.33,0.05
30569,12127,16,5,337.82,0.15
30570,12128,106,4,293.96,0.0
30571,12128,104,1,497.51,0.1
30572,12128,23,4,473.03,0.0
30573,12128,89,4,156.62,0.15
30574,12129,89,2,156.62,0.0
30575,12129,35,5,368.74,0.1
30576,12129,4,2,538.06,0.0
30577,12129,22,1,155.04,0.0
30578,12130,42,2,506.69,0.0
30579,12130,89,1,156.62,0.05
30580,12130,52,1,119.81,0.0
30581,12131,108,2,564.18,0.05
30582,12131,59,2,189.03,0.1
30583,12132,52,1,119.81,0.0
30584,12133,38,2,342.42,0.1
30585,12133,82,4,382.23,0.05
30586,12133,33,2,596.3,0.15
30587,12134,86,5,508.15,0.15
30588,12134,47,2,533.66,0.0
30589,12134,75,4,102.43,0.0
30590,12135,46,2,429.96,0.1
30591,12135,88,3,217.75,0.05
30592,12135,53,5,90.14,0.15
30593,12136,113,4,113.5,0.05
30594,12137,37,3,678.06,0.0
30595,12137,46,2,429.96,0.1
30596,12137,84,2,233.29,0.0
30597,12137,97,1,140.58,0.05
30598,12138,40,5,246.27,0.05
30599,12138,24,5,576.43,0.05
30600,12138,90,1,250.98,0.15
30601,12138,63,4,460.08,0.0
30602,12139,40,3,246.27,0.05
30603,12139,69,1,199.67,0.15
30604,12140,62,4,455.65,0.05
30605,12140,112,2,530.6,0.0
30606,12140,101,2,530.68,0.05
30607,12141,77,1,20.71,0.1
30608,12141,89,2,156.62,0.0
30609,12141,41,1,466.15,0.05
30610,12142,56,4,701.89,0.15
30611,12142,87,4,87.7,0.15
30612,12143,45,5,124.25,0.0
30613,12144,39,5,435.88,0.05
30614,12144,69,3,199.67,0.15
30615,12144,89,3,156.62,0.0
30616,12145,107,3,70.69,0.0
30617,12145,88,2,217.75,0.1
30618,12145,85,3,294.43,0.0
30619,12146,62,1,455.65,0.05
30620,12146,94,2,357.14,0.0
30621,12147,94,1,357.14,0.0
30622,12147,120,2,437.18,0.0
30623,12147,92,2,473.15,0.1
30624,12147,5,2,206.39,0.05
30625,12148,120,1,437.18,0.0
30626,12148,26,1,283.16,0.0
30627,12149,21,2,128.96,0.1
30628,12149,26,3,283.16,0.0
30629,12149,18,1,774.6,0.0
30630,12150,57,3,359.66,0.15
30631,12150,61,5,610.85,0.05
30632,12151,13,3,546.51,0.15
30633,12151,38,4,342.42,0.05
30634,12151,94,2,357.14,0.0
30635,12152,39,2,435.88,0.0
30636,12153,110,4,551.82,0.15
30637,12153,77,5,20.71,0.0
30638,12153,106,4,293.96,0.05
30639,12154,74,2,259.9,0.1
30640,12155,101,2,530.68,0.1
30641,12155,1,3,250.67,0.1
30642,12155,67,5,439.64,0.0
30643,12155,20,4,344.47,0.05
30644,12156,105,2,161.35,0.0
30645,12156,26,1,283.16,0.15
30646,12156,120,3,437.18,0.0
30647,12156,100,4,192.03,0.0
30648,12157,37,1,678.06,0.0
30649,12157,114,2,321.32,0.1
30650,12158,114,2,321.32,0.05
30651,12158,42,2,506.69,0.05
30652,12159,51,4,592.49,0.1
30653,12159,102,5,268.48,0.0
30654,12159,70,3,477.56,0.0
30655,12159,89,2,156.62,0.0
30656,12160,99,4,654.14,0.15
30657,12161,4,1,538.06,0.05
30658,12161,16,2,337.82,0.0
30659,12162,57,1,359.66,0.15
30660,12162,74,1,259.9,0.05
30661,12162,108,2,564.18,0.1
30662,12163,94,4,357.14,0.1
30663,12163,92,3,473.15,0.05
30664,12164,6,4,148.07,0.0
30665,12164,86,4,508.15,0.1
30666,12165,39,3,435.88,0.1
30667,12166,68,5,187.83,0.0
30668,12166,120,3,437.18,0.05
30669,12166,55,3,143.78,0.0
30670,12166,95,3,197.03,0.1
30671,12167,52,2,119.81,0.1
30672,12168,5,5,206.39,0.05
30673,12169,74,5,259.9,0.0
30674,12170,61,2,610.85,0.0
30675,12170,37,1,678.06,0.0
30676,12170,42,4,506.69,0.1
30677,12171,12,3,665.95,0.0
30678,12172,75,1,102.43,0.1
30679,12172,34,5,269.02,0.0
30680,12173,6,2,148.07,0.15
30681,12173,69,5,199.67,0.0
30682,12173,106,3,293.96,0.1
30683,12174,35,2,368.74,0.0
30684,12175,24,1,576.43,0.15
30685,12175,40,4,246.27,0.05
30686,12175,15,3,434.83,0.0
30687,12176,5,5,206.39,0.0
30688,12176,10,1,358.28,0.15
30689,12176,119,3,181.96,0.05
30690,12176,38,2,342.42,0.15
30691,12177,114,2,321.32,0.0
30692,12177,13,2,546.51,0.0
30693,12177,41,2,466.15,0.1
30694,12177,74,2,259.9,0.15
30695,12178,100,3,192.03,0.0
30696,12178,95,1,197.03,0.0
30697,12178,39,3,435.88,0.1
30698,12179,90,4,250.98,0.0
30699,12179,35,1,368.74,0.05
30700,12179,78,3,496.95,0.0
30701,12179,116,3,151.15,0.0
30702,12180,85,2,294.43,0.0
30703,12180,8,2,230.66,0.1
30704,12181,43,1,487.39,0.0
30705,12181,52,4,119.81,0.0
30706,12182,20,2,344.47,0.15
30707,12182,91,5,111.41,0.05
30708,12182,76,3,544.8,0.05
30709,12183,1,2,250.67,0.05
30710,12183,41,5,466.15,0.15
30711,12183,28,4,278.53,0.15
30712,12183,107,3,70.69,0.0
30713,12184,8,1,230.66,0.0
30714,12184,29,1,332.87,0.0
30715,12184,14,3,167.56,0.0
30716,12185,76,3,544.8,0.15
30717,12185,109,3,345.03,0.05
30718,12186,99,4,654.14,0.0
30719,12186,79,2,353.32,0.05
30720,12186,83,4,229.64,0.0
30721,12187,104,2,497.51,0.15
30722,12187,93,4,96.97,0.0
30723,12187,63,2,460.08,0.05
30724,12187,112,4,530.6,0.0
30725,12188,32,1,527.45,0.15
30726,12188,55,4,143.78,0.0
30727,12189,16,5,337.82,0.0
30728,12190,61,5,610.85,0.05
30729,12191,56,1,701.89,0.05
30730,12192,64,3,433.42,0.1
30731,12193,92,2,473.15,0.1
30732,12194,45,5,124.25,0.1
30733,12194,88,2,217.75,0.15
30734,12194,19,4,236.74,0.1
30735,12194,16,4,337.82,0.0
30736,12195,96,1,261.53,0.05
30737,12195,48,3,688.65,0.15
30738,12195,45,3,124.25,0.05
30739,12196,103,1,415.47,0.05
30740,12196,117,1,97.33,0.0
30741,12196,17,2,335.91,0.0
30742,12197,65,2,775.34,0.0
30743,12197,10,2,358.28,0.0
30744,12198,18,3,774.6,0.15
30745,12198,102,5,268.48,0.05
30746,12198,101,4,530.68,0.05
30747,12199,70,5,477.56,0.0
30748,12200,71,4,298.03,0.0
30749,12200,86,2,508.15,0.0
30750,12201,43,3,487.39,0.15
30751,12201,14,4,167.56,0.0
30752,12201,111,2,220.69,0.05
30753,12202,51,2,592.49,0.0
30754,12202,17,2,335.91,0.0
30755,12203,44,2,155.05,0.05
30756,12203,112,3,530.6,0.05
30757,12203,107,4,70.69,0.0
30758,12204,61,2,610.85,0.0
30759,12204,53,3,90.14,0.15
30760,12204,45,1,124.25,0.0
30761,12204,59,1,189.03,0.0
30762,12205,94,2,357.14,0.0
30763,12206,93,1,96.97,0.0
30764,12206,40,4,246.27,0.0
30765,12206,77,5,20.71,0.15
30766,12206,81,5,472.42,0.05
30767,12207,14,5,167.56,0.05
30768,12207,42,2,506.69,0.05
30769,12207,57,4,359.66,0.0
30770,12207,39,1,435.88,0.0
30771,12208,94,4,357.14,0.15
30772,12208,111,5,220.69,0.15
30773,12209,69,2,199.67,0.15
30774,12210,68,4,187.83,0.0
30775,12210,116,5,151.15,0.0
30776,12210,32,2,527.45,0.0
30777,12211,82,4,382.23,0.15
30778,12211,31,5,492.63,0.0
30779,12211,92,4,473.15,0.05
30780,12211,48,5,688.65,0.15
30781,12212,107,5,70.69,0.1
30782,12213,108,5,564.18,0.0
30783,12213,10,4,358.28,0.1
30784,12213,13,2,546.51,0.0
30785,12213,59,1,189.03,0.05
30786,12214,34,1,269.02,0.0
30787,12214,113,3,113.5,0.05
30788,12214,75,3,102.43,0.1
30789,12215,50,3,641.98,0.05
30790,12216,5,3,206.39,0.15
30791,12216,46,1,429.96,0.1
30792,12217,24,2,576.43,0.0
30793,12217,80,2,334.64,0.0
30794,12217,99,2,654.14,0.0
30795,12218,50,4,641.98,0.0
30796,12218,111,2,220.69,0.0
30797,12218,92,3,473.15,0.15
30798,12218,15,3,434.83,0.1
30799,12219,86,1,508.15,0.0
30800,12220,106,1,293.96,0.0
30801,12220,96,4,261.53,0.0
30802,12220,23,4,473.03,0.0
30803,12221,42,2,506.69,0.0
30804,12221,97,3,140.58,0.0
30805,12221,39,3,435.88,0.0
30806,12221,66,2,325.89,0.0
30807,12222,34,1,269.02,0.15
30808,12222,42,3,506.69,0.1
30809,12222,49,5,224.05,0.0
30810,12222,18,3,774.6,0.1
30811,12223,78,5,496.95,0.1
30812,12223,89,5,156.62,0.0
30813,12223,117,2,97.33,0.0
30814,12223,60,5,765.19,0.0
30815,12224,96,2,261.53,0.15
30816,12224,88,1,217.75,0.15
30817,12224,116,2,151.15,0.05
30818,12224,94,5,357.14,0.0
30819,12225,117,2,97.33,0.0
30820,12225,4,3,538.06,0.05
30821,12225,2,4,225.66,0.0
30822,12225,70,2,477.56,0.15
30823,12226,75,1,102.43,0.0
30824,12226,117,3,97.33,0.05
30825,12226,61,2,610.85,0.0
30826,12226,43,1,487.39,0.0
30827,12227,33,5,596.3,0.15
30828,12227,50,5,641.98,0.1
30829,12227,61,2,610.85,0.1
30830,12228,97,3,140.58,0.0
30831,12228,46,2,429.96,0.0
30832,12229,3,5,400.77,0.0
30833,12229,23,4,473.03,0.15
30834,12229,106,2,293.96,0.0
30835,12230,6,5,148.07,0.1
30836,12231,26,5,283.16,0.1
30837,12231,16,3,337.82,0.0
30838,12231,76,2,544.8,0.0
30839,12232,110,5,551.82,0.0
30840,12232,44,3,155.05,0.05
30841,12233,113,4,113.5,0.0
30842,12233,100,2,192.03,0.0
30843,12233,94,4,357.14,0.1
30844,12233,59,1,189.03,0.0
30845,12234,95,3,197.03,0.1
30846,12234,62,5,455.65,0.1
30847,12234,7,5,342.91,0.0
30848,12234,114,5,321.32,0.0
30849,12235,106,2,293.96,0.15
30850,12236,108,3,564.18,0.05
30851,12236,11,1,431.92,0.15
30852,12236,98,4,387.36,0.15
30853,12236,120,3,437.18,0.0
30854,12237,69,3,199.67,0.1
30855,12237,20,5,344.47,0.0
30856,12238,52,2,119.81,0.05
30857,12238,32,1,527.45,0.0
30858,12238,75,3,102.43,0.0
30859,12239,75,5,102.43,0.15
30860,12240,76,4,544.8,0.0
30861,12241,63,4,460.08,0.0
30862,12241,39,5,435.88,0.1
30863,12242,6,1,148.07,0.1
30864,12242,35,1,368.74,0.0
30865,12242,107,5,70.69,0.05
30866,12243,120,1,437.18,0.0
30867,12244,117,2,97.33,0.0
30868,12244,14,1,167.56,0.1
30869,12244,88,2,217.75,0.1
30870,12245,59,3,189.03,0.15
30871,12245,6,3,148.07,0.0
30872,12246,42,4,506.69,0.0
30873,12247,86,1,508.15,0.0
30874,12247,76,4,544.8,0.1
30875,12247,89,5,156.62,0.05
30876,12247,21,2,128.96,0.1
30877,12248,110,4,551.82,0.0
30878,12248,43,5,487.39,0.1
30879,12248,25,1,424.49,0.1
30880,12249,14,1,167.56,0.0
30881,12249,22,5,155.04,0.0
30882,12250,31,5,492.63,0.15
30883,12250,110,1,551.82,0.0
30884,12250,112,1,530.6,0.0
30885,12250,40,5,246.27,0.1
30886,12251,103,5,415.47,0.1
30887,12251,112,2,530.6,0.15
30888,12251,99,5,654.14,0.15
30889,12252,83,3,229.64,0.1
30890,12252,32,2,527.45,0.0
30891,12252,17,4,335.91,0.1
30892,12252,3,5,400.77,0.05
30893,12253,47,5,533.66,0.0
30894,12253,110,1,551.82,0.0
30895,12253,119,4,181.96,0.05
30896,12254,60,5,765.19,0.1
30897,12254,79,4,353.32,0.1
30898,12255,70,2,477.56,0.0
30899,12255,90,4,250.98,0.05
30900,12255,104,5,497.51,0.0
30901,12256,23,2,473.03,0.15
30902,12256,19,3,236.74,0.1
30903,12256,102,1,268.48,0.1
30904,12257,110,4,551.82,0.05
30905,12258,11,1,431.92,0.0
30906,12258,3,2,400.77,0.0
30907,12258,45,5,124.25,0.15
30908,12258,24,5,576.43,0.05
30909,12259,40,4,246.27,0.0
30910,12260,32,3,527.45,0.0
30911,12260,109,5,345.03,0.1
30912,12260,116,4,151.15,0.0
30913,12260,14,3,167.56,0.15
30914,12261,66,3,325.89,0.1
30915,12262,36,3,461.97,0.1
30916,12262,79,5,353.32,0.0
30917,12263,70,4,477.56,0.0
30918,12264,25,2,424.49,0.1
30919,12265,13,5,546.51,0.05
30920,12265,46,2,429.96,0.0
30921,12266,17,2,335.91,0.0
30922,12266,80,5,334.64,0.0
30923,12267,108,3,564.18,0.15
30924,12267,77,4,20.71,0.0
30925,12268,76,3,544.8,0.1
30926,12268,61,5,610.85,0.1
30927,12269,53,4,90.14,0.1
30928,12269,67,2,439.64,0.0
30929,12269,111,2,220.69,0.0
30930,12269,109,5,345.03,0.15
30931,12270,10,3,358.28,0.0
30932,12271,82,5,382.23,0.05
30933,12271,31,3,492.63,0.1
30934,12272,79,1,353.32,0.15
30935,12272,95,3,197.03,0.0
30936,12272,75,4,102.43,0.0
30937,12272,44,2,155.05,0.0
30938,12273,22,4,155.04,0.15
30939,12274,51,3,592.49,0.0
30940,12274,17,3,335.91,0.1
30941,12275,103,1,415.47,0.0
30942,12276,89,4,156.62,0.0
30943,12276,67,2,439.64,0.1
30944,12277,41,5,466.15,0.0
30945,12278,106,2,293.96,0.15
30946,12278,67,3,439.64,0.0
30947,12279,40,4,246.27,0.0
30948,12279,112,2,530.6,0.15
30949,12279,15,2,434.83,0.0
30950,12279,45,3,124.25,0.1
30951,12280,15,5,434.83,0.0
30952,12280,32,3,527.45,0.05
30953,12280,68,3,187.83,0.0
30954,12281,119,3,181.96,0.0
30955,12281,105,4,161.35,0.0
30956,12281,75,5,102.43,0.15
30957,12281,95,5,197.03,0.0
30958,12282,52,3,119.81,0.0
30959,12283,110,5,551.82,0.0
30960,12283,73,2,693.24,0.05
30961,12284,67,3,439.64,0.15
30962,12284,53,2,90.14,0.0
30963,12284,7,2,342.91,0.15
30964,12284,99,5,654.14,0.0
30965,12285,33,3,596.3,0.0
30966,12286,83,4,229.64,0.0
30967,12287,114,1,321.32,0.05
30968,12287,8,4,230.66,0.0
30969,12287,74,4,259.9,0.15
30970,12288,23,3,473.03,0.15
30971,12288,113,2,113.5,0.0
30972,12288,95,2,197.03,0.05
30973,12289,13,3,546.51,0.1
30974,12289,84,4,233.29,0.0
30975,12289,98,3,387.36,0.0
30976,12290,21,3,128.96,0.0
30977,12290,91,4,111.41,0.0
30978,12290,57,4,359.66,0.1
30979,12291,82,3,382.23,0.15
30980,12291,63,1,460.08,0.0
30981,12291,14,2,167.56,0.15
30982,12291,111,2,220.69,0.0
30983,12292,35,4,368.74,0.0
30984,12292,74,5,259.9,0.1
30985,12292,67,1,439.64,0.15
30986,12292,111,2,220.69,0.0
30987,12293,44,4,155.05,0.05
30988,12294,111,2,220.69,0.1
30989,12294,96,4,261.53,0.0
30990,12294,47,5,533.66,0.0
30991,12294,116,1,151.15,0.1
30992,12295,114,4,321.32,0.0
30993,12296,24,4,576.43,0.1
30994,12296,4,1,538.06,0.0
30995,12296,22,1,155.04,0.15
30996,12297,32,3,527.45,0.1
30997,12297,43,2,487.39,0.0
30998,12298,4,5,538.06,0.0
30999,12298,40,4,246.27,0.0
31000,12298,90,2,250.98,0.0
31001,12299,3,5,400.77,0.1
31002,12299,104,2,497.51,0.15
31003,12300,4,4,538.06,0.0
31004,12301,106,1,293.96,0.0
31005,12302,67,2,439.64,0.0
31006,12302,86,1,508.15,0.1
31007,12303,56,2,701.89,0.0
31008,12304,71,5,298.03,0.05
31009,12304,30,4,474.66,0.0
31010,12304,11,2,431.92,0.0
31011,12304,75,3,102.43,0.15
31012,12305,85,5,294.43,0.0
31013,12305,106,4,293.96,0.15
31014,12305,44,5,155.05,0.1
31015,12305,66,4,325.89,0.1
31016,12306,34,1,269.02,0.1
31017,12307,93,2,96.97,0.05
31018,12307,23,5,473.03,0.1
31019,12308,74,1,259.9,0.0
31020,12308,32,3,527.45,0.0
31021,12308,108,3,564.18,0.1
31022,12309,119,2,181.96,0.0
31023,12310,2,3,225.66,0.0
31024,12310,100,5,192.03,0.0
31025,12310,63,5,460.08,0.0
31026,12311,55,1,143.78,0.05
31027,12311,109,5,345.03,0.15
31028,12311,23,3,473.03,0.15
31029,12312,40,5,246.27,0.0
31030,12312,108,1,564.18,0.1
31031,12312,30,1,474.66,0.0
31032,12313,26,1,283.16,0.0
31033,12313,25,2,424.49,0.1
31034,12313,10,1,358.28,0.05
31035,12314,87,4,87.7,0.05
31036,12314,98,4,387.36,0.1
31037,12314,4,1,538.06,0.1
31038,12314,40,2,246.27,0.05
31039,12315,106,3,293.96,0.0
31040,12316,29,3,332.87,0.0
31041,12316,87,3,87.7,0.15
31042,12317,106,4,293.96,0.0
31043,12317,82,3,382.23,0.0
31044,12317,41,5,466.15,0.15
31045,12318,40,5,246.27,0.05
31046,12318,114,2,321.32,0.0
31047,12318,78,1,496.95,0.1
31048,12318,63,2,460.08,0.0
31049,12319,40,5,246.27,0.0
31050,12320,84,1,233.29,0.15
31051,12320,72,3,417.09,0.0
31052,12320,21,2,128.96,0.0
31053,12321,99,3,654.14,0.15
31054,12321,54,5,589.22,0.05
31055,12322,17,5,335.91,0.0
31056,12322,93,4,96.97,0.05
31057,12322,103,3,415.47,0.0
31058,12323,65,2,775.34,0.0
31059,12323,57,2,359.66,0.1
31060,12323,88,2,217.75,0.15
31061,12323,19,2,236.74,0.15
31062,12324,56,3,701.89,0.0
31063,12325,120,3,437.18,0.1
31064,12325,29,4,332.87,0.1
31065,12326,99,3,654.14,0.15
31066,12326,119,3,181.96,0.0
31067,12327,104,3,497.51,0.15
31068,12328,94,2,357.14,0.0
31069,12328,97,3,140.58,0.1
31070,12329,108,1,564.18,0.0
31071,12329,76,3,544.8,0.15
31072,12329,107,3,70.69,0.15
31073,12329,106,2,293.96,0.05
31074,12330,96,1,261.53,0.05
31075,12330,71,2,298.03,0.0
31076,12330,105,4,161.35,0.15
31077,12331,55,4,143.78,0.1
31078,12331,19,1,236.74,0.0
31079,12331,76,4,544.8,0.0
31080,12331,3,3,400.77,0.15
31081,12332,106,1,293.96,0.0
31082,12332,68,4,187.83,0.0
31083,12332,39,5,435.88,0.0
31084,12333,31,5,492.63,0.15
31085,12333,14,2,167.56,0.0
31086,12333,84,4,233.29,0.0
31087,12334,32,5,527.45,0.0
31088,12335,61,3,610.85,0.05
31089,12335,102,3,268.48,0.05
31090,12335,32,5,527.45,0.0
31091,12335,109,2,345.03,0.05
31092,12336,4,3,538.06,0.05
31093,12336,63,5,460.08,0.05
31094,12336,104,5,497.51,0.0
31095,12336,46,2,429.96,0.15
31096,12337,66,3,325.89,0.1
31097,12337,35,4,368.74,0.0
31098,12337,38,2,342.42,0.0
31099,12338,94,5,357.14,0.15
31100,12339,11,4,431.92,0.0
31101,12339,50,2,641.98,0.05
31102,12339,77,3,20.71,0.0
31103,12339,73,2,693.24,0.0
31104,12340,85,1,294.43,0.0
31105,12340,103,4,415.47,0.0
31106,12340,118,3,357.13,0.15
31107,12341,31,1,492.63,0.1
31108,12341,101,1,530.68,0.1
31109,12341,33,3,596.3,0.05
31110,12341,72,2,417.09,0.1
31111,12342,15,3,434.83,0.15
31112,12342,111,4,220.69,0.0
31113,12342,25,2,424.49,0.0
31114,12343,1,5,250.67,0.0
31115,12343,120,2,437.18,0.05
31116,12343,15,4,434.83,0.05
31117,12344,57,5,359.66,0.0
31118,12344,94,1,357.14,0.15
31119,12344,70,4,477.56,0.1
31120,12345,44,4,155.05,0.0
31121,12345,61,3,610.85,0.05
31122,12345,47,5,533.66,0.1
31123,12345,35,5,368.74,0.15
31124,12346,1,5,250.67,0.05
31125,12346,8,1,230.66,0.05
31126,12346,59,1,189.03,0.0
31127,12347,111,5,220.69,0.05
31128,12347,107,2,70.69,0.0
31129,12348,97,5,140.58,0.0
31130,12348,80,1,334.64,0.0
31131,12348,53,2,90.14,0.1
31132,12349,73,1,693.24,0.1
31133,12349,30,3,474.66,0.15
31134,12350,89,1,156.62,0.0
31135,12350,51,4,592.49,0.15
31136,12351,22,3,155.04,0.0
31137,12351,54,5,589.22,0.05
31138,12351,115,4,191.72,0.0
31139,12352,106,1,293.96,0.0
31140,12352,33,4,596.3,0.0
31141,12352,45,3,124.25,0.1
31142,12353,35,4,368.74,0.0
31143,12354,102,2,268.48,0.1
31144,12354,97,3,140.58,0.1
31145,12355,65,1,775.34,0.1
31146,12356,37,5,678.06,0.0
31147,12356,102,4,268.48,0.0
31148,12357,98,5,387.36,0.15
31149,12357,118,4,357.13,0.0
31150,12357,19,4,236.74,0.05
31151,12358,40,4,246.27,0.15
31152,12358,81,3,472.42,0.15
31153,12358,3,1,400.77,0.05
31154,12359,115,2,191.72,0.15
31155,12359,11,1,431.92,0.0
31156,12360,42,1,506.69,0.1
31157,12360,6,3,148.07,0.0
31158,12360,38,5,342.42,0.0
31159,12361,62,1,455.65,0.0
31160,12362,86,5,508.15,0.1
31161,12362,26,4,283.16,0.05
31162,12363,94,5,357.14,0.05
31163,12363,53,2,90.14,0.0
31164,12363,78,2,496.95,0.15
31165,12363,63,2,460.08,0.0
31166,12364,68,2,187.83,0.0
31167,12364,31,1,492.63,0.0
31168,12364,100,2,192.03,0.1
31169,12365,94,4,357.14,0.15
31170,12365,120,5,437.18,0.1
31171,12365,81,5,472.42,0.0
31172,12366,85,5,294.43,0.0
31173,12366,21,4,128.96,0.0
31174,12367,4,4,538.06,0.05
31175,12368,109,5,345.03,0.1
31176,12369,97,2,140.58,0.05
31177,12369,4,3,538.06,0.0
31178,12369,14,1,167.56,0.0
31179,12370,107,2,70.69,0.0
31180,12370,92,5,473.15,0.15
31181,12370,75,2,102.43,0.0
31182,12371,67,2,439.64,0.15
31183,12371,19,2,236.74,0.05
31184,12372,76,3,544.8,0.1
31185,12372,7,1,342.91,0.15
31186,12373,53,5,90.14,0.0
31187,12373,4,2,538.06,0.0
31188,12374,114,2,321.32,0.15
31189,12375,14,1,167.56,0.0
31190,12376,74,2,259.9,0.0
31191,12377,88,3,217.75,0.05
31192,12377,120,1,437.18,0.15
31193,12377,5,4,206.39,0.0
31194,12378,104,1,497.51,0.1
31195,12379,103,3,415.47,0.0
31196,12379,115,5,191.72,0.1
31197,12380,55,2,143.78,0.1
31198,12380,59,2,189.03,0.15
31199,12381,15,3,434.83,0.05
31200,12381,93,4,96.97,0.15
31201,12382,98,2,387.36,0.15
31202,12382,104,5,497.51,0.1
31203,12383,74,5,259.9,0.15
31204,12383,72,3,417.09,0.1
31205,12383,104,2,497.51,0.0
31206,12383,13,2,546.51,0.0
31207,12384,54,1,589.22,0.0
31208,12384,115,4,191.72,0.05
31209,12384,26,5,283.16,0.15
31210,12384,81,1,472.42,0.15
31211,12385,108,1,564.18,0.05
31212,12386,82,2,382.23,0.0
31213,12387,9,3,566.94,0.0
31214,12387,61,2,610.85,0.0
31215,12387,58,5,421.43,0.0
31216,12387,29,1,332.87,0.15
31217,12388,74,5,259.9,0.0
31218,12388,36,3,461.97,0.15
31219,12388,18,3,774.6,0.05
31220,12388,86,1,508.15,0.1
31221,12389,116,1,151.15,0.05
31222,12389,103,4,415.47,0.1
31223,12389,63,4,460.08,0.05
31224,12389,79,4,353.32,0.15
31225,12390,106,1,293.96,0.1
31226,12391,25,5,424.49,0.05
31227,12391,98,3,387.36,0.15
31228,12392,93,1,96.97,0.15
31229,12392,59,2,189.03,0.0
31230,12392,39,5,435.88,0.0
31231,12393,91,3,111.41,0.15
31232,12393,38,5,342.42,0.0
31233,12393,27,5,50.29,0.1
31234,12393,33,2,596.3,0.0
31235,12394,48,4,688.65,0.0
31236,12394,51,3,592.49,0.0
31237,12395,70,5,477.56,0.15
31238,12395,96,1,261.53,0.05
31239,12395,18,2,774.6,0.0
31240,12395,60,2,765.19,0.05
31241,12396,86,4,508.15,0.0
31242,12396,25,2,424.49,0.0
31243,12397,11,5,431.92,0.15
31244,12397,16,1,337.82,0.0
31245,12397,120,3,437.18,0.0
31246,12398,92,5,473.15,0.0
31247,12399,96,1,261.53,0.05
31248,12399,80,4,334.64,0.0
31249,12400,60,4,765.19,0.1
31250,12400,19,3,236.74,0.05
31251,12400,24,1,576.43,0.1
31252,12400,1,1,250.67,0.15
31253,12401,39,1,435.88,0.0
31254,12402,94,3,357.14,0.0
31255,12402,105,4,161.35,0.0
31256,12402,89,5,156.62,0.05
31257,12403,78,4,496.95,0.05
31258,12403,108,4,564.18,0.0
31259,12403,52,3,119.81,0.0
31260,12403,70,5,477.56,0.0
31261,12404,15,1,434.83,0.15
31262,12404,116,2,151.15,0.15
31263,12405,90,3,250.98,0.0
31264,12406,64,2,433.42,0.0
31265,12407,43,2,487.39,0.1
31266,12408,95,2,197.03,0.0
31267,12409,64,1,433.42,0.0
31268,12409,71,1,298.03,0.05
31269,12409,75,4,102.43,0.15
31270,12410,117,2,97.33,0.1
31271,12410,71,1,298.03,0.15
31272,12411,16,2,337.82,0.05
31273,12411,46,4,429.96,0.1
31274,12411,20,2,344.47,0.0
31275,12411,76,2,544.8,0.05
31276,12412,120,5,437.18,0.0
31277,12412,78,1,496.95,0.0
31278,12413,33,5,596.3,0.0
31279,12413,82,1,382.23,0.1
31280,12414,36,2,461.97,0.0
31281,12415,1,2,250.67,0.15
31282,12416,71,4,298.03,0.0
31283,12417,83,2,229.64,0.0
31284,12417,68,3,187.83,0.15
31285,12418,38,4,342.42,0.15
31286,12418,10,3,358.28,0.1
31287,12418,22,3,155.04,0.0
31288,12418,25,2,424.49,0.0
31289,12419,9,4,566.94,0.05
31290,12419,84,4,233.29,0.05
31291,12419,82,1,382.23,0.1
31292,12420,35,3,368.74,0.0
31293,12420,104,3,497.51,0.0
31294,12420,47,1,533.66,0.0
31295,12421,112,2,530.6,0.0
31296,12421,25,5,424.49,0.0
31297,12421,34,3,269.02,0.0
31298,12422,27,1,50.29,0.0
31299,12422,63,1,460.08,0.05
31300,12422,18,4,774.6,0.1
31301,12423,86,2,508.15,0.1
31302,12424,101,2,530.68,0.15
31303,12424,117,1,97.33,0.0
31304,12424,56,4,701.89,0.15
31305,12424,109,5,345.03,0.05
31306,12425,96,2,261.53,0.1
31307,12425,94,4,357.14,0.05
31308,12426,83,2,229.64,0.05
31309,12426,67,4,439.64,0.0
31310,12426,68,5,187.83,0.1
31311,12427,56,5,701.89,0.0
31312,12428,96,1,261.53,0.0
31313,12429,95,3,197.03,0.0
31314,12430,58,3,421.43,0.1
31315,12430,119,2,181.96,0.0
31316,12430,31,5,492.63,0.1
31317,12431,75,5,102.43,0.0
31318,12431,15,2,434.83,0.0
31319,12431,56,1,701.89,0.0
31320,12432,55,3,143.78,0.05
31321,12432,48,3,688.65,0.0
31322,12432,60,2,765.19,0.0
31323,12433,97,3,140.58,0.0
31324,12433,17,3,335.91,0.1
31325,12433,79,5,353.32,0.05
31326,12434,64,4,433.42,0.05
31327,12434,55,2,143.78,0.1
31328,12435,21,5,128.96,0.15
31329,12436,117,2,97.33,0.0
31330,12436,48,4,688.65,0.15
31331,12436,4,4,538.06,0.15
31332,12437,21,2,128.96,0.1
31333,12437,113,2,113.5,0.0
31334,12437,73,3,693.24,0.0
31335,12438,85,3,294.43,0.15
31336,12438,46,2,429.96,0.0
31337,12438,86,5,508.15,0.1
31338,12439,33,3,596.3,0.0
31339,12439,108,1,564.18,0.0
31340,12440,34,5,269.02,0.0
31341,12440,5,1,206.39,0.1
31342,12440,106,3,293.96,0.1
31343,12441,19,4,236.74,0.1
31344,12441,38,3,342.42,0.15
31345,12441,113,2,113.5,0.0
31346,12441,72,5,417.09,0.05
31347,12442,8,2,230.66,0.15
31348,12442,47,4,533.66,0.1
31349,12442,76,5,544.8,0.0
31350,12442,98,3,387.36,0.05
31351,12443,39,5,435.88,0.0
31352,12444,11,1,431.92,0.0
31353,12444,93,4,96.97,0.0
31354,12444,60,5,765.19,0.1
31355,12445,70,4,477.56,0.0
31356,12445,66,2,325.89,0.05
31357,12445,24,4,576.43,0.0
31358,12446,8,4,230.66,0.0
31359,12446,64,4,433.42,0.1
31360,12447,84,5,233.29,0.15
31361,12447,29,3,332.87,0.15
31362,12447,3,4,400.77,0.0
31363,12448,113,3,113.5,0.0
31364,12448,102,5,268.48,0.15
31365,12448,91,1,111.41,0.05
31366,12448,99,3,654.14,0.1
31367,12449,29,1,332.87,0.0
31368,12449,91,5,111.41,0.15
31369,12449,57,3,359.66,0.15
31370,12450,54,2,589.22,0.1
31371,12450,30,1,474.66,0.0
31372,12450,46,2,429.96,0.15
31373,12450,81,3,472.42,0.05
31374,12451,26,2,283.16,0.0
31375,12451,74,4,259.9,0.0
31376,12451,14,2,167.56,0.1
31377,12452,100,4,192.03,0.1
31378,12452,63,5,460.08,0.0
31379,12452,33,5,596.3,0.0
31380,12452,70,1,477.56,0.0
31381,12453,33,2,596.3,0.0
31382,12454,88,4,217.75,0.0
31383,12455,99,4,654.14,0.0
31384,12455,110,3,551.82,0.0
31385,12456,60,1,765.19,0.1
31386,12456,94,2,357.14,0.15
31387,12456,17,4,335.91,0.1
31388,12457,51,4,592.49,0.0
31389,12457,100,5,192.03,0.0
31390,12458,90,2,250.98,0.0
31391,12458,11,5,431.92,0.15
31392,12458,109,3,345.03,0.15
31393,12458,5,5,206.39,0.0
31394,12459,17,1,335.91,0.0
31395,12459,69,2,199.67,0.15
31396,12460,119,1,181.96,0.15
31397,12461,68,3,187.83,0.15
31398,12461,112,4,530.6,0.0
31399,12461,64,2,433.42,0.05
31400,12462,72,3,417.09,0.15
31401,12462,11,1,431.92,0.15
31402,12463,48,4,688.65,0.05
31403,12464,8,3,230.66,0.05
31404,12464,120,3,437.18,0.0
31405,12464,27,1,50.29,0.05
31406,12464,32,4,527.45,0.0
31407,12465,112,5,530.6,0.15
31408,12465,52,4,119.81,0.0
31409,12465,66,2,325.89,0.0
31410,12465,114,4,321.32,0.1
31411,12466,43,4,487.39,0.1
31412,12466,93,5,96.97,0.15
31413,12466,71,1,298.03,0.0
31414,12467,115,5,191.72,0.15
31415,12468,41,5,466.15,0.1
31416,12468,40,1,246.27,0.15
31417,12468,5,4,206.39,0.0
31418,12469,34,4,269.02,0.15
31419,12469,107,2,70.69,0.1
31420,12470,42,5,506.69,0.05
31421,12470,105,2,161.35,0.0
31422,12470,43,5,487.39,0.0
31423,12470,5,5,206.39,0.0
31424,12471,93,5,96.97,0.05
31425,12471,1,5,250.67,0.0
31426,12471,40,1,246.27,0.0
31427,12471,95,5,197.03,0.0
31428,12472,83,2,229.64,0.0
31429,12473,104,4,497.51,0.05
31430,12473,82,4,382.23,0.1
31431,12473,118,1,357.13,0.0
31432,12474,108,3,564.18,0.0
31433,12475,97,2,140.58,0.05
31434,12476,2,4,225.66,0.15
31435,12477,32,4,527.45,0.15
31436,12478,34,5,269.02,0.0
31437,12478,65,5,775.34,0.1
31438,12478,87,5,87.7,0.0
31439,12479,13,5,546.51,0.1
31440,12479,104,1,497.51,0.15
31441,12479,58,4,421.43,0.0
31442,12480,18,4,774.6,0.0
31443,12480,8,1,230.66,0.15
31444,12480,63,5,460.08,0.15
31445,12480,80,2,334.64,0.15
31446,12481,26,3,283.16,0.1
31447,12482,23,5,473.03,0.0
31448,12482,14,5,167.56,0.0
31449,12482,47,1,533.66,0.15
31450,12482,79,4,353.32,0.15
31451,12483,1,2,250.67,0.05
31452,12483,112,5,530.6,0.05
31453,12483,106,4,293.96,0.05
31454,12483,74,2,259.9,0.0
31455,12484,84,1,233.29,0.0
31456,12484,54,2,589.22,0.05
31457,12485,74,3,259.9,0.1
31458,12485,59,4,189.03,0.0
31459,12485,103,1,415.47,0.1
31460,12485,15,5,434.83,0.0
31461,12486,7,2,342.91,0.0
31462,12486,110,2,551.82,0.1
31463,12487,59,5,189.03,0.0
31464,12488,35,2,368.74,0.0
31465,12489,97,5,140.58,0.05
31466,12489,51,2,592.49,0.0
31467,12490,55,5,143.78,0.0
31468,12490,93,2,96.97,0.1
31469,12491,78,3,496.95,0.0
31470,12491,20,3,344.47,0.1
31471,12491,105,4,161.35,0.15
31472,12491,40,4,246.27,0.15
31473,12492,1,3,250.67,0.15
31474,12492,42,3,506.69,0.0
31475,12492,115,1,191.72,0.0
31476,12492,25,4,424.49,0.05
31477,12493,81,4,472.42,0.0
31478,12494,9,5,566.94,0.15
31479,12495,58,3,421.43,0.0
31480,12495,71,4,298.03,0.15
31481,12496,3,2,400.77,0.0
31482,12496,108,2,564.18,0.0
31483,12497,20,2,344.47,0.0
31484,12497,117,1,97.33,0.0
31485,12498,23,3,473.03,0.0
31486,12498,110,2,551.82,0.0
31487,12498,82,2,382.23,0.1
31488,12499,57,5,359.66,0.05
31489,12499,74,1,259.9,0.15
31490,12499,64,3,433.42,0.0
31491,12500,114,1,321.32,0.05
31492,12500,10,5,358.28,0.05
31493,12501,60,5,765.19,0.0
31494,12501,3,3,400.77,0.05
31495,12502,77,3,20.71,0.0
31496,12502,42,4,506.69,0.0
31497,12503,78,2,496.95,0.15
31498,12504,102,5,268.48,0.05
31499,12504,20,2,344.47,0.1
31500,12505,14,3,167.56,0.1
31501,12505,89,1,156.62,0.0
31502,12505,34,1,269.02,0.1
31503,12506,19,5,236.74,0.0
31504,12506,82,3,382.23,0.1
31505,12506,22,3,155.04,0.05
31506,12506,12,4,665.95,0.0
31507,12507,8,3,230.66,0.0
31508,12507,49,2,224.05,0.0
31509,12507,57,1,359.66,0.0
31510,12508,54,5,589.22,0.0
31511,12508,38,1,342.42,0.1
31512,12509,16,2,337.82,0.1
31513,12509,37,1,678.06,0.0
31514,12510,107,1,70.69,0.15
31515,12510,43,4,487.39,0.0
31516,12511,43,2,487.39,0.0
31517,12511,11,5,431.92,0.1
31518,12512,16,1,337.82,0.0
31519,12512,66,2,325.89,0.15
31520,12512,79,5,353.32,0.0
31521,12512,116,2,151.15,0.0
31522,12513,114,5,321.32,0.15
31523,12514,59,4,189.03,0.0
31524,12514,83,1,229.64,0.1
31525,12514,119,2,181.96,0.15
31526,12515,87,1,87.7,0.0
31527,12515,76,3,544.8,0.1
31528,12515,49,2,224.05,0.0
31529,12515,99,5,654.14,0.15
31530,12516,46,3,429.96,0.15
31531,12516,115,5,191.72,0.0
31532,12516,12,3,665.95,0.0
31533,12517,1,4,250.67,0.15
31534,12517,8,3,230.66,0.0
31535,12517,66,3,325.89,0.0
31536,12518,42,4,506.69,0.05
31537,12518,59,1,189.03,0.15
31538,12518,106,3,293.96,0.0
31539,12519,98,3,387.36,0.1
31540,12519,69,3,199.67,0.15
31541,12519,45,5,124.25,0.0
31542,12520,77,1,20.71,0.05
31543,12520,60,2,765.19,0.0
31544,12520,85,2,294.43,0.0
31545,12520,86,1,508.15,0.1
31546,12521,15,5,434.83,0.0
31547,12521,74,5,259.9,0.0
31548,12522,66,5,325.89,0.1
31549,12522,27,5,50.29,0.05
31550,12522,41,5,466.15,0.1
31551,12522,77,1,20.71,0.05
31552,12523,76,5,544.8,0.0
31553,12524,102,1,268.48,0.1
31554,12524,10,4,358.28,0.0
31555,12524,42,3,506.69,0.15
31556,12525,11,4,431.92,0.15
31557,12525,5,5,206.39,0.0
31558,12526,91,5,111.41,0.05
31559,12526,84,2,233.29,0.1
31560,12526,11,5,431.92,0.1
31561,12527,50,3,641.98,0.15
31562,12528,95,3,197.03,0.0
31563,12528,86,5,508.15,0.0
31564,12528,36,5,461.97,0.1
31565,12528,2,2,225.66,0.0
31566,12529,37,1,678.06,0.1
31567,12529,72,5,417.09,0.1
31568,12529,111,1,220.69,0.15
31569,12530,32,2,527.45,0.0
31570,12530,27,3,50.29,0.1
31571,12530,89,5,156.62,0.1
31572,12531,6,2,148.07,0.0
31573,12531,108,4,564.18,0.0
31574,12531,80,4,334.64,0.1
31575,12531,88,4,217.75,0.0
31576,12532,76,3,544.8,0.15
31577,12532,18,4,774.6,0.0
31578,12533,4,2,538.06,0.0
31579,12533,48,1,688.65,0.15
31580,12533,49,3,224.05,0.05
31581,12534,12,3,665.95,0.15
31582,12534,19,1,236.74,0.0
31583,12535,64,4,433.42,0.15
31584,12536,45,5,124.25,0.05
31585,12537,78,5,496.95,0.0
31586,12537,19,4,236.74,0.0
31587,12537,80,2,334.64,0.0
31588,12537,6,1,148.07,0.1
31589,12538,19,4,236.74,0.0
31590,12538,53,1,90.14,0.0
31591,12538,60,5,765.19,0.0
31592,12539,55,5,143.78,0.1
31593,12540,7,5,342.91,0.0
31594,12540,27,2,50.29,0.0
31595,12541,115,4,191.72,0.05
31596,12541,12,4,665.95,0.0
31597,12541,90,2,250.98,0.0
31598,12541,67,5,439.64,0.15
31599,12542,75,1,102.43,0.0
31600,12543,7,5,342.91,0.15
31601,12544,26,5,283.16,0.15
31602,12544,11,2,431.92,0.15
31603,12544,59,4,189.03,0.0
31604,12544,15,5,434.83,0.15
31605,12545,50,4,641.98,0.0
31606,12545,70,2,477.56,0.05
31607,12546,69,2,199.67,0.05
31608,12546,37,4,678.06,0.0
31609,12546,7,1,342.91,0.0
31610,12547,8,5,230.66,0.15
31611,12547,115,4,191.72,0.0
31612,12547,37,1,678.06,0.05
31613,12547,88,1,217.75,0.1
31614,12548,71,4,298.03,0.0
31615,12548,22,5,155.04,0.0
31616,12549,58,3,421.43,0.15
31617,12549,5,5,206.39,0.0
31618,12549,89,2,156.62,0.15
31619,12550,44,2,155.05,0.0
31620,12550,75,1,102.43,0.15
31621,12550,49,1,224.05,0.0
31622,12550,93,4,96.97,0.0
31623,12551,27,3,50.29,0.1
31624,12552,75,1,102.43,0.0
31625,12552,85,4,294.43,0.0
31626,12553,39,5,435.88,0.0
31627,12554,45,1,124.25,0.1
31628,12555,69,4,199.67,0.0
31629,12556,63,5,460.08,0.05
31630,12556,70,2,477.56,0.15
31631,12556,78,2,496.95,0.0
31632,12556,54,1,589.22,0.05
31633,12557,80,4,334.64,0.0
31634,12558,105,3,161.35,0.0
31635,12559,27,3,50.29,0.1
31636,12560,16,4,337.82,0.0
31637,12560,26,1,283.16,0.0
31638,12560,87,1,87.7,0.0
31639,12561,21,4,128.96,0.05
31640,12561,40,4,246.27,0.05
31641,12561,110,1,551.82,0.0
31642,12562,95,1,197.03,0.15
31643,12563,87,4,87.7,0.0
31644,12563,46,1,429.96,0.0
31645,12563,6,4,148.07,0.15
31646,12564,103,2,415.47,0.05
31647,12564,67,3,439.64,0.15
31648,12564,25,4,424.49,0.0
31649,12564,5,2,206.39,0.0
31650,12565,39,1,435.88,0.05
31651,12566,46,4,429.96,0.0
31652,12566,98,4,387.36,0.0
31653,12567,119,1,181.96,0.1
31654,12567,109,5,345.03,0.0
31655,12567,32,1,527.45,0.05
31656,12567,75,4,102.43,0.05
31657,12568,61,4,610.85,0.0
31658,12568,110,2,551.82,0.0
31659,12568,47,5,533.66,0.1
31660,12569,96,3,261.53,0.0
31661,12569,22,2,155.04,0.0
31662,12569,10,3,358.28,0.0
31663,12569,3,4,400.77,0.1
31664,12570,44,4,155.05,0.1
31665,12571,70,4,477.56,0.0
31666,12571,95,1,197.03,0.0
31667,12572,30,2,474.66,0.0
31668,12572,87,1,87.7,0.0
31669,12573,88,2,217.75,0.15
31670,12573,40,1,246.27,0.0
31671,12573,61,5,610.85,0.1
31672,12573,6,3,148.07,0.0
31673,12574,17,3,335.91,0.15
31674,12574,63,3,460.08,0.15
31675,12575,108,3,564.18,0.05
31676,12575,91,3,111.41,0.15
31677,12575,24,5,576.43,0.0
31678,12576,103,4,415.47,0.1
31679,12576,23,5,473.03,0.0
31680,12576,118,3,357.13,0.1
31681,12576,33,3,596.3,0.1
31682,12577,33,4,596.3,0.0
31683,12577,94,2,357.14,0.1
31684,12577,86,4,508.15,0.15
31685,12578,26,5,283.16,0.0
31686,12578,105,4,161.35,0.0
31687,12579,101,3,530.68,0.05
31688,12579,18,1,774.6,0.05
31689,12579,63,4,460.08,0.1
31690,12580,26,3,283.16,0.0
31691,12580,39,2,435.88,0.0
31692,12580,86,2,508.15,0.0
31693,12581,63,4,460.08,0.15
31694,12581,53,3,90.14,0.05
31695,12582,60,4,765.19,0.05
31696,12582,74,1,259.9,0.1
31697,12582,41,2,466.15,0.0
31698,12582,33,1,596.3,0.0
31699,12583,20,3,344.47,0.0
31700,12583,41,2,466.15,0.1
31701,12584,12,4,665.95,0.15
31702,12584,57,1,359.66,0.15
31703,12584,85,3,294.43,0.15
31704,12585,83,3,229.64,0.15
31705,12585,66,1,325.89,0.0
31706,12585,47,3,533.66,0.0
31707,12585,42,5,506.69,0.1
31708,12586,13,3,546.51,0.15
31709,12587,54,1,589.22,0.0
31710,12588,44,2,155.05,0.15
31711,12588,119,5,181.96,0.15
31712,12588,96,1,261.53,0.1
31713,12589,18,5,774.6,0.0
31714,12589,15,3,434.83,0.05
31715,12589,47,5,533.66,0.05
31716,12589,42,3,506.69,0.0
31717,12590,97,1,140.58,0.15
31718,12590,113,1,113.5,0.1
31719,12590,78,2,496.95,0.0
31720,12590,11,2,431.92,0.0
31721,12591,4,5,538.06,0.0
31722,12591,63,3,460.08,0.0
31723,12592,13,3,546.51,0.0
31724,12592,60,5,765.19,0.1
31725,12593,70,4,477.56,0.0
31726,12594,3,4,400.77,0.0
31727,12594,83,3,229.64,0.15
31728,12594,67,3,439.64,0.0
31729,12594,61,5,610.85,0.0
31730,12595,4,5,538.06,0.0
31731,12595,60,1,765.19,0.0
31732,12596,12,3,665.95,0.15
31733,12596,115,1,191.72,0.15
31734,12596,37,5,678.06,0.0
31735,12597,12,1,665.95,0.15
31736,12597,6,2,148.07,0.15
31737,12597,13,2,546.51,0.0
31738,12597,67,2,439.64,0.1
31739,12598,14,3,167.56,0.1
31740,12598,28,4,278.53,0.0
31741,12598,22,4,155.04,0.0
31742,12599,13,4,546.51,0.0
31743,12599,94,1,357.14,0.0
31744,12599,99,1,654.14,0.0
31745,12600,38,5,342.42,0.0
31746,12600,62,4,455.65,0.0
31747,12600,75,4,102.43,0.0
31748,12600,37,2,678.06,0.1
31749,12601,5,1,206.39,0.05
31750,12601,67,1,439.64,0.15
31751,12601,21,3,128.96,0.05
31752,12601,25,4,424.49,0.15
31753,12602,44,1,155.05,0.15
31754,12602,109,2,345.03,0.0
31755,12602,116,1,151.15,0.05
31756,12603,45,3,124.25,0.0
31757,12603,92,5,473.15,0.1
31758,12603,39,2,435.88,0.1
31759,12603,6,3,148.07,0.1
31760,12604,34,5,269.02,0.0
31761,12604,24,5,576.43,0.1
31762,12605,37,5,678.06,0.05
31763,12606,30,2,474.66,0.1
31764,12606,42,2,506.69,0.0
31765,12607,62,1,455.65,0.0
31766,12607,2,1,225.66,0.0
31767,12608,7,1,342.91,0.1
31768,12609,61,2,610.85,0.0
31769,12609,65,5,775.34,0.0
31770,12609,34,5,269.02,0.1
31771,12609,21,3,128.96,0.1
31772,12610,113,4,113.5,0.05
31773,12611,109,1,345.03,0.0
31774,12611,61,2,610.85,0.0
31775,12611,52,2,119.81,0.0
31776,12612,49,3,224.05,0.05
31777,12612,102,2,268.48,0.1
31778,12612,37,4,678.06,0.05
31779,12613,12,4,665.95,0.05
31780,12614,80,3,334.64,0.0
31781,12615,50,5,641.98,0.0
31782,12615,7,4,342.91,0.0
31783,12616,48,2,688.65,0.0
31784,12616,63,1,460.08,0.0
31785,12616,53,5,90.14,0.0
31786,12616,32,4,527.45,0.0
31787,12617,34,2,269.02,0.0
31788,12617,99,1,654.14,0.1
31789,12617,10,3,358.28,0.0
31790,12618,15,5,434.83,0.05
31791,12618,26,1,283.16,0.1
31792,12618,93,4,96.97,0.05
31793,12618,91,2,111.41,0.1
31794,12619,41,5,466.15,0.0
31795,12619,97,3,140.58,0.1
31796,12619,47,2,533.66,0.0
31797,12620,38,5,342.42,0.0
31798,12620,10,3,358.28,0.1
31799,12621,101,4,530.68,0.05
31800,12622,71,1,298.03,0.15
31801,12622,32,5,527.45,0.05
31802,12622,30,4,474.66,0.1
31803,12622,18,3,774.6,0.1
31804,12623,104,2,497.51,0.0
31805,12624,14,2,167.56,0.0
31806,12625,28,1,278.53,0.0
31807,12625,19,2,236.74,0.0
31808,12625,67,4,439.64,0.0
31809,12625,74,5,259.9,0.0
31810,12626,71,1,298.03,0.0
31811,12626,98,4,387.36,0.15
31812,12626,90,4,250.98,0.05
31813,12627,2,3,225.66,0.05
31814,12627,37,4,678.06,0.15
31815,12627,83,2,229.64,0.15
31816,12627,61,4,610.85,0.0
31817,12628,56,1,701.89,0.1
31818,12628,73,3,693.24,0.0
31819,12628,54,1,589.22,0.0
31820,12629,77,4,20.71,0.05
31821,12629,57,3,359.66,0.0
31822,12629,38,5,342.42,0.0
31823,12630,95,3,197.03,0.0
31824,12630,103,2,415.47,0.0
31825,12630,97,1,140.58,0.0
31826,12631,78,1,496.95,0.0
31827,12631,67,1,439.64,0.0
31828,12632,78,2,496.95,0.05
31829,12632,2,3,225.66,0.05
31830,12632,92,2,473.15,0.15
31831,12632,29,2,332.87,0.05
31832,12633,83,3,229.64,0.0
31833,12633,89,5,156.62,0.0
31834,12633,65,5,775.34,0.0
31835,12634,118,4,357.13,0.1
31836,12634,69,3,199.67,0.0
31837,12634,74,5,259.9,0.0
31838,12635,72,1,417.09,0.0
31839,12635,20,1,344.47,0.0
31840,12635,99,4,654.14,0.15
31841,12636,6,5,148.07,0.0
31842,12636,7,5,342.91,0.0
31843,12636,43,3,487.39,0.0
31844,12636,18,5,774.6,0.0
31845,12637,21,2,128.96,0.05
31846,12637,66,1,325.89,0.15
31847,12637,97,3,140.58,0.15
31848,12638,18,5,774.6,0.1
31849,12638,44,5,155.05,0.1
31850,12638,27,4,50.29,0.0
31851,12639,94,5,357.14,0.0
31852,12639,89,4,156.62,0.15
31853,12640,31,3,492.63,0.1
31854,12641,113,4,113.5,0.1
31855,12641,13,3,546.51,0.0
31856,12642,19,2,236.74,0.0
31857,12642,120,5,437.18,0.0
31858,12643,99,1,654.14,0.05
31859,12643,55,1,143.78,0.0
31860,12643,80,1,334.64,0.0
31861,12643,59,1,189.03,0.0
31862,12644,48,4,688.65,0.1
31863,12645,33,2,596.3,0.15
31864,12646,93,1,96.97,0.05
31865,12646,75,4,102.43,0.0
31866,12646,108,1,564.18,0.15
31867,12647,8,1,230.66,0.0
31868,12647,39,4,435.88,0.15
31869,12648,62,5,455.65,0.0
31870,12649,9,1,566.94,0.0
31871,12649,29,5,332.87,0.05
31872,12649,25,4,424.49,0.0
31873,12649,56,5,701.89,0.1
31874,12650,68,1,187.83,0.0
31875,12651,99,2,654.14,0.05
31876,12651,72,3,417.09,0.0
31877,12652,83,5,229.64,0.15
31878,12653,67,4,439.64,0.15
31879,12654,50,1,641.98,0.05
31880,12654,20,1,344.47,0.0
31881,12655,114,4,321.32,0.0
31882,12655,96,2,261.53,0.0
31883,12655,116,2,151.15,0.0
31884,12655,105,4,161.35,0.0
31885,12656,24,4,576.43,0.0
31886,12656,75,3,102.43,0.05
31887,12657,15,1,434.83,0.0
31888,12658,60,1,765.19,0.0
31889,12658,27,2,50.29,0.0
31890,12659,61,1,610.85,0.0
31891,12659,93,1,96.97,0.15
31892,12659,115,2,191.72,0.0
31893,12660,5,2,206.39,0.1
31894,12661,67,1,439.64,0.0
31895,12662,57,5,359.66,0.0
31896,12662,10,2,358.28,0.0
31897,12663,7,2,342.91,0.05
31898,12664,17,3,335.91,0.0
31899,12664,1,4,250.67,0.15
31900,12664,117,1,97.33,0.1
31901,12665,84,5,233.29,0.1
31902,12666,115,2,191.72,0.0
31903,12666,1,5,250.67,0.15
31904,12667,59,2,189.03,0.05
31905,12667,80,4,334.64,0.1
31906,12668,51,1,592.49,0.0
31907,12668,62,2,455.65,0.0
31908,12668,115,4,191.72,0.0
31909,12668,61,4,610.85,0.0
31910,12669,37,2,678.06,0.15
31911,12669,45,4,124.25,0.0
31912,12669,105,5,161.35,0.05
31913,12669,20,5,344.47,0.05
31914,12670,1,1,250.67,0.0
31915,12670,21,5,128.96,0.0
31916,12670,47,1,533.66,0.15
31917,12670,109,1,345.03,0.05
31918,12671,114,3,321.32,0.0
31919,12671,69,4,199.67,0.0
31920,12671,39,5,435.88,0.0
31921,12672,117,1,97.33,0.1
31922,12673,44,2,155.05,0.15
31923,12673,7,3,342.91,0.0
31924,12674,12,1,665.95,0.15
31925,12674,8,3,230.66,0.15
31926,12674,92,5,473.15,0.1
31927,12675,85,2,294.43,0.0
31928,12675,72,5,417.09,0.0
31929,12675,94,1,357.14,0.0
31930,12675,33,4,596.3,0.15
31931,12676,25,4,424.49,0.0
31932,12676,79,3,353.32,0.0
31933,12676,47,5,533.66,0.0
31934,12677,46,3,429.96,0.05
31935,12677,112,2,530.6,0.15
31936,12677,106,1,293.96,0.0
31937,12677,103,5,415.47,0.05
31938,12678,104,4,497.51,0.0
31939,12679,88,2,217.75,0.0
31940,12679,31,1,492.63,0.15
31941,12679,61,3,610.85,0.0
31942,12679,99,5,654.14,0.1
31943,12680,30,3,474.66,0.0
31944,12681,110,5,551.82,0.1
31945,12681,114,4,321.32,0.15
31946,12682,114,1,321.32,0.0
31947,12682,66,1,325.89,0.0
31948,12682,76,2,544.8,0.15
31949,12683,112,3,530.6,0.1
31950,12684,67,3,439.64,0.0
31951,12684,75,5,102.43,0.1
31952,12684,62,4,455.65,0.0
31953,12685,64,4,433.42,0.15
31954,12686,46,4,429.96,0.05
31955,12687,10,5,358.28,0.15
31956,12687,51,3,592.49,0.05
31957,12687,57,2,359.66,0.0
31958,12687,34,5,269.02,0.0
31959,12688,106,3,293.96,0.1
31960,12688,53,4,90.14,0.0
31961,12689,56,3,701.89,0.15
31962,12690,120,1,437.18,0.0
31963,12691,62,3,455.65,0.15
31964,12691,4,1,538.06,0.15
31965,12692,73,5,693.24,0.1
31966,12692,56,1,701.89,0.05
31967,12692,6,3,148.07,0.0
31968,12692,10,4,358.28,0.0
31969,12693,112,2,530.6,0.0
31970,12693,77,4,20.71,0.0
31971,12694,54,1,589.22,0.05
31972,12694,111,1,220.69,0.1
31973,12695,61,2,610.85,0.05
31974,12695,111,1,220.69,0.05
31975,12695,37,1,678.06,0.0
31976,12695,71,4,298.03,0.05
31977,12696,83,5,229.64,0.0
31978,12696,37,2,678.06,0.0
31979,12697,94,5,357.14,0.15
31980,12697,71,4,298.03,0.05
31981,12698,80,3,334.64,0.0
31982,12699,112,3,530.6,0.15
31983,12699,79,1,353.32,0.0
31984,12699,43,1,487.39,0.1
31985,12699,48,5,688.65,0.05
31986,12700,37,4,678.06,0.0
31987,12700,97,2,140.58,0.0
31988,12700,84,2,233.29,0.0
31989,12701,49,3,224.05,0.15
31990,12702,9,5,566.94,0.0
31991,12702,73,3,693.24,0.1
31992,12703,38,4,342.42,0.0
31993,12703,72,4,417.09,0.05
31994,12703,75,5,102.43,0.0
31995,12704,91,4,111.41,0.1
31996,12704,87,2,87.7,0.15
31997,12704,104,1,497.51,0.0
31998,12705,55,5,143.78,0.05
31999,12706,69,2,199.67,0.0
32000,12706,39,3,435.88,0.05
32001,12706,102,5,268.48,0.0
32002,12706,100,2,192.03,0.0
32003,12707,113,5,113.5,0.0
32004,12707,57,2,359.66,0.05
32005,12707,40,1,246.27,0.0
32006,12707,30,5,474.66,0.0
32007,12708,71,3,298.03,0.05
32008,12708,43,4,487.39,0.15
32009,12708,116,2,151.15,0.05
32010,12709,40,1,246.27,0.15
32011,12709,108,1,564.18,0.1
32012,12709,73,5,693.24,0.0
32013,12710,77,4,20.71,0.1
32014,12710,28,5,278.53,0.15
32015,12710,40,2,246.27,0.0
32016,12710,93,4,96.97,0.1
32017,12711,21,4,128.96,0.0
32018,12712,8,5,230.66,0.0
32019,12712,56,4,701.89,0.0
32020,12713,13,2,546.51,0.0
32021,12713,37,2,678.06,0.0
32022,12714,27,5,50.29,0.0
32023,12714,74,1,259.9,0.0
32024,12714,66,4,325.89,0.0
32025,12714,2,4,225.66,0.05
32026,12715,39,1,435.88,0.1
32027,12715,47,4,533.66,0.1
32028,12715,79,2,353.32,0.15
32029,12715,80,3,334.64,0.0
32030,12716,92,5,473.15,0.0
32031,12716,76,5,544.8,0.0
32032,12716,22,2,155.04,0.05
32033,12717,106,2,293.96,0.0
32034,12718,91,3,111.41,0.1
32035,12718,53,5,90.14,0.1
32036,12719,98,4,387.36,0.0
32037,12719,101,5,530.68,0.1
32038,12719,69,4,199.67,0.0
32039,12720,118,5,357.13,0.0
32040,12721,73,3,693.24,0.1
32041,12721,106,5,293.96,0.0
32042,12721,84,1,233.29,0.0
32043,12721,87,2,87.7,0.0
32044,12722,77,5,20.71,0.0
32045,12722,13,4,546.51,0.15
32046,12722,55,3,143.78,0.0
32047,12723,58,1,421.43,0.0
32048,12724,84,3,233.29,0.0
32049,12725,95,5,197.03,0.1
32050,12726,93,5,96.97,0.15
32051,12726,108,2,564.18,0.0
32052,12727,14,3,167.56,0.0
32053,12727,49,2,224.05,0.0
32054,12727,93,4,96.97,0.1
32055,12727,29,1,332.87,0.0
32056,12728,76,5,544.8,0.05
32057,12729,102,4,268.48,0.1
32058,12729,36,3,461.97,0.1
32059,12729,111,4,220.69,0.05
32060,12729,61,3,610.85,0.1
32061,12730,48,1,688.65,0.0
32062,12730,43,3,487.39,0.0
32063,12730,86,3,508.15,0.05
32064,12730,82,3,382.23,0.0
32065,12731,67,4,439.64,0.0
32066,12731,22,2,155.04,0.0
32067,12731,102,1,268.48,0.0
32068,12731,104,4,497.51,0.05
32069,12732,45,3,124.25,0.15
32070,12732,94,5,357.14,0.0
32071,12732,111,3,220.69,0.0
32072,12733,31,2,492.63,0.1
32073,12734,19,5,236.74,0.0
32074,12734,81,1,472.42,0.15
32075,12734,29,2,332.87,0.1
32076,12734,20,2,344.47,0.0
32077,12735,18,1,774.6,0.15
32078,12736,109,5,345.03,0.0
32079,12736,77,2,20.71,0.1
32080,12736,119,5,181.96,0.0
32081,12736,36,5,461.97,0.0
32082,12737,89,4,156.62,0.15
32083,12737,114,1,321.32,0.0
32084,12737,38,5,342.42,0.1
32085,12737,65,5,775.34,0.0
32086,12738,116,4,151.15,0.1
32087,12738,117,2,97.33,0.0
32088,12738,31,3,492.63,0.15
32089,12739,45,3,124.25,0.0
32090,12739,3,2,400.77,0.0
32091,12740,26,2,283.16,0.0
32092,12740,92,1,473.15,0.1
32093,12740,84,4,233.29,0.0
32094,12740,89,4,156.62,0.15
32095,12741,9,2,566.94,0.1
32096,12742,14,5,167.56,0.0
32097,12743,18,2,774.6,0.05
32098,12743,43,3,487.39,0.0
32099,12743,111,1,220.69,0.0
32100,12744,71,3,298.03,0.0
32101,12745,42,2,506.69,0.0
32102,12746,113,2,113.5,0.0
32103,12747,75,5,102.43,0.05
32104,12747,27,1,50.29,0.0
32105,12748,96,1,261.53,0.0
32106,12749,112,1,530.6,0.05
32107,12749,53,3,90.14,0.05
32108,12749,3,1,400.77,0.0
32109,12750,23,3,473.03,0.0
32110,12751,61,5,610.85,0.05
32111,12751,27,4,50.29,0.0
32112,12752,16,3,337.82,0.05
32113,12752,31,5,492.63,0.1
32114,12752,97,1,140.58,0.0
32115,12752,86,3,508.15,0.0
32116,12753,52,5,119.81,0.0
32117,12753,101,3,530.68,0.05
32118,12753,120,4,437.18,0.1
32119,12753,93,3,96.97,0.0
32120,12754,20,3,344.47,0.15
32121,12754,70,5,477.56,0.0
32122,12755,12,4,665.95,0.0
32123,12755,29,2,332.87,0.05
32124,12756,24,3,576.43,0.1
32125,12757,88,1,217.75,0.05
32126,12758,29,3,332.87,0.0
32127,12759,43,5,487.39,0.1
32128,12759,12,1,665.95,0.0
32129,12760,100,5,192.03,0.0
32130,12760,4,3,538.06,0.0
32131,12760,8,5,230.66,0.0
32132,12760,87,5,87.7,0.0
32133,12761,119,2,181.96,0.05
32134,12761,49,1,224.05,0.0
32135,12761,110,4,551.82,0.15
32136,12762,27,1,50.29,0.0
32137,12763,12,1,665.95,0.0
32138,12763,6,5,148.07,0.05
32139,12763,99,5,654.14,0.15
32140,12763,93,3,96.97,0.0
32141,12764,77,2,20.71,0.1
32142,12765,98,5,387.36,0.1
32143,12765,54,4,589.22,0.0
32144,12765,102,1,268.48,0.1
32145,12766,32,1,527.45,0.0
32146,12766,116,4,151.15,0.15
32147,12767,113,4,113.5,0.15
32148,12767,18,3,774.6,0.0
32149,12767,16,5,337.82,0.15
32150,12768,28,3,278.53,0.0
32151,12768,10,3,358.28,0.05
32152,12768,111,1,220.69,0.1
32153,12768,112,5,530.6,0.0
32154,12769,4,4,538.06,0.05
32155,12769,81,4,472.42,0.0
32156,12769,75,2,102.43,0.1
32157,12770,51,2,592.49,0.0
32158,12770,101,3,530.68,0.0
32159,12771,78,2,496.95,0.05
32160,12771,96,4,261.53,0.0
32161,12771,86,1,508.15,0.0
32162,12772,77,2,20.71,0.0
32163,12772,93,2,96.97,0.0
32164,12772,24,4,576.43,0.0
32165,12772,3,1,400.77,0.15
32166,12773,60,5,765.19,0.05
32167,12773,4,5,538.06,0.05
32168,12773,71,4,298.03,0.0
32169,12774,50,3,641.98,0.15
32170,12774,38,4,342.42,0.05
32171,12774,92,3,473.15,0.0
32172,12775,119,2,181.96,0.1
32173,12775,1,2,250.67,0.1
32174,12775,33,1,596.3,0.0
32175,12775,48,1,688.65,0.1
32176,12776,73,5,693.24,0.1
32177,12776,110,5,551.82,0.15
32178,12777,49,1,224.05,0.1
32179,12777,88,1,217.75,0.1
32180,12777,101,5,530.68,0.0
