payment_id,order_id,amount,method,paid_at
1,12399,1587.01,credit_card,2026-09-06 12:00:00
2,2614,2520.35,wire,2025-06-15 12:00:00
3,4630,966.23,invoice,2025-09-25 12:00:00
4,6114,1469.8,credit_card,2025-11-29 12:00:00
5,10128,4583.38,wire,2026-05-25 12:00:00
6,6506,491.86,invoice,2025-12-17 12:00:00
7,6097,5193.7,invoice,2025-11-11 12:00:00
8,4031,3577.92,wire,2025-08-15 12:00:00
9,6607,1748.15,wire,2025-12-16 12:00:00
10,358,658.41,ach,2025-02-05 12:00:00
11,3644,1842.22,credit_card,2025-07-26 12:00:00
12,2821,1926.49,wire,2025-06-21 12:00:00
13,10899,1428.56,ach,2026-06-30 12:00:00
14,1415,3683.41,credit_card,2025-04-08 12:00:00
15,4654,437.18,credit_card,2025-09-14 12:00:00
16,11354,415.47,invoice,2026-07-18 12:00:00
17,2883,353.32,credit_card,2025-06-27 12:00:00
18,6921,748.71,invoice,2025-12-25 12:00:00
19,11869,2742.55,wire,2026-08-08 12:00:00
20,2715,3303.2,credit_card,2025-07-03 12:00:00
21,9713,3502.06,ach,2026-05-28 12:00:00
22,1143,92.46,credit_card,2025-04-01 12:00:00
23,12090,586.55,ach,2026-08-12 12:00:00
24,10732,2607.16,wire,2026-07-01 12:00:00
25,10115,3313.62,ach,2026-05-20 12:00:00
26,4082,1331.65,wire,2025-08-19 12:00:00
27,3298,7471.13,credit_card,2025-07-14 12:00:00
28,1409,3396.37,ach,2025-04-14 12:00:00
29,8295,878.4,credit_card,2026-02-10 12:00:00
30,12469,1041.91,invoice,2026-09-25 12:00:00
31,12256,1684.98,invoice,2026-09-23 12:00:00
32,10023,2788.07,credit_card,2026-05-28 12:00:00
33,5305,5032.07,ach,2025-10-05 12:00:00
34,6760,2888.79,ach,2025-12-19 12:00:00
35,9827,3145.4,credit_card,2026-05-23 12:00:00
36,9039,3496.71,invoice,2026-04-11 12:00:00
37,11020,3431.19,ach,2026-07-29 12:00:00
38,3315,5350.62,wire,2025-07-28 12:00:00
39,8808,2192.25,wire,2026-03-22 12:00:00
40,8472,1242.27,ach,2026-03-05 12:00:00
41,1079,3408.96,wire,2025-03-16 12:00:00
42,3335,2649.94,credit_card,2025-07-22 12:00:00
43,9690,3374.07,ach,2026-05-08 12:00:00
44,5169,641.86,ach,2025-10-17 12:00:00
45,2499,1002.83,ach,2025-05-10 12:00:00
46,10763,582.95,wire,2026-06-29 12:00:00
47,2860,6019.6,wire,2025-06-27 12:00:00
48,1698,6913.22,wire,2025-04-17 12:00:00
49,10421,4682.19,ach,2026-06-13 12:00:00
50,6948,5202.32,ach,2025-12-26 12:00:00
51,1979,1709.72,wire,2025-05-21 12:00:00
52,1218,2436.54,invoice,2025-03-09 12:00:00
53,6559,2527.28,credit_card,2025-12-12 12:00:00
54,9878,878.33,credit_card,2026-05-03 12:00:00
55,7579,342.91,ach,2026-01-07 12:00:00
56,11185,8112.83,credit_card,2026-07-02 12:00:00
57,4220,3792.26,invoice,2025-09-05 12:00:00
58,5689,1142.23,invoice,2025-11-11 12:00:00
59,5774,2878.17,wire,2025-11-11 12:00:00
60,9684,2062.99,ach,2026-05-10 12:00:00
61,4027,434.83,ach,2025-08-26 12:00:00
62,10287,1242.87,ach,2026-06-11 12:00:00
63,3170,3467.1,credit_card,2025-07-19 12:00:00
64,9281,1776.38,wire,2026-05-01 12:00:00
65,9117,2637.24,wire,2026-04-09 12:00:00
66,6746,128.96,wire,2025-12-22 12:00:00
67,3560,9032.21,ach,2025-07-01 12:00:00
68,10666,2176.14,invoice,2026-06-13 12:00:00
69,8744,5501.2,ach,2026-03-11 12:00:00
70,654,4269.51,wire,2025-03-19 12:00:00
71,6150,1701.02,wire,2025-11-17 12:00:00
72,291,1366.95,ach,2025-02-17 12:00:00
73,6683,818.82,wire,2025-12-09 12:00:00
74,5876,3264.9,credit_card,2025-11-16 12:00:00
75,3996,5944.44,credit_card,2025-09-04 12:00:00
76,3446,1561.64,ach,2025-07-24 12:00:00
77,10109,4571.87,invoice,2026-06-02 12:00:00
78,5668,763.08,invoice,2025-11-22 12:00:00
79,6201,1268.91,invoice,2025-11-29 12:00:00
80,12670,1676.86,ach,2026-09-23 12:00:00
81,2755,3482.57,wire,2025-06-12 12:00:00
82,7948,3107.16,invoice,2026-02-07 12:00:00
83,4032,3966.94,wire,2025-08-26 12:00:00
84,721,2616.94,invoice,2025-03-04 12:00:00
85,361,532.93,ach,2025-02-23 12:00:00
86,12733,886.73,wire,2026-09-09 12:00:00
87,12295,1285.28,ach,2026-09-14 12:00:00
88,4485,4111.43,invoice,2025-09-30 12:00:00
89,9283,4197.26,invoice,2026-05-05 12:00:00
90,8926,6564.3,invoice,2026-03-12 12:00:00
91,11843,4277.28,invoice,2026-08-23 12:00:00
92,10466,3420.57,wire,2026-06-08 12:00:00
93,11228,3121.93,invoice,2026-07-30 12:00:00
94,6346,2486.43,credit_card,2025-11-02 12:00:00
95,742,898.98,invoice,2025-03-31 12:00:00
96,12170,3723.84,wire,2026-09-20 12:00:00
97,11242,1251.69,invoice,2026-07-08 12:00:00
98,8879,334.23,wire,2026-03-26 12:00:00
99,6197,1361.05,ach,2025-11-14 12:00:00
100,305,497.32,invoice,2025-02-26 12:00:00
101,11147,1177.72,ach,2026-08-02 12:00:00
102,3600,1673.2,ach,2025-07-17 12:00:00
103,8619,1516.09,invoice,2026-03-11 12:00:00
104,8440,3648.02,wire,2026-03-23 12:00:00
105,7203,3113.09,invoice,2025-12-11 12:00:00
106,7035,1567.51,ach,2025-12-16 12:00:00
107,8325,159.66,credit_card,2026-02-01 12:00:00
108,9,423.28,invoice,2025-02-13 12:00:00
109,2352,785.14,credit_card,2025-05-04 12:00:00
110,12007,851.67,wire,2026-09-05 12:00:00
111,5002,1304.49,wire,2025-10-02 12:00:00
112,1023,4465.3,invoice,2025-03-30 12:00:00
113,8248,2565.91,invoice,2026-02-23 12:00:00
114,10260,4445.26,invoice,2026-05-22 12:00:00
115,8927,414.28,credit_card,2026-03-21 12:00:00
116,4502,718.9,ach,2025-09-24 12:00:00
117,4166,6055.41,wire,2025-08-14 12:00:00
118,922,675.64,invoice,2025-03-14 12:00:00
119,6998,7050.38,wire,2025-12-20 12:00:00
120,8305,2889.29,invoice,2026-02-22 12:00:00
121,12486,1679.1,ach,2026-09-07 12:00:00
122,1122,974.78,ach,2025-04-04 12:00:00
123,8135,583.09,wire,2026-02-26 12:00:00
124,9015,477.55,credit_card,2026-03-07 12:00:00
125,9617,1716.61,credit_card,2026-04-05 12:00:00
126,5762,4675.79,ach,2025-11-16 12:00:00
127,469,358.28,ach,2025-02-09 12:00:00
128,8052,2264.18,ach,2026-02-15 12:00:00
129,1352,3101.36,credit_card,2025-04-27 12:00:00
130,11200,1275.7,invoice,2026-07-23 12:00:00
131,5497,2106.1,wire,2025-10-24 12:00:00
132,3548,1472.15,ach,2025-07-12 12:00:00
133,3773,1719.22,wire,2025-08-09 12:00:00
134,1990,270.42,wire,2025-05-16 12:00:00
135,8775,2659.15,credit_card,2026-03-24 12:00:00
136,3018,4060.94,invoice,2025-06-30 12:00:00
137,10704,1275.53,invoice,2026-06-27 12:00:00
138,6364,2526.81,credit_card,2025-11-23 12:00:00
139,3070,6451.96,ach,2025-07-03 12:00:00
140,7389,454.56,invoice,2026-01-27 12:00:00
141,7404,4467.28,credit_card,2026-01-22 12:00:00
142,2345,2020.36,wire,2025-05-22 12:00:00
143,3845,4027.53,ach,2025-08-26 12:00:00
144,9748,2931.39,wire,2026-05-23 12:00:00
145,1458,8478.12,wire,2025-04-24 12:00:00
146,5325,156.62,credit_card,2025-10-14 12:00:00
147,1666,1275.6,invoice,2025-04-17 12:00:00
148,12160,2224.08,invoice,2026-09-17 12:00:00
149,1176,1512.21,invoice,2025-03-16 12:00:00
150,7820,2898.62,credit_card,2026-02-12 12:00:00
151,12763,4440.29,wire,2026-09-09 12:00:00
152,10567,2623.11,ach,2026-06-21 12:00:00
153,5703,3924.82,invoice,2025-11-19 12:00:00
154,9315,1910.52,ach,2026-04-08 12:00:00
155,6272,3958.21,ach,2025-11-07 12:00:00
156,11263,1600.34,ach,2026-07-12 12:00:00
157,3296,2213.07,ach,2025-07-17 12:00:00
158,519,1711.3,invoice,2025-02-28 12:00:00
159,7145,3042.7,ach,2025-12-16 12:00:00
160,4216,2026.76,ach,2025-08-08 12:00:00
161,9576,5884.91,ach,2026-04-24 12:00:00
162,9823,557.15,ach,2026-05-16 12:00:00
163,5264,1177.72,wire,2025-10-12 12:00:00
164,7573,3950.01,credit_card,2026-01-13 12:00:00
165,4468,2372.27,wire,2025-09-15 12:00:00
166,11597,2293.9,invoice,2026-08-18 12:00:00
167,10753,935.64,ach,2026-06-01 12:00:00
168,7515,2026.76,ach,2026-01-12 12:00:00
169,10837,1592.05,invoice,2026-06-12 12:00:00
170,4683,3017.76,credit_card,2025-09-07 12:00:00
171,380,508.15,invoice,2025-03-02 12:00:00
172,3699,910.71,invoice,2025-07-14 12:00:00
173,1865,6004.92,wire,2025-04-10 12:00:00
174,5849,2565.32,credit_card,2025-11-08 12:00:00
175,2814,3171.43,ach,2025-06-26 12:00:00
176,3543,187.83,wire,2025-07-15 12:00:00
177,12679,5630.42,invoice,2026-09-10 12:00:00
178,7689,1580.47,credit_card,2026-01-15 12:00:00
179,182,1876.44,credit_card,2025-02-27 12:00:00
180,9082,960.4,wire,2026-04-18 12:00:00
181,4282,3507.68,wire,2025-08-11 12:00:00
182,174,2439.83,credit_card,2025-02-19 12:00:00
183,9108,2016.33,ach,2026-04-18 12:00:00
184,1403,4013.38,ach,2025-04-30 12:00:00
185,1663,2641.64,credit_card,2025-04-24 12:00:00
186,8257,1784.11,wire,2026-02-13 12:00:00
187,4411,3427.18,wire,2025-10-01 12:00:00
188,1329,6759.21,wire,2025-04-18 12:00:00
189,4339,2915.69,credit_card,2025-08-21 12:00:00
190,11453,962.71,wire,2026-07-24 12:00:00
191,2789,2916.33,wire,2025-06-15 12:00:00
192,12345,6329.74,wire,2026-09-04 12:00:00
193,9027,2052.43,invoice,2026-03-19 12:00:00
194,3903,1764.23,invoice,2025-08-14 12:00:00
195,829,863.07,wire,2025-03-24 12:00:00
196,12074,2138.53,ach,2026-08-16 12:00:00
197,6931,699.87,wire,2026-01-01 12:00:00
198,3095,2851.82,credit_card,2025-06-03 12:00:00
199,11864,3215.64,credit_card,2026-08-27 12:00:00
200,4875,1979.14,ach,2025-09-17 12:00:00
201,8080,1396.31,credit_card,2026-02-17 12:00:00
202,1767,6078.36,wire,2025-04-18 12:00:00
203,2168,5718.13,invoice,2025-06-02 12:00:00
204,4041,2312.56,credit_card,2025-08-21 12:00:00
205,10695,4153.83,invoice,2026-06-05 12:00:00
206,488,1893.05,credit_card,2025-02-19 12:00:00
207,3669,546.36,credit_card,2025-07-29 12:00:00
208,8138,1175.69,credit_card,2026-02-16 12:00:00
209,4437,199.67,ach,2025-09-15 12:00:00
210,48,1892.6,ach,2025-02-19 12:00:00
211,9487,3361.43,invoice,2026-04-29 12:00:00
212,3195,3640.82,wire,2025-07-15 12:00:00
213,10261,3162.43,invoice,2026-06-02 12:00:00
214,7593,2598.68,credit_card,2026-01-27 12:00:00
215,5398,791.96,ach,2025-10-20 12:00:00
216,11164,1838.68,credit_card,2026-07-19 12:00:00
217,11500,119.81,ach,2026-07-09 12:00:00
218,3317,1377.3,ach,2025-07-29 12:00:00
219,3820,2398.36,ach,2025-08-09 12:00:00
220,6349,5216.92,invoice,2025-11-25 12:00:00
221,4756,1178.6,credit_card,2025-09-26 12:00:00
222,8728,3944.67,wire,2026-03-08 12:00:00
223,5337,2820.9,wire,2025-10-07 12:00:00
224,10104,1118.29,invoice,2026-05-28 12:00:00
225,7643,3732.34,ach,2026-01-11 12:00:00
226,2520,4631.85,invoice,2025-06-11 12:00:00
227,12042,2267.21,credit_card,2026-08-13 12:00:00
228,5554,7423.52,invoice,2025-10-21 12:00:00
229,6106,4318.47,credit_card,2025-11-09 12:00:00
230,7582,942.67,credit_card,2026-01-20 12:00:00
231,7863,141.38,wire,2026-02-17 12:00:00
232,1670,1850.24,ach,2025-04-23 12:00:00
233,7045,1492.53,wire,2025-12-27 12:00:00
234,1373,780.78,ach,2025-04-17 12:00:00
235,4985,4365.96,invoice,2025-09-25 12:00:00
236,7195,917.91,wire,2025-12-15 12:00:00
237,1434,4456.39,credit_card,2025-04-15 12:00:00
238,3964,3139.78,wire,2025-08-21 12:00:00
239,1731,2096.92,credit_card,2025-04-12 12:00:00
240,5467,5993.45,invoice,2025-10-21 12:00:00
241,928,1117.81,invoice,2025-03-17 12:00:00
242,12046,1720.61,credit_card,2026-08-17 12:00:00
243,3523,1231.35,credit_card,2025-07-23 12:00:00
244,4862,1160.94,credit_card,2025-09-13 12:00:00
245,1040,4716.24,credit_card,2025-03-15 12:00:00
246,6891,4827.36,invoice,2025-12-14 12:00:00
247,9040,2314.56,invoice,2026-04-09 12:00:00
248,386,5660.04,wire,2025-02-16 12:00:00
249,1086,1471.74,credit_card,2025-03-25 12:00:00
250,6524,5130.51,wire,2025-12-26 12:00:00
251,11635,1007.7,ach,2026-08-05 12:00:00
252,11921,2418.3,invoice,2026-08-10 12:00:00
253,2964,621.43,invoice,2025-06-11 12:00:00
254,5419,2829.17,wire,2025-10-10 12:00:00
255,1484,5770.97,ach,2025-04-03 12:00:00
256,7633,2607.6,invoice,2026-01-19 12:00:00
257,2782,5097.12,ach,2025-06-20 12:00:00
258,6884,3907.33,wire,2025-12-27 12:00:00
259,10718,437.18,invoice,2026-06-30 12:00:00
260,11526,3262.2,wire,2026-07-16 12:00:00
261,6110,2048.43,ach,2025-12-01 12:00:00
262,2110,944.84,wire,2025-05-12 12:00:00
263,6126,3892.1,invoice,2025-11-27 12:00:00
264,11913,1169.28,ach,2026-08-31 12:00:00
265,5658,706.64,wire,2025-11-04 12:00:00
266,2058,546.51,invoice,2025-05-01 12:00:00
267,6118,2682.73,wire,2025-11-19 12:00:00
268,11092,6605.68,ach,2026-07-30 12:00:00
269,2792,2695.46,ach,2025-06-25 12:00:00
270,6394,4177.77,credit_card,2025-11-17 12:00:00
271,12641,2048.13,wire,2026-09-13 12:00:00
272,12653,1494.78,invoice,2026-09-10 12:00:00
273,8406,1013.46,wire,2026-03-11 12:00:00
274,5350,353.32,credit_card,2025-10-16 12:00:00
275,11681,1146.69,invoice,2026-08-05 12:00:00
276,1635,2048.3,credit_card,2025-04-22 12:00:00
277,9973,2268.77,ach,2026-05-19 12:00:00
278,11096,3685.88,ach,2026-07-23 12:00:00
279,6748,1557.55,credit_card,2025-12-13 12:00:00
280,1740,747.39,invoice,2025-04-09 12:00:00
281,7269,3645.01,ach,2025-12-26 12:00:00
282,8212,4663.23,ach,2026-02-13 12:00:00
283,7628,1807.52,wire,2026-02-02 12:00:00
284,5498,3896.88,invoice,2025-10-30 12:00:00
285,6962,1355.45,wire,2025-12-11 12:00:00
286,1956,2616.4,ach,2025-05-20 12:00:00
287,6381,5342.94,wire,2025-11-16 12:00:00
288,397,881.88,wire,2025-02-10 12:00:00
289,3459,1410.3,credit_card,2025-07-17 12:00:00
290,10582,3657.66,credit_card,2026-06-10 12:00:00
291,4257,5146.61,credit_card,2025-08-13 12:00:00
292,6099,1359.56,ach,2025-11-02 12:00:00
293,5008,2312.4,credit_card,2025-10-28 12:00:00
294,3593,1234.48,invoice,2025-07-03 12:00:00
295,12064,4107.78,ach,2026-08-07 12:00:00
296,312,1607.58,invoice,2025-02-27 12:00:00
297,5220,3384.68,wire,2025-10-30 12:00:00
298,11114,1545.85,wire,2026-07-10 12:00:00
299,4415,2152.24,invoice,2025-09-25 12:00:00
300,12242,837.78,credit_card,2026-09-12 12:00:00
301,2311,4961.39,ach,2025-05-07 12:00:00
302,1826,1020.49,wire,2025-04-15 12:00:00
303,750,1845.7,credit_card,2025-03-18 12:00:00
304,9712,6343.04,credit_card,2026-06-01 12:00:00
305,2367,5633.3,ach,2025-05-27 12:00:00
306,11372,3234.78,credit_card,2026-07-14 12:00:00
307,9288,1595.68,wire,2026-04-25 12:00:00
308,10085,816.92,ach,2026-05-16 12:00:00
309,12089,3186.05,wire,2026-08-25 12:00:00
310,8604,441.86,wire,2026-03-06 12:00:00
311,3859,422.04,invoice,2025-08-07 12:00:00
312,3470,5067.07,credit_card,2025-07-07 12:00:00
313,6928,1049.8,ach,2026-01-03 12:00:00
314,8340,3979.59,invoice,2026-02-10 12:00:00
315,6769,1570.09,credit_card,2025-12-06 12:00:00
316,7949,1340.5,ach,2026-03-05 12:00:00
317,2324,3094.64,invoice,2025-05-28 12:00:00
318,5602,1734.61,invoice,2025-10-06 12:00:00
319,6124,4470.53,ach,2025-11-15 12:00:00
320,3167,3863.98,invoice,2025-07-25 12:00:00
321,1347,3519.44,credit_card,2025-04-19 12:00:00
322,1609,2077.35,credit_card,2025-05-02 12:00:00
323,11675,2629.14,ach,2026-08-08 12:00:00
324,9496,2408.68,credit_card,2026-04-25 12:00:00
325,2055,4564.86,ach,2025-05-15 12:00:00
326,2528,4026.24,wire,2025-06-14 12:00:00
327,248,1582.35,invoice,2025-03-01 12:00:00
328,6031,2193.26,credit_card,2025-11-22 12:00:00
329,9192,880.31,credit_card,2026-04-17 12:00:00
330,8048,2365.15,credit_card,2026-02-21 12:00:00
331,219,4275.88,invoice,2025-02-03 12:00:00
332,1600,7194.62,credit_card,2025-04-30 12:00:00
333,4251,4412.33,credit_card,2025-08-13 12:00:00
334,3370,4449.48,ach,2025-08-01 12:00:00
335,9439,151.15,wire,2026-04-13 12:00:00
336,2190,2554.35,ach,2025-06-02 12:00:00
337,51,6386.08,credit_card,2025-02-26 12:00:00
338,7075,2928.51,ach,2025-12-05 12:00:00
339,4024,2240.3,ach,2025-09-02 12:00:00
340,9981,1706.12,credit_card,2026-05-30 12:00:00
341,11534,4179.84,invoice,2026-08-10 12:00:00
342,2667,3426.19,ach,2025-06-25 12:00:00
343,4004,538.06,wire,2025-08-29 12:00:00
344,3685,4341.23,credit_card,2025-07-15 12:00:00
345,6464,718.31,invoice,2025-11-29 12:00:00
346,8945,4689.1,invoice,2026-03-17 12:00:00
347,11944,3617.74,ach,2026-08-10 12:00:00
348,12330,1393.1,wire,2026-09-22 12:00:00
349,6751,582.49,ach,2025-12-04 12:00:00
350,11899,5273.49,wire,2026-09-01 12:00:00
351,9119,1130.46,credit_card,2026-04-19 12:00:00
352,4280,977.67,invoice,2025-08-22 12:00:00
353,2885,2468.23,invoice,2025-06-17 12:00:00
354,9103,1759.45,ach,2026-04-11 12:00:00
355,451,3942.06,wire,2025-02-25 12:00:00
356,5229,5107.93,ach,2025-11-02 12:00:00
357,8384,3706.18,wire,2026-02-26 12:00:00
358,2632,4488.71,ach,2025-06-26 12:00:00
359,4681,2302.8,ach,2025-10-02 12:00:00
360,9134,692.77,credit_card,2026-05-01 12:00:00
361,1723,1742.16,credit_card,2025-04-19 12:00:00
362,5466,3607.54,invoice,2025-10-25 12:00:00
363,12296,2744.99,wire,2026-09-05 12:00:00
364,9966,2031.07,wire,2026-05-31 12:00:00
365,6330,4573.61,credit_card,2025-11-20 12:00:00
366,587,1617.51,wire,2025-02-03 12:00:00
367,12446,2482.95,credit_card,2026-09-29 12:00:00
368,4823,3022.12,wire,2025-09-07 12:00:00
369,9458,3165.11,wire,2026-04-17 12:00:00
370,3161,2451.36,wire,2025-07-22 12:00:00
371,2020,5204.07,wire,2025-05-04 12:00:00
372,5420,3361.61,credit_card,2025-10-21 12:00:00
373,3614,3316.2,credit_card,2025-07-10 12:00:00
374,3542,500.84,wire,2025-07-13 12:00:00
375,12092,2039.4,invoice,2026-08-02 12:00:00
376,3464,3816.9,credit_card,2025-07-29 12:00:00
377,3571,2324.39,invoice,2025-07-27 12:00:00
378,11508,1331.9,wire,2026-07-14 12:00:00
379,6497,1466.91,invoice,2025-12-13 12:00:00
380,7947,1941.35,wire,2026-02-18 12:00:00
381,11831,4523.52,credit_card,2026-08-26 12:00:00
382,5900,5069.75,wire,2025-11-06 12:00:00
383,8371,3455.46,invoice,2026-03-02 12:00:00
384,8884,1285.28,invoice,2026-04-03 12:00:00
385,4412,690.37,wire,2025-09-09 12:00:00
386,2317,3542.03,ach,2025-05-12 12:00:00
387,11445,2875.6,wire,2026-07-15 12:00:00
388,2752,2091.67,ach,2025-06-23 12:00:00
389,3308,869.66,credit_card,2025-07-15 12:00:00
390,3791,4084.66,ach,2025-08-11 12:00:00
391,1108,1545.5,ach,2025-03-17 12:00:00
392,1158,1316.82,ach,2025-03-14 12:00:00
393,100,2026.76,credit_card,2025-02-06 12:00:00
394,5642,291.99,ach,2025-11-28 12:00:00
395,840,4849.08,invoice,2025-03-18 12:00:00
396,4095,4242.24,invoice,2025-08-14 12:00:00
397,10285,1094.42,credit_card,2026-06-13 12:00:00
398,8438,5051.71,ach,2026-03-25 12:00:00
399,4964,7492.0,invoice,2025-09-02 12:00:00
400,10376,4643.66,credit_card,2026-06-10 12:00:00
401,11794,229.86,invoice,2026-08-03 12:00:00
402,648,335.91,wire,2025-03-24 12:00:00
403,10505,1192.15,credit_card,2026-06-04 12:00:00
404,150,1616.93,invoice,2025-02-05 12:00:00
405,7503,546.98,ach,2026-01-29 12:00:00
406,3129,6985.74,ach,2025-07-19 12:00:00
407,4833,4815.11,wire,2025-09-14 12:00:00
408,9412,977.67,wire,2026-04-15 12:00:00
409,7259,2814.81,credit_card,2025-12-21 12:00:00
410,6698,598.69,credit_card,2025-12-09 12:00:00
411,5736,4740.52,wire,2025-11-18 12:00:00
412,7436,955.12,invoice,2026-01-16 12:00:00
413,896,4219.45,ach,2025-03-18 12:00:00
414,201,1664.35,invoice,2025-02-05 12:00:00
415,6078,2954.43,credit_card,2025-11-25 12:00:00
416,6426,636.66,ach,2025-11-20 12:00:00
417,2454,642.64,wire,2025-05-16 12:00:00
418,252,329.26,credit_card,2025-02-14 12:00:00
419,1044,777.87,wire,2025-03-11 12:00:00
420,178,5378.73,invoice,2025-02-22 12:00:00
421,5091,2586.83,invoice,2025-10-08 12:00:00
422,3266,1331.8,ach,2025-07-13 12:00:00
423,12433,3006.97,invoice,2026-09-26 12:00:00
424,2040,4848.56,invoice,2025-05-26 12:00:00
425,9731,4583.17,credit_card,2026-05-25 12:00:00
426,3563,670.24,wire,2025-07-15 12:00:00
427,9968,2235.96,wire,2026-05-08 12:00:00
428,7073,1664.36,ach,2026-01-01 12:00:00
429,354,2661.96,ach,2025-02-27 12:00:00
430,12776,5464.82,credit_card,2026-09-29 12:00:00
431,3695,693.82,wire,2025-07-19 12:00:00
432,2630,2330.75,credit_card,2025-06-06 12:00:00
433,8920,4431.68,credit_card,2026-03-27 12:00:00
434,84,1953.55,invoice,2025-02-11 12:00:00
435,10860,378.06,credit_card,2026-06-16 12:00:00
436,3818,2950.04,wire,2025-08-31 12:00:00
437,4899,3896.32,invoice,2025-09-27 12:00:00
438,6108,4533.02,credit_card,2025-11-19 12:00:00
439,8425,2406.14,credit_card,2026-03-24 12:00:00
440,2925,4697.89,credit_card,2025-07-01 12:00:00
441,9954,747.42,ach,2026-05-26 12:00:00
442,4787,2118.85,ach,2025-10-02 12:00:00
443,8782,987.62,invoice,2026-03-21 12:00:00
444,12686,1633.85,invoice,2026-09-17 12:00:00
445,10895,3759.74,ach,2026-06-14 12:00:00
446,430,2820.62,ach,2025-02-21 12:00:00
447,7723,4661.58,wire,2026-01-03 12:00:00
448,1471,1132.51,wire,2025-04-23 12:00:00
449,10778,1058.26,credit_card,2026-06-21 12:00:00
450,3509,881.47,wire,2025-07-26 12:00:00
451,10548,5048.76,credit_card,2026-06-30 12:00:00
452,2265,4192.42,invoice,2025-05-07 12:00:00
453,7878,1901.63,credit_card,2026-02-10 12:00:00
454,3493,2628.75,invoice,2025-07-24 12:00:00
455,11547,3008.12,ach,2026-08-08 12:00:00
456,3998,876.51,ach,2025-08-16 12:00:00
457,10539,963.96,credit_card,2026-06-19 12:00:00
458,7406,2838.86,credit_card,2026-01-22 12:00:00
459,4346,1751.52,wire,2025-08-04 12:00:00
460,11156,2537.02,invoice,2026-07-28 12:00:00
461,6956,945.27,ach,2025-12-29 12:00:00
462,294,150.8,credit_card,2025-02-24 12:00:00
463,4926,591.09,credit_card,2025-09-08 12:00:00
464,6481,1427.62,wire,2025-12-20 12:00:00
465,4460,187.18,credit_card,2025-09-25 12:00:00
466,8826,2712.97,credit_card,2026-03-16 12:00:00
467,12607,681.31,invoice,2026-09-06 12:00:00
468,8159,2928.04,wire,2026-02-22 12:00:00
469,11441,3606.13,invoice,2026-07-30 12:00:00
470,8350,5237.7,ach,2026-02-18 12:00:00
471,10978,4469.74,invoice,2026-07-09 12:00:00
472,1770,1300.82,credit_card,2025-04-19 12:00:00
473,1721,3067.6,credit_card,2025-04-07 12:00:00
474,1627,2254.81,ach,2025-04-14 12:00:00
475,3209,1628.03,ach,2025-07-28 12:00:00
476,980,5509.71,invoice,2025-03-24 12:00:00
477,5126,887.61,credit_card,2025-10-31 12:00:00
478,5563,1766.32,invoice,2025-10-13 12:00:00
479,2803,504.15,wire,2025-06-07 12:00:00
480,6625,3381.58,wire,2025-12-16 12:00:00
481,5345,603.69,wire,2025-10-21 12:00:00
482,8929,2905.94,wire,2026-03-06 12:00:00
483,539,4419.62,wire,2025-02-04 12:00:00
484,8424,4141.92,wire,2026-03-21 12:00:00
485,6162,5163.36,credit_card,2025-11-18 12:00:00
486,6561,4361.05,wire,2025-12-05 12:00:00
487,2035,3660.71,ach,2025-05-21 12:00:00
488,796,3128.33,invoice,2025-03-21 12:00:00
489,625,653.71,ach,2025-02-18 12:00:00
490,6178,1070.99,ach,2025-11-16 12:00:00
491,10283,3648.73,invoice,2026-06-21 12:00:00
492,9919,4117.41,ach,2026-05-06 12:00:00
493,2013,640.91,credit_card,2025-05-10 12:00:00
494,5441,5477.98,ach,2025-10-21 12:00:00
495,9780,713.79,wire,2026-05-26 12:00:00
496,11971,6826.3,ach,2026-09-02 12:00:00
497,6226,4820.09,invoice,2025-12-01 12:00:00
498,11456,1090.79,credit_card,2026-07-31 12:00:00
499,5147,4320.02,ach,2025-11-01 12:00:00
500,2975,7016.96,credit_card,2025-06-15 12:00:00
501,9190,3599.36,ach,2026-04-11 12:00:00
502,8201,2885.5,wire,2026-02-24 12:00:00
503,12734,2873.36,credit_card,2026-09-04 12:00:00
504,4636,3450.43,wire,2025-09-23 12:00:00
505,1007,1807.47,wire,2025-04-01 12:00:00
506,3932,2820.31,invoice,2025-08-10 12:00:00
507,8825,3906.01,ach,2026-03-12 12:00:00
508,12712,3960.86,ach,2026-09-17 12:00:00
509,9167,3997.55,invoice,2026-04-03 12:00:00
510,6849,1307.65,ach,2025-12-07 12:00:00
511,5454,3778.32,wire,2025-10-25 12:00:00
512,136,2739.95,invoice,2025-02-19 12:00:00
513,11420,209.66,wire,2026-07-25 12:00:00
514,7895,858.39,invoice,2026-02-28 12:00:00
515,6673,1962.08,wire,2025-12-12 12:00:00
516,2151,572.81,ach,2025-05-22 12:00:00
517,6072,1528.1,credit_card,2025-11-06 12:00:00
518,4401,1093.28,invoice,2025-09-02 12:00:00
519,725,4298.01,credit_card,2025-04-02 12:00:00
520,10042,4153.2,invoice,2026-06-01 12:00:00
521,9041,1178.97,ach,2026-05-01 12:00:00
522,10737,2751.72,credit_card,2026-06-09 12:00:00
523,4124,972.82,invoice,2025-08-07 12:00:00
524,8650,504.07,wire,2026-03-20 12:00:00
525,2216,7108.4,credit_card,2025-05-24 12:00:00
526,2982,253.33,ach,2025-06-08 12:00:00
527,8460,431.93,ach,2026-03-17 12:00:00
528,6187,2032.84,wire,2025-11-25 12:00:00
529,4375,2706.46,wire,2025-08-28 12:00:00
530,3108,945.05,wire,2025-06-04 12:00:00
531,7377,2367.67,wire,2026-01-29 12:00:00
532,11723,3572.14,invoice,2026-08-22 12:00:00
533,5036,4764.53,invoice,2025-10-19 12:00:00
534,12729,4701.76,invoice,2026-09-06 12:00:00
535,7912,607.12,ach,2026-03-04 12:00:00
536,10100,2650.48,wire,2026-05-16 12:00:00
537,1984,5526.82,credit_card,2025-05-23 12:00:00
538,4954,1863.05,wire,2025-09-23 12:00:00
539,5386,4710.9,ach,2025-10-07 12:00:00
540,745,204.86,invoice,2025-03-30 12:00:00
541,5515,2901.3,ach,2025-10-15 12:00:00
542,10485,4236.62,ach,2026-06-04 12:00:00
543,114,4228.86,ach,2025-02-26 12:00:00
544,9822,4974.76,ach,2026-05-03 12:00:00
545,7880,2159.66,wire,2026-02-26 12:00:00
546,1428,1772.63,credit_card,2025-04-10 12:00:00
547,10760,2631.47,ach,2026-06-29 12:00:00
548,2866,1342.33,invoice,2025-06-07 12:00:00
549,6879,3020.75,credit_card,2025-12-12 12:00:00
550,10773,1528.39,invoice,2026-06-02 12:00:00
551,1702,5384.14,credit_card,2025-05-04 12:00:00
552,1154,1325.33,invoice,2025-03-14 12:00:00
553,9271,283.16,wire,2026-04-20 12:00:00
554,5285,2537.51,invoice,2025-10-29 12:00:00
555,9105,2183.14,ach,2026-04-02 12:00:00
556,4610,1748.3,invoice,2025-10-04 12:00:00
557,8770,5900.91,invoice,2026-03-06 12:00:00
558,5971,3085.58,credit_card,2025-12-02 12:00:00
559,3080,3105.83,wire,2025-06-21 12:00:00
560,10457,1405.62,credit_card,2026-06-11 12:00:00
561,9310,3780.71,invoice,2026-04-08 12:00:00
562,3007,1577.32,ach,2025-06-09 12:00:00
563,2702,1623.44,ach,2025-06-19 12:00:00
564,9066,2160.94,ach,2026-04-09 12:00:00
565,4852,3297.53,wire,2025-09-18 12:00:00
566,11298,1590.96,credit_card,2026-07-24 12:00:00
567,1624,1357.09,invoice,2025-04-15 12:00:00
568,2616,782.69,ach,2025-06-20 12:00:00
569,5227,2884.51,credit_card,2025-10-27 12:00:00
570,3066,750.8,invoice,2025-06-24 12:00:00
571,11385,4709.71,invoice,2026-07-07 12:00:00
572,12631,936.59,credit_card,2026-09-18 12:00:00
573,12564,4021.22,credit_card,2026-09-03 12:00:00
574,1982,198.62,credit_card,2025-05-06 12:00:00
575,7177,3615.56,credit_card,2025-12-09 12:00:00
576,10271,1494.71,ach,2026-06-03 12:00:00
577,10230,842.66,wire,2026-05-26 12:00:00
578,11754,4964.96,invoice,2026-08-07 12:00:00
579,11210,886.57,invoice,2026-07-31 12:00:00
580,103,357.13,invoice,2025-02-05 12:00:00
581,1951,3635.31,invoice,2025-05-28 12:00:00
582,2634,1903.95,credit_card,2025-07-03 12:00:00
583,8724,5277.14,credit_card,2026-03-11 12:00:00
584,9510,2053.08,ach,2026-04-26 12:00:00
585,3064,3779.62,credit_card,2025-06-24 12:00:00
586,11746,5900.65,ach,2026-08-09 12:00:00
587,6650,1927.38,wire,2025-12-24 12:00:00
588,435,2085.45,invoice,2025-02-10 12:00:00
589,8184,1664.35,invoice,2026-02-15 12:00:00
590,9783,1723.51,credit_card,2026-05-04 12:00:00
591,7434,3441.73,ach,2026-01-09 12:00:00
592,3708,4156.24,invoice,2025-07-22 12:00:00
593,11107,3566.11,wire,2026-07-23 12:00:00
594,7387,561.54,invoice,2026-01-30 12:00:00
595,7104,1308.28,ach,2025-12-09 12:00:00
596,11180,4034.31,ach,2026-07-11 12:00:00
597,8639,3740.81,ach,2026-03-22 12:00:00
598,104,635.82,invoice,2025-02-10 12:00:00
599,8840,1281.97,invoice,2026-03-30 12:00:00
600,5776,3109.6,credit_card,2025-11-08 12:00:00
601,8689,2405.98,invoice,2026-03-08 12:00:00
602,3704,3672.52,invoice,2025-07-23 12:00:00
603,1954,2752.33,wire,2025-05-15 12:00:00
604,2838,784.28,ach,2025-06-05 12:00:00
605,2302,3182.54,credit_card,2025-05-18 12:00:00
606,10436,6417.97,ach,2026-06-16 12:00:00
607,4030,2975.66,ach,2025-08-05 12:00:00
608,9565,2616.15,invoice,2026-04-15 12:00:00
609,8948,5988.14,wire,2026-03-04 12:00:00
610,7788,3523.51,credit_card,2026-02-10 12:00:00
611,9513,5333.21,credit_card,2026-04-18 12:00:00
612,9005,3174.23,wire,2026-03-07 12:00:00
613,6753,902.41,wire,2025-12-13 12:00:00
614,12774,4357.7,ach,2026-09-17 12:00:00
615,6486,3220.49,wire,2025-12-23 12:00:00
616,2484,5632.39,wire,2025-06-01 12:00:00
617,34,5864.56,wire,2025-02-09 12:00:00
618,1563,651.78,ach,2025-05-02 12:00:00
619,9189,2740.2,ach,2026-04-27 12:00:00
620,8962,1790.31,credit_card,2026-03-07 12:00:00
621,4901,2791.52,ach,2025-09-27 12:00:00
622,5690,3628.19,credit_card,2025-11-28 12:00:00
623,4554,206.39,wire,2025-09-22 12:00:00
624,8066,206.68,credit_card,2026-02-09 12:00:00
625,4413,5785.09,ach,2025-09-18 12:00:00
626,6028,3938.94,ach,2025-11-09 12:00:00
627,3547,8172.81,invoice,2025-07-04 12:00:00
628,1792,3809.04,ach,2025-04-10 12:00:00
629,11295,2923.89,credit_card,2026-07-24 12:00:00
630,7323,1055.58,wire,2026-01-27 12:00:00
631,11620,913.69,invoice,2026-08-04 12:00:00
632,12581,1821.17,ach,2026-09-19 12:00:00
633,5225,820.65,invoice,2025-10-18 12:00:00
634,11414,909.8,ach,2026-07-26 12:00:00
635,7402,830.94,wire,2026-01-30 12:00:00
636,9813,2136.43,wire,2026-05-26 12:00:00
637,3680,1348.04,invoice,2025-07-17 12:00:00
638,12741,1020.49,ach,2026-09-17 12:00:00
639,4130,639.21,ach,2025-09-02 12:00:00
640,968,2866.86,wire,2025-03-12 12:00:00
641,5936,7426.12,credit_card,2025-11-30 12:00:00
642,12175,2730.28,invoice,2026-09-26 12:00:00
643,3575,901.85,ach,2025-07-30 12:00:00
644,1603,4691.25,invoice,2025-04-22 12:00:00
645,9306,4214.37,invoice,2026-04-29 12:00:00
646,7919,1735.38,ach,2026-02-19 12:00:00
647,2590,2670.91,wire,2025-06-23 12:00:00
648,2453,2645.35,wire,2025-05-25 12:00:00
649,4338,1115.75,invoice,2025-09-02 12:00:00
650,9023,3907.46,wire,2026-03-06 12:00:00
651,10577,1076.12,invoice,2026-06-23 12:00:00
652,5385,542.65,ach,2025-10-06 12:00:00
653,10467,3011.4,credit_card,2026-06-03 12:00:00
654,4491,2561.16,invoice,2025-09-16 12:00:00
655,5035,3246.35,invoice,2025-10-16 12:00:00
656,12591,4070.54,wire,2026-09-19 12:00:00
657,1011,85.63,credit_card,2025-03-13 12:00:00
658,10794,2675.46,credit_card,2026-06-29 12:00:00
659,4829,6944.92,invoice,2025-09-13 12:00:00
660,10598,610.85,credit_card,2026-06-27 12:00:00
661,2175,4887.48,ach,2025-06-05 12:00:00
662,2983,977.67,ach,2025-06-15 12:00:00
663,11678,1936.8,ach,2026-08-25 12:00:00
664,3036,90.52,invoice,2025-06-13 12:00:00
665,11711,1988.74,ach,2026-08-09 12:00:00
666,2086,2765.09,invoice,2025-05-19 12:00:00
667,994,2654.17,invoice,2025-03-25 12:00:00
668,773,3225.52,credit_card,2025-04-04 12:00:00
669,1587,919.16,wire,2025-04-25 12:00:00
670,1618,3607.51,invoice,2025-04-22 12:00:00
671,11532,2681.14,ach,2026-08-09 12:00:00
672,9751,197.03,invoice,2026-05-22 12:00:00
673,5020,742.39,ach,2025-10-24 12:00:00
674,9423,2220.24,invoice,2026-04-22 12:00:00
675,4533,3091.96,invoice,2025-09-10 12:00:00
676,9506,5085.29,wire,2026-04-21 12:00:00
677,1167,797.94,credit_card,2025-03-29 12:00:00
678,677,421.43,ach,2025-03-05 12:00:00
679,4484,3056.1,invoice,2025-09-06 12:00:00
680,7188,3701.07,wire,2025-12-31 12:00:00
681,11203,6554.64,wire,2026-07-04 12:00:00
682,11577,3965.08,ach,2026-08-11 12:00:00
683,11181,1153.3,ach,2026-08-04 12:00:00
684,764,722.86,credit_card,2025-03-26 12:00:00
685,3046,1813.75,wire,2025-06-17 12:00:00
686,11367,5462.66,credit_card,2026-07-29 12:00:00
687,222,3688.95,invoice,2025-02-23 12:00:00
688,7566,2229.92,ach,2026-01-07 12:00:00
689,3133,1745.89,credit_card,2025-07-11 12:00:00
690,6076,4316.52,wire,2025-11-29 12:00:00
691,7347,750.8,invoice,2026-01-05 12:00:00
692,11759,1206.53,invoice,2026-08-27 12:00:00
693,8664,2395.14,credit_card,2026-03-28 12:00:00
694,1965,2148.36,invoice,2025-05-24 12:00:00
695,458,3485.7,wire,2025-02-23 12:00:00
696,7485,204.86,wire,2026-01-01 12:00:00
697,6378,2477.01,wire,2025-11-10 12:00:00
698,4293,1466.38,credit_card,2025-08-23 12:00:00
699,334,2309.59,credit_card,2025-02-20 12:00:00
700,1238,1822.6,ach,2025-03-16 12:00:00
701,11189,4051.74,credit_card,2026-07-16 12:00:00
702,1831,1610.69,credit_card,2025-04-21 12:00:00
703,10007,1573.86,invoice,2026-05-09 12:00:00
704,6006,3464.94,credit_card,2025-11-30 12:00:00
705,7094,3735.89,ach,2025-12-10 12:00:00
706,9203,1907.38,wire,2026-04-24 12:00:00
707,4195,1327.81,wire,2025-08-25 12:00:00
708,9071,5434.36,invoice,2026-04-19 12:00:00
709,8028,1490.19,credit_card,2026-02-19 12:00:00
710,4405,871.0,credit_card,2025-09-19 12:00:00
711,9537,3695.22,invoice,2026-04-25 12:00:00
712,1492,431.34,credit_card,2025-04-13 12:00:00
713,10043,1221.7,invoice,2026-05-22 12:00:00
714,7821,2514.63,invoice,2026-02-08 12:00:00
715,5830,701.89,ach,2025-11-29 12:00:00
716,9050,4119.49,invoice,2026-04-19 12:00:00
717,1384,1570.7,ach,2025-04-14 12:00:00
718,1003,3970.74,credit_card,2025-03-25 12:00:00
719,11725,309.33,credit_card,2026-09-03 12:00:00
720,4465,3972.48,wire,2025-09-26 12:00:00
721,71,1181.73,ach,2025-03-01 12:00:00
722,7338,1346.64,credit_card,2026-01-09 12:00:00
723,456,1363.51,ach,2025-02-18 12:00:00
724,8761,5039.13,wire,2026-03-12 12:00:00
725,5029,3001.7,credit_card,2025-10-29 12:00:00
726,11652,4304.16,credit_card,2026-08-17 12:00:00
727,3255,3276.14,credit_card,2025-07-09 12:00:00
728,9490,506.69,wire,2026-04-11 12:00:00
729,1115,4997.99,credit_card,2025-03-22 12:00:00
730,2381,3549.37,invoice,2025-05-08 12:00:00
731,8352,1398.45,wire,2026-02-06 12:00:00
732,5864,2480.43,wire,2025-11-22 12:00:00
733,684,993.07,ach,2025-03-10 12:00:00
734,1571,1466.38,credit_card,2025-04-15 12:00:00
735,9730,4854.87,invoice,2026-05-12 12:00:00
736,10651,1483.29,credit_card,2026-06-11 12:00:00
737,4784,4501.02,credit_card,2025-09-22 12:00:00
738,12386,764.46,invoice,2026-09-09 12:00:00
739,6858,2837.62,credit_card,2026-01-05 12:00:00
740,8763,621.43,credit_card,2026-03-09 12:00:00
741,2358,3767.95,ach,2025-05-19 12:00:00
742,5427,2049.98,credit_card,2025-10-16 12:00:00
743,2629,181.96,wire,2025-06-16 12:00:00
744,4709,2903.61,wire,2025-09-30 12:00:00
745,10524,310.08,invoice,2026-06-09 12:00:00
746,4794,2673.97,wire,2025-09-15 12:00:00
747,5431,1981.18,wire,2025-10-23 12:00:00
748,2030,747.85,wire,2025-05-29 12:00:00
749,7445,1052.98,wire,2026-01-24 12:00:00
750,4509,567.5,ach,2025-09-10 12:00:00
751,8070,444.42,ach,2026-02-20 12:00:00
752,12602,965.44,ach,2026-09-09 12:00:00
753,5280,2878.76,invoice,2025-10-12 12:00:00
754,4296,587.93,ach,2025-09-01 12:00:00
755,4672,928.75,ach,2025-09-12 12:00:00
756,8699,1981.14,ach,2026-03-12 12:00:00
757,7081,6752.46,credit_card,2025-12-14 12:00:00
758,6021,3137.42,ach,2025-11-30 12:00:00
759,7933,249.87,wire,2026-02-20 12:00:00
760,2615,1480.86,credit_card,2025-06-02 12:00:00
761,102,1690.61,invoice,2025-02-10 12:00:00
762,11853,2087.63,wire,2026-09-02 12:00:00
763,12013,4476.31,invoice,2026-08-14 12:00:00
764,4979,544.8,wire,2025-09-15 12:00:00
765,4656,1770.52,ach,2025-09-26 12:00:00
766,10006,3148.64,wire,2026-05-26 12:00:00
767,5445,1498.18,ach,2025-11-03 12:00:00
768,748,1471.74,credit_card,2025-03-22 12:00:00
769,9673,441.79,invoice,2026-05-31 12:00:00
770,5767,3090.3,credit_card,2025-11-27 12:00:00
771,1513,4057.35,invoice,2025-05-02 12:00:00
772,3061,327.78,invoice,2025-06-17 12:00:00
773,7972,3489.03,wire,2026-02-20 12:00:00
774,7700,1207.44,ach,2026-01-30 12:00:00
775,1237,2246.97,credit_card,2025-03-24 12:00:00
776,6023,2474.44,ach,2025-11-20 12:00:00
777,2996,1892.12,wire,2025-06-04 12:00:00
778,8148,788.31,invoice,2026-02-20 12:00:00
779,6267,6136.58,ach,2025-11-30 12:00:00
780,11587,1037.95,credit_card,2026-08-27 12:00:00
781,8642,1748.14,ach,2026-03-19 12:00:00
782,11734,1836.98,ach,2026-08-11 12:00:00
783,11129,4108.71,credit_card,2026-07-14 12:00:00
784,534,1703.34,ach,2025-02-28 12:00:00
785,4984,2450.48,wire,2025-09-09 12:00:00
786,812,4623.89,wire,2025-04-02 12:00:00
787,6606,441.38,invoice,2025-12-23 12:00:00
788,6780,2032.24,ach,2025-12-09 12:00:00
789,8695,2114.42,wire,2026-03-11 12:00:00
790,2326,3329.75,wire,2025-05-24 12:00:00
791,7609,4771.95,ach,2026-01-11 12:00:00
792,7096,1242.27,wire,2025-12-14 12:00:00
793,20,3901.81,ach,2025-02-19 12:00:00
794,1262,3507.75,invoice,2025-04-11 12:00:00
795,9699,4455.5,wire,2026-05-14 12:00:00
796,5557,3257.82,invoice,2025-10-16 12:00:00
797,2443,840.18,invoice,2025-05-21 12:00:00
798,11572,4350.87,wire,2026-08-19 12:00:00
799,9144,2980.09,invoice,2026-04-27 12:00:00
800,1374,131.78,wire,2025-05-04 12:00:00
801,1748,4658.21,ach,2025-04-22 12:00:00
802,11967,2241.66,invoice,2026-08-13 12:00:00
803,3882,1883.42,invoice,2025-08-21 12:00:00
804,4013,766.68,ach,2025-08-24 12:00:00
805,322,4353.63,invoice,2025-02-22 12:00:00
806,5817,2931.23,wire,2025-11-25 12:00:00
807,8092,718.9,wire,2026-02-15 12:00:00
808,1517,1055.65,invoice,2025-04-03 12:00:00
809,8442,3463.08,invoice,2026-03-20 12:00:00
810,4419,6010.23,ach,2025-09-29 12:00:00
811,11956,230.66,wire,2026-08-04 12:00:00
812,8966,1891.62,wire,2026-03-08 12:00:00
813,2674,6712.49,credit_card,2025-07-02 12:00:00
814,6283,1623.7,credit_card,2025-11-26 12:00:00
815,7047,3060.76,ach,2025-12-17 12:00:00
816,5262,2494.03,wire,2025-10-09 12:00:00
817,1651,1101.4,ach,2025-04-22 12:00:00
818,6115,3421.35,invoice,2025-11-16 12:00:00
819,12409,1064.81,credit_card,2026-09-04 12:00:00
820,4464,1929.97,invoice,2025-09-29 12:00:00
821,264,3447.41,ach,2025-02-01 12:00:00
822,11726,3463.52,ach,2026-08-23 12:00:00
823,3406,3854.65,ach,2025-07-30 12:00:00
824,6271,2507.58,credit_card,2025-11-13 12:00:00
825,4329,2051.62,wire,2025-08-20 12:00:00
826,9096,1306.08,invoice,2026-04-07 12:00:00
827,11160,481.63,wire,2026-07-25 12:00:00
828,5666,3723.54,wire,2025-11-07 12:00:00
829,11399,5943.01,credit_card,2026-07-29 12:00:00
830,8160,2365.15,credit_card,2026-02-04 12:00:00
831,474,324.5,invoice,2025-02-27 12:00:00
832,3782,1369.57,invoice,2025-08-13 12:00:00
833,3071,6791.47,ach,2025-07-02 12:00:00
834,4157,1500.09,wire,2025-08-30 12:00:00
835,4314,4288.24,ach,2025-08-30 12:00:00
836,1733,1020.48,ach,2025-04-22 12:00:00
837,11777,3518.36,wire,2026-08-23 12:00:00
838,8490,282.94,invoice,2026-03-18 12:00:00
839,5763,670.24,invoice,2025-11-08 12:00:00
840,10777,1986.81,ach,2026-07-01 12:00:00
841,12711,515.84,ach,2026-09-14 12:00:00
842,7915,2395.03,invoice,2026-02-17 12:00:00
843,5538,2326.02,ach,2025-10-13 12:00:00
844,11365,1036.18,credit_card,2026-07-25 12:00:00
845,9993,4906.17,wire,2026-05-04 12:00:00
846,12680,1423.98,invoice,2026-09-16 12:00:00
847,1576,441.83,credit_card,2025-04-27 12:00:00
848,1684,1235.25,credit_card,2025-04-26 12:00:00
849,10154,2006.51,credit_card,2026-05-06 12:00:00
850,12247,3445.5,ach,2026-09-27 12:00:00
851,5412,534.2,wire,2025-10-02 12:00:00
852,4113,5611.85,wire,2025-08-08 12:00:00
853,9931,1178.02,invoice,2026-05-20 12:00:00
854,10118,1172.76,invoice,2026-05-23 12:00:00
855,6430,1361.49,ach,2025-11-13 12:00:00
856,9200,4914.08,ach,2026-04-11 12:00:00
857,11275,631.72,ach,2026-07-03 12:00:00
858,1985,345.1,invoice,2025-05-08 12:00:00
859,7811,669.28,credit_card,2026-03-01 12:00:00
860,5351,3082.59,invoice,2025-10-06 12:00:00
861,1209,6862.3,wire,2025-03-04 12:00:00
862,4631,453.68,credit_card,2025-09-12 12:00:00
863,10470,1661.95,wire,2026-06-09 12:00:00
864,3423,3075.22,ach,2025-07-12 12:00:00
865,3356,3847.4,ach,2025-07-08 12:00:00
866,6680,3148.42,credit_card,2026-01-01 12:00:00
867,12288,1807.58,invoice,2026-09-18 12:00:00
868,9484,5799.64,wire,2026-04-16 12:00:00
869,851,437.18,credit_card,2025-03-27 12:00:00
870,5859,2147.5,ach,2025-12-03 12:00:00
871,3805,2491.41,invoice,2025-08-24 12:00:00
872,7268,2489.35,ach,2025-12-19 12:00:00
873,11475,3234.1,invoice,2026-08-02 12:00:00
874,9983,1258.96,wire,2026-05-29 12:00:00
875,10634,4586.57,credit_card,2026-06-29 12:00:00
876,4706,4387.45,invoice,2025-09-23 12:00:00
877,5903,3531.4,invoice,2025-11-23 12:00:00
878,8388,9101.36,wire,2026-03-01 12:00:00
879,6390,5650.33,credit_card,2025-11-17 12:00:00
880,12619,3777.64,credit_card,2026-09-15 12:00:00
881,6428,3752.9,wire,2025-11-19 12:00:00
882,6840,1473.25,ach,2025-12-15 12:00:00
883,2390,701.73,ach,2025-05-08 12:00:00
884,8580,4198.18,invoice,2026-03-21 12:00:00
885,6351,4438.8,wire,2025-11-28 12:00:00
886,2271,1393.79,credit_card,2025-06-02 12:00:00
887,96,6999.59,wire,2025-02-07 12:00:00
888,12021,2224.65,invoice,2026-08-09 12:00:00
889,6483,2955.54,invoice,2025-12-20 12:00:00
890,2460,3724.32,invoice,2025-05-24 12:00:00
891,7673,6155.68,invoice,2026-01-30 12:00:00
892,5814,2805.36,credit_card,2025-11-07 12:00:00
893,4129,3491.13,ach,2025-08-09 12:00:00
894,3520,5167.78,ach,2025-07-19 12:00:00
895,8205,1616.37,ach,2026-02-03 12:00:00
896,3367,3778.9,invoice,2025-07-09 12:00:00
897,60,2977.96,invoice,2025-02-20 12:00:00
898,2743,7584.06,invoice,2025-06-21 12:00:00
899,8032,503.22,wire,2026-02-13 12:00:00
900,10122,287.56,credit_card,2026-05-16 12:00:00
901,10011,3753.73,invoice,2026-05-18 12:00:00
902,7466,5161.41,wire,2026-01-05 12:00:00
903,6923,533.66,wire,2025-12-16 12:00:00
904,7320,1033.41,credit_card,2026-01-22 12:00:00
905,6386,911.02,invoice,2025-11-04 12:00:00
906,5307,4980.84,ach,2025-10-14 12:00:00
907,6105,4347.01,wire,2025-11-21 12:00:00
908,4721,1703.27,wire,2025-09-04 12:00:00
909,462,4717.04,wire,2025-02-28 12:00:00
910,10612,1317.62,ach,2026-07-01 12:00:00
911,3722,2018.08,credit_card,2025-07-29 12:00:00
912,8256,2267.1,wire,2026-02-08 12:00:00
913,9142,2987.58,ach,2026-04-28 12:00:00
914,11226,2501.74,ach,2026-07-06 12:00:00
915,6132,1735.73,invoice,2025-11-05 12:00:00
916,11823,3952.55,invoice,2026-08-30 12:00:00
917,11330,2066.01,wire,2026-07-21 12:00:00
918,4581,2936.4,ach,2025-09-10 12:00:00
919,1359,5776.62,ach,2025-04-11 12:00:00
920,9377,2982.9,wire,2026-04-16 12:00:00
921,6046,4791.37,invoice,2025-11-10 12:00:00
922,3001,148.79,wire,2025-06-24 12:00:00
923,3692,6995.13,invoice,2025-07-25 12:00:00
924,11067,3491.76,invoice,2026-08-03 12:00:00
925,12022,1005.79,wire,2026-08-11 12:00:00
926,12267,1521.5,credit_card,2026-09-19 12:00:00
927,4337,1589.21,invoice,2025-08-28 12:00:00
928,8164,2668.3,invoice,2026-02-15 12:00:00
929,1454,4496.53,credit_card,2025-04-13 12:00:00
930,6493,732.33,invoice,2025-12-19 12:00:00
931,1741,3280.57,credit_card,2025-04-28 12:00:00
932,4404,1679.88,wire,2025-09-29 12:00:00
933,12068,1786.26,credit_card,2026-08-07 12:00:00
934,6936,2784.28,wire,2026-01-02 12:00:00
935,7747,1492.53,credit_card,2026-01-25 12:00:00
936,4352,4858.22,wire,2025-08-21 12:00:00
937,6821,4961.24,invoice,2025-12-30 12:00:00
938,4664,441.38,ach,2025-09-07 12:00:00
939,374,1510.26,wire,2025-02-13 12:00:00
940,1845,1622.03,wire,2025-04-17 12:00:00
941,8293,1059.96,invoice,2026-02-23 12:00:00
942,10284,2676.73,credit_card,2026-06-24 12:00:00
943,3892,4096.9,wire,2025-08-21 12:00:00
944,12349,1834.3,wire,2026-09-16 12:00:00
945,7498,3941.44,ach,2026-01-14 12:00:00
946,7924,3823.16,invoice,2026-02-24 12:00:00
947,5480,1743.32,credit_card,2025-10-16 12:00:00
948,8516,3841.4,wire,2026-03-15 12:00:00
949,6500,3959.57,ach,2025-12-10 12:00:00
950,3426,5091.14,wire,2025-07-27 12:00:00
951,614,3817.5,invoice,2025-02-17 12:00:00
952,6203,1312.42,invoice,2025-11-29 12:00:00
953,9850,3019.14,ach,2026-05-22 12:00:00
954,9782,3258.94,credit_card,2026-05-25 12:00:00
955,11407,1502.72,wire,2026-07-11 12:00:00
956,11855,238.99,ach,2026-08-20 12:00:00
957,15,445.4,invoice,2025-02-21 12:00:00
958,6909,923.94,wire,2026-01-02 12:00:00
959,4128,1661.32,wire,2025-08-09 12:00:00
960,5024,368.75,ach,2025-11-01 12:00:00
961,6638,2407.54,wire,2025-12-06 12:00:00
962,5615,4221.51,ach,2025-10-08 12:00:00
963,8130,1775.11,invoice,2026-02-12 12:00:00
964,8673,1957.17,wire,2026-03-11 12:00:00
965,7696,1377.88,ach,2026-01-29 12:00:00
966,7307,1166.45,wire,2025-12-13 12:00:00
967,6148,2316.74,invoice,2025-11-25 12:00:00
968,10828,1755.36,ach,2026-06-21 12:00:00
969,612,1216.15,invoice,2025-02-16 12:00:00
970,11626,3662.87,invoice,2026-08-26 12:00:00
971,4395,1836.69,wire,2025-09-21 12:00:00
972,5182,4089.62,ach,2025-10-28 12:00:00
973,3693,3325.94,ach,2025-07-27 12:00:00
974,12280,4240.87,wire,2026-09-13 12:00:00
975,12718,706.44,credit_card,2026-09-21 12:00:00
976,9046,3596.02,invoice,2026-04-26 12:00:00
977,3483,2731.61,ach,2025-07-20 12:00:00
978,8266,1124.22,wire,2026-02-11 12:00:00
979,10147,1863.36,ach,2026-05-24 12:00:00
980,8857,3565.58,invoice,2026-03-02 12:00:00
981,3814,936.2,ach,2025-08-29 12:00:00
982,5212,2154.37,ach,2025-10-08 12:00:00
983,4048,980.12,ach,2025-08-11 12:00:00
984,5677,5921.88,wire,2025-11-11 12:00:00
985,5752,413.65,invoice,2025-11-03 12:00:00
986,1324,593.89,invoice,2025-04-22 12:00:00
987,8590,3559.64,ach,2026-03-21 12:00:00
988,3897,313.24,ach,2025-08-09 12:00:00
989,11636,1733.14,ach,2026-08-29 12:00:00
990,5613,871.76,invoice,2025-10-03 12:00:00
991,11179,2928.46,ach,2026-07-12 12:00:00
992,5174,1834.6,ach,2025-10-16 12:00:00
993,2620,391.07,credit_card,2025-06-16 12:00:00
994,7757,2890.58,credit_card,2026-01-15 12:00:00
995,4016,4203.07,credit_card,2025-08-25 12:00:00
996,971,7780.8,wire,2025-03-09 12:00:00
997,8658,6139.12,credit_card,2026-03-22 12:00:00
998,6202,2190.43,wire,2025-11-13 12:00:00
999,11103,2324.18,invoice,2026-07-31 12:00:00
1000,938,1418.48,ach,2025-03-31 12:00:00
1001,885,4275.96,invoice,2025-03-22 12:00:00
1002,2541,2067.03,wire,2025-06-06 12:00:00
1003,8441,2557.17,wire,2026-03-30 12:00:00
1004,3887,4319.89,wire,2025-08-25 12:00:00
1005,8873,2098.55,credit_card,2026-03-21 12:00:00
1006,120,1468.98,credit_card,2025-02-17 12:00:00
1007,8521,2944.3,invoice,2026-03-13 12:00:00
1008,4054,1360.83,credit_card,2025-08-10 12:00:00
1009,1054,3260.75,invoice,2025-03-05 12:00:00
1010,1881,4369.97,ach,2025-05-20 12:00:00
1011,7511,2507.1,wire,2026-02-03 12:00:00
1012,4076,4329.28,invoice,2025-08-29 12:00:00
1013,5468,4607.36,invoice,2025-10-05 12:00:00
1014,7306,883.06,credit_card,2026-01-05 12:00:00
1015,3670,2687.64,invoice,2025-08-02 12:00:00
1016,6084,5255.39,ach,2025-11-29 12:00:00
1017,11555,5703.77,credit_card,2026-08-27 12:00:00
1018,6087,708.94,ach,2025-11-21 12:00:00
1019,3885,1307.64,wire,2025-08-05 12:00:00
1020,2158,1452.62,invoice,2025-05-10 12:00:00
1021,2391,5319.39,ach,2025-05-27 12:00:00
1022,7745,1544.57,invoice,2026-01-21 12:00:00
1023,11973,1392.56,ach,2026-08-08 12:00:00
1024,1198,6301.67,ach,2025-03-21 12:00:00
1025,5478,1833.68,wire,2025-10-24 12:00:00
1026,2304,2148.73,ach,2025-05-06 12:00:00
1027,11049,1874.75,wire,2026-07-07 12:00:00
1028,4537,3522.1,ach,2025-09-12 12:00:00
1029,12579,3904.6,wire,2026-09-08 12:00:00
1030,4092,830.64,credit_card,2025-08-25 12:00:00
1031,11074,506.69,invoice,2026-07-20 12:00:00
1032,7455,3520.38,invoice,2026-01-13 12:00:00
1033,4903,4189.49,ach,2025-09-19 12:00:00
1034,10062,4171.05,invoice,2026-05-05 12:00:00
1035,12216,913.26,invoice,2026-09-15 12:00:00
1036,4302,4647.31,ach,2025-08-06 12:00:00
1037,7408,501.34,wire,2026-01-11 12:00:00
1038,3101,812.38,wire,2025-06-19 12:00:00
1039,5684,5560.71,credit_card,2025-11-13 12:00:00
1040,11356,981.23,ach,2026-07-20 12:00:00
1041,12617,2201.61,ach,2026-10-02 12:00:00
1042,7465,2389.22,ach,2026-01-08 12:00:00
1043,12489,1852.74,credit_card,2026-09-14 12:00:00
1044,8237,6889.46,credit_card,2026-03-02 12:00:00
1045,8794,2778.18,credit_card,2026-03-22 12:00:00
1046,4708,4630.33,wire,2025-09-13 12:00:00
1047,425,1845.48,wire,2025-02-28 12:00:00
1048,555,603.29,wire,2025-02-26 12:00:00
1049,945,1438.64,invoice,2025-03-26 12:00:00
1050,9225,5711.96,invoice,2026-04-15 12:00:00
1051,7250,2692.96,wire,2025-12-15 12:00:00
1052,9381,6002.02,wire,2026-04-18 12:00:00
1053,3234,1852.08,ach,2025-07-30 12:00:00
1054,1644,5370.19,invoice,2025-05-02 12:00:00
1055,10046,3363.4,credit_card,2026-05-27 12:00:00
1056,5838,1357.09,ach,2025-11-29 12:00:00
1057,5495,3427.6,ach,2025-10-11 12:00:00
1058,5953,2097.72,ach,2025-11-19 12:00:00
1059,5273,3508.35,credit_card,2025-10-14 12:00:00
1060,2969,226.3,invoice,2025-06-07 12:00:00
1061,2681,2463.15,invoice,2025-06-04 12:00:00
1062,1214,1822.06,invoice,2025-03-01 12:00:00
1063,9935,3454.47,ach,2026-05-04 12:00:00
1064,5131,5528.08,wire,2025-10-05 12:00:00
1065,6621,695.24,invoice,2025-12-25 12:00:00
1066,6400,2808.11,wire,2025-11-12 12:00:00
1067,2129,3520.1,credit_card,2025-05-19 12:00:00
1068,3025,3778.55,ach,2025-06-27 12:00:00
1069,69,1672.51,credit_card,2025-02-26 12:00:00
1070,5834,3613.3,credit_card,2025-11-21 12:00:00
1071,11451,3417.96,credit_card,2026-07-25 12:00:00
1072,10698,2156.57,ach,2026-06-13 12:00:00
1073,8720,2324.64,invoice,2026-03-23 12:00:00
1074,12547,2587.32,credit_card,2026-09-26 12:00:00
1075,10416,654.49,ach,2026-06-06 12:00:00
1076,1356,2809.56,wire,2025-04-16 12:00:00
1077,5961,1644.91,wire,2025-11-16 12:00:00
1078,8747,2815.29,wire,2026-03-31 12:00:00
1079,8073,1148.44,credit_card,2026-02-18 12:00:00
1080,246,1336.53,credit_card,2025-02-16 12:00:00
1081,3456,2487.55,credit_card,2025-07-29 12:00:00
1082,4074,6407.81,wire,2025-08-12 12:00:00
1083,7540,181.96,ach,2026-01-20 12:00:00
1084,6293,5047.33,credit_card,2025-11-14 12:00:00
1085,2056,5100.91,credit_card,2025-05-10 12:00:00
1086,12594,6561.83,credit_card,2026-09-04 12:00:00
1087,11222,454.0,credit_card,2026-07-15 12:00:00
1088,5909,5152.25,credit_card,2025-11-12 12:00:00
1089,674,5555.67,credit_card,2025-03-06 12:00:00
1090,11628,3087.62,credit_card,2026-08-07 12:00:00
1091,12262,3013.92,ach,2026-09-10 12:00:00
1092,7050,3299.2,credit_card,2025-12-08 12:00:00
1093,4210,973.5,ach,2025-08-21 12:00:00
1094,4739,4344.33,ach,2025-09-26 12:00:00
1095,2376,3993.21,ach,2025-05-24 12:00:00
1096,8863,2316.0,wire,2026-03-08 12:00:00
1097,4396,7141.3,wire,2025-09-11 12:00:00
1098,6965,127.24,ach,2025-12-22 12:00:00
1099,9296,3190.55,ach,2026-04-06 12:00:00
1100,3205,604.6,credit_card,2025-07-15 12:00:00
1101,6244,2928.58,wire,2025-11-22 12:00:00
1102,8375,74.56,wire,2026-02-05 12:00:00
1103,5047,1927.42,invoice,2025-10-06 12:00:00
1104,1580,4286.19,ach,2025-04-14 12:00:00
1105,10671,3233.02,wire,2026-06-28 12:00:00
1106,8597,3261.88,wire,2026-03-08 12:00:00
1107,1689,2099.62,invoice,2025-04-10 12:00:00
1108,5929,2076.6,wire,2025-11-10 12:00:00
1109,813,5658.5,invoice,2025-03-31 12:00:00
1110,2451,4339.39,invoice,2025-05-13 12:00:00
1111,6897,335.91,credit_card,2026-01-04 12:00:00
1112,2686,4903.64,wire,2025-06-19 12:00:00
1113,11851,3081.31,credit_card,2026-08-20 12:00:00
1114,7493,2853.31,wire,2026-01-17 12:00:00
1115,6312,353.45,credit_card,2025-11-18 12:00:00
1116,10482,1955.34,ach,2026-06-24 12:00:00
1117,5726,2763.94,ach,2025-11-08 12:00:00
1118,10725,7181.62,ach,2026-06-23 12:00:00
1119,12059,641.86,invoice,2026-08-21 12:00:00
1120,4817,2784.73,wire,2025-10-02 12:00:00
1121,8361,2549.7,invoice,2026-02-04 12:00:00
1122,2474,2433.54,wire,2025-05-19 12:00:00
1123,6844,4154.85,ach,2025-12-15 12:00:00
1124,115,3152.06,credit_card,2025-02-24 12:00:00
1125,12695,3180.84,ach,2026-09-08 12:00:00
1126,8242,2190.83,wire,2026-02-18 12:00:00
1127,231,3218.25,invoice,2025-02-24 12:00:00
1128,12771,2498.48,credit_card,2026-09-13 12:00:00
1129,7918,3416.0,wire,2026-03-04 12:00:00
1130,6691,486.65,ach,2026-01-04 12:00:00
1131,9222,1806.67,ach,2026-05-01 12:00:00
1132,4011,1253.35,ach,2025-08-19 12:00:00
1133,215,473.15,credit_card,2025-02-19 12:00:00
1134,1179,1823.57,wire,2025-03-16 12:00:00
1135,7479,850.95,ach,2026-01-23 12:00:00
1136,9183,3544.82,wire,2026-05-04 12:00:00
1137,5341,159.66,credit_card,2025-10-31 12:00:00
1138,3422,1739.32,invoice,2025-07-20 12:00:00
1139,2914,4383.48,credit_card,2025-06-08 12:00:00
1140,2901,4956.12,ach,2025-06-21 12:00:00
1141,9052,41.42,credit_card,2026-04-23 12:00:00
1142,10608,736.49,invoice,2026-07-02 12:00:00
1143,12512,2960.73,wire,2026-09-20 12:00:00
1144,8226,113.5,wire,2026-02-24 12:00:00
1145,12541,5762.77,ach,2026-09-19 12:00:00
1146,5722,1108.03,wire,2025-11-26 12:00:00
1147,10926,1344.66,invoice,2026-07-17 12:00:00
1148,737,3515.66,ach,2025-03-26 12:00:00
1149,8651,3302.64,wire,2026-03-05 12:00:00
1150,4050,851.08,ach,2025-08-10 12:00:00
1151,12482,4857.85,credit_card,2026-09-08 12:00:00
1152,6246,2649.22,ach,2025-11-20 12:00:00
1153,8488,3625.86,ach,2026-03-16 12:00:00
1154,7019,2183.22,ach,2025-12-08 12:00:00
1155,3211,2434.01,wire,2025-07-29 12:00:00
1156,8535,5206.99,ach,2026-03-29 12:00:00
1157,10461,3415.62,invoice,2026-06-15 12:00:00
1158,9569,1033.41,invoice,2026-04-09 12:00:00
1159,2185,2096.92,invoice,2025-05-26 12:00:00
1160,32,1826.19,ach,2025-02-19 12:00:00
1161,7192,2661.56,ach,2025-12-11 12:00:00
1162,1808,3145.45,wire,2025-05-01 12:00:00
1163,9781,1121.08,credit_card,2026-05-22 12:00:00
1164,7247,4633.24,wire,2026-01-01 12:00:00
1165,12555,798.68,ach,2026-09-30 12:00:00
1166,6253,548.08,credit_card,2025-11-19 12:00:00
1167,2393,209.66,credit_card,2025-05-17 12:00:00
1168,5678,3261.82,wire,2025-11-26 12:00:00
1169,12665,1049.8,ach,2026-09-27 12:00:00
1170,3486,1101.85,wire,2025-07-13 12:00:00
1171,484,2168.22,credit_card,2025-02-23 12:00:00
1172,8232,3837.88,invoice,2026-02-15 12:00:00
1173,11768,4048.17,wire,2026-08-04 12:00:00
1174,7646,3874.84,wire,2026-01-08 12:00:00
1175,11542,4932.24,wire,2026-08-05 12:00:00
1176,2448,788.12,wire,2025-05-08 12:00:00
1177,9980,2663.24,ach,2026-05-15 12:00:00
1178,2288,654.14,wire,2025-05-14 12:00:00
1179,1499,966.91,credit_card,2025-04-25 12:00:00
1180,5710,3029.42,invoice,2025-11-06 12:00:00
1181,4696,836.99,wire,2025-10-05 12:00:00
1182,1283,1170.13,wire,2025-05-01 12:00:00
1183,8086,1573.85,credit_card,2026-02-12 12:00:00
1184,9566,1181.43,invoice,2026-04-24 12:00:00
1185,11550,1390.99,credit_card,2026-08-30 12:00:00
1186,300,5453.53,wire,2025-02-07 12:00:00
1187,4641,1636.23,ach,2025-09-09 12:00:00
1188,1745,201.16,ach,2025-04-22 12:00:00
1189,6260,3891.34,ach,2025-11-19 12:00:00
1190,9913,1183.7,ach,2026-05-05 12:00:00
1191,10024,1695.68,ach,2026-05-13 12:00:00
1192,669,6541.21,invoice,2025-03-02 12:00:00
1193,10035,1822.95,invoice,2026-05-26 12:00:00
1194,7712,2713.43,wire,2026-01-09 12:00:00
1195,10222,610.85,invoice,2026-05-08 12:00:00
1196,9414,3241.44,ach,2026-04-24 12:00:00
1197,10770,2592.27,invoice,2026-07-01 12:00:00
1198,10033,2825.63,wire,2026-05-09 12:00:00
1199,2146,1180.51,wire,2025-05-24 12:00:00
1200,304,3363.82,invoice,2025-02-14 12:00:00
1201,5861,1859.02,credit_card,2025-12-05 12:00:00
1202,2389,2896.62,invoice,2025-05-23 12:00:00
1203,1019,287.56,ach,2025-03-26 12:00:00
1204,6974,2375.91,invoice,2026-01-04 12:00:00
1205,8544,3768.45,ach,2026-03-13 12:00:00
1206,10639,2313.41,wire,2026-06-29 12:00:00
1207,2239,1178.57,wire,2025-05-06 12:00:00
1208,12108,3258.62,wire,2026-08-13 12:00:00
1209,7273,1257.55,credit_card,2025-12-18 12:00:00
1210,7946,334.95,ach,2026-02-18 12:00:00
1211,11737,1798.47,ach,2026-08-10 12:00:00
1212,5211,830.94,ach,2025-10-07 12:00:00
1213,8158,2332.89,invoice,2026-02-26 12:00:00
1214,3718,2917.64,ach,2025-07-23 12:00:00
1215,2291,5229.58,invoice,2025-05-25 12:00:00
1216,9384,4387.03,credit_card,2026-04-30 12:00:00
1217,2145,1926.36,credit_card,2025-05-23 12:00:00
1218,2999,2816.7,credit_card,2025-06-16 12:00:00
1219,9527,2651.49,invoice,2026-04-07 12:00:00
1220,8006,5995.62,credit_card,2026-02-08 12:00:00
1221,8883,1520.56,ach,2026-03-23 12:00:00
1222,8291,1793.94,credit_card,2026-02-13 12:00:00
1223,1069,1847.88,credit_card,2025-03-15 12:00:00
1224,7898,4715.04,ach,2026-02-06 12:00:00
1225,10939,1147.38,credit_card,2026-07-24 12:00:00
1226,2184,4124.63,wire,2025-05-29 12:00:00
1227,12180,1004.05,invoice,2026-09-08 12:00:00
1228,10549,1626.54,invoice,2026-06-07 12:00:00
1229,10687,4500.79,ach,2026-06-19 12:00:00
1230,3609,727.68,invoice,2025-07-21 12:00:00
1231,7317,1303.06,wire,2026-01-07 12:00:00
1232,8669,4475.7,credit_card,2026-03-20 12:00:00
1233,5826,2437.42,invoice,2025-11-17 12:00:00
1234,10224,3542.42,wire,2026-05-18 12:00:00
1235,6154,3348.85,wire,2025-11-08 12:00:00
1236,7608,3974.58,wire,2026-01-12 12:00:00
1237,2103,2447.74,credit_card,2025-05-28 12:00:00
1238,4609,4100.18,ach,2025-10-05 12:00:00
1239,8630,2189.14,wire,2026-03-03 12:00:00
1240,10507,3154.08,wire,2026-06-13 12:00:00
1241,11053,2417.72,credit_card,2026-07-13 12:00:00
1242,5904,2152.24,wire,2025-11-23 12:00:00
1243,10931,960.83,ach,2026-07-07 12:00:00
1244,10214,2800.28,invoice,2026-05-26 12:00:00
1245,11220,6034.48,invoice,2026-07-29 12:00:00
1246,4439,371.6,ach,2025-09-26 12:00:00
1247,5925,1891.09,invoice,2025-11-17 12:00:00
1248,3091,600.06,wire,2025-06-26 12:00:00
1249,2070,3383.43,ach,2025-05-26 12:00:00
1250,4093,2373.52,wire,2025-08-26 12:00:00
1251,421,4905.4,wire,2025-02-07 12:00:00
1252,9613,1247.32,ach,2026-04-11 12:00:00
1253,6724,2286.01,invoice,2025-12-19 12:00:00
1254,12732,2764.61,credit_card,2026-09-28 12:00:00
1255,1048,4961.66,ach,2025-03-01 12:00:00
1256,857,2299.01,ach,2025-03-13 12:00:00
1257,8372,1029.83,wire,2026-02-15 12:00:00
1258,7534,4277.59,invoice,2026-02-03 12:00:00
1259,2665,1288.85,credit_card,2025-06-27 12:00:00
1260,2555,1532.85,invoice,2025-06-05 12:00:00
1261,9710,4940.25,credit_card,2026-05-19 12:00:00
1262,9945,1328.53,invoice,2026-05-15 12:00:00
1263,9448,1507.35,ach,2026-04-23 12:00:00
1264,5693,1305.8,invoice,2025-11-30 12:00:00
1265,8167,4765.57,ach,2026-02-25 12:00:00
1266,5373,2950.11,wire,2025-10-25 12:00:00
1267,1414,140.58,credit_card,2025-04-29 12:00:00
1268,1140,1361.05,credit_card,2025-03-22 12:00:00
1269,12026,3338.17,invoice,2026-08-07 12:00:00
1270,3860,1743.52,ach,2025-08-27 12:00:00
1271,6713,4620.14,ach,2025-12-23 12:00:00
1272,2320,1575.27,ach,2025-05-08 12:00:00
1273,6959,1173.36,invoice,2025-12-28 12:00:00
1274,108,3019.12,ach,2025-02-15 12:00:00
1275,9016,3345.53,credit_card,2026-04-01 12:00:00
1276,5744,3205.4,invoice,2025-12-03 12:00:00
1277,10374,2927.62,wire,2026-06-29 12:00:00
1278,3449,2379.58,ach,2025-07-29 12:00:00
1279,10849,2305.03,invoice,2026-06-08 12:00:00
1280,10144,3225.68,wire,2026-05-25 12:00:00
1281,3434,2632.8,invoice,2025-07-12 12:00:00
1282,10411,4965.98,wire,2026-06-28 12:00:00
1283,9277,907.22,invoice,2026-04-10 12:00:00
1284,1386,194.66,ach,2025-04-22 12:00:00
1285,6301,980.39,credit_card,2025-11-10 12:00:00
1286,218,1355.16,wire,2025-02-23 12:00:00
1287,10338,1033.41,wire,2026-06-08 12:00:00
1288,7837,2283.15,ach,2026-02-18 12:00:00
1289,7029,2194.42,invoice,2025-12-08 12:00:00
1290,7301,3049.4,wire,2026-01-01 12:00:00
1291,9419,1377.3,credit_card,2026-04-08 12:00:00
1292,3387,665.95,credit_card,2025-07-08 12:00:00
1293,3316,6790.5,invoice,2025-07-28 12:00:00
1294,511,1922.12,wire,2025-02-09 12:00:00
1295,701,6451.58,wire,2025-04-03 12:00:00
1296,170,710.63,credit_card,2025-02-17 12:00:00
1297,11027,2547.78,ach,2026-07-27 12:00:00
1298,7372,702.9,wire,2026-01-17 12:00:00
1299,1278,5308.16,credit_card,2025-05-02 12:00:00
1300,574,248.5,invoice,2025-02-24 12:00:00
1301,40,2779.68,invoice,2025-02-04 12:00:00
1302,2992,892.19,credit_card,2025-06-24 12:00:00
1303,11246,350.8,credit_card,2026-08-04 12:00:00
1304,5991,5303.68,ach,2025-11-27 12:00:00
1305,933,111.41,wire,2025-03-05 12:00:00
1306,3038,1910.45,ach,2025-06-12 12:00:00
1307,2597,2409.5,ach,2025-06-04 12:00:00
1308,5359,3601.65,invoice,2025-10-06 12:00:00
1309,5747,474.66,wire,2025-11-18 12:00:00
1310,1622,4215.54,credit_card,2025-04-07 12:00:00
1311,347,942.25,invoice,2025-02-05 12:00:00
1312,6235,1859.35,ach,2025-11-30 12:00:00
1313,7160,2820.9,invoice,2025-12-25 12:00:00
1314,7211,1733.38,wire,2025-12-11 12:00:00
1315,7592,2147.25,invoice,2026-02-02 12:00:00
1316,9230,5169.11,credit_card,2026-04-12 12:00:00
1317,8373,299.58,invoice,2026-02-19 12:00:00
1318,1483,4163.59,ach,2025-04-21 12:00:00
1319,10212,2861.45,invoice,2026-05-07 12:00:00
1320,4105,4756.84,invoice,2025-08-22 12:00:00
1321,2589,7764.75,wire,2025-06-12 12:00:00
1322,4848,2538.81,credit_card,2025-09-23 12:00:00
1323,11627,883.66,credit_card,2026-08-05 12:00:00
1324,5501,472.15,invoice,2025-10-28 12:00:00
1325,9223,953.72,ach,2026-04-11 12:00:00
1326,12583,1872.48,credit_card,2026-09-26 12:00:00
1327,3147,692.98,credit_card,2025-07-07 12:00:00
1328,2202,3805.08,ach,2025-05-04 12:00:00
1329,972,4010.47,wire,2025-03-25 12:00:00
1330,7963,2032.51,wire,2026-02-24 12:00:00
1331,4618,6999.08,credit_card,2025-09-28 12:00:00
1332,5332,1470.96,wire,2025-10-22 12:00:00
1333,8546,3404.39,credit_card,2026-03-07 12:00:00
1334,1202,3918.42,credit_card,2025-03-30 12:00:00
1335,11413,2622.07,wire,2026-07-03 12:00:00
1336,5039,4294.72,wire,2025-10-23 12:00:00
1337,9146,5756.17,ach,2026-04-18 12:00:00
1338,3541,6143.84,ach,2025-07-05 12:00:00
1339,4953,1369.68,invoice,2025-09-17 12:00:00
1340,5688,1039.55,ach,2025-11-27 12:00:00
1341,10613,5781.22,invoice,2026-06-28 12:00:00
1342,11763,1751.19,credit_card,2026-08-09 12:00:00
1343,6206,438.5,ach,2025-11-12 12:00:00
1344,4680,879.28,credit_card,2025-09-04 12:00:00
1345,10682,4328.38,invoice,2026-06-11 12:00:00
1346,12751,3102.7,credit_card,2026-09-06 12:00:00
1347,2022,340.5,wire,2025-05-28 12:00:00
1348,11503,517.56,invoice,2026-07-06 12:00:00
1349,11544,263.1,ach,2026-08-05 12:00:00
1350,3078,2274.5,ach,2025-06-01 12:00:00
1351,7664,2898.98,invoice,2026-01-21 12:00:00
1352,4585,249.13,wire,2025-09-22 12:00:00
1353,2440,4430.05,invoice,2025-05-14 12:00:00
1354,2902,1111.5,credit_card,2025-06-21 12:00:00
1355,11019,3097.17,wire,2026-07-03 12:00:00
1356,7199,3873.49,credit_card,2025-12-14 12:00:00
1357,6927,2619.73,wire,2025-12-22 12:00:00
1358,11525,3265.73,wire,2026-07-15 12:00:00
1359,4521,1389.24,invoice,2025-09-17 12:00:00
1360,11355,3448.49,invoice,2026-07-24 12:00:00
1361,6291,820.65,ach,2025-11-05 12:00:00
1362,2565,1638.89,ach,2025-06-30 12:00:00
1363,3533,3939.52,invoice,2025-07-19 12:00:00
1364,6799,3098.92,credit_card,2025-12-26 12:00:00
1365,4815,3020.78,wire,2025-09-27 12:00:00
1366,7792,2198.2,ach,2026-02-03 12:00:00
1367,8431,3495.17,invoice,2026-03-19 12:00:00
1368,1351,1590.58,ach,2025-04-27 12:00:00
1369,8058,1774.3,invoice,2026-02-26 12:00:00
1370,1328,2740.93,invoice,2025-04-20 12:00:00
1371,6443,1516.5,credit_card,2025-11-22 12:00:00
1372,10468,1973.29,credit_card,2026-06-24 12:00:00
1373,1594,2462.72,ach,2025-05-04 12:00:00
1374,5982,3707.63,ach,2025-11-16 12:00:00
1375,9744,2976.64,wire,2026-05-09 12:00:00
1376,211,2252.48,invoice,2025-02-28 12:00:00
1377,9076,3528.45,credit_card,2026-04-25 12:00:00
1378,4919,3264.36,ach,2025-09-17 12:00:00
1379,652,242.12,ach,2025-03-07 12:00:00
1380,10802,2848.25,credit_card,2026-06-17 12:00:00
1381,11478,533.24,ach,2026-07-13 12:00:00
1382,6670,1076.08,invoice,2025-12-26 12:00:00
1383,8141,1624.46,wire,2026-02-15 12:00:00
1384,5145,991.46,credit_card,2025-10-30 12:00:00
1385,3026,3422.45,credit_card,2025-06-27 12:00:00
1386,5221,2777.05,wire,2025-10-15 12:00:00
1387,5630,708.49,invoice,2025-11-27 12:00:00
1388,10929,3016.52,invoice,2026-07-26 12:00:00
1389,10552,3048.38,ach,2026-06-07 12:00:00
1390,2808,4548.93,ach,2025-06-10 12:00:00
1391,8652,1703.21,credit_card,2026-04-01 12:00:00
1392,485,1331.48,wire,2025-02-06 12:00:00
1393,5698,4215.71,invoice,2025-12-03 12:00:00
1394,12727,1632.74,credit_card,2026-09-21 12:00:00
1395,10371,5654.05,wire,2026-06-22 12:00:00
1396,399,1618.7,credit_card,2025-02-26 12:00:00
1397,5021,2143.88,credit_card,2025-10-30 12:00:00
1398,4090,2525.56,wire,2025-09-01 12:00:00
1399,909,1515.52,invoice,2025-03-25 12:00:00
1400,2610,2219.38,credit_card,2025-06-05 12:00:00
1401,8315,497.51,invoice,2026-02-04 12:00:00
1402,593,225.88,credit_card,2025-02-15 12:00:00
1403,1251,1398.54,invoice,2025-04-27 12:00:00
1404,12439,2353.08,invoice,2026-09-25 12:00:00
1405,2125,294.43,wire,2025-05-24 12:00:00
1406,2508,5420.71,invoice,2025-06-13 12:00:00
1407,4393,2107.24,wire,2025-09-18 12:00:00
1408,12701,571.33,credit_card,2026-09-17 12:00:00
1409,2253,5142.68,invoice,2025-05-06 12:00:00
1410,10540,2174.15,credit_card,2026-06-29 12:00:00
1411,3956,4815.77,wire,2025-08-10 12:00:00
1412,12621,2016.58,credit_card,2026-09-10 12:00:00
1413,2577,4650.98,credit_card,2025-06-09 12:00:00
1414,5606,3918.17,invoice,2025-11-03 12:00:00
1415,5708,1455.64,wire,2025-11-01 12:00:00
1416,765,1283.96,wire,2025-03-28 12:00:00
1417,4666,4925.99,invoice,2025-09-15 12:00:00
1418,583,5186.85,ach,2025-03-05 12:00:00
1419,2865,2306.72,wire,2025-06-26 12:00:00
1420,10668,1599.45,wire,2026-06-06 12:00:00
1421,2997,2725.35,credit_card,2025-06-14 12:00:00
1422,5707,3624.26,invoice,2025-11-25 12:00:00
1423,8864,2455.92,invoice,2026-03-18 12:00:00
1424,12456,2505.08,invoice,2026-09-05 12:00:00
1425,4177,1707.4,ach,2025-08-29 12:00:00
1426,10713,2881.79,wire,2026-06-22 12:00:00
1427,4744,2121.78,ach,2025-09-26 12:00:00
1428,5949,610.85,ach,2025-11-27 12:00:00
1429,3976,2109.4,invoice,2025-08-09 12:00:00
1430,9028,3213.68,ach,2026-03-31 12:00:00
1431,12192,1170.23,wire,2026-09-11 12:00:00
1432,7472,148.07,ach,2026-01-29 12:00:00
1433,5779,6398.78,ach,2025-11-08 12:00:00
1434,10014,595.86,wire,2026-05-10 12:00:00
1435,11400,3525.65,ach,2026-07-18 12:00:00
1436,5258,2885.8,ach,2025-11-02 12:00:00
1437,5588,3098.4,invoice,2025-10-05 12:00:00
1438,7224,2647.54,invoice,2025-12-22 12:00:00
1439,8349,487.39,ach,2026-02-11 12:00:00
1440,6499,1956.74,credit_card,2025-12-18 12:00:00
1441,9754,393.46,ach,2026-05-26 12:00:00
1442,7290,1990.04,wire,2025-12-22 12:00:00
1443,5358,681.31,ach,2025-10-05 12:00:00
1444,9564,6116.71,credit_card,2026-05-04 12:00:00
1445,2436,1549.2,invoice,2025-05-27 12:00:00
1446,11986,1071.39,credit_card,2026-08-26 12:00:00
1447,6518,2601.55,invoice,2026-01-01 12:00:00
1448,2128,566.94,wire,2025-05-07 12:00:00
1449,1276,2626.49,wire,2025-04-19 12:00:00
1450,9424,4675.53,invoice,2026-04-30 12:00:00
1451,10795,2683.51,wire,2026-06-12 12:00:00
1452,2445,3654.05,invoice,2025-05-24 12:00:00
1453,5913,3386.72,wire,2025-11-24 12:00:00
1454,5377,6922.81,wire,2025-11-03 12:00:00
1455,2535,1755.38,credit_card,2025-06-29 12:00:00
1456,8750,4880.44,invoice,2026-03-28 12:00:00
1457,1656,3863.03,invoice,2025-05-01 12:00:00
1458,3854,4289.38,credit_card,2025-08-08 12:00:00
1459,1370,1644.69,invoice,2025-04-14 12:00:00
1460,741,227.0,credit_card,2025-03-25 12:00:00
1461,3060,830.94,wire,2025-06-20 12:00:00
1462,1189,2987.5,invoice,2025-03-06 12:00:00
1463,8742,8948.78,ach,2026-03-16 12:00:00
1464,7499,2764.76,wire,2026-01-26 12:00:00
1465,4834,3822.73,ach,2025-09-14 12:00:00
1466,7238,3733.09,wire,2025-12-19 12:00:00
1467,2471,830.94,invoice,2025-05-10 12:00:00
1468,10692,1925.67,credit_card,2026-06-28 12:00:00
1469,6089,2753.03,invoice,2025-11-09 12:00:00
1470,5166,2060.99,wire,2025-10-28 12:00:00
1471,2537,3524.64,ach,2025-06-04 12:00:00
1472,10013,4033.07,invoice,2026-05-30 12:00:00
1473,8737,959.11,wire,2026-03-22 12:00:00
1474,4780,2195.96,credit_card,2025-10-02 12:00:00
1475,4711,5133.01,invoice,2025-09-22 12:00:00
1476,11075,3209.9,wire,2026-07-08 12:00:00
1477,3155,5505.67,wire,2025-07-18 12:00:00
1478,3922,5775.27,ach,2025-08-24 12:00:00
1479,12309,363.92,ach,2026-10-03 12:00:00
1480,3489,3668.43,ach,2025-07-23 12:00:00
1481,3574,762.71,wire,2025-07-15 12:00:00
1482,8383,3941.78,invoice,2026-02-18 12:00:00
1483,8301,3378.8,invoice,2026-02-14 12:00:00
1484,3985,4890.01,wire,2025-08-13 12:00:00
1485,3354,1549.2,credit_card,2025-07-01 12:00:00
1486,6153,3413.87,credit_card,2025-11-10 12:00:00
1487,4345,1550.03,invoice,2025-08-21 12:00:00
1488,7380,4266.51,invoice,2026-01-23 12:00:00
1489,11624,3862.8,credit_card,2026-08-05 12:00:00
1490,8268,1285.23,wire,2026-02-24 12:00:00
1491,7817,4226.03,invoice,2026-02-12 12:00:00
1492,6725,335.12,credit_card,2026-01-03 12:00:00
1493,10218,3550.97,invoice,2026-05-17 12:00:00
1494,249,2536.64,credit_card,2025-02-22 12:00:00
1495,7742,1680.04,credit_card,2026-01-11 12:00:00
1496,10184,4691.17,wire,2026-05-25 12:00:00
1497,9849,3036.68,invoice,2026-05-13 12:00:00
1498,563,2707.88,invoice,2025-02-28 12:00:00
1499,4608,2097.19,credit_card,2025-09-23 12:00:00
1500,12093,2392.69,wire,2026-09-03 12:00:00
1501,11903,1821.16,ach,2026-08-07 12:00:00
1502,10290,2728.94,ach,2026-06-24 12:00:00
1503,11393,2714.23,credit_card,2026-07-18 12:00:00
1504,915,1132.97,ach,2025-03-24 12:00:00
1505,12112,654.14,credit_card,2026-08-30 12:00:00
1506,10705,3812.41,invoice,2026-06-16 12:00:00
1507,7862,3372.21,credit_card,2026-02-23 12:00:00
1508,11403,3215.16,invoice,2026-07-25 12:00:00
1509,4982,848.6,credit_card,2025-09-28 12:00:00
1510,5901,1153.1,credit_card,2025-11-14 12:00:00
1511,4112,2051.36,invoice,2025-08-25 12:00:00
1512,4340,3644.98,ach,2025-08-07 12:00:00
1513,863,5724.14,invoice,2025-03-10 12:00:00
1514,5712,5177.68,credit_card,2025-11-07 12:00:00
1515,8483,5502.12,ach,2026-03-31 12:00:00
1516,9676,1233.89,invoice,2026-05-10 12:00:00
1517,2418,2287.05,wire,2025-05-06 12:00:00
1518,1321,3654.93,credit_card,2025-04-30 12:00:00
1519,11813,4936.74,credit_card,2026-08-23 12:00:00
1520,11269,2881.11,ach,2026-07-31 12:00:00
1521,1497,2513.24,invoice,2025-04-14 12:00:00
1522,6419,2946.47,credit_card,2025-11-07 12:00:00
1523,1596,5082.78,wire,2025-04-26 12:00:00
1524,181,967.36,credit_card,2025-02-18 12:00:00
1525,9940,1701.68,wire,2026-05-16 12:00:00
1526,2612,2881.75,invoice,2025-07-05 12:00:00
1527,2685,3620.76,credit_card,2025-06-28 12:00:00
1528,6696,3978.22,wire,2025-12-28 12:00:00
1529,9420,4179.84,wire,2026-04-15 12:00:00
1530,8038,7674.15,credit_card,2026-02-24 12:00:00
1531,4694,474.66,ach,2025-09-23 12:00:00
1532,7437,4653.05,invoice,2026-01-31 12:00:00
1533,12537,4234.25,invoice,2026-09-22 12:00:00
1534,1400,229.64,invoice,2025-04-13 12:00:00
1535,8020,2861.47,wire,2026-02-17 12:00:00
1536,12369,2048.84,wire,2026-09-19 12:00:00
1537,7557,3896.23,ach,2026-01-24 12:00:00
1538,7121,1257.91,wire,2025-12-27 12:00:00
1539,8858,2559.51,credit_card,2026-03-21 12:00:00
1540,5130,3871.59,credit_card,2025-10-20 12:00:00
1541,7721,4521.67,invoice,2026-01-04 12:00:00
1542,11402,5655.39,ach,2026-07-05 12:00:00
1543,10057,4467.92,credit_card,2026-05-18 12:00:00
1544,1211,3308.91,credit_card,2025-03-26 12:00:00
1545,1769,5505.78,ach,2025-04-12 12:00:00
1546,6819,1277.54,wire,2025-12-31 12:00:00
1547,5503,1308.99,wire,2025-10-03 12:00:00
1548,9177,3593.35,wire,2026-04-13 12:00:00
1549,901,2397.76,wire,2025-03-06 12:00:00
1550,10015,4829.08,credit_card,2026-06-02 12:00:00
1551,5278,558.18,credit_card,2025-10-20 12:00:00
1552,9903,1789.65,ach,2026-05-13 12:00:00
1553,9665,4232.9,wire,2026-05-17 12:00:00
1554,5360,3726.93,wire,2025-10-12 12:00:00
1555,9488,502.68,credit_card,2026-04-16 12:00:00
1556,3650,3738.45,invoice,2025-07-06 12:00:00
1557,3222,517.61,wire,2025-07-25 12:00:00
1558,1435,3634.86,invoice,2025-04-17 12:00:00
1559,93,2984.5,credit_card,2025-02-04 12:00:00
1560,6261,1268.0,invoice,2025-11-17 12:00:00
1561,6866,2946.1,ach,2025-12-09 12:00:00
1562,2341,2080.01,credit_card,2025-05-20 12:00:00
1563,10441,3322.86,wire,2026-06-28 12:00:00
1564,11328,238.99,invoice,2026-07-06 12:00:00
1565,9895,339.27,ach,2026-06-03 12:00:00
1566,6073,4744.01,credit_card,2025-11-15 12:00:00
1567,7585,2887.91,invoice,2026-02-01 12:00:00
1568,12082,1496.82,wire,2026-08-31 12:00:00
1569,7769,630.67,ach,2026-01-06 12:00:00
1570,5381,78.93,ach,2025-11-05 12:00:00
1571,2343,2291.31,invoice,2025-05-07 12:00:00
1572,4603,1046.12,ach,2025-09-30 12:00:00
1573,4561,1394.57,wire,2025-09-02 12:00:00
1574,6573,1707.63,credit_card,2025-12-18 12:00:00
1575,1085,4172.63,credit_card,2025-03-22 12:00:00
1576,5837,5562.85,ach,2025-11-23 12:00:00
1577,9811,2836.32,wire,2026-05-26 12:00:00
1578,12224,2702.57,credit_card,2026-09-11 12:00:00
1579,6385,4327.11,wire,2025-11-15 12:00:00
1580,9480,4066.21,credit_card,2026-04-24 12:00:00
1581,2456,2548.35,credit_card,2025-05-23 12:00:00
1582,9719,4616.55,invoice,2026-06-05 12:00:00
1583,7589,1211.37,credit_card,2026-01-22 12:00:00
1584,10475,2213.09,credit_card,2026-06-05 12:00:00
1585,11501,4215.08,invoice,2026-07-11 12:00:00
1586,6424,2334.35,credit_card,2025-11-18 12:00:00
1587,1397,3505.18,ach,2025-04-11 12:00:00
1588,1431,4713.59,ach,2025-04-27 12:00:00
1589,10448,3538.82,wire,2026-06-29 12:00:00
1590,6915,308.62,invoice,2026-01-02 12:00:00
1591,409,850.36,wire,2025-02-11 12:00:00
1592,5640,2723.75,credit_card,2025-11-21 12:00:00
1593,12736,4982.08,invoice,2026-09-05 12:00:00
1594,6876,1399.98,invoice,2025-12-28 12:00:00
1595,10885,2664.29,credit_card,2026-06-19 12:00:00
1596,5599,2748.29,credit_card,2025-10-18 12:00:00
1597,9871,3391.63,credit_card,2026-05-08 12:00:00
1598,2936,2992.8,ach,2025-06-16 12:00:00
1599,7501,644.16,ach,2026-02-03 12:00:00
1600,5096,1465.92,invoice,2025-10-24 12:00:00
1601,5803,1419.45,wire,2025-11-10 12:00:00
1602,7451,5072.73,invoice,2026-01-17 12:00:00
1603,3596,2861.99,wire,2025-07-11 12:00:00
1604,9786,1243.23,invoice,2026-05-21 12:00:00
1605,10310,5256.3,credit_card,2026-06-22 12:00:00
1606,7489,882.17,wire,2026-01-09 12:00:00
1607,7201,4118.13,invoice,2025-12-23 12:00:00
1608,3027,631.7,invoice,2025-06-22 12:00:00
1609,834,4356.99,wire,2025-03-17 12:00:00
1610,8263,385.9,ach,2026-02-03 12:00:00
1611,5108,4100.29,ach,2025-10-20 12:00:00
1612,8247,714.26,ach,2026-03-02 12:00:00
1613,10088,2663.18,ach,2026-05-06 12:00:00
1614,5721,434.83,wire,2025-12-03 12:00:00
1615,1966,3319.13,wire,2025-05-20 12:00:00
1616,2321,2321.4,credit_card,2025-05-04 12:00:00
1617,10149,3555.74,invoice,2026-05-06 12:00:00
1618,1369,2747.58,ach,2025-04-30 12:00:00
1619,1422,4200.01,ach,2025-04-02 12:00:00
1620,4550,3739.13,wire,2025-09-30 12:00:00
1621,2178,1325.74,ach,2025-05-25 12:00:00
1622,820,2638.34,ach,2025-03-20 12:00:00
1623,9316,2646.79,ach,2026-04-17 12:00:00
1624,9900,6246.55,credit_card,2026-05-05 12:00:00
1625,5562,2305.6,credit_card,2025-10-30 12:00:00
1626,9586,82.84,credit_card,2026-04-06 12:00:00
1627,3394,2767.12,credit_card,2025-07-14 12:00:00
1628,4456,1347.74,invoice,2025-09-26 12:00:00
1629,331,2224.78,invoice,2025-02-17 12:00:00
1630,5115,6265.68,ach,2025-10-25 12:00:00
1631,1286,2505.2,ach,2025-04-26 12:00:00
1632,8404,1535.79,wire,2026-02-05 12:00:00
1633,4747,1030.4,wire,2025-09-09 12:00:00
1634,9595,2856.63,invoice,2026-04-20 12:00:00
1635,4481,987.41,credit_card,2025-09-18 12:00:00
1636,1092,2520.32,invoice,2025-03-16 12:00:00
1637,11598,1708.33,wire,2026-08-08 12:00:00
1638,74,1512.26,invoice,2025-02-07 12:00:00
1639,5071,1662.97,ach,2025-10-26 12:00:00
1640,1796,4358.33,wire,2025-04-26 12:00:00
1641,10907,2421.01,credit_card,2026-07-11 12:00:00
1642,9956,5031.41,invoice,2026-06-01 12:00:00
1643,1946,464.53,ach,2025-05-12 12:00:00
1644,7234,2397.25,credit_card,2025-12-12 12:00:00
1645,292,3087.01,wire,2025-02-11 12:00:00
1646,11144,1839.22,ach,2026-07-09 12:00:00
1647,12742,837.8,invoice,2026-09-09 12:00:00
1648,1531,4789.65,credit_card,2025-04-11 12:00:00
1649,10734,5473.66,credit_card,2026-06-20 12:00:00
1650,42,2759.1,ach,2025-02-16 12:00:00
1651,4992,2539.15,credit_card,2025-09-18 12:00:00
1652,11700,4077.08,invoice,2026-08-17 12:00:00
1653,7960,2522.42,invoice,2026-03-03 12:00:00
1654,3888,1856.73,wire,2025-08-13 12:00:00
1655,2859,2247.2,wire,2025-06-13 12:00:00
1656,319,7989.74,credit_card,2025-02-19 12:00:00
1657,4768,5117.91,invoice,2025-09-22 12:00:00
1658,2841,4638.66,invoice,2025-06-07 12:00:00
1659,5494,3889.26,credit_card,2025-10-31 12:00:00
1660,6492,3280.0,wire,2025-12-05 12:00:00
1661,9984,591.09,wire,2026-05-29 12:00:00
1662,1706,2429.36,credit_card,2025-04-30 12:00:00
1663,6373,2456.28,credit_card,2025-11-15 12:00:00
1664,11076,1842.45,credit_card,2026-07-27 12:00:00
1665,4316,2746.02,ach,2025-08-10 12:00:00
1666,3119,2733.6,credit_card,2025-06-26 12:00:00
1667,7078,1876.19,wire,2025-12-26 12:00:00
1668,2485,1021.63,credit_card,2025-05-23 12:00:00
1669,8940,2146.68,ach,2026-03-15 12:00:00
1670,9927,2421.96,credit_card,2026-05-31 12:00:00
1671,1744,2507.46,wire,2025-04-10 12:00:00
1672,6409,2615.93,ach,2025-11-13 12:00:00
1673,10145,3938.24,ach,2026-05-24 12:00:00
1674,8910,1128.36,ach,2026-04-01 12:00:00
1675,8978,3155.47,invoice,2026-03-16 12:00:00
1676,10022,1607.59,wire,2026-05-26 12:00:00
1677,1348,2498.26,credit_card,2025-04-24 12:00:00
1678,6917,4015.08,invoice,2025-12-14 12:00:00
1679,86,2630.59,credit_card,2025-02-05 12:00:00
1680,1840,3418.68,wire,2025-04-30 12:00:00
1681,2488,2451.93,invoice,2025-05-23 12:00:00
1682,11815,189.03,invoice,2026-08-11 12:00:00
1683,1784,2173.09,invoice,2025-04-05 12:00:00
1684,12193,851.67,ach,2026-09-24 12:00:00
1685,3890,3473.13,invoice,2025-08-27 12:00:00
1686,6757,4621.69,invoice,2025-12-26 12:00:00
1687,1036,2723.32,ach,2025-03-01 12:00:00
1688,4820,2001.79,wire,2025-09-16 12:00:00
1689,8085,722.3,ach,2026-02-08 12:00:00
1690,10742,3204.93,ach,2026-06-16 12:00:00
1691,7678,2137.15,ach,2026-01-20 12:00:00
1692,10650,2256.34,credit_card,2026-06-19 12:00:00
1693,12427,3509.45,ach,2026-09-11 12:00:00
1694,6881,613.13,invoice,2025-12-09 12:00:00
1695,12121,840.1,credit_card,2026-08-07 12:00:00
1696,9923,4080.35,credit_card,2026-05-24 12:00:00
1697,6578,710.22,wire,2025-12-06 12:00:00
1698,12393,3415.1,wire,2026-09-25 12:00:00
1699,4065,1323.02,wire,2025-09-05 12:00:00
1700,62,1652.35,ach,2025-02-03 12:00:00
1701,7137,424.49,invoice,2025-12-07 12:00:00
1702,5652,1889.68,credit_card,2025-11-04 12:00:00
1703,6160,828.6,wire,2025-11-20 12:00:00
1704,9800,2878.54,invoice,2026-05-13 12:00:00
1705,11196,3967.82,credit_card,2026-07-06 12:00:00
1706,2693,2752.41,invoice,2025-06-20 12:00:00
1707,7572,1418.14,invoice,2026-02-03 12:00:00
1708,10127,681.97,ach,2026-05-13 12:00:00
1709,6463,5936.45,ach,2025-11-16 12:00:00
1710,10559,1246.41,ach,2026-07-02 12:00:00
1711,2421,948.18,wire,2025-06-05 12:00:00
1712,4078,4140.28,invoice,2025-08-31 12:00:00
1713,3468,1870.32,credit_card,2025-07-18 12:00:00
1714,11145,952.69,wire,2026-07-31 12:00:00
1715,9640,2622.52,ach,2026-04-09 12:00:00
1716,4986,2961.36,credit_card,2025-09-18 12:00:00
1717,899,204.3,wire,2025-03-09 12:00:00
1718,6635,3097.7,ach,2025-12-17 12:00:00
1719,8249,2732.51,wire,2026-02-12 12:00:00
1720,959,2209.06,wire,2025-03-30 12:00:00
1721,8487,2154.37,ach,2026-03-09 12:00:00
1722,2010,3519.01,ach,2025-05-31 12:00:00
1723,1514,3439.62,wire,2025-04-12 12:00:00
1724,1955,261.53,credit_card,2025-05-25 12:00:00
1725,466,910.68,credit_card,2025-02-23 12:00:00
1726,4025,1532.27,credit_card,2025-08-08 12:00:00
1727,6225,3325.67,wire,2025-11-18 12:00:00
1728,1480,5412.85,wire,2025-04-24 12:00:00
1729,11416,806.58,invoice,2026-07-27 12:00:00
1730,11651,1403.78,invoice,2026-08-04 12:00:00
1731,12047,461.32,wire,2026-08-05 12:00:00
1732,869,621.43,wire,2025-04-01 12:00:00
1733,11701,1234.72,ach,2026-08-24 12:00:00
1734,11485,2555.16,invoice,2026-07-07 12:00:00
1735,7319,4973.3,ach,2026-01-08 12:00:00
1736,2930,1096.25,invoice,2025-06-13 12:00:00
1737,12606,1867.77,credit_card,2026-09-12 12:00:00
1738,7552,1550.68,ach,2026-01-07 12:00:00
1739,9396,111.41,ach,2026-04-18 12:00:00
1740,3099,6237.63,ach,2025-06-26 12:00:00
1741,8804,4047.34,invoice,2026-03-12 12:00:00
1742,7908,3254.2,ach,2026-02-10 12:00:00
1743,2933,3646.78,invoice,2025-06-05 12:00:00
1744,4886,3854.17,ach,2025-09-27 12:00:00
1745,2857,2204.32,credit_card,2025-06-06 12:00:00
1746,5033,3222.02,invoice,2025-10-12 12:00:00
1747,10880,1142.6,wire,2026-06-21 12:00:00
1748,5246,2389.68,wire,2025-10-04 12:00:00
1749,1898,1146.69,wire,2025-05-16 12:00:00
1750,9479,405.65,ach,2026-04-08 12:00:00
1751,3657,3958.3,invoice,2025-07-25 12:00:00
1752,4049,3220.02,invoice,2025-08-07 12:00:00
1753,4650,2292.78,ach,2025-10-04 12:00:00
1754,6806,621.25,wire,2025-12-20 12:00:00
1755,9187,1225.25,credit_card,2026-04-29 12:00:00
1756,10757,1301.24,ach,2026-06-21 12:00:00
1757,2408,4559.54,credit_card,2025-05-23 12:00:00
1758,8818,900.97,ach,2026-03-10 12:00:00
1759,9528,2354.58,invoice,2026-04-06 12:00:00
1760,8185,2114.42,ach,2026-02-04 12:00:00
1761,8559,1623.29,wire,2026-03-20 12:00:00
1762,5801,2014.47,invoice,2025-11-30 12:00:00
1763,5124,2230.43,invoice,2025-10-15 12:00:00
1764,1112,5924.23,ach,2025-03-16 12:00:00
1765,7772,2467.43,credit_card,2026-01-06 12:00:00
1766,12365,5543.69,invoice,2026-10-03 12:00:00
1767,9393,5003.19,invoice,2026-04-11 12:00:00
1768,3306,3033.65,invoice,2025-07-04 12:00:00
1769,3853,4700.87,credit_card,2025-09-03 12:00:00
1770,8973,1962.42,credit_card,2026-03-17 12:00:00
1771,5685,3155.6,wire,2025-12-03 12:00:00
1772,10019,1582.35,wire,2026-05-24 12:00:00
1773,9986,3929.19,wire,2026-05-22 12:00:00
1774,8792,518.51,credit_card,2026-03-16 12:00:00
1775,5787,2167.06,credit_card,2025-11-10 12:00:00
1776,1490,1880.31,ach,2025-04-16 12:00:00
1777,4950,2946.31,wire,2025-09-30 12:00:00
1778,10905,666.9,credit_card,2026-07-11 12:00:00
1779,6509,5014.34,ach,2025-12-16 12:00:00
1780,10352,2776.54,wire,2026-06-20 12:00:00
1781,1273,1945.17,invoice,2025-04-09 12:00:00
1782,12549,2372.85,wire,2026-09-01 12:00:00
1783,1220,476.86,wire,2025-03-31 12:00:00
1784,8780,6908.51,ach,2026-03-10 12:00:00
1785,2621,143.33,credit_card,2025-06-10 12:00:00
1786,2895,1099.53,wire,2025-06-10 12:00:00
1787,5701,4318.99,wire,2025-11-25 12:00:00
1788,1714,4878.52,credit_card,2025-05-04 12:00:00
1789,4872,1583.99,invoice,2025-09-15 12:00:00
1790,7615,5639.22,ach,2026-01-19 12:00:00
1791,11165,3819.32,invoice,2026-07-31 12:00:00
1792,8999,2902.43,ach,2026-03-27 12:00:00
1793,1494,1917.08,wire,2025-04-12 12:00:00
1794,11136,4645.44,credit_card,2026-07-07 12:00:00
1795,11784,2020.35,invoice,2026-09-05 12:00:00
1796,1119,300.81,invoice,2025-03-28 12:00:00
1797,10762,4735.71,wire,2026-06-17 12:00:00
1798,2021,1222.84,ach,2025-05-12 12:00:00
1799,6042,4590.02,credit_card,2025-11-17 12:00:00
1800,3462,3741.86,wire,2025-07-19 12:00:00
1801,11052,2469.78,ach,2026-07-30 12:00:00
1802,10102,3633.0,wire,2026-05-12 12:00:00
1803,7783,4327.75,credit_card,2026-02-25 12:00:00
1804,4289,1880.66,ach,2025-08-31 12:00:00
1805,9550,4174.65,ach,2026-04-10 12:00:00
1806,7468,4252.9,wire,2026-01-22 12:00:00
1807,544,6205.05,ach,2025-02-13 12:00:00
1808,9892,1785.7,ach,2026-05-16 12:00:00
1809,411,1028.73,wire,2025-03-03 12:00:00
1810,2767,1748.82,credit_card,2025-06-18 12:00:00
1811,9253,980.3,credit_card,2026-04-22 12:00:00
1812,5573,1376.23,wire,2025-10-28 12:00:00
1813,8269,3086.58,credit_card,2026-02-06 12:00:00
1814,8495,1246.44,credit_card,2026-03-08 12:00:00
1815,2338,4610.15,invoice,2025-05-31 12:00:00
1816,1924,622.73,credit_card,2025-05-19 12:00:00
1817,3709,3118.34,invoice,2025-07-24 12:00:00
1818,9262,4243.61,ach,2026-04-13 12:00:00
1819,3313,3435.55,ach,2025-07-13 12:00:00
1820,7776,538.04,wire,2026-01-14 12:00:00
1821,1936,676.81,credit_card,2025-05-19 12:00:00
1822,2037,3150.33,ach,2025-05-25 12:00:00
1823,11842,7682.94,ach,2026-08-12 12:00:00
1824,3622,4331.51,credit_card,2025-07-06 12:00:00
1825,10977,1779.94,ach,2026-07-13 12:00:00
1826,1787,1614.32,ach,2025-04-30 12:00:00
1827,2237,1690.0,wire,2025-05-17 12:00:00
1828,12294,4247.7,ach,2026-09-21 12:00:00
1829,12258,4499.56,ach,2026-09-11 12:00:00
1830,734,1533.47,credit_card,2025-04-01 12:00:00
1831,12655,2756.04,wire,2026-09-07 12:00:00
1832,5323,4014.17,invoice,2025-10-14 12:00:00
1833,4723,536.76,invoice,2025-09-22 12:00:00
1834,6067,2797.84,invoice,2025-11-30 12:00:00
1835,11615,2364.5,ach,2026-09-01 12:00:00
1836,3471,1251.27,invoice,2025-07-29 12:00:00
1837,5080,2901.46,credit_card,2025-10-29 12:00:00
1838,11910,2971.6,ach,2026-08-23 12:00:00
1839,5617,5975.17,invoice,2025-10-30 12:00:00
1840,12692,5663.71,wire,2026-09-05 12:00:00
1841,8991,3393.34,wire,2026-04-04 12:00:00
1842,9584,2522.06,invoice,2026-04-30 12:00:00
1843,10626,4075.54,credit_card,2026-06-26 12:00:00
1844,10111,3856.8,invoice,2026-06-01 12:00:00
1845,5322,2450.09,invoice,2025-10-06 12:00:00
1846,9887,1510.94,wire,2026-05-12 12:00:00
1847,5336,1428.56,credit_card,2025-10-17 12:00:00
1848,8426,2449.02,invoice,2026-03-05 12:00:00
1849,4769,5595.36,wire,2025-09-21 12:00:00
1850,2406,2782.09,wire,2025-05-10 12:00:00
1851,12740,2457.82,ach,2026-09-30 12:00:00
1852,6171,2391.34,credit_card,2025-11-24 12:00:00
1853,4786,264.56,invoice,2025-09-26 12:00:00
1854,5768,511.14,invoice,2025-11-14 12:00:00
1855,9026,1603.08,wire,2026-03-11 12:00:00
1856,11563,2580.99,ach,2026-08-08 12:00:00
1857,3289,2024.7,ach,2025-08-03 12:00:00
1858,2349,3234.87,ach,2025-05-19 12:00:00
1859,5611,4067.92,ach,2025-10-19 12:00:00
1860,5946,751.5,ach,2025-11-15 12:00:00
1861,8385,3648.96,ach,2026-02-03 12:00:00
1862,9605,1808.01,credit_card,2026-04-06 12:00:00
1863,3528,1310.86,invoice,2025-07-15 12:00:00
1864,3843,1008.22,ach,2025-08-22 12:00:00
1865,903,2676.49,ach,2025-03-18 12:00:00
1866,10134,172.83,invoice,2026-05-28 12:00:00
1867,9743,289.19,wire,2026-05-18 12:00:00
1868,1794,670.24,ach,2025-04-18 12:00:00
1869,1693,3056.54,credit_card,2025-04-06 12:00:00
1870,2993,291.93,ach,2025-06-08 12:00:00
1871,10543,5143.77,credit_card,2026-06-07 12:00:00
1872,5062,4742.45,wire,2025-11-01 12:00:00
1873,494,3668.32,credit_card,2025-02-21 12:00:00
1874,8876,3192.32,credit_card,2026-03-23 12:00:00
1875,4047,3050.62,credit_card,2025-08-19 12:00:00
1876,10562,1444.7,wire,2026-06-23 12:00:00
1877,6888,2708.78,ach,2026-01-03 12:00:00
1878,2309,1264.91,invoice,2025-05-13 12:00:00
1879,3014,5463.64,ach,2025-06-17 12:00:00
1880,10785,5254.01,credit_card,2026-06-11 12:00:00
1881,11874,1166.45,wire,2026-09-03 12:00:00
1882,6238,666.8,wire,2025-11-26 12:00:00
1883,12205,714.28,wire,2026-09-07 12:00:00
1884,2268,1746.56,ach,2025-06-02 12:00:00
1885,7977,3102.11,ach,2026-02-19 12:00:00
1886,151,4008.9,wire,2025-02-09 12:00:00
1887,2862,2655.88,ach,2025-06-16 12:00:00
1888,5569,2492.03,ach,2025-10-25 12:00:00
1889,8777,5172.95,ach,2026-03-26 12:00:00
1890,3746,2694.61,ach,2025-07-03 12:00:00
1891,2088,3394.56,ach,2025-05-27 12:00:00
1892,8643,1580.46,credit_card,2026-03-19 12:00:00
1893,7154,1178.51,wire,2025-12-26 12:00:00
1894,10296,1715.5,wire,2026-06-11 12:00:00
1895,4366,760.62,wire,2025-08-15 12:00:00
1896,439,2311.74,wire,2025-02-13 12:00:00
1897,5107,227.0,wire,2025-10-11 12:00:00
1898,2003,1748.39,wire,2025-05-11 12:00:00
1899,1615,2038.08,ach,2025-04-20 12:00:00
1900,7225,1203.97,credit_card,2025-12-23 12:00:00
1901,2457,1651.78,wire,2025-05-06 12:00:00
1902,8461,2893.45,credit_card,2026-03-16 12:00:00
1903,709,662.07,invoice,2025-03-13 12:00:00
1904,4619,1756.41,invoice,2025-10-03 12:00:00
1905,11159,3920.85,wire,2026-07-11 12:00:00
1906,2953,1871.31,wire,2025-06-20 12:00:00
1907,7293,814.18,credit_card,2025-12-30 12:00:00
1908,3081,2630.2,ach,2025-06-10 12:00:00
1909,6513,1767.66,wire,2025-12-24 12:00:00
1910,757,2243.0,credit_card,2025-03-15 12:00:00
1911,3194,1275.53,invoice,2025-07-16 12:00:00
1912,12662,2514.86,invoice,2026-09-18 12:00:00
1913,12127,2017.66,wire,2026-08-06 12:00:00
1914,1091,2148.0,invoice,2025-03-30 12:00:00
1915,36,2401.16,credit_card,2025-02-08 12:00:00
1916,2617,5833.93,wire,2025-06-06 12:00:00
1917,2532,3842.86,invoice,2025-06-06 12:00:00
1918,7713,3471.75,credit_card,2026-01-26 12:00:00
1919,4450,4242.67,ach,2025-09-11 12:00:00
1920,2560,4188.76,ach,2025-06-30 12:00:00
1921,9821,1126.23,ach,2026-05-10 12:00:00
1922,9221,1571.84,ach,2026-04-23 12:00:00
1923,12424,5024.8,invoice,2026-09-14 12:00:00
1924,9363,1043.64,credit_card,2026-04-02 12:00:00
1925,8076,3458.29,credit_card,2026-02-17 12:00:00
1926,4202,3851.95,ach,2025-08-25 12:00:00
1927,3648,5460.91,ach,2025-07-19 12:00:00
1928,10225,488.85,invoice,2026-05-16 12:00:00
1929,7068,4579.84,invoice,2026-01-02 12:00:00
1930,429,407.35,ach,2025-02-24 12:00:00
1931,7584,2963.87,invoice,2026-01-25 12:00:00
1932,12351,4030.8,wire,2026-09-26 12:00:00
1933,9649,1182.34,credit_card,2026-04-14 12:00:00
1934,7276,2252.07,credit_card,2025-12-24 12:00:00
1935,7248,2901.72,invoice,2025-12-05 12:00:00
1936,7373,1033.41,credit_card,2026-01-21 12:00:00
1937,10227,1219.95,credit_card,2026-05-30 12:00:00
1938,4203,3754.11,wire,2025-08-27 12:00:00
1939,5031,2703.5,wire,2025-10-31 12:00:00
1940,9193,1428.52,ach,2026-05-04 12:00:00
1941,7243,1879.5,wire,2026-01-01 12:00:00
1942,6456,4005.99,credit_card,2025-11-15 12:00:00
1943,1062,6277.94,ach,2025-04-01 12:00:00
1944,2222,2644.82,ach,2025-06-01 12:00:00
1945,9202,1674.54,invoice,2026-04-16 12:00:00
1946,9246,3509.44,credit_card,2026-04-18 12:00:00
1947,7376,360.82,wire,2026-01-13 12:00:00
1948,2880,1925.42,credit_card,2025-06-23 12:00:00
1949,3015,2904.45,credit_card,2025-06-30 12:00:00
1950,2335,2232.24,ach,2025-05-10 12:00:00
1951,1433,1333.43,credit_card,2025-04-07 12:00:00
1952,9798,2391.53,wire,2026-06-03 12:00:00
1953,11513,2432.02,wire,2026-07-11 12:00:00
1954,6322,3405.7,invoice,2025-12-02 12:00:00
1955,4386,464.0,ach,2025-09-14 12:00:00
1956,705,4804.56,wire,2025-03-18 12:00:00
1957,6679,5694.87,wire,2025-12-04 12:00:00
1958,7848,576.09,invoice,2026-02-24 12:00:00
1959,7205,2382.28,wire,2026-01-01 12:00:00
1960,2478,1561.1,credit_card,2025-05-20 12:00:00
1961,9411,310.53,ach,2026-04-13 12:00:00
1962,5364,3730.36,credit_card,2025-10-18 12:00:00
1963,609,2466.35,ach,2025-02-03 12:00:00
1964,8963,1892.12,ach,2026-03-22 12:00:00
1965,2907,4408.44,ach,2025-06-24 12:00:00
1966,2956,2998.14,credit_card,2025-06-11 12:00:00
1967,4914,1929.08,ach,2025-09-09 12:00:00
1968,1935,4586.4,credit_card,2025-05-25 12:00:00
1969,4476,1424.12,credit_card,2025-09-20 12:00:00
1970,3245,2193.72,invoice,2025-07-02 12:00:00
1971,10036,517.64,credit_card,2026-05-21 12:00:00
1972,3352,963.96,ach,2025-07-06 12:00:00
1973,7551,842.86,invoice,2026-01-06 12:00:00
1974,10898,7267.19,credit_card,2026-06-28 12:00:00
1975,10045,5256.29,invoice,2026-05-23 12:00:00
1976,6324,3362.96,invoice,2025-12-03 12:00:00
1977,4336,1103.64,wire,2025-08-06 12:00:00
1978,12627,5782.32,credit_card,2026-09-09 12:00:00
1979,759,6929.24,ach,2025-03-17 12:00:00
1980,4703,5087.34,wire,2025-09-15 12:00:00
1981,9694,3114.16,wire,2026-05-30 12:00:00
1982,3353,1214.85,ach,2025-07-24 12:00:00
1983,7442,650.83,credit_card,2026-01-19 12:00:00
1984,3121,3247.83,wire,2025-06-04 12:00:00
1985,2955,2998.55,invoice,2025-06-11 12:00:00
1986,12678,1990.04,invoice,2026-09-11 12:00:00
1987,2329,2207.28,ach,2025-05-25 12:00:00
1988,12076,3825.95,wire,2026-08-19 12:00:00
1989,4111,1403.78,wire,2025-09-01 12:00:00
1990,400,378.06,wire,2025-02-14 12:00:00
1991,931,558.18,ach,2025-03-13 12:00:00
1992,10766,953.72,wire,2026-06-12 12:00:00
1993,4563,5297.51,credit_card,2025-09-05 12:00:00
1994,543,2297.22,wire,2025-02-11 12:00:00
1995,10514,2055.6,wire,2026-06-23 12:00:00
1996,7708,6295.33,ach,2026-01-27 12:00:00
1997,6811,1986.49,credit_card,2026-01-04 12:00:00
1998,12639,2318.21,ach,2026-09-20 12:00:00
1999,9331,1377.34,wire,2026-04-06 12:00:00
2000,1419,1153.3,invoice,2025-04-04 12:00:00
2001,8636,553.14,invoice,2026-03-02 12:00:00
2002,8853,201.16,wire,2026-03-18 12:00:00
2003,8939,2436.95,ach,2026-03-28 12:00:00
2004,2928,3667.12,wire,2025-06-19 12:00:00
2005,5397,1458.17,invoice,2025-10-18 12:00:00
2006,5720,1939.44,ach,2025-11-29 12:00:00
2007,1460,2011.87,ach,2025-04-06 12:00:00
2008,368,3690.64,invoice,2025-02-08 12:00:00
2009,1394,865.68,ach,2025-04-28 12:00:00
2010,3474,2855.8,ach,2025-08-01 12:00:00
2011,10878,1186.69,invoice,2026-06-07 12:00:00
2012,4119,172.55,ach,2025-08-03 12:00:00
2013,3326,5873.56,wire,2025-08-03 12:00:00
2014,5981,1911.15,ach,2025-11-29 12:00:00
2015,4059,1591.8,wire,2025-08-19 12:00:00
2016,6307,6035.34,wire,2025-11-19 12:00:00
2017,10449,2684.19,credit_card,2026-06-07 12:00:00
2018,1671,3010.71,ach,2025-04-05 12:00:00
2019,7066,7856.45,credit_card,2025-12-19 12:00:00
2020,64,113.5,ach,2025-02-26 12:00:00
2021,7785,2792.39,wire,2026-02-26 12:00:00
2022,2770,1384.03,wire,2025-06-07 12:00:00
2023,135,2892.79,ach,2025-02-26 12:00:00
2024,5887,2880.25,ach,2025-11-15 12:00:00
2025,11797,4119.8,credit_card,2026-09-03 12:00:00
2026,5525,3008.29,ach,2025-10-15 12:00:00
2027,3910,3928.28,credit_card,2025-08-25 12:00:00
2028,12372,1762.43,invoice,2026-09-11 12:00:00
2029,3777,5075.91,credit_card,2025-08-17 12:00:00
2030,5825,2539.62,ach,2025-11-11 12:00:00
2031,800,191.1,wire,2025-03-09 12:00:00
2032,11670,4083.76,ach,2026-08-31 12:00:00
2033,7258,6188.13,invoice,2025-12-15 12:00:00
2034,697,3387.2,wire,2025-03-05 12:00:00
2035,428,320.93,wire,2025-02-20 12:00:00
2036,7835,4162.67,invoice,2026-02-16 12:00:00
2037,2120,3304.24,ach,2025-05-20 12:00:00
2038,11736,3810.11,invoice,2026-08-07 12:00:00
2039,9298,3365.27,wire,2026-04-22 12:00:00
2040,2496,2775.82,credit_card,2025-05-22 12:00:00
2041,3405,1382.42,invoice,2025-07-28 12:00:00
2042,12035,4765.44,invoice,2026-08-13 12:00:00
2043,6051,1637.47,invoice,2025-11-03 12:00:00
2044,4755,302.06,wire,2025-09-07 12:00:00
2045,8410,4647.22,ach,2026-03-23 12:00:00
2046,1256,2319.67,wire,2025-04-29 12:00:00
2047,7321,642.42,wire,2026-01-19 12:00:00
2048,5813,1766.18,credit_card,2025-11-27 12:00:00
2049,3207,3012.12,credit_card,2025-07-15 12:00:00
2050,11077,1253.8,ach,2026-07-06 12:00:00
2051,6384,1640.12,invoice,2025-11-28 12:00:00
2052,9215,2231.73,invoice,2026-04-27 12:00:00
2053,12183,3616.48,credit_card,2026-09-18 12:00:00
2054,5862,1428.52,ach,2025-11-21 12:00:00
2055,10341,246.9,ach,2026-06-06 12:00:00
2056,6995,1696.99,wire,2025-12-12 12:00:00
2057,8553,1545.34,wire,2026-03-04 12:00:00
2058,3913,3678.22,ach,2025-08-02 12:00:00
2059,3012,3042.65,wire,2025-06-12 12:00:00
2060,5193,444.21,credit_card,2025-10-14 12:00:00
2061,8676,3891.79,wire,2026-03-05 12:00:00
2062,10394,2653.4,invoice,2026-06-25 12:00:00
2063,12608,308.62,invoice,2026-09-22 12:00:00
2064,6558,886.64,wire,2025-12-25 12:00:00
2065,8835,1037.57,credit_card,2026-03-26 12:00:00
2066,11334,3554.13,credit_card,2026-07-21 12:00:00
2067,1,610.85,invoice,2025-02-07 12:00:00
2068,3795,571.33,wire,2025-08-23 12:00:00
2069,2609,3365.14,credit_card,2025-06-07 12:00:00
2070,2219,1072.91,ach,2025-05-14 12:00:00
2071,4639,938.28,credit_card,2025-09-02 12:00:00
2072,9301,394.06,wire,2026-04-06 12:00:00
2073,6498,2494.77,invoice,2025-12-08 12:00:00
2074,2319,1727.68,credit_card,2025-06-03 12:00:00
2075,11432,1252.89,invoice,2026-07-27 12:00:00
2076,4908,1816.75,wire,2025-09-23 12:00:00
2077,5000,3122.6,credit_card,2025-09-27 12:00:00
2078,3521,2669.26,ach,2025-07-24 12:00:00
2079,11724,5077.67,ach,2026-08-25 12:00:00
2080,8363,4239.82,invoice,2026-02-22 12:00:00
2081,4044,4830.53,credit_card,2025-08-09 12:00:00
2082,12724,699.87,wire,2026-09-10 12:00:00
2083,5894,313.43,wire,2025-11-19 12:00:00
2084,4194,3465.79,wire,2025-08-20 12:00:00
2085,3083,2528.46,invoice,2025-06-19 12:00:00
2086,5207,752.94,wire,2025-10-28 12:00:00
2087,11612,2084.78,wire,2026-08-26 12:00:00
2088,4503,814.81,ach,2025-09-07 12:00:00
2089,6254,1159.98,wire,2025-11-13 12:00:00
2090,6827,2748.82,invoice,2025-12-16 12:00:00
2091,8194,1645.65,invoice,2026-02-23 12:00:00
2092,8998,1705.79,ach,2026-03-04 12:00:00
2093,8418,3195.67,wire,2026-03-07 12:00:00
2094,217,1834.33,ach,2025-02-28 12:00:00
2095,3500,473.48,wire,2025-07-15 12:00:00
2096,10157,3079.24,wire,2026-05-05 12:00:00
2097,3300,4693.02,ach,2025-07-17 12:00:00
2098,6210,375.66,invoice,2025-11-23 12:00:00
2099,867,1101.4,wire,2025-03-06 12:00:00
2100,5964,1500.74,invoice,2025-11-24 12:00:00
2101,44,241.63,wire,2025-02-03 12:00:00
2102,18,3617.55,wire,2025-02-06 12:00:00
2103,2819,2068.09,wire,2025-06-18 12:00:00
2104,9186,4723.75,credit_card,2026-04-12 12:00:00
2105,1884,4738.21,ach,2025-05-20 12:00:00
2106,2472,1120.25,wire,2025-05-16 12:00:00
2107,8508,1174.51,credit_card,2026-03-08 12:00:00
2108,10664,1908.42,wire,2026-06-25 12:00:00
2109,10799,2712.24,credit_card,2026-06-22 12:00:00
2110,10811,1725.15,wire,2026-06-20 12:00:00
2111,7335,684.62,invoice,2026-01-12 12:00:00
2112,5007,3814.75,credit_card,2025-10-14 12:00:00
2113,9838,4285.21,credit_card,2026-05-25 12:00:00
2114,9286,3644.73,invoice,2026-04-05 12:00:00
2115,9085,4834.6,wire,2026-04-25 12:00:00
2116,11880,1449.68,invoice,2026-08-15 12:00:00
2117,11389,4639.63,wire,2026-08-01 12:00:00
2118,260,1890.54,credit_card,2025-02-25 12:00:00
2119,7325,1745.56,credit_card,2026-01-19 12:00:00
2120,7478,828.14,wire,2026-01-28 12:00:00
2121,9017,1346.4,credit_card,2026-03-09 12:00:00
2122,2255,5802.55,invoice,2025-05-05 12:00:00
2123,533,2585.63,credit_card,2025-02-17 12:00:00
2124,5647,313.24,credit_card,2025-11-06 12:00:00
2125,4106,2133.92,wire,2025-09-01 12:00:00
2126,9725,1403.78,ach,2026-05-26 12:00:00
2127,8938,2258.99,credit_card,2026-03-26 12:00:00
2128,11979,2276.72,invoice,2026-08-30 12:00:00
2129,10869,3399.28,ach,2026-06-10 12:00:00
2130,11716,3474.18,wire,2026-08-17 12:00:00
2131,7530,5437.29,ach,2026-01-21 12:00:00
2132,9771,533.05,invoice,2026-05-26 12:00:00
2133,11608,2805.31,credit_card,2026-08-05 12:00:00
2134,6659,2485.64,wire,2025-12-07 12:00:00
2135,578,1022.28,credit_card,2025-02-25 12:00:00
2136,11867,2717.23,credit_card,2026-08-18 12:00:00
2137,3725,3815.49,credit_card,2025-07-10 12:00:00
2138,6667,3855.43,wire,2025-12-06 12:00:00
2139,10040,3686.9,invoice,2026-05-02 12:00:00
2140,8021,3896.15,ach,2026-02-01 12:00:00
2141,762,654.22,invoice,2025-03-28 12:00:00
2142,5874,1596.62,credit_card,2025-11-24 12:00:00
2143,797,2043.04,wire,2025-03-20 12:00:00
2144,2523,2274.44,credit_card,2025-06-08 12:00:00
2145,12453,1192.6,credit_card,2026-09-10 12:00:00
2146,5041,4635.76,credit_card,2025-10-11 12:00:00
2147,9360,2193.54,wire,2026-04-28 12:00:00
2148,10658,827.45,wire,2026-06-07 12:00:00
2149,10477,2485.13,invoice,2026-06-22 12:00:00
2150,1942,1673.2,ach,2025-05-23 12:00:00
2151,6444,2300.4,invoice,2025-12-03 12:00:00
2152,5355,1968.53,ach,2025-10-25 12:00:00
2153,11104,5398.52,wire,2026-07-10 12:00:00
2154,9345,1173.2,invoice,2026-04-28 12:00:00
2155,9159,1778.93,credit_card,2026-04-09 12:00:00
2156,5580,501.08,invoice,2025-10-21 12:00:00
2157,10594,2273.16,ach,2026-06-11 12:00:00
2158,7278,2531.1,credit_card,2025-12-07 12:00:00
2159,8507,2544.41,invoice,2026-03-24 12:00:00
2160,2544,1474.11,credit_card,2025-06-15 12:00:00
2161,9149,2241.66,invoice,2026-04-26 12:00:00
2162,1042,2673.1,ach,2025-03-04 12:00:00
2163,9618,1314.37,wire,2026-04-20 12:00:00
2164,2475,1403.78,invoice,2025-05-22 12:00:00
2165,8890,1466.16,ach,2026-03-12 12:00:00
2166,8001,1702.69,ach,2026-02-12 12:00:00
2167,5786,42.75,credit_card,2025-12-02 12:00:00
2168,961,6334.96,credit_card,2025-03-03 12:00:00
2169,8119,4473.74,ach,2026-02-05 12:00:00
2170,9227,4880.38,credit_card,2026-04-23 12:00:00
2171,6207,219.23,credit_card,2025-11-26 12:00:00
2172,884,343.61,invoice,2025-03-31 12:00:00
2173,12159,5221.28,ach,2026-09-10 12:00:00
2174,6873,2148.72,invoice,2025-12-31 12:00:00
2175,9312,306.14,invoice,2026-04-19 12:00:00
2176,8367,2692.04,wire,2026-02-14 12:00:00
2177,10563,4058.1,credit_card,2026-06-13 12:00:00
2178,7768,1560.27,invoice,2026-01-26 12:00:00
2179,3706,5473.47,ach,2025-08-04 12:00:00
2180,2944,4688.98,wire,2025-06-12 12:00:00
2181,3016,3238.82,ach,2025-06-24 12:00:00
2182,10557,1149.09,wire,2026-06-16 12:00:00
2183,8370,250.98,invoice,2026-02-05 12:00:00
2184,6830,1071.39,wire,2025-12-04 12:00:00
2185,3438,2663.76,credit_card,2025-07-27 12:00:00
2186,2518,1048.46,credit_card,2025-06-05 12:00:00
2187,4882,2829.02,ach,2025-09-28 12:00:00
2188,3388,566.94,credit_card,2025-08-04 12:00:00
2189,8533,557.05,invoice,2026-03-30 12:00:00
2190,1161,2841.64,credit_card,2025-03-27 12:00:00
2191,10498,3523.44,invoice,2026-06-10 12:00:00
2192,7411,2405.42,invoice,2026-01-31 12:00:00
2193,10250,2067.75,wire,2026-05-15 12:00:00
2194,12379,2109.15,ach,2026-09-30 12:00:00
2195,2155,2319.78,wire,2025-05-23 12:00:00
2196,4266,3976.4,ach,2025-08-17 12:00:00
2197,12323,2970.7,wire,2026-09-04 12:00:00
2198,4765,4833.15,ach,2025-09-30 12:00:00
2199,8288,5379.96,credit_card,2026-02-02 12:00:00
2200,4342,2149.8,wire,2025-08-09 12:00:00
2201,11565,5205.9,credit_card,2026-08-09 12:00:00
2202,5148,5505.04,ach,2025-10-11 12:00:00
2203,10735,3797.22,credit_card,2026-06-10 12:00:00
2204,1148,1950.39,credit_card,2025-03-21 12:00:00
2205,5769,3013.27,ach,2025-11-30 12:00:00
2206,2233,1586.62,ach,2025-05-19 12:00:00
2207,6605,2492.53,wire,2025-12-09 12:00:00
2208,9549,4652.71,wire,2026-04-23 12:00:00
2209,10932,3467.33,ach,2026-07-22 12:00:00
2210,3653,1073.92,invoice,2025-07-15 12:00:00
2211,6655,796.2,credit_card,2026-01-01 12:00:00
2212,11824,460.08,ach,2026-08-15 12:00:00
2213,12633,5348.72,wire,2026-09-14 12:00:00
2214,2772,1481.76,invoice,2025-06-19 12:00:00
2215,2228,3748.91,ach,2025-05-08 12:00:00
2216,9101,4014.95,ach,2026-04-10 12:00:00
2217,9226,273.18,invoice,2026-04-15 12:00:00
2218,1502,3923.66,wire,2025-04-16 12:00:00
2219,10840,3257.43,invoice,2026-06-23 12:00:00
2220,5962,2979.76,ach,2025-11-04 12:00:00
2221,8055,5415.33,ach,2026-02-18 12:00:00
2222,2733,1589.66,invoice,2025-06-16 12:00:00
2223,3475,1215.09,ach,2025-07-05 12:00:00
2224,9914,1413.28,ach,2026-05-25 12:00:00
2225,3223,3054.25,ach,2025-07-03 12:00:00
2226,5184,4446.21,credit_card,2025-10-31 12:00:00
2227,12327,1268.65,ach,2026-09-19 12:00:00
2228,10502,3902.84,ach,2026-06-21 12:00:00
2229,6215,672.15,wire,2025-11-23 12:00:00
2230,7857,2417.94,invoice,2026-02-22 12:00:00
2231,4843,2962.45,wire,2025-09-23 12:00:00
2232,8584,8371.16,invoice,2026-03-15 12:00:00
2233,3069,1378.19,ach,2025-06-12 12:00:00
2234,3801,3804.72,ach,2025-08-23 12:00:00
2235,9217,3726.51,credit_card,2026-04-29 12:00:00
2236,12220,3232.2,wire,2026-09-15 12:00:00
2237,5050,3848.38,credit_card,2025-10-19 12:00:00
2238,7400,2609.57,ach,2026-02-01 12:00:00
2239,3828,1113.37,wire,2025-08-10 12:00:00
2240,4451,965.48,credit_card,2025-09-03 12:00:00
2241,4418,2350.27,ach,2025-09-05 12:00:00
2242,1473,2304.47,credit_card,2025-04-16 12:00:00
2243,11386,2820.38,wire,2026-07-24 12:00:00
2244,12031,2105.67,ach,2026-08-22 12:00:00
2245,4606,3963.75,ach,2025-09-19 12:00:00
2246,5578,41.42,credit_card,2025-10-02 12:00:00
2247,6450,4286.99,wire,2025-12-01 12:00:00
2248,2272,2944.62,credit_card,2025-05-25 12:00:00
2249,5741,1817.05,ach,2025-11-09 12:00:00
2250,5810,2330.75,ach,2025-11-07 12:00:00
2251,2211,2305.72,invoice,2025-05-09 12:00:00
2252,579,4387.86,invoice,2025-02-21 12:00:00
2253,1512,2203.85,ach,2025-04-28 12:00:00
2254,9239,4084.5,invoice,2026-04-03 12:00:00
2255,9020,253.04,wire,2026-03-30 12:00:00
2256,12540,1815.13,ach,2026-09-24 12:00:00
2257,2761,971.22,wire,2025-06-21 12:00:00
2258,415,2968.97,credit_card,2025-02-07 12:00:00
2259,7496,1997.0,invoice,2026-01-19 12:00:00
2260,3618,4144.82,credit_card,2025-07-11 12:00:00
2261,5046,2844.24,wire,2025-10-02 12:00:00
2262,5362,4422.4,ach,2025-10-06 12:00:00
2263,427,4018.52,ach,2025-02-06 12:00:00
2264,622,214.38,credit_card,2025-03-01 12:00:00
2265,2095,50.29,credit_card,2025-05-03 12:00:00
2266,4185,4800.78,invoice,2025-08-11 12:00:00
2267,3028,3031.98,ach,2025-06-17 12:00:00
2268,266,898.98,credit_card,2025-02-21 12:00:00
2269,5170,3772.37,invoice,2025-10-06 12:00:00
2270,7741,3424.53,invoice,2026-01-23 12:00:00
2271,4830,1383.16,invoice,2025-10-02 12:00:00
2272,7333,1106.22,wire,2026-01-29 12:00:00
2273,3276,5904.97,ach,2025-07-31 12:00:00
2274,3530,2533.45,wire,2025-07-15 12:00:00
2275,10299,6062.89,ach,2026-06-06 12:00:00
2276,9804,707.09,credit_card,2026-05-30 12:00:00
2277,2089,2231.62,credit_card,2025-05-09 12:00:00
2278,12320,1707.49,ach,2026-09-24 12:00:00
2279,2143,533.24,ach,2025-06-03 12:00:00
2280,4449,2653.42,ach,2025-09-05 12:00:00
2281,4844,834.76,wire,2025-09-05 12:00:00
2282,1083,2823.88,wire,2025-03-28 12:00:00
2283,1672,3284.84,invoice,2025-04-11 12:00:00
2284,8901,801.52,ach,2026-03-21 12:00:00
2285,10185,2833.14,wire,2026-05-11 12:00:00
2286,9776,2416.4,invoice,2026-05-10 12:00:00
2287,1972,1408.59,credit_card,2025-05-24 12:00:00
2288,8378,3609.97,wire,2026-02-20 12:00:00
2289,12390,264.56,ach,2026-09-05 12:00:00
2290,695,204.86,wire,2025-03-22 12:00:00
2291,8362,5291.7,invoice,2026-03-02 12:00:00
2292,10852,1801.88,wire,2026-06-06 12:00:00
2293,9972,1876.75,invoice,2026-05-16 12:00:00
2294,10890,2542.29,credit_card,2026-06-20 12:00:00
2295,7632,1157.07,credit_card,2026-01-28 12:00:00
2296,11120,1606.6,invoice,2026-07-09 12:00:00
2297,7701,1090.04,ach,2026-02-01 12:00:00
2298,9064,3641.26,wire,2026-04-10 12:00:00
2299,4442,1061.36,ach,2025-09-20 12:00:00
2300,6763,1025.69,credit_card,2025-12-14 12:00:00
2301,7802,2510.39,invoice,2026-02-07 12:00:00
2302,4382,1443.27,ach,2025-09-25 12:00:00
2303,5959,5689.5,wire,2025-11-11 12:00:00
2304,7739,1877.87,invoice,2026-01-23 12:00:00
2305,9521,620.59,credit_card,2026-04-04 12:00:00
2306,4689,818.22,wire,2025-09-16 12:00:00
2307,8147,2844.79,wire,2026-02-14 12:00:00
2308,5509,3336.22,invoice,2025-10-27 12:00:00
2309,1464,3856.32,wire,2025-04-24 12:00:00
2310,10080,195.19,ach,2026-05-22 12:00:00
2311,8662,3526.82,ach,2026-03-18 12:00:00
2312,6914,3114.96,wire,2026-01-01 12:00:00
2313,9727,1501.2,invoice,2026-05-30 12:00:00
2314,2217,3789.76,wire,2025-05-02 12:00:00
2315,3059,3621.1,invoice,2025-06-29 12:00:00
2316,11118,1948.44,ach,2026-07-08 12:00:00
2317,10944,293.96,wire,2026-07-31 12:00:00
2318,9894,2775.57,invoice,2026-05-28 12:00:00
2319,12259,985.08,ach,2026-09-13 12:00:00
2320,10587,2019.38,credit_card,2026-06-09 12:00:00
2321,11558,2654.8,credit_card,2026-08-17 12:00:00
2322,8447,2541.13,ach,2026-03-15 12:00:00
2323,6553,1878.17,credit_card,2025-12-05 12:00:00
2324,2047,6826.87,invoice,2025-05-19 12:00:00
2325,4443,4566.38,invoice,2025-09-21 12:00:00
2326,1255,2640.83,wire,2025-04-25 12:00:00
2327,953,1383.78,invoice,2025-03-06 12:00:00
2328,2413,3114.42,ach,2025-05-27 12:00:00
2329,10058,3366.23,credit_card,2026-05-09 12:00:00
2330,10257,767.24,wire,2026-05-10 12:00:00
2331,6358,4077.74,credit_card,2025-12-01 12:00:00
2332,8678,1683.19,credit_card,2026-03-31 12:00:00
2333,1719,647.01,wire,2025-04-10 12:00:00
2334,3380,459.28,ach,2025-07-23 12:00:00
2335,8679,2022.51,wire,2026-03-21 12:00:00
2336,8531,3736.72,credit_card,2026-03-19 12:00:00
2337,12652,975.97,ach,2026-09-26 12:00:00
2338,12279,3092.24,ach,2026-09-05 12:00:00
2339,8659,1327.84,ach,2026-04-03 12:00:00
2340,7502,5195.01,invoice,2026-01-26 12:00:00
2341,3044,2980.16,credit_card,2025-06-06 12:00:00
2342,8574,4143.31,wire,2026-03-23 12:00:00
2343,2974,2456.66,credit_card,2025-06-30 12:00:00
2344,3442,2197.17,wire,2025-07-22 12:00:00
2345,1057,1462.17,credit_card,2025-03-20 12:00:00
2346,1147,2930.28,credit_card,2025-03-25 12:00:00
2347,3705,4101.73,ach,2025-07-15 12:00:00
2348,1938,2044.63,invoice,2025-05-07 12:00:00
2349,5045,1671.84,wire,2025-10-19 12:00:00
2350,1032,2685.22,ach,2025-03-15 12:00:00
2351,12415,426.14,invoice,2026-09-18 12:00:00
2352,9641,866.84,wire,2026-05-02 12:00:00
2353,12057,1814.44,credit_card,2026-08-06 12:00:00
2354,3089,2226.79,ach,2025-06-11 12:00:00
2355,4254,4088.21,invoice,2025-08-05 12:00:00
2356,97,2467.29,credit_card,2025-02-26 12:00:00
2357,2240,638.54,credit_card,2025-05-20 12:00:00
2358,6519,3195.18,ach,2025-12-24 12:00:00
2359,6393,2648.78,wire,2025-11-09 12:00:00
2360,3979,2673.8,ach,2025-08-31 12:00:00
2361,1043,2775.11,credit_card,2025-04-02 12:00:00
2362,7797,2184.28,invoice,2026-02-05 12:00:00
2363,1593,1852.32,credit_card,2025-04-10 12:00:00
2364,3188,281.92,credit_card,2025-07-11 12:00:00
2365,7922,3290.42,credit_card,2026-02-21 12:00:00
2366,7470,1949.56,credit_card,2026-01-05 12:00:00
2367,12397,3485.02,credit_card,2026-09-30 12:00:00
2368,12531,4628.56,wire,2026-10-01 12:00:00
2369,2877,1986.85,ach,2025-06-08 12:00:00
2370,12592,5082.88,wire,2026-09-12 12:00:00
2371,4,2039.47,credit_card,2025-02-25 12:00:00
2372,5187,1567.6,invoice,2025-10-17 12:00:00
2373,2392,1034.31,ach,2025-05-28 12:00:00
2374,10447,406.76,ach,2026-06-14 12:00:00
2375,4897,3652.29,ach,2025-09-05 12:00:00
2376,8337,3876.72,ach,2026-02-13 12:00:00
2377,4149,2835.45,invoice,2025-08-19 12:00:00
2378,440,422.0,ach,2025-03-03 12:00:00
2379,4863,2649.37,invoice,2025-09-30 12:00:00
2380,2583,2349.24,invoice,2025-06-30 12:00:00
2381,5793,929.07,credit_card,2025-11-15 12:00:00
2382,11937,5653.12,credit_card,2026-08-23 12:00:00
2383,4107,5228.24,wire,2025-08-16 12:00:00
2384,2849,837.8,credit_card,2025-06-28 12:00:00
2385,89,1837.91,ach,2025-02-14 12:00:00
2386,10903,1346.94,invoice,2026-06-21 12:00:00
2387,5164,296.14,ach,2025-10-08 12:00:00
2388,8139,610.37,ach,2026-02-16 12:00:00
2389,7854,1152.86,ach,2026-02-24 12:00:00
2390,275,1984.78,wire,2025-02-08 12:00:00
2391,1282,2583.34,wire,2025-04-22 12:00:00
2392,8465,3649.72,wire,2026-03-17 12:00:00
2393,12215,1829.64,credit_card,2026-09-26 12:00:00
2394,5283,392.12,credit_card,2025-10-10 12:00:00
2395,3681,6232.52,ach,2025-07-04 12:00:00
2396,7574,2376.39,wire,2026-01-25 12:00:00
2397,8912,2100.86,invoice,2026-03-08 12:00:00
2398,12156,2643.05,ach,2026-09-08 12:00:00
2399,5370,5912.3,invoice,2025-10-30 12:00:00
2400,5026,2645.17,wire,2025-10-29 12:00:00
2401,416,2221.3,credit_card,2025-02-12 12:00:00
2402,7640,3182.12,invoice,2026-01-20 12:00:00
2403,2251,3063.21,ach,2025-05-21 12:00:00
2404,8369,3414.89,ach,2026-02-17 12:00:00
2405,10848,2609.0,ach,2026-06-16 12:00:00
2406,711,353.4,invoice,2025-03-24 12:00:00
2407,8499,2545.01,wire,2026-03-10 12:00:00
2408,9037,2140.02,ach,2026-04-25 12:00:00
2409,408,3699.35,ach,2025-02-26 12:00:00
2410,10779,2356.88,invoice,2026-06-16 12:00:00
2411,10512,3315.11,invoice,2026-06-06 12:00:00
2412,11251,2243.1,credit_card,2026-07-14 12:00:00
2413,3208,2422.27,wire,2025-08-02 12:00:00
2414,12568,5948.51,invoice,2026-09-15 12:00:00
2415,2949,1110.64,invoice,2025-06-13 12:00:00
2416,8698,546.64,ach,2026-03-27 12:00:00
2417,11472,1192.6,wire,2026-07-17 12:00:00
2418,4008,4269.56,wire,2025-09-02 12:00:00
2419,8729,4603.65,invoice,2026-03-21 12:00:00
2420,3527,2641.87,wire,2025-07-15 12:00:00
2421,12404,626.56,wire,2026-10-03 12:00:00
2422,1524,1608.3,credit_card,2025-04-20 12:00:00
2423,5025,3799.78,credit_card,2025-10-24 12:00:00
2424,1111,4249.16,wire,2025-03-09 12:00:00
2425,11812,835.3,wire,2026-08-26 12:00:00
2426,1407,420.97,invoice,2025-04-14 12:00:00
2427,8855,2864.02,credit_card,2026-03-17 12:00:00
2428,3419,2321.71,ach,2025-07-10 12:00:00
2429,5713,5187.64,credit_card,2025-11-27 12:00:00
2430,6388,3138.46,credit_card,2025-11-17 12:00:00
2431,11802,4460.46,invoice,2026-08-16 12:00:00
2432,3034,3211.72,invoice,2025-06-13 12:00:00
2433,8208,251.45,invoice,2026-02-11 12:00:00
2434,11769,1214.28,wire,2026-08-13 12:00:00
2435,634,1072.91,credit_card,2025-03-20 12:00:00
2436,9421,1378.86,invoice,2026-04-06 12:00:00
2437,5839,2369.96,ach,2025-11-11 12:00:00
2438,2169,1249.91,credit_card,2025-05-21 12:00:00
2439,4516,6248.83,invoice,2025-09-17 12:00:00
2440,6984,3029.39,invoice,2025-12-02 12:00:00
2441,132,302.3,credit_card,2025-02-12 12:00:00
2442,6809,2857.37,ach,2025-12-22 12:00:00
2443,11616,546.19,invoice,2026-08-18 12:00:00
2444,10055,3018.52,credit_card,2026-05-31 12:00:00
2445,775,6538.27,invoice,2025-03-20 12:00:00
2446,10821,4707.51,ach,2026-06-26 12:00:00
2447,11738,3124.35,invoice,2026-08-08 12:00:00
2448,1632,4500.72,ach,2025-04-27 12:00:00
2449,2334,2734.3,invoice,2025-05-20 12:00:00
2450,4309,1251.33,credit_card,2025-08-24 12:00:00
2451,470,467.82,wire,2025-02-17 12:00:00
2452,12451,1907.53,invoice,2026-09-29 12:00:00
2453,11659,460.08,invoice,2026-08-29 12:00:00
2454,11383,2356.88,credit_card,2026-07-07 12:00:00
2455,6299,2288.35,credit_card,2025-11-30 12:00:00
2456,3430,5947.56,wire,2025-07-12 12:00:00
2457,3703,2768.34,credit_card,2025-08-01 12:00:00
2458,7607,5822.24,credit_card,2026-01-25 12:00:00
2459,12769,4118.68,wire,2026-09-10 12:00:00
2460,564,665.95,credit_card,2025-02-06 12:00:00
2461,1906,2289.5,credit_card,2025-05-17 12:00:00
2462,9664,422.88,credit_card,2026-05-22 12:00:00
2463,9485,335.91,wire,2026-05-05 12:00:00
2464,7196,5097.25,credit_card,2025-12-04 12:00:00
2465,1577,2143.59,wire,2025-04-18 12:00:00
2466,6181,3297.55,ach,2025-11-03 12:00:00
2467,9245,4916.28,wire,2026-04-29 12:00:00
2468,3752,902.16,invoice,2025-08-13 12:00:00
2469,3659,1595.33,credit_card,2025-07-07 12:00:00
2470,7350,2961.78,ach,2026-01-15 12:00:00
2471,80,3760.04,invoice,2025-03-02 12:00:00
2472,8457,3045.96,ach,2026-03-06 12:00:00
2473,2875,3369.49,wire,2025-06-06 12:00:00
2474,2373,2581.22,wire,2025-05-02 12:00:00
2475,2513,626.48,ach,2025-06-25 12:00:00
2476,9175,1112.1,invoice,2026-04-03 12:00:00
2477,7635,2348.76,wire,2026-01-13 12:00:00
2478,11422,1797.75,wire,2026-07-25 12:00:00
2479,3947,1780.32,ach,2025-08-15 12:00:00
2480,9392,1045.92,wire,2026-04-21 12:00:00
2481,8501,621.05,invoice,2026-03-23 12:00:00
2482,9456,4108.19,wire,2026-04-25 12:00:00
2483,12735,658.41,ach,2026-09-18 12:00:00
2484,1905,6845.01,ach,2025-06-04 12:00:00
2485,10192,2406.94,ach,2026-05-18 12:00:00
2486,7461,2113.59,wire,2026-01-25 12:00:00
2487,1852,155.05,invoice,2025-04-27 12:00:00
2488,4701,1646.76,invoice,2025-09-27 12:00:00
2489,12015,1535.79,ach,2026-08-31 12:00:00
2490,10623,4206.5,invoice,2026-06-02 12:00:00
2491,3690,2523.21,invoice,2025-07-30 12:00:00
2492,7920,665.64,wire,2026-02-08 12:00:00
2493,1146,4544.89,ach,2025-03-31 12:00:00
2494,4354,2691.79,wire,2025-08-03 12:00:00
2495,4292,2765.1,wire,2025-08-25 12:00:00
2496,12298,4177.34,ach,2026-09-14 12:00:00
2497,9920,1218.15,ach,2026-06-02 12:00:00
2498,9302,2032.6,invoice,2026-04-15 12:00:00
2499,853,4323.18,wire,2025-03-20 12:00:00
2500,1495,5059.6,credit_card,2025-04-16 12:00:00
2501,5438,2164.34,invoice,2025-10-09 12:00:00
2502,5152,2779.1,credit_card,2025-10-26 12:00:00
2503,2465,2791.35,credit_card,2025-05-31 12:00:00
2504,8002,768.12,ach,2026-02-27 12:00:00
2505,10209,4690.48,invoice,2026-05-31 12:00:00
2506,1806,2365.15,invoice,2025-04-26 12:00:00
2507,2289,5768.7,invoice,2025-05-28 12:00:00
2508,7421,5818.23,wire,2026-01-10 12:00:00
2509,9285,949.68,wire,2026-04-03 12:00:00
2510,5655,1622.99,ach,2025-11-08 12:00:00
2511,189,1385.9,ach,2025-02-28 12:00:00
2512,1124,4915.47,invoice,2025-04-03 12:00:00
2513,10769,818.44,wire,2026-06-04 12:00:00
2514,2656,3637.87,credit_card,2025-06-11 12:00:00
2515,7832,2673.88,wire,2026-02-25 12:00:00
2516,9145,2108.63,wire,2026-04-10 12:00:00
2517,6249,1281.25,invoice,2025-12-02 12:00:00
2518,1595,5539.58,invoice,2025-04-22 12:00:00
2519,10621,4768.41,ach,2026-06-21 12:00:00
2520,4522,3254.53,invoice,2025-09-03 12:00:00
2521,501,653.25,invoice,2025-02-15 12:00:00
2522,2911,2768.56,invoice,2025-06-26 12:00:00
2523,8976,1499.51,ach,2026-03-18 12:00:00
2524,7371,2075.88,ach,2026-01-24 12:00:00
2525,3496,690.19,ach,2025-07-24 12:00:00
2526,2232,611.9,invoice,2025-05-19 12:00:00
2527,10974,3689.13,ach,2026-07-09 12:00:00
2528,7638,3607.85,ach,2026-01-08 12:00:00
2529,591,1363.65,credit_card,2025-02-23 12:00:00
2530,9196,4590.45,wire,2026-04-26 12:00:00
2531,5845,3309.17,credit_card,2025-11-25 12:00:00
2532,12622,6558.91,credit_card,2026-09-16 12:00:00
2533,4880,1996.26,invoice,2025-09-15 12:00:00
2534,2076,680.18,credit_card,2025-05-12 12:00:00
2535,9608,3071.06,invoice,2026-04-28 12:00:00
2536,5791,1224.78,ach,2025-12-01 12:00:00
2537,5956,4637.72,invoice,2025-11-22 12:00:00
2538,11619,496.91,wire,2026-08-09 12:00:00
2539,778,1184.98,credit_card,2025-03-16 12:00:00
2540,8705,658.58,ach,2026-03-23 12:00:00
2541,2348,1178.44,ach,2025-06-04 12:00:00
2542,10294,3346.79,ach,2026-06-30 12:00:00
2543,1195,596.06,credit_card,2025-03-09 12:00:00
2544,11380,883.29,wire,2026-07-28 12:00:00
2545,7077,3924.11,wire,2025-12-25 12:00:00
2546,10259,998.51,wire,2026-05-20 12:00:00
2547,2305,3267.26,credit_card,2025-06-03 12:00:00
2548,10663,4011.79,credit_card,2026-06-25 12:00:00
2549,3652,2105.91,wire,2025-07-01 12:00:00
2550,7900,3292.86,wire,2026-02-24 12:00:00
2551,1114,2068.56,ach,2025-03-09 12:00:00
2552,7798,1034.77,wire,2026-02-26 12:00:00
2553,4094,4255.7,wire,2025-08-22 12:00:00
2554,12682,1573.37,ach,2026-09-25 12:00:00
2555,3711,848.98,credit_card,2025-07-18 12:00:00
2556,6495,2900.47,credit_card,2025-12-24 12:00:00
2557,5881,4229.22,invoice,2025-11-26 12:00:00
2558,12043,135.78,credit_card,2026-08-21 12:00:00
2559,7904,2983.08,credit_card,2026-02-23 12:00:00
2560,12542,102.43,ach,2026-09-08 12:00:00
2561,566,3098.4,credit_card,2025-02-26 12:00:00
2562,7008,2122.11,credit_card,2025-12-01 12:00:00
2563,1804,557.25,credit_card,2025-04-13 12:00:00
2564,11006,2046.44,wire,2026-07-19 12:00:00
2565,7600,3625.97,credit_card,2026-01-29 12:00:00
2566,1643,4695.02,credit_card,2025-04-16 12:00:00
2567,9854,5475.13,wire,2026-05-19 12:00:00
2568,8778,1396.02,wire,2026-03-31 12:00:00
2569,4915,4313.88,ach,2025-09-19 12:00:00
2570,7796,2236.32,credit_card,2026-02-26 12:00:00
2571,9244,2609.27,ach,2026-04-10 12:00:00
2572,47,2870.62,credit_card,2025-02-12 12:00:00
2573,1150,2662.27,wire,2025-03-28 12:00:00
2574,7150,1804.04,credit_card,2025-12-27 12:00:00
2575,8813,4164.56,wire,2026-03-05 12:00:00
2576,10904,3825.48,ach,2026-06-24 12:00:00
2577,766,291.99,wire,2025-03-03 12:00:00
2578,9512,2293.43,ach,2026-04-28 12:00:00
2579,4326,872.72,ach,2025-09-01 12:00:00
2580,1567,1793.33,invoice,2025-04-13 12:00:00
2581,8848,4290.32,credit_card,2026-03-29 12:00:00
2582,4376,1089.6,wire,2025-09-10 12:00:00
2583,8986,4361.94,credit_card,2026-03-24 12:00:00
2584,9432,2236.19,credit_card,2026-04-18 12:00:00
2585,7808,2018.93,ach,2026-02-22 12:00:00
2586,8458,2224.81,credit_card,2026-03-02 12:00:00
2587,9539,914.05,credit_card,2026-04-23 12:00:00
2588,11895,1421.36,invoice,2026-08-29 12:00:00
2589,6736,5906.89,ach,2025-12-28 12:00:00
2590,1012,2345.1,wire,2025-03-13 12:00:00
2591,4218,611.42,invoice,2025-08-28 12:00:00
2592,3529,1506.1,credit_card,2025-07-05 12:00:00
2593,11335,3297.72,ach,2026-07-11 12:00:00
2594,9965,4132.49,credit_card,2026-05-15 12:00:00
2595,7906,1593.83,invoice,2026-02-26 12:00:00
2596,6766,4563.26,credit_card,2025-12-07 12:00:00
2597,9637,1071.39,wire,2026-04-17 12:00:00
2598,11312,3792.97,credit_card,2026-07-23 12:00:00
2599,11491,1304.49,credit_card,2026-07-06 12:00:00
2600,4343,4460.07,wire,2025-08-14 12:00:00
2601,10901,2176.38,invoice,2026-06-19 12:00:00
2602,3920,327.7,invoice,2025-08-01 12:00:00
2603,9454,230.66,wire,2026-04-24 12:00:00
2604,10842,3274.98,credit_card,2026-06-16 12:00:00
2605,9610,8616.11,wire,2026-04-07 12:00:00
2606,8519,109.62,credit_card,2026-04-02 12:00:00
2607,10951,1543.36,credit_card,2026-07-07 12:00:00
2608,4881,1414.8,credit_card,2025-09-21 12:00:00
2609,3376,6848.01,credit_card,2025-07-16 12:00:00
2610,1346,5721.63,invoice,2025-04-15 12:00:00
2611,1445,1471.97,invoice,2025-05-01 12:00:00
2612,5014,1123.01,invoice,2025-10-12 12:00:00
2613,3324,1370.55,wire,2025-07-12 12:00:00
2614,5390,550.39,wire,2025-10-21 12:00:00
2615,5268,437.08,wire,2025-11-03 12:00:00
2616,2423,3127.38,wire,2025-05-12 12:00:00
2617,81,2892.22,invoice,2025-02-28 12:00:00
2618,12274,2684.43,credit_card,2026-09-30 12:00:00
2619,3039,2822.27,wire,2025-07-02 12:00:00
2620,336,2981.5,ach,2025-03-04 12:00:00
2621,7274,382.04,wire,2025-12-15 12:00:00
2622,9397,1331.48,credit_card,2026-04-02 12:00:00
2623,9035,3437.06,invoice,2026-04-29 12:00:00
2624,1573,2004.34,credit_card,2025-04-22 12:00:00
2625,8743,697.72,credit_card,2026-03-06 12:00:00
2626,11064,3349.43,invoice,2026-07-14 12:00:00
2627,880,2434.65,ach,2025-03-13 12:00:00
2628,2678,2003.1,wire,2025-06-11 12:00:00
2629,10911,3537.68,credit_card,2026-07-25 12:00:00
2630,1510,2225.85,wire,2025-05-03 12:00:00
2631,1897,1366.95,credit_card,2025-05-08 12:00:00
2632,6490,4299.14,wire,2025-12-25 12:00:00
2633,7504,3306.34,invoice,2026-01-06 12:00:00
2634,5986,1435.08,ach,2025-11-11 12:00:00
2635,6854,3758.05,wire,2026-01-01 12:00:00
2636,1846,2435.83,ach,2025-04-25 12:00:00
2637,112,2356.57,wire,2025-02-20 12:00:00
2638,473,161.35,credit_card,2025-02-24 12:00:00
2639,10164,6472.05,credit_card,2026-05-10 12:00:00
2640,3949,2415.1,ach,2025-09-01 12:00:00
2641,10025,642.85,ach,2026-05-20 12:00:00
2642,4783,1402.88,ach,2025-09-06 12:00:00
2643,5583,2315.1,wire,2025-10-09 12:00:00
2644,10219,1510.33,credit_card,2026-05-11 12:00:00
2645,10627,1803.96,credit_card,2026-06-18 12:00:00
2646,1184,991.48,invoice,2025-03-14 12:00:00
2647,12674,3283.42,credit_card,2026-09-19 12:00:00
2648,7360,4774.25,credit_card,2026-01-07 12:00:00
2649,7931,2593.37,credit_card,2026-02-25 12:00:00
2650,10561,3786.01,invoice,2026-06-19 12:00:00
2651,2109,294.43,invoice,2025-05-28 12:00:00
2652,3017,3268.56,invoice,2025-06-25 12:00:00
2653,8710,5519.65,wire,2026-03-26 12:00:00
2654,4097,4001.63,invoice,2025-08-08 12:00:00
2655,12524,2966.81,wire,2026-09-05 12:00:00
2656,4688,1713.94,invoice,2025-09-27 12:00:00
2657,12625,3810.07,credit_card,2026-09-08 12:00:00
2658,3414,1449.98,ach,2025-07-24 12:00:00
2659,9380,4154.32,ach,2026-04-22 12:00:00
2660,4084,3164.44,wire,2025-08-28 12:00:00
2661,10133,1965.88,credit_card,2026-05-23 12:00:00
2662,9964,3424.43,credit_card,2026-05-08 12:00:00
2663,10336,1548.24,invoice,2026-06-22 12:00:00
2664,4760,3125.05,ach,2025-09-25 12:00:00
2665,11241,1509.65,credit_card,2026-07-10 12:00:00
2666,4973,1362.47,invoice,2025-09-04 12:00:00
2667,10947,3222.75,ach,2026-07-27 12:00:00
2668,5072,4541.26,wire,2025-10-26 12:00:00
2669,5518,3268.66,wire,2025-10-06 12:00:00
2670,12009,2849.14,invoice,2026-08-08 12:00:00
2671,5009,2435.07,wire,2025-10-04 12:00:00
2672,9060,6435.11,wire,2026-04-03 12:00:00
2673,1194,3502.75,invoice,2025-03-24 12:00:00
2674,46,1750.0,credit_card,2025-02-23 12:00:00
2675,977,2161.9,invoice,2025-03-13 12:00:00
2676,10363,342.91,invoice,2026-06-07 12:00:00
2677,4455,752.36,invoice,2025-09-06 12:00:00
2678,1579,4120.89,wire,2025-04-04 12:00:00
2679,2689,1921.18,invoice,2025-06-21 12:00:00
2680,5460,4637.65,invoice,2025-10-20 12:00:00
2681,4103,1778.09,credit_card,2025-09-02 12:00:00
2682,1585,859.92,wire,2025-04-30 12:00:00
2683,8688,4252.48,wire,2026-03-31 12:00:00
2684,8125,2325.67,invoice,2026-02-24 12:00:00
2685,11732,1603.08,credit_card,2026-08-20 12:00:00
2686,8806,2231.84,credit_card,2026-04-04 12:00:00
2687,9129,2697.58,ach,2026-04-05 12:00:00
2688,5873,5000.09,credit_card,2025-12-03 12:00:00
2689,5533,2825.51,invoice,2025-10-12 12:00:00
2690,11891,2551.23,ach,2026-08-06 12:00:00
2691,316,5900.36,wire,2025-02-22 12:00:00
2692,10956,3060.76,credit_card,2026-07-12 12:00:00
2693,4922,627.52,ach,2025-10-05 12:00:00
2694,9319,658.58,wire,2026-04-24 12:00:00
2695,9975,2734.41,invoice,2026-06-02 12:00:00
2696,12533,2300.02,wire,2026-09-08 12:00:00
2697,1625,2099.65,ach,2025-04-08 12:00:00
2698,10862,2085.95,wire,2026-06-19 12:00:00
2699,9049,52.81,credit_card,2026-04-16 12:00:00
2700,10736,2026.76,ach,2026-06-27 12:00:00
2701,10588,3781.66,wire,2026-06-15 12:00:00
2702,7736,466.58,credit_card,2026-01-19 12:00:00
2703,2981,3494.33,ach,2025-06-28 12:00:00
2704,10472,3164.84,invoice,2026-06-09 12:00:00
2705,4527,7015.91,ach,2025-09-10 12:00:00
2706,1072,139.54,credit_card,2025-03-03 12:00:00
2707,3102,3435.29,ach,2025-06-29 12:00:00
2708,5196,3874.47,invoice,2025-10-29 12:00:00
2709,6352,1542.34,invoice,2025-11-15 12:00:00
2710,2405,3902.22,invoice,2025-05-25 12:00:00
2711,10609,1176.38,ach,2026-06-11 12:00:00
2712,11358,566.06,wire,2026-07-17 12:00:00
2713,410,1702.53,wire,2025-03-04 12:00:00
2714,4458,1218.15,wire,2025-10-02 12:00:00
2715,38,2408.2,credit_card,2025-02-10 12:00:00
2716,7991,2235.98,ach,2026-03-03 12:00:00
2717,577,955.08,ach,2025-02-13 12:00:00
2718,4085,4400.67,credit_card,2025-08-29 12:00:00
2719,2778,6100.19,wire,2025-06-24 12:00:00
2720,8140,1105.49,credit_card,2026-02-06 12:00:00
2721,714,282.76,ach,2025-03-12 12:00:00
2722,5821,4751.99,wire,2025-11-10 12:00:00
2723,3602,1576.01,credit_card,2025-07-11 12:00:00
2724,1088,2263.8,credit_card,2025-04-01 12:00:00
2725,10276,4603.49,wire,2026-05-09 12:00:00
2726,2336,3798.6,wire,2025-05-20 12:00:00
2727,10314,4336.78,credit_card,2026-06-11 12:00:00
2728,7249,294.6,credit_card,2025-12-11 12:00:00
2729,2799,1121.08,credit_card,2025-06-08 12:00:00
2730,1455,401.08,credit_card,2025-04-27 12:00:00
2731,9572,1811.28,invoice,2026-04-22 12:00:00
2732,6336,3998.39,invoice,2025-11-09 12:00:00
2733,5387,726.24,ach,2025-10-16 12:00:00
2734,882,1558.34,ach,2025-04-02 12:00:00
2735,1711,1340.91,ach,2025-04-29 12:00:00
2736,4490,4358.41,credit_card,2025-09-10 12:00:00
2737,9441,1394.28,wire,2026-05-04 12:00:00
2738,2985,544.14,ach,2025-06-18 12:00:00
2739,5340,957.37,invoice,2025-10-31 12:00:00
2740,4239,3783.53,wire,2025-08-15 12:00:00
2741,2246,1545.86,ach,2025-05-05 12:00:00
2742,3942,4764.21,wire,2025-08-04 12:00:00
2743,3612,4725.66,invoice,2025-07-17 12:00:00
2744,5748,1749.55,invoice,2025-11-14 12:00:00
2745,5906,3900.05,wire,2025-11-19 12:00:00
2746,3878,2064.29,wire,2025-08-18 12:00:00
2747,7507,278.53,credit_card,2026-01-20 12:00:00
2748,12491,3806.83,ach,2026-09-02 12:00:00
2749,240,2680.2,invoice,2025-02-06 12:00:00
2750,5240,1309.33,ach,2025-10-13 12:00:00
2751,7911,2130.31,wire,2026-02-25 12:00:00
2752,8068,3274.58,invoice,2026-02-25 12:00:00
2753,1598,2994.24,wire,2025-04-28 12:00:00
2754,7537,3220.09,ach,2026-01-10 12:00:00
2755,1098,3170.86,ach,2025-03-08 12:00:00
2756,395,3726.17,invoice,2025-02-08 12:00:00
2757,9218,1689.1,invoice,2026-04-25 12:00:00
2758,1902,519.8,credit_card,2025-05-13 12:00:00
2759,5059,4406.29,invoice,2025-10-04 12:00:00
2760,11519,240.69,wire,2026-07-07 12:00:00
2761,1181,1058.26,credit_card,2025-03-14 12:00:00
2762,6530,1149.38,credit_card,2025-12-17 12:00:00
2763,1912,779.97,ach,2025-06-01 12:00:00
2764,6631,1284.79,invoice,2025-12-05 12:00:00
2765,8356,2495.66,wire,2026-02-09 12:00:00
2766,2215,4225.02,wire,2025-06-01 12:00:00
2767,10305,1063.13,invoice,2026-06-09 12:00:00
2768,11742,4420.28,credit_card,2026-08-14 12:00:00
2769,8733,4640.53,ach,2026-03-15 12:00:00
2770,4430,362.25,credit_card,2025-09-19 12:00:00
2771,5435,5249.46,ach,2025-10-28 12:00:00
2772,5759,3193.45,credit_card,2025-11-24 12:00:00
2773,5564,2102.75,credit_card,2025-10-20 12:00:00
2774,7869,3236.32,invoice,2026-02-25 12:00:00
2775,3694,2023.16,wire,2025-07-10 12:00:00
2776,11418,1482.8,invoice,2026-07-08 12:00:00
2777,3502,4051.6,invoice,2025-07-16 12:00:00
2778,10316,5202.51,ach,2026-06-12 12:00:00
2779,1692,3134.49,invoice,2025-04-17 12:00:00
2780,5175,480.29,credit_card,2025-10-26 12:00:00
2781,4748,1912.31,wire,2025-09-30 12:00:00
2782,124,788.12,credit_card,2025-02-26 12:00:00
2783,11710,638.29,wire,2026-09-01 12:00:00
2784,1953,3548.83,wire,2025-05-30 12:00:00
2785,10943,3604.0,wire,2026-07-12 12:00:00
2786,6538,3197.86,ach,2025-12-21 12:00:00
2787,3834,3505.14,invoice,2025-08-15 12:00:00
2788,3112,806.53,wire,2025-06-09 12:00:00
2789,12065,1352.21,wire,2026-08-23 12:00:00
2790,3022,497.0,ach,2025-07-04 12:00:00
2791,8047,1113.8,ach,2026-02-23 12:00:00
2792,2994,113.5,ach,2025-06-08 12:00:00
2793,907,1756.12,ach,2025-03-01 12:00:00
2794,5197,4365.57,wire,2025-10-05 12:00:00
2795,11850,3367.87,wire,2026-08-29 12:00:00
2796,10657,1986.44,invoice,2026-06-29 12:00:00
2797,6109,766.71,invoice,2025-11-08 12:00:00
2798,7262,1275.28,ach,2025-12-29 12:00:00
2799,6832,2807.33,wire,2025-12-13 12:00:00
2800,3781,1058.26,invoice,2025-08-18 12:00:00
2801,9877,1698.17,wire,2026-05-26 12:00:00
2802,1892,4659.05,credit_card,2025-05-28 12:00:00
2803,9620,2539.26,credit_card,2026-04-14 12:00:00
2804,5119,2758.85,wire,2025-10-13 12:00:00
2805,7653,2944.29,invoice,2026-01-04 12:00:00
2806,296,2268.05,invoice,2025-02-16 12:00:00
2807,1047,599.05,credit_card,2025-03-20 12:00:00
2808,11003,287.56,credit_card,2026-07-29 12:00:00
2809,9536,2296.76,ach,2026-04-23 12:00:00
2810,10089,1507.98,wire,2026-05-19 12:00:00
2811,1786,292.8,ach,2025-04-14 12:00:00
2812,10618,6856.48,ach,2026-06-16 12:00:00
2813,287,805.44,ach,2025-02-08 12:00:00
2814,4743,1980.62,wire,2025-10-03 12:00:00
2815,11879,849.2,credit_card,2026-08-23 12:00:00
2816,1759,389.32,ach,2025-04-15 12:00:00
2817,4831,4088.99,credit_card,2025-09-08 12:00:00
2818,1285,1794.89,credit_card,2025-05-01 12:00:00
2819,3551,185.75,invoice,2025-07-12 12:00:00
2820,10197,3762.53,credit_card,2026-05-16 12:00:00
2821,10792,5770.67,ach,2026-06-22 12:00:00
2822,8952,307.29,ach,2026-03-29 12:00:00
2823,7444,4158.16,credit_card,2026-01-14 12:00:00
2824,8608,2932.33,credit_card,2026-03-20 12:00:00
2825,3899,372.75,ach,2025-08-24 12:00:00
2826,12080,4787.73,credit_card,2026-08-15 12:00:00
2827,9391,2050.72,wire,2026-04-14 12:00:00
2828,550,1926.13,ach,2025-02-05 12:00:00
2829,12285,1788.9,invoice,2026-09-19 12:00:00
2830,3106,4067.68,wire,2025-06-26 12:00:00
2831,6287,3454.59,wire,2025-12-01 12:00:00
2832,6320,2475.89,ach,2025-11-20 12:00:00
2833,12125,2028.35,wire,2026-08-28 12:00:00
2834,8413,1452.12,wire,2026-03-12 12:00:00
2835,8954,3318.93,credit_card,2026-03-31 12:00:00
2836,11512,2127.72,ach,2026-07-24 12:00:00
2837,4975,344.47,invoice,2025-09-17 12:00:00
2838,3852,4575.1,wire,2025-08-31 12:00:00
2839,2587,3313.76,invoice,2025-07-02 12:00:00
2840,5287,443.37,credit_card,2025-10-13 12:00:00
2841,11559,4270.26,credit_card,2026-08-03 12:00:00
2842,5272,2155.23,wire,2025-10-11 12:00:00
2843,12103,4086.42,ach,2026-08-20 12:00:00
2844,9335,1534.06,ach,2026-04-24 12:00:00
2845,5217,2226.01,invoice,2025-10-30 12:00:00
2846,10326,2504.29,credit_card,2026-06-30 12:00:00
2847,7554,3590.29,ach,2026-01-25 12:00:00
2848,2378,4046.33,ach,2025-05-10 12:00:00
2849,10478,3573.04,credit_card,2026-06-29 12:00:00
2850,4420,5279.69,invoice,2025-09-08 12:00:00
2851,12730,4745.74,credit_card,2026-09-14 12:00:00
2852,7181,2184.46,invoice,2025-12-03 12:00:00
2853,12291,2161.0,credit_card,2026-09-22 12:00:00
2854,6546,2356.29,ach,2025-12-20 12:00:00
2855,10871,3678.51,credit_card,2026-06-05 12:00:00
2856,5156,5325.69,credit_card,2025-10-18 12:00:00
2857,8169,4270.69,wire,2026-02-13 12:00:00
2858,10963,1230.6,credit_card,2026-07-26 12:00:00
2859,4811,2716.94,credit_card,2025-09-26 12:00:00
2860,6071,332.78,ach,2025-12-04 12:00:00
2861,2586,3397.87,wire,2025-06-27 12:00:00
2862,1304,4723.1,credit_card,2025-04-27 12:00:00
2863,10486,1822.46,invoice,2026-06-07 12:00:00
2864,6368,626.48,ach,2025-11-22 12:00:00
2865,3835,4770.44,invoice,2025-08-18 12:00:00
2866,5951,3579.92,credit_card,2025-11-08 12:00:00
2867,11436,4595.28,wire,2026-07-18 12:00:00
2868,4605,2382.88,credit_card,2025-09-12 12:00:00
2869,12054,3941.27,ach,2026-08-08 12:00:00
2870,3379,3553.95,invoice,2025-07-15 12:00:00
2871,11801,3675.26,ach,2026-08-13 12:00:00
2872,9055,3057.17,ach,2026-05-03 12:00:00
2873,8731,177.33,wire,2026-03-12 12:00:00
2874,1614,1617.48,ach,2025-04-27 12:00:00
2875,10044,2468.05,invoice,2026-05-11 12:00:00
2876,10238,4055.61,ach,2026-05-21 12:00:00
2877,8348,1560.64,credit_card,2026-02-05 12:00:00
2878,5624,2048.59,ach,2025-10-14 12:00:00
2879,7206,871.92,credit_card,2025-12-11 12:00:00
2880,10571,2537.96,wire,2026-07-03 12:00:00
2881,3275,1865.46,credit_card,2025-07-13 12:00:00
2882,9622,1832.94,ach,2026-04-18 12:00:00
2883,5539,1469.4,ach,2025-10-19 12:00:00
2884,468,4995.12,ach,2025-02-19 12:00:00
2885,12457,3330.11,ach,2026-10-01 12:00:00
2886,8078,4914.96,credit_card,2026-02-14 12:00:00
2887,4238,1779.77,invoice,2025-08-18 12:00:00
2888,8865,1961.58,wire,2026-03-10 12:00:00
2889,6640,788.97,ach,2025-12-29 12:00:00
2890,107,5624.2,credit_card,2025-02-05 12:00:00
2891,8830,1184.91,wire,2026-04-02 12:00:00
2892,8815,3720.26,wire,2026-03-05 12:00:00
2893,2639,1523.29,invoice,2025-06-09 12:00:00
2894,7690,1887.18,credit_card,2026-01-14 12:00:00
2895,12226,2088.91,invoice,2026-09-18 12:00:00
2896,12018,814.19,invoice,2026-08-04 12:00:00
2897,5968,1343.64,credit_card,2025-11-23 12:00:00
2898,412,257.92,wire,2025-02-18 12:00:00
2899,6587,473.15,wire,2025-12-09 12:00:00
2900,7597,1512.44,wire,2026-01-16 12:00:00
2901,3617,2998.45,wire,2025-07-21 12:00:00
2902,10805,1128.36,credit_card,2026-06-26 12:00:00
2903,2920,654.14,ach,2025-06-22 12:00:00
2904,7440,2299.53,invoice,2026-01-24 12:00:00
2905,5796,5385.23,invoice,2025-11-27 12:00:00
2906,8626,140.67,credit_card,2026-03-29 12:00:00
2907,7052,2695.3,ach,2026-01-02 12:00:00
2908,1504,1235.38,invoice,2025-04-08 12:00:00
2909,7403,4232.62,credit_card,2026-01-30 12:00:00
2910,5682,5148.75,wire,2025-11-16 12:00:00
2911,6479,2020.47,credit_card,2025-12-29 12:00:00
2912,9309,1924.6,invoice,2026-04-18 12:00:00
2913,11265,2105.6,wire,2026-07-19 12:00:00
2914,10614,2580.29,invoice,2026-06-19 12:00:00
2915,10097,3178.4,ach,2026-05-25 12:00:00
2916,3586,4437.83,credit_card,2025-07-31 12:00:00
2917,1863,1916.83,invoice,2025-04-29 12:00:00
2918,10616,4317.21,invoice,2026-06-02 12:00:00
2919,9644,3674.87,invoice,2026-04-21 12:00:00
2920,7200,2183.27,credit_card,2025-12-27 12:00:00
2921,2361,5429.77,wire,2025-05-24 12:00:00
2922,5043,4609.51,credit_card,2025-10-09 12:00:00
2923,8319,3794.03,wire,2026-02-22 12:00:00
2924,2134,3388.94,ach,2025-05-14 12:00:00
2925,8292,914.81,credit_card,2026-02-10 12:00:00
2926,2407,1477.59,wire,2025-05-16 12:00:00
2927,30,1698.17,wire,2025-02-13 12:00:00
2928,11101,3136.28,wire,2026-07-12 12:00:00
2929,7629,638.23,wire,2026-01-08 12:00:00
2930,2802,2618.74,ach,2025-06-09 12:00:00
2931,4270,1440.43,wire,2025-08-06 12:00:00
2932,10989,227.0,credit_card,2026-08-01 12:00:00
2933,6803,4635.2,ach,2025-12-16 12:00:00
2934,4541,2040.06,wire,2025-09-16 12:00:00
2935,569,3181.85,wire,2025-02-26 12:00:00
2936,5866,1533.04,invoice,2025-11-05 12:00:00
2937,6131,977.29,invoice,2025-11-30 12:00:00
2938,10289,1688.18,invoice,2026-06-17 12:00:00
2939,1246,3757.04,invoice,2025-03-16 12:00:00
2940,4227,777.05,invoice,2025-08-21 12:00:00
2941,6278,1088.75,wire,2025-11-12 12:00:00
2942,1459,1533.56,ach,2025-04-10 12:00:00
2943,1944,4962.94,invoice,2025-05-18 12:00:00
2944,1836,2303.9,invoice,2025-04-27 12:00:00
2945,317,806.75,wire,2025-02-05 12:00:00
2946,109,2190.43,invoice,2025-02-20 12:00:00
2947,11168,1050.46,ach,2026-08-03 12:00:00
2948,8392,5994.87,credit_card,2026-02-28 12:00:00
2949,3232,1242.84,ach,2025-07-28 12:00:00
2950,11862,4179.37,wire,2026-08-15 12:00:00
2951,10078,282.76,invoice,2026-05-21 12:00:00
2952,9603,1079.62,ach,2026-04-25 12:00:00
2953,11273,3612.4,ach,2026-07-13 12:00:00
2954,10342,3361.55,invoice,2026-06-28 12:00:00
2955,4879,2643.54,invoice,2025-09-22 12:00:00
2956,12503,844.82,ach,2026-09-14 12:00:00
2957,8072,2268.05,wire,2026-02-20 12:00:00
2958,3373,1322.81,wire,2025-07-24 12:00:00
2959,3707,1741.41,credit_card,2025-07-02 12:00:00
2960,2679,199.67,ach,2025-06-21 12:00:00
2961,5422,2930.6,ach,2025-10-23 12:00:00
2962,12284,5155.01,invoice,2026-09-09 12:00:00
2963,2716,4233.1,ach,2025-06-10 12:00:00
2964,4402,2724.0,credit_card,2025-09-26 12:00:00
2965,5891,5343.29,wire,2025-11-08 12:00:00
2966,12012,1626.33,invoice,2026-08-30 12:00:00
2967,5512,1858.13,invoice,2025-10-26 12:00:00
2968,4163,3419.81,wire,2025-08-06 12:00:00
2969,6707,1238.68,credit_card,2025-12-09 12:00:00
2970,4644,690.19,wire,2025-09-28 12:00:00
2971,7982,3879.41,wire,2026-02-12 12:00:00
2972,974,1353.23,invoice,2025-03-27 12:00:00
2973,3252,2122.4,wire,2025-07-10 12:00:00
2974,6744,3612.89,wire,2025-12-01 12:00:00
2975,7782,304.54,invoice,2026-02-09 12:00:00
2976,3448,3923.14,ach,2025-07-06 12:00:00
2977,8397,4107.46,ach,2026-02-20 12:00:00
2978,3345,5582.8,invoice,2025-07-26 12:00:00
2979,10476,1102.21,credit_card,2026-06-14 12:00:00
2980,1375,3642.84,invoice,2025-04-21 12:00:00
2981,5628,588.86,credit_card,2025-11-11 12:00:00
2982,8100,1981.18,credit_card,2026-02-13 12:00:00
2983,7866,5625.67,ach,2026-02-05 12:00:00
2984,8987,2911.6,ach,2026-03-23 12:00:00
2985,9925,394.88,wire,2026-05-11 12:00:00
2986,4399,3059.78,ach,2025-09-19 12:00:00
2987,4607,1461.17,invoice,2025-09-22 12:00:00
2988,6026,4904.98,wire,2025-11-09 12:00:00
2989,11,1843.7,ach,2025-03-01 12:00:00
2990,6536,1785.0,credit_card,2026-01-03 12:00:00
2991,3989,3180.56,wire,2025-08-22 12:00:00
2992,9258,807.36,credit_card,2026-04-09 12:00:00
2993,1427,2157.74,wire,2025-04-13 12:00:00
2994,10335,4355.84,credit_card,2026-06-12 12:00:00
2995,6672,291.99,credit_card,2025-12-16 12:00:00
2996,10194,2954.59,wire,2026-05-25 12:00:00
2997,719,1167.51,wire,2025-03-18 12:00:00
2998,6311,6024.03,invoice,2025-11-16 12:00:00
2999,4029,4250.12,credit_card,2025-08-19 12:00:00
3000,6612,5430.87,ach,2025-12-02 12:00:00
3001,11819,3825.93,ach,2026-08-07 12:00:00
3002,7449,2578.32,invoice,2026-01-25 12:00:00
3003,736,3314.93,invoice,2025-03-11 12:00:00
3004,5380,7340.12,invoice,2025-10-14 12:00:00
3005,4885,3828.77,invoice,2025-09-13 12:00:00
3006,324,2870.81,ach,2025-02-20 12:00:00
3007,3116,3560.07,wire,2025-06-06 12:00:00
3008,2141,4449.99,wire,2025-05-31 12:00:00
3009,9270,3014.88,invoice,2026-04-06 12:00:00
3010,9742,3259.16,credit_card,2026-05-19 12:00:00
3011,910,1026.03,ach,2025-03-31 12:00:00
3012,2628,2915.57,ach,2025-07-01 12:00:00
3013,11876,1887.76,ach,2026-08-16 12:00:00
3014,497,1701.83,wire,2025-02-17 12:00:00
3015,9750,5816.32,ach,2026-05-12 12:00:00
3016,8188,4167.58,ach,2026-02-04 12:00:00
3017,12435,548.08,ach,2026-09-12 12:00:00
3018,8776,3482.43,wire,2026-03-18 12:00:00
3019,8693,3472.75,wire,2026-04-03 12:00:00
3020,1207,368.74,ach,2025-03-13 12:00:00
3021,3117,3616.54,wire,2025-06-06 12:00:00
3022,4990,3876.7,wire,2025-09-27 12:00:00
3023,4865,2690.3,credit_card,2025-10-01 12:00:00
3024,6367,2075.0,credit_card,2025-11-25 12:00:00
3025,1196,5507.8,invoice,2025-03-11 12:00:00
3026,8317,5709.44,invoice,2026-03-01 12:00:00
3027,10635,4051.5,ach,2026-06-13 12:00:00
3028,6146,2149.8,ach,2025-11-04 12:00:00
3029,7239,3204.08,credit_card,2025-12-30 12:00:00
3030,3895,1669.96,credit_card,2025-08-11 12:00:00
3031,6932,1864.3,ach,2025-12-28 12:00:00
3032,10851,4949.38,credit_card,2026-06-20 12:00:00
3033,7282,6477.6,ach,2025-12-27 12:00:00
3034,289,1773.31,invoice,2025-02-08 12:00:00
3035,3647,306.2,wire,2025-07-17 12:00:00
3036,6182,2995.53,wire,2025-11-13 12:00:00
3037,10744,484.05,wire,2026-06-03 12:00:00
3038,4388,1530.74,ach,2025-09-30 12:00:00
3039,8603,2408.36,wire,2026-03-25 12:00:00
3040,7795,1300.82,wire,2026-02-09 12:00:00
3041,389,1315.73,wire,2025-02-24 12:00:00
3042,837,1711.34,invoice,2025-03-16 12:00:00
3043,10516,2089.29,credit_card,2026-06-03 12:00:00
3044,4036,2575.39,wire,2025-08-24 12:00:00
3045,281,3666.01,credit_card,2025-02-04 12:00:00
3046,5462,761.85,credit_card,2025-10-28 12:00:00
3047,6537,2530.61,invoice,2025-12-11 12:00:00
3048,3992,2656.08,wire,2025-09-01 12:00:00
3049,6867,1725.15,credit_card,2025-12-07 12:00:00
3050,3132,4637.33,invoice,2025-07-03 12:00:00
3051,1113,4669.27,ach,2025-03-30 12:00:00
3052,10193,1663.29,ach,2026-05-15 12:00:00
3053,10994,1986.55,invoice,2026-07-24 12:00:00
3054,10690,1305.25,wire,2026-06-23 12:00:00
3055,10496,1238.64,wire,2026-06-28 12:00:00
3056,1035,1311.54,ach,2025-03-13 12:00:00
3057,3144,2342.34,invoice,2025-07-19 12:00:00
3058,5717,1242.82,ach,2025-11-06 12:00:00
3059,268,853.33,invoice,2025-02-23 12:00:00
3060,12126,4935.98,ach,2026-08-07 12:00:00
3061,1599,1512.62,invoice,2025-04-22 12:00:00
3062,4601,175.4,credit_card,2025-09-27 12:00:00
3063,6742,3028.28,ach,2025-12-29 12:00:00
3064,6436,4902.79,ach,2025-11-11 12:00:00
3065,5560,373.92,invoice,2025-10-20 12:00:00
3066,4120,1955.96,credit_card,2025-08-26 12:00:00
3067,12707,3870.42,wire,2026-09-06 12:00:00
3068,8302,4843.15,invoice,2026-02-20 12:00:00
3069,5590,5354.38,invoice,2025-11-04 12:00:00
3070,3049,1046.12,ach,2025-06-18 12:00:00
3071,6149,4225.64,ach,2025-11-07 12:00:00
3072,9001,1619.55,invoice,2026-03-27 12:00:00
3073,1380,898.75,credit_card,2025-04-03 12:00:00
3074,10103,1219.76,invoice,2026-05-07 12:00:00
3075,10068,2711.84,wire,2026-05-19 12:00:00
3076,417,2018.77,credit_card,2025-02-18 12:00:00
3077,11217,664.07,ach,2026-07-05 12:00:00
3078,4792,580.32,credit_card,2025-09-10 12:00:00
3079,1963,3416.71,wire,2025-05-31 12:00:00
3080,621,620.2,ach,2025-02-18 12:00:00
3081,1704,2688.59,invoice,2025-04-09 12:00:00
3082,9860,4548.53,invoice,2026-05-25 12:00:00
3083,4623,7656.0,invoice,2025-09-18 12:00:00
3084,3972,2427.55,ach,2025-08-27 12:00:00
3085,4116,3697.43,credit_card,2025-08-14 12:00:00
3086,7921,3549.6,credit_card,2026-03-03 12:00:00
3087,10252,3356.7,credit_card,2026-06-01 12:00:00
3088,8539,5491.69,credit_card,2026-03-30 12:00:00
3089,6804,899.79,wire,2025-12-06 12:00:00
3090,2517,1981.42,credit_card,2025-06-15 12:00:00
3091,11583,2122.45,wire,2026-08-21 12:00:00
3092,9812,2436.29,invoice,2026-05-10 12:00:00
3093,9059,702.73,credit_card,2026-04-14 12:00:00
3094,3861,2085.45,ach,2025-08-04 12:00:00
3095,1191,1651.65,credit_card,2025-03-20 12:00:00
3096,9726,3398.64,invoice,2026-06-04 12:00:00
3097,9728,3205.37,ach,2026-05-03 12:00:00
3098,4668,1385.91,ach,2025-09-19 12:00:00
3099,7766,4403.11,ach,2026-01-24 12:00:00
3100,6135,2533.45,invoice,2025-11-09 12:00:00
3101,4809,2753.05,credit_card,2025-10-05 12:00:00
3102,11434,831.02,invoice,2026-08-01 12:00:00
3103,3874,3247.18,invoice,2025-08-09 12:00:00
3104,10442,1096.4,invoice,2026-06-28 12:00:00
3105,1507,1101.4,invoice,2025-04-22 12:00:00
3106,9842,1932.89,credit_card,2026-05-25 12:00:00
3107,11065,5138.78,credit_card,2026-07-07 12:00:00
3108,8791,6332.41,credit_card,2026-03-26 12:00:00
3109,9264,3751.93,wire,2026-05-02 12:00:00
3110,9342,1474.32,wire,2026-04-29 12:00:00
3111,4098,3218.81,invoice,2025-08-11 12:00:00
3112,12463,2616.87,wire,2026-09-23 12:00:00
3113,5665,2186.74,wire,2025-11-19 12:00:00
3114,795,2534.88,invoice,2025-03-05 12:00:00
3115,731,1486.92,wire,2025-03-05 12:00:00
3116,8087,4561.55,ach,2026-02-07 12:00:00
3117,6825,342.42,ach,2025-12-28 12:00:00
3118,5618,1581.13,invoice,2025-11-01 12:00:00
3119,10689,4583.7,wire,2026-06-18 12:00:00
3120,10534,539.01,wire,2026-06-06 12:00:00
3121,2627,2941.78,credit_card,2025-06-20 12:00:00
3122,11323,3428.96,credit_card,2026-07-08 12:00:00
3123,11191,939.87,wire,2026-07-31 12:00:00
3124,1746,1166.45,wire,2025-04-13 12:00:00
3125,12408,394.06,ach,2026-09-09 12:00:00
3126,5231,682.68,invoice,2025-10-15 12:00:00
3127,5100,1221.02,invoice,2025-10-09 12:00:00
3128,12470,6198.38,ach,2026-09-06 12:00:00
3129,2710,967.13,invoice,2025-06-11 12:00:00
3130,6179,3127.45,ach,2025-11-17 12:00:00
3131,4864,1804.11,wire,2025-09-22 12:00:00
3132,2676,305.52,ach,2025-06-05 12:00:00
3133,1200,491.29,ach,2025-03-20 12:00:00
3134,10303,7764.44,wire,2026-07-02 12:00:00
3135,11776,983.26,wire,2026-08-27 12:00:00
3136,8957,3919.63,ach,2026-03-25 12:00:00
3137,6129,3138.34,wire,2025-11-21 12:00:00
3138,3127,1530.91,ach,2025-07-22 12:00:00
3139,3799,4816.11,wire,2025-08-10 12:00:00
3140,11511,2787.68,wire,2026-07-27 12:00:00
3141,1890,1835.66,ach,2025-05-30 12:00:00
3142,11861,3135.18,wire,2026-08-14 12:00:00
3143,6435,2452.11,credit_card,2025-11-23 12:00:00
3144,12378,447.76,wire,2026-09-10 12:00:00
3145,33,2946.1,wire,2025-02-11 12:00:00
3146,3785,1765.12,credit_card,2025-08-27 12:00:00
3147,8631,3526.12,ach,2026-03-21 12:00:00
3148,6926,233.91,invoice,2025-12-15 12:00:00
3149,8046,2216.84,ach,2026-02-14 12:00:00
3150,1337,1530.38,wire,2025-04-17 12:00:00
3151,8142,334.15,invoice,2026-02-22 12:00:00
3152,10938,971.7,ach,2026-07-17 12:00:00
3153,6900,1927.93,wire,2025-12-12 12:00:00
3154,12422,3275.93,ach,2026-09-26 12:00:00
3155,9143,3690.29,invoice,2026-04-29 12:00:00
3156,1611,2536.92,invoice,2025-04-29 12:00:00
3157,940,3989.72,ach,2025-03-04 12:00:00
3158,12499,3229.56,ach,2026-09-28 12:00:00
3159,12566,3269.28,ach,2026-10-01 12:00:00
3160,11552,825.56,wire,2026-08-06 12:00:00
3161,4642,319.31,ach,2025-09-19 12:00:00
3162,9820,2862.46,ach,2026-05-04 12:00:00
3163,746,2408.46,credit_card,2025-04-02 12:00:00
3164,8745,261.2,ach,2026-03-07 12:00:00
3165,1487,4149.88,credit_card,2025-04-22 12:00:00
3166,2878,3439.35,wire,2025-06-07 12:00:00
3167,606,1677.83,invoice,2025-02-11 12:00:00
3168,1742,2017.3,credit_card,2025-04-30 12:00:00
3169,7599,5014.53,invoice,2026-01-23 12:00:00
3170,1534,438.5,invoice,2025-04-09 12:00:00
3171,2652,2027.13,credit_card,2025-06-19 12:00:00
3172,7733,2807.57,ach,2026-01-20 12:00:00
3173,3911,189.4,credit_card,2025-08-09 12:00:00
3174,7277,2682.08,credit_card,2025-12-31 12:00:00
3175,3003,1071.39,ach,2025-06-26 12:00:00
3176,1822,1784.99,credit_card,2025-04-17 12:00:00
3177,9030,2986.73,invoice,2026-04-20 12:00:00
3178,1331,1289.88,invoice,2025-04-24 12:00:00
3179,10969,1234.92,wire,2026-07-18 12:00:00
3180,6012,4842.31,invoice,2025-11-19 12:00:00
3181,958,3125.1,invoice,2025-03-29 12:00:00
3182,2111,2683.55,credit_card,2025-05-12 12:00:00
3183,3786,6409.79,invoice,2025-08-05 12:00:00
3184,9373,2799.34,ach,2026-04-08 12:00:00
3185,3131,2253.7,ach,2025-07-14 12:00:00
3186,11447,2274.11,ach,2026-08-02 12:00:00
3187,7093,2794.8,credit_card,2025-12-18 12:00:00
3188,12562,167.48,invoice,2026-09-14 12:00:00
3189,1661,2302.6,credit_card,2025-04-03 12:00:00
3190,1027,1426.05,wire,2025-03-23 12:00:00
3191,5023,2364.83,wire,2025-10-15 12:00:00
3192,9976,1031.79,credit_card,2026-05-18 12:00:00
3193,1248,3285.01,invoice,2025-03-04 12:00:00
3194,11357,1997.85,wire,2026-07-12 12:00:00
3195,9592,97.31,wire,2026-04-27 12:00:00
3196,656,1962.63,invoice,2025-03-03 12:00:00
3197,624,1702.72,credit_card,2025-02-18 12:00:00
3198,763,282.94,ach,2025-03-01 12:00:00
3199,11219,3255.89,ach,2026-07-13 12:00:00
3200,3955,1467.85,ach,2025-08-14 12:00:00
3201,10558,3166.62,invoice,2026-06-07 12:00:00
3202,2200,3502.13,credit_card,2025-05-02 12:00:00
3203,6331,2463.15,ach,2025-11-08 12:00:00
3204,3450,1672.68,credit_card,2025-07-20 12:00:00
3205,4793,2817.88,ach,2025-09-19 12:00:00
3206,5490,310.08,credit_card,2025-10-15 12:00:00
3207,4960,2283.7,invoice,2025-09-24 12:00:00
3208,11100,2553.15,wire,2026-07-09 12:00:00
3209,9762,7064.68,ach,2026-05-05 12:00:00
3210,3577,2700.84,invoice,2025-07-24 12:00:00
3211,9882,1910.24,credit_card,2026-05-12 12:00:00
3212,10834,4902.4,ach,2026-06-23 12:00:00
3213,1406,4042.08,invoice,2025-04-03 12:00:00
3214,2626,2441.02,invoice,2025-06-14 12:00:00
3215,8566,6342.93,invoice,2026-03-04 12:00:00
3216,10560,3738.53,wire,2026-06-17 12:00:00
3217,8741,3924.78,invoice,2026-03-24 12:00:00
3218,6822,4016.32,invoice,2026-01-01 12:00:00
3219,12204,1764.84,wire,2026-09-29 12:00:00
3220,2929,5919.58,ach,2025-06-05 12:00:00
3221,1747,1467.9,invoice,2025-04-26 12:00:00
3222,6614,1106.22,ach,2025-12-06 12:00:00
3223,2874,1230.25,wire,2025-06-07 12:00:00
3224,10580,4471.9,credit_card,2026-06-08 12:00:00
3225,10253,2706.44,ach,2026-05-14 12:00:00
3226,2458,5260.2,ach,2025-06-04 12:00:00
3227,11623,4240.35,ach,2026-08-24 12:00:00
3228,8831,4313.01,invoice,2026-03-08 12:00:00
3229,77,2901.46,invoice,2025-02-09 12:00:00
3230,5338,5908.35,wire,2025-11-02 12:00:00
3231,11201,2593.77,ach,2026-07-29 12:00:00
3232,8009,4421.41,wire,2026-02-07 12:00:00
3233,8582,3264.45,credit_card,2026-03-03 12:00:00
3234,2699,438.5,invoice,2025-07-01 12:00:00
3235,10452,5380.58,credit_card,2026-06-12 12:00:00
3236,11533,408.46,invoice,2026-08-13 12:00:00
3237,7153,6591.19,ach,2025-12-11 12:00:00
3238,5704,353.11,ach,2025-11-10 12:00:00
3239,2261,3731.88,ach,2025-05-08 12:00:00
3240,1776,1316.34,ach,2025-04-13 12:00:00
3241,3412,5488.63,credit_card,2025-07-16 12:00:00
3242,8129,2796.84,wire,2026-02-20 12:00:00
3243,94,1245.96,ach,2025-02-23 12:00:00
3244,3329,2048.78,wire,2025-07-28 12:00:00
3245,8701,360.69,credit_card,2026-03-13 12:00:00
3246,5400,710.25,invoice,2025-10-28 12:00:00
3247,5251,4630.04,invoice,2025-10-12 12:00:00
3248,12661,439.64,wire,2026-09-22 12:00:00
3249,4976,6076.67,wire,2025-09-15 12:00:00
3250,715,3279.42,ach,2025-03-21 12:00:00
3251,3182,1765.75,ach,2025-07-15 12:00:00
3252,1077,422.45,credit_card,2025-03-16 12:00:00
3253,7189,4274.51,wire,2025-12-22 12:00:00
3254,11359,2578.02,invoice,2026-07-24 12:00:00
3255,9234,576.43,invoice,2026-04-23 12:00:00
3256,2016,2170.53,invoice,2025-05-18 12:00:00
3257,6193,2121.9,credit_card,2025-11-06 12:00:00
3258,1886,574.99,credit_card,2025-05-22 12:00:00
3259,6577,2726.45,wire,2025-12-16 12:00:00
3260,12389,4588.88,credit_card,2026-10-05 12:00:00
3261,6212,474.66,ach,2025-12-01 12:00:00
3262,6593,3322.33,wire,2025-12-20 12:00:00
3263,3291,5588.34,wire,2025-07-17 12:00:00
3264,10382,2146.12,invoice,2026-06-15 12:00:00
3265,1489,3063.96,wire,2025-04-08 12:00:00
3266,5772,2624.64,ach,2025-11-06 12:00:00
3267,4878,5476.1,credit_card,2025-09-06 12:00:00
3268,8527,2409.53,wire,2026-03-28 12:00:00
3269,5426,7501.77,wire,2025-10-16 12:00:00
3270,4140,3194.5,invoice,2025-08-04 12:00:00
3271,2760,3155.44,credit_card,2025-06-23 12:00:00
3272,7251,3335.07,invoice,2025-12-30 12:00:00
3273,3747,1178.13,invoice,2025-07-08 12:00:00
3274,1438,3133.68,wire,2025-05-01 12:00:00
3275,1234,2558.5,credit_card,2025-03-10 12:00:00
3276,11061,3023.11,credit_card,2026-07-27 12:00:00
3277,186,3458.8,ach,2025-02-12 12:00:00
3278,10888,5234.36,invoice,2026-06-12 12:00:00
3279,4902,4483.74,invoice,2025-09-17 12:00:00
3280,6953,4865.65,ach,2025-12-16 12:00:00
3281,2466,4609.43,credit_card,2025-05-10 12:00:00
3282,9304,3744.18,credit_card,2026-04-06 12:00:00
3283,3572,792.47,wire,2025-07-06 12:00:00
3284,2068,1356.14,ach,2025-05-15 12:00:00
3285,1298,2790.28,credit_card,2025-04-13 12:00:00
3286,9629,82.42,wire,2026-04-28 12:00:00
3287,7671,2108.94,credit_card,2026-01-15 12:00:00
3288,4951,3309.43,credit_card,2025-09-25 12:00:00
3289,450,238.88,invoice,2025-02-22 12:00:00
3290,11428,1743.12,invoice,2026-07-04 12:00:00
3291,2961,1692.91,credit_card,2025-06-04 12:00:00
3292,4192,4402.51,invoice,2025-08-06 12:00:00
3293,3839,2300.4,credit_card,2025-08-06 12:00:00
3294,10541,1432.68,wire,2026-07-02 12:00:00
3295,7590,1851.18,invoice,2026-01-07 12:00:00
3296,7887,4461.25,wire,2026-02-08 12:00:00
3297,382,3991.59,wire,2025-02-21 12:00:00
3298,5097,2582.44,wire,2025-10-29 12:00:00
3299,1156,3487.18,ach,2025-03-13 12:00:00
3300,12575,4774.16,ach,2026-09-14 12:00:00
3301,10916,4373.17,credit_card,2026-07-27 12:00:00
3302,12319,1231.35,invoice,2026-09-28 12:00:00
3303,1729,735.87,ach,2025-04-10 12:00:00
3304,5667,4663.88,invoice,2025-11-08 12:00:00
3305,8982,4053.48,ach,2026-03-10 12:00:00
3306,10018,2843.3,wire,2026-05-11 12:00:00
3307,2426,4590.04,ach,2025-05-31 12:00:00
3308,2728,1825.88,credit_card,2025-06-25 12:00:00
3309,12413,3325.51,ach,2026-09-19 12:00:00
3310,9280,7949.72,invoice,2026-04-27 12:00:00
3311,1254,3419.91,ach,2025-04-29 12:00:00
3312,4321,345.81,invoice,2025-08-08 12:00:00
3313,7459,599.05,invoice,2026-01-10 12:00:00
3314,5465,337.82,ach,2025-10-28 12:00:00
3315,2504,4653.02,invoice,2025-06-23 12:00:00
3316,7304,3371.39,wire,2025-12-16 12:00:00
3317,11506,1555.38,wire,2026-07-09 12:00:00
3318,7624,3595.31,ach,2026-01-04 12:00:00
3319,8992,1477.57,credit_card,2026-03-13 12:00:00
3320,9038,3727.13,invoice,2026-05-05 12:00:00
3321,8077,2343.79,wire,2026-02-16 12:00:00
3322,12008,4649.64,invoice,2026-09-01 12:00:00
3323,1613,3776.9,ach,2025-04-04 12:00:00
3324,11953,2760.5,invoice,2026-08-23 12:00:00
3325,2192,322.7,credit_card,2025-05-29 12:00:00
3326,1730,5274.94,wire,2025-04-16 12:00:00
3327,12144,3049.45,wire,2026-08-21 12:00:00
3328,9721,1685.91,wire,2026-05-08 12:00:00
3329,10495,1327.1,invoice,2026-06-11 12:00:00
3330,12511,2918.42,ach,2026-09-02 12:00:00
3331,7217,1320.22,ach,2025-12-05 12:00:00
3332,4697,610.51,wire,2025-09-06 12:00:00
3333,7692,140.58,credit_card,2026-01-15 12:00:00
3334,531,4848.32,invoice,2025-02-09 12:00:00
3335,9747,1398.71,credit_card,2026-06-04 12:00:00
3336,9056,2799.62,invoice,2026-04-17 12:00:00
3337,7220,1166.45,ach,2025-12-27 12:00:00
3338,12504,1895.33,wire,2026-09-22 12:00:00
3339,8452,1995.74,wire,2026-03-27 12:00:00
3340,4930,3295.92,wire,2025-09-08 12:00:00
3341,5818,1497.92,credit_card,2025-11-24 12:00:00
3342,3856,2903.75,ach,2025-08-04 12:00:00
3343,10398,67.16,invoice,2026-06-12 12:00:00
3344,12637,880.51,ach,2026-09-03 12:00:00
3345,6721,1368.06,invoice,2025-12-10 12:00:00
3346,10435,189.4,wire,2026-06-12 12:00:00
3347,10752,4972.62,invoice,2026-07-03 12:00:00
3348,11601,7031.98,wire,2026-08-14 12:00:00
3349,5392,1586.89,wire,2025-10-25 12:00:00
3350,3823,1268.76,credit_card,2025-08-20 12:00:00
3351,145,1313.02,credit_card,2025-02-27 12:00:00
3352,7730,4924.3,credit_card,2026-01-18 12:00:00
3353,6111,4493.37,invoice,2025-11-11 12:00:00
3354,8401,3311.88,ach,2026-02-11 12:00:00
3355,7800,387.3,invoice,2026-02-03 12:00:00
3356,2756,2659.99,ach,2025-06-21 12:00:00
3357,2493,2800.79,ach,2025-06-05 12:00:00
3358,3140,1285.28,invoice,2025-08-01 12:00:00
3359,4673,1633.85,wire,2025-09-24 12:00:00
3360,9100,1013.38,credit_card,2026-04-29 12:00:00
3361,4304,6800.48,ach,2025-08-09 12:00:00
3362,5260,2258.61,credit_card,2025-10-14 12:00:00
3363,3273,4726.28,wire,2025-07-12 12:00:00
3364,10877,3364.57,wire,2026-06-10 12:00:00
3365,5958,2801.35,invoice,2025-11-06 12:00:00
3366,4334,2255.57,ach,2025-08-06 12:00:00
3367,2890,1702.2,ach,2025-07-01 12:00:00
3368,4925,1415.16,ach,2025-09-04 12:00:00
3369,3469,6180.92,credit_card,2025-07-01 12:00:00
3370,789,155.05,invoice,2025-03-26 12:00:00
3371,9467,2826.71,ach,2026-04-20 12:00:00
3372,7488,3582.31,credit_card,2026-01-24 12:00:00
3373,3579,3361.45,credit_card,2025-07-12 12:00:00
3374,2677,5785.3,credit_card,2025-06-09 12:00:00
3375,7287,2740.29,ach,2025-12-06 12:00:00
3376,11461,3124.88,invoice,2026-07-11 12:00:00
3377,2031,1691.68,invoice,2025-05-25 12:00:00
3378,5442,3060.92,ach,2025-10-15 12:00:00
3379,8286,734.99,credit_card,2026-02-25 12:00:00
3380,9708,2044.85,credit_card,2026-06-05 12:00:00
3381,11674,1692.54,ach,2026-08-27 12:00:00
3382,6086,3022.1,wire,2025-11-27 12:00:00
3383,10456,5874.2,ach,2026-06-01 12:00:00
3384,11706,2163.07,wire,2026-09-02 12:00:00
3385,6992,1623.01,ach,2025-12-14 12:00:00
3386,432,2573.56,wire,2025-02-09 12:00:00
3387,10908,5544.59,credit_card,2026-08-01 12:00:00
3388,1781,4545.04,ach,2025-04-07 12:00:00
3389,6576,2830.37,invoice,2025-12-06 12:00:00
3390,9689,1377.3,credit_card,2026-05-19 12:00:00
3391,3679,3368.09,ach,2025-07-29 12:00:00
3392,11657,2977.34,wire,2026-08-24 12:00:00
3393,350,1517.15,credit_card,2025-02-16 12:00:00
3394,12507,1499.74,ach,2026-09-15 12:00:00
3395,12342,2840.56,invoice,2026-09-14 12:00:00
3396,3350,389.32,ach,2025-07-19 12:00:00
3397,2910,932.3,invoice,2025-06-13 12:00:00
3398,8210,4116.24,ach,2026-02-08 12:00:00
3399,43,497.51,wire,2025-02-21 12:00:00
3400,5829,3466.2,ach,2025-11-26 12:00:00
3401,7128,5286.07,credit_card,2025-12-09 12:00:00
3402,982,2676.28,invoice,2025-03-05 12:00:00
3403,2313,2436.95,invoice,2025-05-17 12:00:00
3404,9741,1728.42,wire,2026-05-03 12:00:00
3405,12086,3638.04,ach,2026-09-03 12:00:00
3406,6128,320.93,ach,2025-12-02 12:00:00
3407,7703,973.43,ach,2026-01-27 12:00:00
3408,5528,1071.42,ach,2025-10-09 12:00:00
3409,5844,1016.38,invoice,2025-11-10 12:00:00
3410,8646,3153.85,credit_card,2026-03-07 12:00:00
3411,4221,1110.38,invoice,2025-09-03 12:00:00
3412,12272,1611.23,wire,2026-09-07 12:00:00
3413,10783,6072.82,ach,2026-06-11 12:00:00
3414,12239,435.33,invoice,2026-09-19 12:00:00
3415,10403,5812.66,ach,2026-06-26 12:00:00
3416,12317,4303.67,credit_card,2026-09-28 12:00:00
3417,8036,4593.32,ach,2026-02-19 12:00:00
3418,3847,1915.03,invoice,2025-08-17 12:00:00
3419,917,5212.71,invoice,2025-03-24 12:00:00
3420,5788,2260.37,wire,2025-11-06 12:00:00
3421,9361,5340.45,invoice,2026-04-25 12:00:00
3422,7840,2330.75,wire,2026-02-25 12:00:00
3423,10933,2284.53,invoice,2026-07-29 12:00:00
3424,1617,1346.17,ach,2025-04-27 12:00:00
3425,2847,1372.05,ach,2025-06-14 12:00:00
3426,4005,1119.52,wire,2025-08-05 12:00:00
3427,11854,2855.36,invoice,2026-08-18 12:00:00
3428,5129,1659.69,wire,2025-10-15 12:00:00
3429,7564,775.2,credit_card,2026-01-18 12:00:00
3430,8411,1987.8,wire,2026-03-01 12:00:00
3431,1834,1264.91,ach,2025-04-18 12:00:00
3432,3939,2029.63,credit_card,2025-08-30 12:00:00
3433,4895,3731.73,invoice,2025-09-03 12:00:00
3434,5532,109.62,wire,2025-10-09 12:00:00
3435,9233,4771.52,invoice,2026-04-12 12:00:00
3436,10710,360.69,wire,2026-06-07 12:00:00
3437,8262,1454.12,invoice,2026-03-02 12:00:00
3438,9206,3950.1,wire,2026-04-29 12:00:00
3439,783,3548.48,wire,2025-03-06 12:00:00
3440,592,2132.29,invoice,2025-02-13 12:00:00
3441,1157,2484.66,invoice,2025-03-11 12:00:00
3442,1537,736.81,wire,2025-04-17 12:00:00
3443,8118,4392.47,wire,2026-02-17 12:00:00
3444,5782,4480.98,credit_card,2025-11-08 12:00:00
3445,8704,1323.76,wire,2026-03-08 12:00:00
3446,8273,2988.76,ach,2026-02-15 12:00:00
3447,7223,2079.72,wire,2025-12-07 12:00:00
3448,6674,1461.76,credit_card,2025-12-20 12:00:00
3449,2402,310.02,ach,2025-05-11 12:00:00
3450,10615,592.49,credit_card,2026-06-11 12:00:00
3451,11761,2126.86,credit_card,2026-08-11 12:00:00
3452,4348,213.07,ach,2025-08-31 12:00:00
3453,5471,140.96,wire,2025-10-27 12:00:00
3454,2153,712.13,ach,2025-05-27 12:00:00
3455,6649,1839.96,invoice,2025-12-10 12:00:00
3456,12437,2538.85,wire,2026-10-04 12:00:00
3457,4099,4896.2,wire,2025-08-27 12:00:00
3458,8114,1735.92,wire,2026-02-09 12:00:00
3459,4773,4812.94,wire,2025-09-04 12:00:00
3460,2948,1572.1,wire,2025-06-27 12:00:00
3461,8099,1719.84,ach,2026-02-15 12:00:00
3462,8264,2305.4,ach,2026-02-16 12:00:00
3463,9382,6061.15,ach,2026-04-09 12:00:00
3464,2817,313.2,wire,2025-06-21 12:00:00
3465,8056,6766.79,invoice,2026-02-16 12:00:00
3466,11809,2860.66,ach,2026-08-19 12:00:00
3467,3943,1129.41,credit_card,2025-08-21 12:00:00
3468,5334,1868.2,invoice,2025-10-06 12:00:00
3469,6729,3378.52,wire,2025-12-12 12:00:00
3470,3974,3209.9,credit_card,2025-08-12 12:00:00
3471,3636,2394.61,credit_card,2025-07-23 12:00:00
3472,4478,4316.81,invoice,2025-09-11 12:00:00
3473,3616,7334.14,wire,2025-07-04 12:00:00
3474,8342,1128.36,ach,2026-02-04 12:00:00
3475,9457,248.5,ach,2026-04-20 12:00:00
3476,8984,2595.5,invoice,2026-03-19 12:00:00
3477,3024,2368.51,credit_card,2025-06-04 12:00:00
3478,4150,4512.14,ach,2025-08-06 12:00:00
3479,3280,775.34,credit_card,2025-07-24 12:00:00
3480,5439,3940.61,invoice,2025-10-19 12:00:00
3481,1732,797.07,invoice,2025-04-23 12:00:00
3482,9495,4661.84,ach,2026-05-03 12:00:00
3483,12161,1186.8,credit_card,2026-09-06 12:00:00
3484,6776,399.34,credit_card,2025-12-30 12:00:00
3485,6188,2509.05,invoice,2025-11-18 12:00:00
3486,1871,1785.65,invoice,2025-04-24 12:00:00
3487,2805,948.68,ach,2025-06-19 12:00:00
3488,7826,2367.93,ach,2026-02-05 12:00:00
3489,2212,557.06,invoice,2025-05-20 12:00:00
3490,10764,2085.45,invoice,2026-06-08 12:00:00
3491,6024,3999.29,ach,2025-11-29 12:00:00
3492,9389,2178.35,invoice,2026-04-05 12:00:00
3493,3134,675.29,invoice,2025-07-17 12:00:00
3494,169,4183.0,credit_card,2025-02-27 12:00:00
3495,12704,1047.68,credit_card,2026-09-26 12:00:00
3496,7984,6058.0,credit_card,2026-02-16 12:00:00
3497,4100,4268.48,credit_card,2025-08-21 12:00:00
3498,8243,4273.13,ach,2026-02-12 12:00:00
3499,9591,837.47,wire,2026-04-11 12:00:00
3500,4890,2374.35,credit_card,2025-09-26 12:00:00
3501,4994,2995.45,invoice,2025-09-19 12:00:00
3502,11484,2834.0,credit_card,2026-07-19 12:00:00
3503,2108,837.8,invoice,2025-05-20 12:00:00
3504,9322,921.74,credit_card,2026-04-02 12:00:00
3505,8751,3018.01,invoice,2026-03-05 12:00:00
3506,9680,2679.08,wire,2026-05-05 12:00:00
3507,3035,1433.18,invoice,2025-06-20 12:00:00
3508,10273,1964.17,ach,2026-05-17 12:00:00
3509,11799,1074.84,invoice,2026-08-18 12:00:00
3510,7654,1096.4,invoice,2026-01-14 12:00:00
3511,568,1680.39,invoice,2025-02-23 12:00:00
3512,7482,2107.15,ach,2026-01-27 12:00:00
3513,3287,1620.99,ach,2025-07-14 12:00:00
3514,8433,1892.12,credit_card,2026-03-11 12:00:00
3515,2368,3273.01,ach,2025-05-12 12:00:00
3516,12370,2357.13,ach,2026-09-09 12:00:00
3517,9845,443.25,wire,2026-05-23 12:00:00
3518,11093,143.78,invoice,2026-07-16 12:00:00
3519,5361,1755.49,invoice,2025-10-09 12:00:00
3520,441,1370.51,ach,2025-02-21 12:00:00
3521,2019,1252.62,credit_card,2025-05-21 12:00:00
3522,10765,5178.42,wire,2026-06-19 12:00:00
3523,8996,6727.13,invoice,2026-03-11 12:00:00
3524,5313,1889.68,ach,2025-10-18 12:00:00
3525,6779,2829.89,invoice,2025-12-16 12:00:00
3526,8800,2706.23,credit_card,2026-03-23 12:00:00
3527,11417,3836.89,credit_card,2026-07-29 12:00:00
3528,7636,1131.6,invoice,2026-01-24 12:00:00
3529,7709,3336.78,credit_card,2026-01-21 12:00:00
3530,11057,3557.47,wire,2026-07-09 12:00:00
3531,8391,3287.98,wire,2026-02-11 12:00:00
3532,1225,754.58,invoice,2025-03-31 12:00:00
3533,10958,2751.41,credit_card,2026-07-09 12:00:00
3534,2593,3060.49,credit_card,2025-06-10 12:00:00
3535,3248,2326.82,wire,2025-07-31 12:00:00
3536,2754,1982.19,credit_card,2025-06-23 12:00:00
3537,10531,4645.03,ach,2026-06-07 12:00:00
3538,10279,3761.88,credit_card,2026-06-03 12:00:00
3539,8872,3698.59,ach,2026-03-16 12:00:00
3540,2692,1290.35,invoice,2025-06-12 12:00:00
3541,37,2312.46,ach,2025-02-19 12:00:00
3542,5213,2956.7,invoice,2025-10-29 12:00:00
3543,4421,780.84,invoice,2025-09-08 12:00:00
3544,11492,3591.12,ach,2026-07-07 12:00:00
3545,2250,4447.93,invoice,2025-05-05 12:00:00
3546,7294,1510.85,ach,2025-12-25 12:00:00
3547,10350,2866.91,credit_card,2026-06-27 12:00:00
3548,6302,6232.65,invoice,2025-11-06 12:00:00
3549,10781,3443.25,credit_card,2026-06-09 12:00:00
3550,7529,1328.98,credit_card,2026-01-26 12:00:00
3551,4206,3252.06,wire,2025-08-17 12:00:00
3552,4722,1264.29,invoice,2025-09-24 12:00:00
3553,7054,2715.39,invoice,2025-12-13 12:00:00
3554,8427,1986.5,invoice,2026-03-22 12:00:00
3555,3400,772.9,invoice,2025-07-27 12:00:00
3556,4190,2328.79,ach,2025-08-26 12:00:00
3557,8904,457.33,invoice,2026-03-11 12:00:00
3558,4983,3973.47,invoice,2025-09-10 12:00:00
3559,4193,1570.7,ach,2025-08-12 12:00:00
3560,1361,4168.98,wire,2025-04-27 12:00:00
3561,3753,1333.34,credit_card,2025-08-30 12:00:00
3562,10069,3805.08,wire,2026-05-19 12:00:00
3563,7801,2983.03,credit_card,2026-03-02 12:00:00
3564,3283,2315.4,ach,2025-07-22 12:00:00
3565,487,850.66,credit_card,2025-02-05 12:00:00
3566,8470,5084.95,wire,2026-03-07 12:00:00
3567,9627,567.5,wire,2026-04-11 12:00:00
3568,9543,3363.75,invoice,2026-04-23 12:00:00
3569,5118,4247.27,ach,2025-11-02 12:00:00
3570,5932,3029.72,invoice,2025-11-16 12:00:00
3571,10160,2064.09,invoice,2026-06-04 12:00:00
3572,2287,2720.39,wire,2025-05-23 12:00:00
3573,638,3256.81,wire,2025-03-06 12:00:00
3574,9407,3681.41,invoice,2026-04-12 12:00:00
3575,10328,270.42,invoice,2026-07-02 12:00:00
3576,11538,2105.67,wire,2026-08-18 12:00:00
3577,4171,2016.08,invoice,2025-08-26 12:00:00
3578,3239,779.97,wire,2025-07-11 12:00:00
3579,10812,3183.15,ach,2026-06-29 12:00:00
3580,4191,2513.58,credit_card,2025-08-12 12:00:00
3581,3754,6370.26,credit_card,2025-08-20 12:00:00
3582,6204,1361.46,invoice,2025-11-03 12:00:00
3583,11278,2112.22,credit_card,2026-07-29 12:00:00
3584,12744,894.09,invoice,2026-09-21 12:00:00
3585,10203,5018.54,invoice,2026-05-17 12:00:00
3586,5269,4234.82,invoice,2025-10-17 12:00:00
3587,3959,5129.46,credit_card,2025-08-18 12:00:00
3588,12300,2152.24,invoice,2026-09-24 12:00:00
3589,168,842.86,wire,2025-02-16 12:00:00
3590,1916,1895.35,invoice,2025-05-29 12:00:00
3591,8757,1439.16,wire,2026-03-24 12:00:00
3592,7625,995.02,invoice,2026-01-06 12:00:00
3593,9318,1700.82,ach,2026-04-14 12:00:00
3594,3873,143.78,ach,2025-08-05 12:00:00
3595,11975,1353.17,invoice,2026-08-20 12:00:00
3596,5897,283.16,credit_card,2025-12-04 12:00:00
3597,5734,738.72,credit_card,2025-11-28 12:00:00
3598,802,1657.13,ach,2025-03-07 12:00:00
3599,3465,3358.2,wire,2025-07-07 12:00:00
3600,2139,1059.9,ach,2025-05-24 12:00:00
3601,8022,1660.39,credit_card,2026-02-09 12:00:00
3602,8238,4824.13,ach,2026-02-21 12:00:00
3603,743,2458.38,credit_card,2025-03-20 12:00:00
3604,7074,6824.02,credit_card,2025-12-05 12:00:00
3605,6045,752.03,wire,2025-11-23 12:00:00
3606,9459,148.07,ach,2026-04-13 12:00:00
3607,11860,1629.23,ach,2026-08-06 12:00:00
3608,8484,2025.65,credit_card,2026-03-19 12:00:00
3609,12306,242.12,credit_card,2026-09-22 12:00:00
3610,12715,3918.03,credit_card,2026-09-27 12:00:00
3611,11796,5658.97,wire,2026-08-02 12:00:00
3612,11943,1017.82,wire,2026-08-12 12:00:00
3613,3443,1719.84,invoice,2025-07-27 12:00:00
3614,4741,4722.16,wire,2025-09-19 12:00:00
3615,4368,730.17,credit_card,2025-08-13 12:00:00
3616,6217,1571.87,wire,2025-11-06 12:00:00
3617,2848,5628.62,ach,2025-06-06 12:00:00
3618,3488,3753.36,invoice,2025-07-11 12:00:00
3619,10564,2261.73,wire,2026-06-30 12:00:00
3620,2479,2908.14,invoice,2025-05-21 12:00:00
3621,716,4083.83,invoice,2025-03-07 12:00:00
3622,2958,2394.66,wire,2025-06-28 12:00:00
3623,4169,4265.08,wire,2025-08-25 12:00:00
3624,8723,1776.53,ach,2026-03-24 12:00:00
3625,10180,1230.41,ach,2026-05-05 12:00:00
3626,7117,421.74,credit_card,2025-12-14 12:00:00
3627,5063,4951.23,credit_card,2025-11-03 12:00:00
3628,4715,4504.08,invoice,2025-10-02 12:00:00
3629,10787,510.75,credit_card,2026-06-30 12:00:00
3630,10125,378.06,credit_card,2026-05-07 12:00:00
3631,2090,2681.74,invoice,2025-05-18 12:00:00
3632,9534,1664.9,wire,2026-04-10 12:00:00
3633,9678,3452.55,credit_card,2026-06-03 12:00:00
3634,5994,3873.0,ach,2025-11-27 12:00:00
3635,10008,6655.6,wire,2026-05-19 12:00:00
3636,4635,2106.58,ach,2025-09-16 12:00:00
3637,1835,2682.02,wire,2025-04-03 12:00:00
3638,7956,1360.96,ach,2026-02-08 12:00:00
3639,7013,2992.73,invoice,2025-12-03 12:00:00
3640,10105,4406.29,credit_card,2026-05-13 12:00:00
3641,10721,4973.46,credit_card,2026-07-02 12:00:00
3642,9317,3744.54,ach,2026-04-28 12:00:00
3643,5835,2717.86,wire,2025-11-20 12:00:00
3644,10492,295.85,invoice,2026-07-01 12:00:00
3645,5917,745.36,wire,2025-11-12 12:00:00
3646,5493,1842.84,credit_card,2025-10-27 12:00:00
3647,11425,2105.67,invoice,2026-07-31 12:00:00
3648,2486,1686.84,invoice,2025-05-09 12:00:00
3649,11857,415.77,invoice,2026-08-17 12:00:00
3650,7964,2505.46,invoice,2026-02-17 12:00:00
3651,12623,995.02,wire,2026-09-05 12:00:00
3652,11301,4028.72,ach,2026-07-16 12:00:00
3653,1887,4672.09,wire,2025-05-07 12:00:00
3654,3004,2683.35,wire,2025-06-08 12:00:00
3655,24,506.98,credit_card,2025-02-21 12:00:00
3656,3525,2200.48,credit_card,2025-07-23 12:00:00
3657,9368,852.48,ach,2026-04-20 12:00:00
3658,5408,901.85,credit_card,2025-10-06 12:00:00
3659,7202,949.32,invoice,2026-01-02 12:00:00
3660,10838,4129.7,invoice,2026-06-24 12:00:00
3661,1310,3163.26,invoice,2025-04-11 12:00:00
3662,6557,863.84,ach,2025-12-05 12:00:00
3663,11237,3508.25,credit_card,2026-07-20 12:00:00
3664,3476,2646.04,credit_card,2025-07-05 12:00:00
3665,790,1162.08,credit_card,2025-03-16 12:00:00
3666,3990,2781.24,invoice,2025-08-05 12:00:00
3667,5226,1133.33,invoice,2025-10-17 12:00:00
3668,11037,3421.88,credit_card,2026-07-08 12:00:00
3669,10169,3299.68,credit_card,2026-05-29 12:00:00
3670,9764,653.25,credit_card,2026-05-14 12:00:00
3671,6054,3669.38,wire,2025-11-08 12:00:00
3672,3220,3940.79,credit_card,2025-07-08 12:00:00
3673,6791,451.01,credit_card,2025-12-30 12:00:00
3674,2515,1661.88,ach,2025-06-30 12:00:00
3675,11440,5243.48,invoice,2026-07-04 12:00:00
3676,4133,3711.15,invoice,2025-09-01 12:00:00
3677,8979,2365.75,invoice,2026-04-01 12:00:00
3678,9369,4715.14,credit_card,2026-04-24 12:00:00
3679,11704,1372.44,wire,2026-08-07 12:00:00
3680,5149,5467.02,credit_card,2025-10-25 12:00:00
3681,4795,2958.65,credit_card,2025-09-25 12:00:00
3682,6734,1471.97,wire,2025-12-05 12:00:00
3683,1958,4431.0,wire,2025-05-05 12:00:00
3684,5181,278.53,invoice,2025-10-21 12:00:00
3685,12203,2089.56,credit_card,2026-09-26 12:00:00
3686,10867,620.59,wire,2026-06-23 12:00:00
3687,12377,1817.75,credit_card,2026-09-09 12:00:00
3688,7734,3507.35,wire,2026-01-04 12:00:00
3689,5265,1058.41,wire,2025-10-28 12:00:00
3690,7059,2013.87,invoice,2025-12-12 12:00:00
3691,3689,2759.1,credit_card,2025-07-10 12:00:00
3692,1396,782.52,invoice,2025-04-23 12:00:00
3693,9604,869.66,credit_card,2026-05-05 12:00:00
3694,9928,2230.1,invoice,2026-05-23 12:00:00
3695,9995,3731.49,ach,2026-05-22 12:00:00
3696,5771,1103.98,wire,2025-11-26 12:00:00
3697,12705,682.96,invoice,2026-09-19 12:00:00
3698,10082,1797.79,ach,2026-05-16 12:00:00
3699,6256,5771.64,invoice,2025-11-07 12:00:00
3700,8324,2012.43,invoice,2026-02-24 12:00:00
3701,4101,4416.04,wire,2025-09-01 12:00:00
3702,7927,4270.21,ach,2026-02-21 12:00:00
3703,10464,2038.02,credit_card,2026-07-03 12:00:00
3704,1227,4834.0,wire,2025-03-10 12:00:00
3705,10183,1403.33,credit_card,2026-05-13 12:00:00
3706,3838,3308.48,credit_card,2025-08-30 12:00:00
3707,5406,3514.06,invoice,2025-10-13 12:00:00
3708,12525,2500.48,wire,2026-09-15 12:00:00
3709,12420,3132.41,credit_card,2026-09-13 12:00:00
3710,11394,2285.37,ach,2026-07-19 12:00:00
3711,7071,1731.47,wire,2025-12-18 12:00:00
3712,7310,2021.79,wire,2025-12-28 12:00:00
3713,11778,2517.29,invoice,2026-08-21 12:00:00
3714,10910,5161.32,ach,2026-07-21 12:00:00
3715,9415,4587.7,ach,2026-04-21 12:00:00
3716,10291,9031.13,credit_card,2026-06-09 12:00:00
3717,1311,1903.4,invoice,2025-04-22 12:00:00
3718,11787,441.86,ach,2026-08-31 12:00:00
3719,713,3889.95,wire,2025-03-09 12:00:00
3720,5363,2063.99,invoice,2025-10-17 12:00:00
3721,7986,1343.64,wire,2026-02-25 12:00:00
3722,11482,287.56,wire,2026-07-27 12:00:00
3723,6795,2112.04,ach,2025-12-31 12:00:00
3724,7650,3273.53,wire,2026-01-29 12:00:00
3725,4394,334.23,credit_card,2025-09-24 12:00:00
3726,4234,4860.02,invoice,2025-08-10 12:00:00
3727,1823,2143.07,credit_card,2025-04-12 12:00:00
3728,8672,3567.1,wire,2026-03-12 12:00:00
3729,1316,1956.41,credit_card,2025-04-28 12:00:00
3730,6792,5219.66,invoice,2025-12-27 12:00:00
3731,3945,2073.18,wire,2025-08-24 12:00:00
3732,12479,4567.9,wire,2026-09-23 12:00:00
3733,5485,5332.1,wire,2025-10-09 12:00:00
3734,11183,5369.12,ach,2026-07-29 12:00:00
3735,2316,3856.75,wire,2025-05-21 12:00:00
3736,2827,2746.66,credit_card,2025-06-27 12:00:00
3737,4771,2778.83,ach,2025-09-29 12:00:00
3738,8031,2001.53,invoice,2026-02-15 12:00:00
3739,2596,5464.77,credit_card,2025-06-04 12:00:00
3740,10167,6848.31,invoice,2026-05-18 12:00:00
3741,1340,3396.06,invoice,2025-04-15 12:00:00
3742,3265,4076.5,ach,2025-07-26 12:00:00
3743,4790,3446.81,credit_card,2025-09-12 12:00:00
3744,739,757.3,wire,2025-03-25 12:00:00
3745,5492,459.85,credit_card,2025-10-27 12:00:00
3746,966,4425.93,credit_card,2025-04-04 12:00:00
3747,253,6184.0,ach,2025-02-27 12:00:00
3748,7101,1799.93,ach,2025-12-11 12:00:00
3749,10709,466.15,wire,2026-06-22 12:00:00
3750,2099,438.46,credit_card,2025-05-30 12:00:00
3751,11530,3974.62,credit_card,2026-08-21 12:00:00
3752,6326,2617.18,credit_card,2025-11-24 12:00:00
3753,3197,3325.16,ach,2025-07-19 12:00:00
3754,9674,1314.04,ach,2026-05-28 12:00:00
3755,3672,958.6,wire,2025-08-02 12:00:00
3756,873,5151.5,ach,2025-03-31 12:00:00
3757,8098,598.8,ach,2026-02-22 12:00:00
3758,5545,1210.68,invoice,2025-10-25 12:00:00
3759,9276,2334.98,credit_card,2026-04-19 12:00:00
3760,4353,5428.73,wire,2025-08-17 12:00:00
3761,12030,1573.16,wire,2026-09-02 12:00:00
3762,4963,415.47,wire,2025-09-27 12:00:00
3763,10387,1955.78,credit_card,2026-06-20 12:00:00
3764,6598,5077.24,credit_card,2026-01-02 12:00:00
3765,4677,3452.36,ach,2025-09-05 12:00:00
3766,12347,1189.66,wire,2026-09-21 12:00:00
3767,10142,536.96,ach,2026-05-27 12:00:00
3768,6700,3222.87,invoice,2026-01-01 12:00:00
3769,4383,671.82,invoice,2025-09-03 12:00:00
3770,6756,2475.62,invoice,2025-12-24 12:00:00
3771,6248,2295.57,ach,2025-11-12 12:00:00
3772,11030,2439.58,ach,2026-07-10 12:00:00
3773,7622,3692.51,credit_card,2026-01-14 12:00:00
3774,10676,1435.74,ach,2026-06-12 12:00:00
3775,6195,2505.63,ach,2025-11-07 12:00:00
3776,11308,726.35,ach,2026-07-01 12:00:00
3777,8798,1458.43,ach,2026-04-05 12:00:00
3778,7728,4173.34,wire,2026-01-26 12:00:00
3779,6555,3845.71,credit_card,2026-01-02 12:00:00
3780,7770,691.31,credit_card,2026-01-07 12:00:00
3781,12534,1934.91,credit_card,2026-09-10 12:00:00
3782,448,2042.97,credit_card,2025-02-09 12:00:00
3783,5157,3009.29,wire,2025-10-25 12:00:00
3784,57,1112.57,ach,2025-02-25 12:00:00
3785,3413,4300.63,invoice,2025-07-14 12:00:00
3786,7865,3373.19,wire,2026-02-27 12:00:00
3787,2856,3938.68,invoice,2025-06-26 12:00:00
3788,5372,2493.8,credit_card,2025-10-07 12:00:00
3789,2987,2598.26,invoice,2025-06-24 12:00:00
3790,477,2682.0,ach,2025-03-03 12:00:00
3791,3756,6066.35,credit_card,2025-08-07 12:00:00
3792,10333,1515.34,wire,2026-06-10 12:00:00
3793,7508,639.21,wire,2026-01-09 12:00:00
3794,12726,1540.48,credit_card,2026-09-30 12:00:00
3795,8172,6625.29,credit_card,2026-02-26 12:00:00
3796,6347,2036.82,invoice,2025-11-23 12:00:00
3797,4510,6083.67,ach,2025-09-17 12:00:00
3798,10990,6681.03,invoice,2026-07-23 12:00:00
3799,6177,763.21,wire,2025-11-24 12:00:00
3800,10071,1626.2,credit_card,2026-05-31 12:00:00
3801,6651,735.92,credit_card,2026-01-01 12:00:00
3802,751,3253.29,credit_card,2025-03-18 12:00:00
3803,11202,1432.49,invoice,2026-07-17 12:00:00
3804,11811,2603.13,ach,2026-08-12 12:00:00
3805,5413,2001.62,wire,2025-10-23 12:00:00
3806,377,1059.96,wire,2025-02-18 12:00:00
3807,2459,3683.2,wire,2025-05-08 12:00:00
3808,6823,1455.55,wire,2025-12-12 12:00:00
3809,6978,3723.67,invoice,2025-12-12 12:00:00
3810,8522,344.01,invoice,2026-04-04 12:00:00
3811,10798,945.7,ach,2026-06-09 12:00:00
3812,2189,1658.44,credit_card,2025-05-27 12:00:00
3813,9013,3890.03,invoice,2026-03-26 12:00:00
3814,9034,4487.72,ach,2026-04-10 12:00:00
3815,4707,2185.9,ach,2025-09-07 12:00:00
3816,12762,50.29,ach,2026-09-15 12:00:00
3817,8934,2829.73,ach,2026-03-08 12:00:00
3818,6773,567.09,invoice,2026-01-04 12:00:00
3819,3858,2290.53,invoice,2025-08-13 12:00:00
3820,5886,3520.77,invoice,2025-12-02 12:00:00
3821,9933,181.96,invoice,2026-05-06 12:00:00
3822,2401,407.35,wire,2025-05-08 12:00:00
3823,10945,3253.4,wire,2026-07-20 12:00:00
3824,3545,4238.78,invoice,2025-07-28 12:00:00
3825,4562,1422.22,ach,2025-09-20 12:00:00
3826,7169,1432.63,invoice,2025-12-09 12:00:00
3827,7497,1957.39,invoice,2026-01-01 12:00:00
3828,11331,74.54,ach,2026-07-20 12:00:00
3829,12176,2437.19,invoice,2026-09-27 12:00:00
3830,11239,4324.85,ach,2026-07-19 12:00:00
3831,9994,3987.56,ach,2026-05-12 12:00:00
3832,3822,449.81,credit_card,2025-08-31 12:00:00
3833,6429,1797.51,ach,2025-11-03 12:00:00
3834,5938,558.14,ach,2025-11-27 12:00:00
3835,8065,2627.33,wire,2026-02-14 12:00:00
3836,8380,1639.83,wire,2026-02-15 12:00:00
3837,228,952.59,invoice,2025-02-27 12:00:00
3838,8013,807.06,ach,2026-02-23 12:00:00
3839,2318,3024.9,invoice,2025-05-18 12:00:00
3840,4075,2435.64,credit_card,2025-08-27 12:00:00
3841,10504,2807.29,credit_card,2026-06-12 12:00:00
3842,9930,2999.93,ach,2026-05-21 12:00:00
3843,5944,2122.72,wire,2025-11-21 12:00:00
3844,2649,2032.69,wire,2025-06-22 12:00:00
3845,1509,1377.3,ach,2025-04-30 12:00:00
3846,6730,1749.03,credit_card,2025-12-26 12:00:00
3847,11924,1580.54,credit_card,2026-08-23 12:00:00
3848,1685,1529.82,credit_card,2025-04-01 12:00:00
3849,500,5017.86,credit_card,2025-02-14 12:00:00
3850,7641,1152.86,ach,2026-01-16 12:00:00
3851,1700,1673.44,ach,2025-04-26 12:00:00
3852,12698,1003.92,invoice,2026-10-02 12:00:00
3853,1878,1251.42,credit_card,2025-05-18 12:00:00
3854,11223,3574.65,wire,2026-07-31 12:00:00
3855,514,473.49,credit_card,2025-02-13 12:00:00
3856,10921,4304.76,ach,2026-07-13 12:00:00
3857,5872,2533.45,wire,2025-11-11 12:00:00
3858,4148,3330.16,wire,2025-09-05 12:00:00
3859,2705,2080.49,ach,2025-06-13 12:00:00
3860,821,6196.36,credit_card,2025-03-27 12:00:00
3861,6740,3345.39,credit_card,2025-12-05 12:00:00
3862,9339,723.7,ach,2026-04-13 12:00:00
3863,8178,2497.46,invoice,2026-02-03 12:00:00
3864,8050,4746.2,ach,2026-02-08 12:00:00
3865,10418,2651.49,wire,2026-06-12 12:00:00
3866,2449,3346.17,wire,2025-05-26 12:00:00
3867,475,4024.68,credit_card,2025-02-03 12:00:00
3868,12115,276.36,credit_card,2026-08-21 12:00:00
3869,5598,2711.78,credit_card,2025-10-21 12:00:00
3870,6619,259.9,credit_card,2025-12-13 12:00:00
3871,11499,1035.1,invoice,2026-07-03 12:00:00
3872,8300,988.08,invoice,2026-02-19 12:00:00
3873,8622,3098.72,ach,2026-03-09 12:00:00
3874,2917,2782.42,ach,2025-06-14 12:00:00
3875,5581,2787.55,wire,2025-10-07 12:00:00
3876,7929,4706.51,wire,2026-02-25 12:00:00
3877,481,1739.32,invoice,2025-02-09 12:00:00
3878,5702,3873.0,invoice,2025-11-21 12:00:00
3879,5941,937.99,ach,2025-11-16 12:00:00
3880,9623,1337.27,credit_card,2026-04-16 12:00:00
3881,2578,2834.7,credit_card,2025-06-20 12:00:00
3882,11631,5861.36,invoice,2026-08-09 12:00:00
3883,12488,737.48,wire,2026-09-09 12:00:00
3884,9163,5285.37,invoice,2026-04-29 12:00:00
3885,12282,359.43,credit_card,2026-09-27 12:00:00
3886,10722,4539.79,credit_card,2026-06-18 12:00:00
3887,4808,3391.63,ach,2025-09-19 12:00:00
3888,8060,4271.44,credit_card,2026-03-01 12:00:00
3889,7676,575.12,credit_card,2026-02-03 12:00:00
3890,6608,3620.96,invoice,2025-12-19 12:00:00
3891,1597,1658.38,invoice,2025-04-23 12:00:00
3892,7435,4885.52,ach,2026-01-10 12:00:00
3893,9021,4590.54,credit_card,2026-03-26 12:00:00
3894,1350,3892.49,wire,2025-04-23 12:00:00
3895,11727,5488.94,invoice,2026-08-28 12:00:00
3896,5235,1711.57,ach,2025-10-08 12:00:00
3897,4123,4175.4,ach,2025-08-29 12:00:00
3898,3778,1563.06,wire,2025-08-27 12:00:00
3899,9469,958.6,ach,2026-04-09 12:00:00
3900,2923,1832.7,invoice,2025-06-08 12:00:00
3901,6476,1071.94,credit_card,2025-12-30 12:00:00
3902,3435,1639.53,ach,2025-07-25 12:00:00
3903,10865,787.1,wire,2026-06-05 12:00:00
3904,7839,2608.25,ach,2026-02-11 12:00:00
3905,1607,2713.69,wire,2025-04-11 12:00:00
3906,4731,3878.79,invoice,2025-10-02 12:00:00
3907,5910,4089.8,wire,2025-11-23 12:00:00
3908,3032,4942.86,wire,2025-06-04 12:00:00
3909,2763,1936.8,credit_card,2025-06-16 12:00:00
3910,12561,1977.69,wire,2026-09-15 12:00:00
3911,4660,1245.49,ach,2025-09-11 12:00:00
3912,7334,4755.0,ach,2026-01-17 12:00:00
3913,7364,2162.11,invoice,2026-01-17 12:00:00
3914,3149,1907.98,credit_card,2025-07-21 12:00:00
3915,3686,2534.28,credit_card,2025-07-18 12:00:00
3916,12476,767.24,credit_card,2026-09-26 12:00:00
3917,3603,385.49,invoice,2025-07-03 12:00:00
3918,1660,6856.34,wire,2025-04-08 12:00:00
3919,9949,1182.7,invoice,2026-05-03 12:00:00
3920,11516,4561.18,ach,2026-07-06 12:00:00
3921,8909,6820.03,invoice,2026-03-03 12:00:00
3922,10509,3101.91,credit_card,2026-06-05 12:00:00
3923,3661,1187.39,wire,2025-07-18 12:00:00
3924,1447,268.48,wire,2025-04-30 12:00:00
3925,12335,5798.9,ach,2026-09-08 12:00:00
3926,1021,2614.88,ach,2025-03-09 12:00:00
3927,706,837.8,credit_card,2025-03-12 12:00:00
3928,9653,201.16,wire,2026-04-08 12:00:00
3929,1867,2794.04,invoice,2025-04-12 12:00:00
3930,5365,2478.22,wire,2025-10-13 12:00:00
3931,7934,3109.66,wire,2026-02-25 12:00:00
3932,4534,2136.67,invoice,2025-09-02 12:00:00
3933,2123,1988.54,ach,2025-05-18 12:00:00
3934,7978,5818.44,wire,2026-02-26 12:00:00
3935,2575,2041.28,invoice,2025-06-18 12:00:00
3936,10324,5097.49,wire,2026-06-14 12:00:00
3937,1922,2908.47,wire,2025-05-10 12:00:00
3938,3615,2204.4,wire,2025-07-18 12:00:00
3939,2957,4346.06,credit_card,2025-06-07 12:00:00
3940,3774,3502.52,wire,2025-08-23 12:00:00
3941,9587,758.75,wire,2026-05-02 12:00:00
3942,12571,2107.27,credit_card,2026-09-11 12:00:00
3943,3743,530.6,invoice,2025-07-30 12:00:00
3944,3915,532.51,invoice,2025-08-31 12:00:00
3945,6934,3288.9,ach,2025-12-30 12:00:00
3946,7105,5710.27,ach,2025-12-13 12:00:00
3947,1420,461.97,credit_card,2025-04-21 12:00:00
3948,3425,1678.33,invoice,2025-07-12 12:00:00
3949,1104,4004.19,invoice,2025-03-19 12:00:00
3950,11015,1536.93,ach,2026-07-11 12:00:00
3951,7329,4542.32,wire,2026-01-15 12:00:00
3952,2026,2506.8,credit_card,2025-05-06 12:00:00
3953,595,2331.52,invoice,2025-02-12 12:00:00
3954,1559,3614.4,ach,2025-04-13 12:00:00
3955,7518,360.56,ach,2026-01-16 12:00:00
3956,8512,4006.97,credit_card,2026-03-04 12:00:00
3957,5432,2514.57,invoice,2025-10-16 12:00:00
3958,10918,2982.63,credit_card,2026-07-19 12:00:00
3959,3524,2940.5,wire,2025-07-09 12:00:00
3960,9658,2229.03,ach,2026-05-16 12:00:00
3961,6828,1497.92,wire,2025-12-10 12:00:00
3962,4217,2062.36,invoice,2025-09-01 12:00:00
3963,3401,1753.99,ach,2025-07-21 12:00:00
3964,2059,2156.83,wire,2025-05-30 12:00:00
3965,12371,1197.19,credit_card,2026-09-06 12:00:00
3966,7677,2735.9,wire,2026-01-17 12:00:00
3967,11291,1015.47,wire,2026-07-21 12:00:00
3968,7370,2085.45,wire,2026-01-05 12:00:00
3969,5279,3472.81,invoice,2025-10-06 12:00:00
3970,12251,5551.73,ach,2026-09-29 12:00:00
3971,2653,2707.46,ach,2025-06-13 12:00:00
3972,7812,677.7,wire,2026-02-13 12:00:00
3973,4300,4036.47,invoice,2025-08-10 12:00:00
3974,4330,1649.81,ach,2025-08-25 12:00:00
3975,8338,6604.49,credit_card,2026-03-03 12:00:00
3976,7979,5035.57,ach,2026-02-06 12:00:00
3977,7874,3632.98,credit_card,2026-02-06 12:00:00
3978,536,4557.78,ach,2025-02-04 12:00:00
3979,10656,3834.82,ach,2026-06-29 12:00:00
3980,293,2558.07,ach,2025-03-03 12:00:00
3981,2837,3298.95,ach,2025-06-10 12:00:00
3982,10037,3797.91,credit_card,2026-05-19 12:00:00
3983,5067,1180.39,wire,2025-10-10 12:00:00
3984,9868,4687.16,credit_card,2026-05-09 12:00:00
3985,2871,4481.37,invoice,2025-06-18 12:00:00
3986,11773,5883.88,wire,2026-08-02 12:00:00
3987,10518,1492.64,wire,2026-06-27 12:00:00
3988,10462,1604.55,credit_card,2026-06-05 12:00:00
3989,9003,2068.88,credit_card,2026-04-01 12:00:00
3990,6859,2794.42,ach,2025-12-20 12:00:00
3991,4499,3416.5,credit_card,2025-09-21 12:00:00
3992,9174,3146.91,ach,2026-04-05 12:00:00
3993,9943,2673.74,wire,2026-05-27 12:00:00
3994,1319,2405.23,wire,2025-04-18 12:00:00
3995,2731,1362.59,wire,2025-06-22 12:00:00
3996,10198,5079.74,ach,2026-05-28 12:00:00
3997,10696,2159.6,credit_card,2026-06-20 12:00:00
3998,6940,3475.24,invoice,2025-12-25 12:00:00
3999,9624,302.3,credit_card,2026-04-22 12:00:00
4000,7563,3411.69,ach,2026-01-07 12:00:00
4001,7454,1826.0,invoice,2026-01-26 12:00:00
4002,10409,2494.87,invoice,2026-06-20 12:00:00
4003,7316,1192.47,wire,2026-01-16 12:00:00
4004,9942,1582.35,wire,2026-05-01 12:00:00
4005,11647,4860.04,ach,2026-09-01 12:00:00
4006,2547,4540.6,ach,2025-06-21 12:00:00
4007,2229,4007.54,credit_card,2025-05-24 12:00:00
4008,6058,3020.61,invoice,2025-11-28 12:00:00
4009,6741,4926.27,ach,2026-01-04 12:00:00
4010,8166,6117.13,wire,2026-02-22 12:00:00
4011,7699,1081.79,wire,2026-01-13 12:00:00
4012,3285,4030.99,invoice,2025-08-02 12:00:00
4013,10428,3574.07,wire,2026-06-08 12:00:00
4014,4514,1857.79,credit_card,2025-09-23 12:00:00
4015,6437,2519.81,wire,2025-12-02 12:00:00
4016,5010,4612.64,ach,2025-11-03 12:00:00
4017,3729,1990.04,invoice,2025-07-26 12:00:00
4018,357,848.28,ach,2025-02-19 12:00:00
4019,12690,437.18,wire,2026-09-18 12:00:00
4020,9542,1742.58,ach,2026-04-22 12:00:00
4021,10991,2356.88,ach,2026-07-11 12:00:00
4022,4258,3654.87,wire,2025-08-29 12:00:00
4023,10636,1922.85,invoice,2026-06-29 12:00:00
4024,7135,2371.74,ach,2025-12-30 12:00:00
4025,838,2480.37,wire,2025-03-14 12:00:00
4026,6432,2437.96,invoice,2025-11-05 12:00:00
4027,267,1131.76,credit_card,2025-03-02 12:00:00
4028,12777,3051.02,credit_card,2026-09-22 12:00:00
4029,8217,549.76,wire,2026-02-22 12:00:00
4030,2007,1902.29,invoice,2025-06-01 12:00:00
4031,4408,1584.94,ach,2025-09-15 12:00:00
4032,12629,2869.78,credit_card,2026-09-17 12:00:00
4033,9261,3646.74,invoice,2026-05-01 12:00:00
4034,2363,2827.86,invoice,2025-05-31 12:00:00
4035,10081,2093.68,invoice,2026-05-06 12:00:00
4036,5852,546.24,invoice,2025-11-13 12:00:00
4037,12376,519.8,credit_card,2026-09-21 12:00:00
4038,10513,3362.48,ach,2026-06-13 12:00:00
4039,9570,3151.76,wire,2026-04-19 12:00:00
4040,9784,5945.11,wire,2026-05-25 12:00:00
4041,512,3341.46,wire,2025-02-26 12:00:00
4042,2900,972.85,ach,2025-06-22 12:00:00
4043,1891,2671.56,invoice,2025-05-23 12:00:00
4044,3466,273.18,invoice,2025-07-19 12:00:00
4045,827,345.03,credit_card,2025-03-06 12:00:00
4046,8310,2259.58,wire,2026-02-18 12:00:00
4047,158,6004.26,wire,2025-02-13 12:00:00
4048,10406,1894.72,ach,2026-06-24 12:00:00
4049,128,4969.66,invoice,2025-02-08 12:00:00
4050,6085,5602.05,ach,2025-11-10 12:00:00
4051,3185,439.64,wire,2025-07-17 12:00:00
4052,1442,8858.4,credit_card,2025-04-05 12:00:00
4053,6163,7716.08,ach,2025-11-09 12:00:00
4054,6180,4881.63,invoice,2025-11-22 12:00:00
4055,11028,206.39,wire,2026-07-28 12:00:00
4056,12405,752.94,wire,2026-09-25 12:00:00
4057,2749,4969.56,credit_card,2025-06-01 12:00:00
4058,12387,5312.61,credit_card,2026-09-23 12:00:00
4059,8023,466.11,wire,2026-02-20 12:00:00
4060,6871,3781.46,credit_card,2025-12-29 12:00:00
4061,9000,2259.77,ach,2026-03-11 12:00:00
4062,12255,4396.39,ach,2026-09-29 12:00:00
4063,9547,2993.71,credit_card,2026-04-11 12:00:00
4064,11689,5607.79,invoice,2026-08-28 12:00:00
4065,3062,3357.1,invoice,2025-06-12 12:00:00
4066,11909,4301.7,invoice,2026-08-27 12:00:00
4067,12104,2593.45,ach,2026-08-06 12:00:00
4068,11950,3336.11,credit_card,2026-08-03 12:00:00
4069,10693,2950.57,invoice,2026-06-13 12:00:00
4070,1058,3046.21,invoice,2025-03-11 12:00:00
4071,1964,3799.25,ach,2025-05-26 12:00:00
4072,3126,42.75,wire,2025-07-21 12:00:00
4073,7475,143.59,ach,2026-01-10 12:00:00
4074,11286,5832.28,invoice,2026-07-03 12:00:00
4075,4920,2397.42,invoice,2025-10-05 12:00:00
4076,1128,1773.47,ach,2025-03-20 12:00:00
4077,11780,5044.23,wire,2026-08-08 12:00:00
4078,6599,4036.68,wire,2025-12-06 12:00:00
4079,10073,566.94,ach,2026-05-26 12:00:00
4080,7637,1808.52,invoice,2026-02-03 12:00:00
4081,6706,5073.13,invoice,2025-12-24 12:00:00
4082,10173,639.21,ach,2026-05-19 12:00:00
4083,4961,2821.18,credit_card,2025-09-22 12:00:00
4084,8281,3389.05,credit_card,2026-02-14 12:00:00
4085,4520,589.25,invoice,2025-09-26 12:00:00
4086,10825,5076.5,credit_card,2026-07-01 12:00:00
4087,1544,4546.14,credit_card,2025-04-04 12:00:00
4088,3264,524.23,ach,2025-07-31 12:00:00
4089,10300,1946.3,credit_card,2026-06-06 12:00:00
4090,5099,213.07,credit_card,2025-10-18 12:00:00
4091,3510,1922.32,invoice,2025-07-19 12:00:00
4092,8328,4105.44,invoice,2026-02-28 12:00:00
4093,2269,8149.75,credit_card,2025-05-02 12:00:00
4094,6120,1455.83,ach,2025-12-01 12:00:00
4095,11827,2941.71,invoice,2026-08-17 12:00:00
4096,8110,2728.2,credit_card,2026-03-01 12:00:00
4097,6063,1490.85,wire,2025-11-15 12:00:00
4098,133,1206.31,invoice,2025-02-25 12:00:00
4099,8523,5980.08,credit_card,2026-03-12 12:00:00
4100,9988,3349.68,invoice,2026-05-18 12:00:00
4101,604,4256.04,wire,2025-02-16 12:00:00
4102,4685,1549.86,credit_card,2025-09-29 12:00:00
4103,6905,4322.49,credit_card,2025-12-07 12:00:00
4104,394,1629.45,invoice,2025-02-05 12:00:00
4105,11683,2528.53,credit_card,2026-08-20 12:00:00
4106,4398,2067.96,wire,2025-09-10 12:00:00
4107,12117,3213.5,ach,2026-08-24 12:00:00
4108,3929,1809.08,credit_card,2025-08-19 12:00:00
4109,5051,3521.22,ach,2025-10-21 12:00:00
4110,8399,3029.17,wire,2026-02-22 12:00:00
4111,11070,1591.8,wire,2026-07-17 12:00:00
4112,5997,3333.84,ach,2025-11-22 12:00:00
4113,2278,4897.1,ach,2025-05-04 12:00:00
4114,6924,2141.6,ach,2026-01-02 12:00:00
4115,3235,3100.92,ach,2025-07-21 12:00:00
4116,7443,2806.53,wire,2026-01-18 12:00:00
4117,11848,718.9,ach,2026-08-30 12:00:00
4118,5114,2603.78,credit_card,2025-10-16 12:00:00
4119,8903,3042.8,ach,2026-03-29 12:00:00
4120,402,2967.77,credit_card,2025-02-09 12:00:00
4121,6963,2901.31,invoice,2025-12-19 12:00:00
4122,8891,5540.09,ach,2026-03-26 12:00:00
4123,10242,954.05,credit_card,2026-05-09 12:00:00
4124,9797,7057.87,credit_card,2026-05-13 12:00:00
4125,3404,5504.72,credit_card,2025-07-26 12:00:00
4126,5203,3032.21,credit_card,2025-10-11 12:00:00
4127,3884,2746.32,wire,2025-08-05 12:00:00
4128,10241,2796.56,credit_card,2026-05-17 12:00:00
4129,9706,492.54,wire,2026-05-22 12:00:00
4130,5928,1790.8,invoice,2025-11-16 12:00:00
4131,8035,3963.5,ach,2026-03-01 12:00:00
4132,11010,2180.75,credit_card,2026-07-23 12:00:00
4133,2424,4282.96,credit_card,2025-05-13 12:00:00
4134,7521,1248.87,invoice,2026-01-06 12:00:00
4135,7761,2016.58,invoice,2026-01-15 12:00:00
4136,8721,2857.27,ach,2026-03-05 12:00:00
4137,5653,1803.94,credit_card,2025-11-23 12:00:00
4138,5614,1408.09,ach,2025-10-07 12:00:00
4139,9738,2796.21,wire,2026-05-24 12:00:00
4140,4247,3913.11,ach,2025-08-02 12:00:00
4141,11045,1668.36,wire,2026-07-27 12:00:00
4142,5425,2328.44,wire,2025-10-06 12:00:00
4143,810,536.96,wire,2025-03-25 12:00:00
4144,9402,1465.09,wire,2026-04-02 12:00:00
4145,2651,2667.09,ach,2025-06-17 12:00:00
4146,4827,1819.39,ach,2025-09-26 12:00:00
4147,12656,2597.65,invoice,2026-09-26 12:00:00
4148,9948,4118.99,credit_card,2026-05-14 12:00:00
4149,8674,2532.67,ach,2026-03-07 12:00:00
4150,3621,4146.93,ach,2025-07-14 12:00:00
4151,1703,6661.12,credit_card,2025-04-08 12:00:00
4152,5354,1991.63,credit_card,2025-10-09 12:00:00
4153,3651,2835.95,credit_card,2025-07-13 12:00:00
4154,5585,850.36,wire,2025-10-10 12:00:00
4155,12268,4219.78,invoice,2026-09-08 12:00:00
4156,5596,1128.36,credit_card,2025-10-20 12:00:00
4157,10784,2129.05,invoice,2026-06-21 12:00:00
4158,3371,842.26,ach,2025-07-27 12:00:00
4159,11996,1451.72,invoice,2026-08-08 12:00:00
4160,6569,8383.48,credit_card,2025-12-12 12:00:00
4161,4246,6967.48,ach,2025-08-28 12:00:00
4162,11316,1693.98,ach,2026-07-27 12:00:00
4163,11888,4106.85,ach,2026-08-24 12:00:00
4164,6082,1839.96,invoice,2025-11-29 12:00:00
4165,11059,675.64,wire,2026-07-15 12:00:00
4166,8700,2183.41,ach,2026-03-18 12:00:00
4167,12025,5049.08,invoice,2026-08-13 12:00:00
4168,665,4436.01,invoice,2025-03-15 12:00:00
4169,8824,4153.05,invoice,2026-03-05 12:00:00
4170,8095,2705.08,wire,2026-02-09 12:00:00
4171,10586,806.53,ach,2026-06-05 12:00:00
4172,3348,1789.02,wire,2025-07-24 12:00:00
4173,1569,981.34,invoice,2025-04-10 12:00:00
4174,463,1829.64,ach,2025-02-23 12:00:00
4175,744,3021.3,ach,2025-03-09 12:00:00
4176,223,4781.15,invoice,2025-02-04 12:00:00
4177,8365,1541.65,credit_card,2026-02-15 12:00:00
4178,3995,3258.44,invoice,2025-08-24 12:00:00
4179,6692,4151.7,credit_card,2025-12-22 12:00:00
4180,626,5306.11,wire,2025-03-31 12:00:00
4181,9091,5366.68,wire,2026-04-17 12:00:00
4182,12235,499.73,credit_card,2026-10-01 12:00:00
4183,11663,958.6,credit_card,2026-08-30 12:00:00
4184,10429,3189.13,ach,2026-06-16 12:00:00
4185,6113,3259.37,wire,2025-11-28 12:00:00
4186,6703,460.94,wire,2025-12-19 12:00:00
4187,457,890.27,credit_card,2025-02-25 12:00:00
4188,12723,421.43,wire,2026-09-04 12:00:00
4189,12070,1954.84,credit_card,2026-08-28 12:00:00
4190,2622,599.05,ach,2025-06-30 12:00:00
4191,9232,3514.29,invoice,2026-04-05 12:00:00
4192,4505,1076.01,wire,2025-09-13 12:00:00
4193,7891,3377.02,invoice,2026-03-01 12:00:00
4194,8682,3502.43,wire,2026-03-31 12:00:00
4195,1761,3013.92,wire,2025-04-17 12:00:00
4196,843,481.37,invoice,2025-03-13 12:00:00
4197,11216,2706.53,credit_card,2026-07-22 12:00:00
4198,10839,1934.2,ach,2026-06-15 12:00:00
4199,4732,4617.0,invoice,2025-09-20 12:00:00
4200,2903,4005.16,wire,2025-06-13 12:00:00
4201,8518,435.88,ach,2026-03-16 12:00:00
4202,12135,1777.61,wire,2026-08-24 12:00:00
4203,4949,1075.97,credit_card,2025-09-13 12:00:00
4204,5141,2278.22,invoice,2025-10-15 12:00:00
4205,5621,2407.15,ach,2025-10-14 12:00:00
4206,4717,3944.97,ach,2025-09-10 12:00:00
4207,11377,90.14,credit_card,2026-07-02 12:00:00
4208,3432,2720.39,credit_card,2025-07-10 12:00:00
4209,12033,1001.06,wire,2026-08-05 12:00:00
4210,7230,1013.46,credit_card,2025-12-30 12:00:00
4211,11124,3161.2,ach,2026-07-13 12:00:00
4212,5404,3612.91,invoice,2025-10-14 12:00:00
4213,7279,626.12,wire,2025-12-14 12:00:00
4214,8787,3372.8,invoice,2026-03-15 12:00:00
4215,12411,3913.77,invoice,2026-09-20 12:00:00
4216,5520,270.42,credit_card,2025-10-10 12:00:00
4217,9212,1390.45,ach,2026-04-20 12:00:00
4218,10330,1146.12,invoice,2026-06-30 12:00:00
4219,11841,4912.25,ach,2026-08-17 12:00:00
4220,369,2902.45,credit_card,2025-02-27 12:00:00
4221,10708,2634.04,wire,2026-06-09 12:00:00
4222,3594,4055.31,ach,2025-07-07 12:00:00
4223,1416,859.92,wire,2025-05-01 12:00:00
4224,6189,1145.83,ach,2025-12-01 12:00:00
4225,12666,1448.79,wire,2026-10-02 12:00:00
4226,5915,1047.12,credit_card,2025-11-26 12:00:00
4227,7460,1071.94,credit_card,2026-01-07 12:00:00
4228,10009,2679.72,credit_card,2026-05-10 12:00:00
4229,5827,4787.78,credit_card,2025-11-15 12:00:00
4230,1722,1317.83,wire,2025-04-20 12:00:00
4231,11170,3805.59,invoice,2026-07-29 12:00:00
4232,4061,1835.17,ach,2025-08-20 12:00:00
4233,12313,1387.61,credit_card,2026-09-24 12:00:00
4234,1825,1089.6,invoice,2025-04-20 12:00:00
4235,7670,1208.57,credit_card,2026-01-18 12:00:00
4236,5146,2267.76,credit_card,2025-10-05 12:00:00
4237,10281,2741.42,wire,2026-06-17 12:00:00
4238,7804,2284.76,credit_card,2026-02-15 12:00:00
4239,3233,4173.07,credit_card,2025-07-15 12:00:00
4240,1919,1246.01,ach,2025-05-08 12:00:00
4241,7860,3914.61,invoice,2026-02-09 12:00:00
4242,1570,2321.1,ach,2025-04-30 12:00:00
4243,6480,2725.55,wire,2025-12-24 12:00:00
4244,348,5065.87,ach,2025-02-21 12:00:00
4245,1243,3211.4,invoice,2025-03-23 12:00:00
4246,6379,3021.07,invoice,2025-11-24 12:00:00
4247,9654,2522.48,invoice,2026-05-04 12:00:00
4248,4582,2026.37,ach,2025-09-27 12:00:00
4249,9464,2597.33,ach,2026-04-22 12:00:00
4250,4803,19.67,credit_card,2025-09-26 12:00:00
4251,11138,4728.58,wire,2026-08-04 12:00:00
4252,5609,3907.36,invoice,2025-11-01 12:00:00
4253,7634,882.76,ach,2026-01-11 12:00:00
4254,4692,1779.67,credit_card,2025-09-30 12:00:00
4255,7913,1075.79,credit_card,2026-02-24 12:00:00
4256,5933,3617.21,wire,2025-11-27 12:00:00
4257,10603,3449.69,wire,2026-06-22 12:00:00
4258,4740,2577.58,ach,2025-10-01 12:00:00
4259,11351,1604.04,invoice,2026-07-29 12:00:00
4260,12020,125.86,credit_card,2026-08-02 12:00:00
4261,9058,4460.85,credit_card,2026-04-29 12:00:00
4262,1223,1814.69,ach,2025-03-22 12:00:00
4263,4719,3648.48,invoice,2025-09-28 12:00:00
4264,2135,2000.39,invoice,2025-05-19 12:00:00
4265,7108,2802.69,ach,2025-12-31 12:00:00
4266,11337,1466.5,wire,2026-07-22 12:00:00
4267,5295,2545.73,credit_card,2025-10-23 12:00:00
4268,510,4122.64,ach,2025-02-21 12:00:00
4269,8930,1608.3,invoice,2026-03-08 12:00:00
4270,10846,2776.21,ach,2026-06-28 12:00:00
4271,749,2451.6,credit_card,2025-04-02 12:00:00
4272,1260,1961.54,wire,2025-04-12 12:00:00
4273,1889,1704.4,invoice,2025-05-16 12:00:00
4274,712,3481.66,ach,2025-03-24 12:00:00
4275,12168,980.35,wire,2026-09-17 12:00:00
4276,5728,3694.32,wire,2025-11-30 12:00:00
4277,10481,4024.52,invoice,2026-06-17 12:00:00
4278,5505,3742.04,invoice,2025-10-26 12:00:00
4279,3330,307.29,wire,2025-07-02 12:00:00
4280,3294,2461.19,wire,2025-07-26 12:00:00
4281,12612,3698.43,credit_card,2026-09-20 12:00:00
4282,10079,2555.72,ach,2026-05-26 12:00:00
4283,11803,1295.76,invoice,2026-08-12 12:00:00
4284,11119,136.59,invoice,2026-07-17 12:00:00
4285,8564,3269.79,wire,2026-03-17 12:00:00
4286,105,1714.55,ach,2025-02-10 12:00:00
4287,1795,1242.49,credit_card,2025-04-05 12:00:00
4288,2387,2140.65,wire,2025-05-11 12:00:00
4289,4686,3482.85,credit_card,2025-09-16 12:00:00
4290,6562,3301.33,invoice,2025-12-02 12:00:00
4291,1659,3064.31,ach,2025-04-09 12:00:00
4292,213,1770.6,wire,2025-02-16 12:00:00
4293,6030,3459.54,credit_card,2025-11-17 12:00:00
4294,12037,2264.82,ach,2026-08-23 12:00:00
4295,1360,3023.55,credit_card,2025-04-14 12:00:00
4296,335,3396.08,ach,2025-02-16 12:00:00
4297,8640,902.16,invoice,2026-03-20 12:00:00
4298,3111,435.88,ach,2025-06-26 12:00:00
4299,793,1743.48,invoice,2025-03-10 12:00:00
4300,234,3135.08,wire,2025-02-28 12:00:00
4301,6418,518.56,ach,2025-11-18 12:00:00
4302,1065,1141.85,wire,2025-03-12 12:00:00
4303,210,4381.81,ach,2025-02-19 12:00:00
4304,10719,441.38,wire,2026-06-21 12:00:00
4305,6190,8756.63,ach,2025-11-21 12:00:00
4306,7158,3284.39,invoice,2026-01-01 12:00:00
4307,4360,3112.9,credit_card,2025-08-15 12:00:00
4308,2414,812.34,invoice,2025-05-19 12:00:00
4309,10138,1148.38,wire,2026-05-08 12:00:00
4310,10889,319.11,wire,2026-06-04 12:00:00
4311,9876,3393.63,ach,2026-05-13 12:00:00
4312,6344,4980.53,credit_card,2025-12-03 12:00:00
4313,872,238.14,ach,2025-03-29 12:00:00
4314,1264,764.42,ach,2025-04-29 12:00:00
4315,1619,2775.03,credit_card,2025-04-08 12:00:00
4316,2415,2794.72,credit_card,2025-05-25 12:00:00
4317,5815,4277.53,wire,2025-11-05 12:00:00
4318,1221,3553.81,invoice,2025-04-02 12:00:00
4319,1766,5307.46,invoice,2025-04-23 12:00:00
4320,11646,1303.56,ach,2026-08-04 12:00:00
4321,6387,4043.41,invoice,2025-11-25 12:00:00
4322,12765,4341.63,invoice,2026-09-27 12:00:00
4323,2002,1710.63,credit_card,2025-05-18 12:00:00
4324,12441,3933.61,credit_card,2026-09-02 12:00:00
4325,4448,3213.55,ach,2025-09-19 12:00:00
4326,11660,1029.34,credit_card,2026-08-26 12:00:00
4327,3583,4896.31,ach,2025-08-04 12:00:00
4328,2524,3966.12,credit_card,2025-07-03 12:00:00
4329,8127,877.71,ach,2026-02-12 12:00:00
4330,4615,4883.19,ach,2025-09-07 12:00:00
4331,3079,2539.26,credit_card,2025-06-27 12:00:00
4332,7969,5060.16,credit_card,2026-02-01 12:00:00
4333,7771,1763.21,wire,2026-01-31 12:00:00
4334,9765,1543.28,credit_card,2026-05-30 12:00:00
4335,11430,2545.06,ach,2026-08-03 12:00:00
4336,9951,2153.46,wire,2026-05-10 12:00:00
4337,2166,2208.5,invoice,2025-05-04 12:00:00
4338,618,2279.24,ach,2025-02-19 12:00:00
4339,12396,2881.58,credit_card,2026-09-03 12:00:00
4340,8012,1790.73,invoice,2026-02-07 12:00:00
4341,7591,3535.21,invoice,2026-01-07 12:00:00
4342,6423,4120.18,credit_card,2025-11-21 12:00:00
4343,12667,1563.86,invoice,2026-09-14 12:00:00
4344,10506,1472.22,wire,2026-06-08 12:00:00
4345,7051,4624.0,ach,2026-01-01 12:00:00
4346,12523,2724.0,invoice,2026-09-28 12:00:00
4347,2005,2708.15,wire,2025-05-06 12:00:00
4348,12214,869.06,credit_card,2026-09-27 12:00:00
4349,3048,1766.6,wire,2025-06-21 12:00:00
4350,11818,2060.94,credit_card,2026-08-28 12:00:00
4351,12677,4394.85,ach,2026-09-03 12:00:00
4352,7873,2568.62,wire,2026-02-07 12:00:00
4353,9333,3453.38,ach,2026-04-27 12:00:00
4354,3096,918.56,ach,2025-06-08 12:00:00
4355,8198,327.78,wire,2026-02-05 12:00:00
4356,3286,2202.3,credit_card,2025-07-20 12:00:00
4357,7439,819.7,wire,2026-01-22 12:00:00
4358,9734,369.61,credit_card,2026-05-15 12:00:00
4359,12436,4365.47,credit_card,2026-09-08 12:00:00
4360,1314,1595.05,ach,2025-04-24 12:00:00
4361,9122,2076.88,invoice,2026-04-06 12:00:00
4362,11536,4217.11,ach,2026-08-31 12:00:00
4363,6221,3676.51,invoice,2025-11-15 12:00:00
4364,2904,3056.4,ach,2025-06-14 12:00:00
4365,5804,2599.94,wire,2025-11-21 12:00:00
4366,3334,4338.67,invoice,2025-07-11 12:00:00
4367,3054,2971.89,wire,2025-06-22 12:00:00
4368,9476,3526.25,ach,2026-04-26 12:00:00
4369,11437,2667.18,wire,2026-07-23 12:00:00
4370,2270,675.64,wire,2025-05-09 12:00:00
4371,5853,1685.69,credit_card,2025-11-21 12:00:00
4372,5219,1816.62,ach,2025-10-31 12:00:00
4373,8494,1371.28,ach,2026-03-28 12:00:00
4374,7773,1608.3,credit_card,2026-01-17 12:00:00
4375,9074,2339.14,credit_card,2026-04-06 12:00:00
4376,4640,4685.0,ach,2025-09-20 12:00:00
4377,8726,1505.88,credit_card,2026-03-18 12:00:00
4378,11293,4628.96,ach,2026-07-11 12:00:00
4379,2115,3735.36,ach,2025-05-24 12:00:00
4380,10660,538.04,credit_card,2026-06-23 12:00:00
4381,11215,7355.16,credit_card,2026-07-09 12:00:00
4382,6413,6119.72,ach,2025-11-30 12:00:00
4383,2603,1695.96,ach,2025-06-20 12:00:00
4384,7627,2173.34,ach,2026-01-07 12:00:00
4385,8924,1668.36,ach,2026-04-02 12:00:00
4386,7357,4632.94,invoice,2026-01-04 12:00:00
4387,6465,3156.71,invoice,2025-11-06 12:00:00
4388,521,1203.43,ach,2025-02-14 12:00:00
4389,8936,3191.63,invoice,2026-04-01 12:00:00
4390,9971,903.13,ach,2026-05-15 12:00:00
4391,7856,4255.53,ach,2026-03-05 12:00:00
4392,9061,1649.6,credit_card,2026-04-29 12:00:00
4393,1093,665.95,credit_card,2025-03-08 12:00:00
4394,9645,7645.21,ach,2026-04-29 12:00:00
4395,10988,1076.08,credit_card,2026-07-27 12:00:00
4396,7691,3152.74,credit_card,2026-01-29 12:00:00
4397,3772,153.24,credit_card,2025-08-01 12:00:00
4398,1110,2657.98,credit_card,2025-03-10 12:00:00
4399,1039,6608.33,wire,2025-03-05 12:00:00
4400,9474,1310.51,wire,2026-04-14 12:00:00
4401,21,1092.1,invoice,2025-02-19 12:00:00
4402,9515,5891.84,ach,2026-04-07 12:00:00
4403,11321,1821.77,ach,2026-08-01 12:00:00
4404,935,174.55,invoice,2025-03-26 12:00:00
4405,9387,3039.14,invoice,2026-04-03 12:00:00
4406,12689,1789.82,invoice,2026-09-11 12:00:00
4407,12060,5168.07,invoice,2026-08-14 12:00:00
4408,1727,3638.26,invoice,2025-04-08 12:00:00
4409,8779,4414.29,credit_card,2026-03-11 12:00:00
4410,10329,5716.85,ach,2026-06-26 12:00:00
4411,1738,2682.78,wire,2025-04-23 12:00:00
4412,10309,2916.56,ach,2026-06-05 12:00:00
4413,562,3528.2,ach,2025-03-01 12:00:00
4414,11195,3707.6,credit_card,2026-07-02 12:00:00
4415,11779,1462.53,wire,2026-08-22 12:00:00
4416,10136,1481.71,invoice,2026-05-17 12:00:00
4417,1163,5752.14,credit_card,2025-03-18 12:00:00
4418,6957,3697.34,credit_card,2025-12-08 12:00:00
4419,8543,1114.12,credit_card,2026-03-18 12:00:00
4420,12211,8487.46,invoice,2026-09-28 12:00:00
4421,1528,3786.33,credit_card,2025-04-23 12:00:00
4422,5636,866.84,ach,2025-11-23 12:00:00
4423,2931,548.08,invoice,2025-06-20 12:00:00
4424,59,957.34,ach,2025-02-26 12:00:00
4425,6770,2501.64,ach,2025-12-14 12:00:00
4426,6075,1931.22,ach,2025-11-25 12:00:00
4427,10892,3380.53,invoice,2026-06-09 12:00:00
4428,2292,508.15,invoice,2025-05-15 12:00:00
4429,9953,3771.66,credit_card,2026-05-19 12:00:00
4430,10957,270.42,ach,2026-07-09 12:00:00
4431,6001,866.84,credit_card,2025-11-11 12:00:00
4432,8120,2899.71,credit_card,2026-03-01 12:00:00
4433,9863,2149.8,credit_card,2026-05-22 12:00:00
4434,1650,2428.63,invoice,2025-04-13 12:00:00
4435,6960,1923.68,invoice,2025-12-30 12:00:00
4436,2725,2111.45,wire,2025-06-22 12:00:00
4437,7823,4679.58,invoice,2026-02-06 12:00:00
4438,10135,2715.64,invoice,2026-06-03 12:00:00
4439,6033,2884.19,credit_card,2025-11-18 12:00:00
4440,12139,871.59,wire,2026-08-05 12:00:00
4441,5222,2523.15,invoice,2025-10-11 12:00:00
4442,11098,873.0,wire,2026-07-25 12:00:00
4443,12263,1910.24,invoice,2026-09-22 12:00:00
4444,3871,2795.71,credit_card,2025-08-25 12:00:00
4445,5027,1128.3,credit_card,2025-10-08 12:00:00
4446,12149,1856.21,ach,2026-08-05 12:00:00
4447,2908,2826.92,credit_card,2025-07-01 12:00:00
4448,9195,1604.7,invoice,2026-04-10 12:00:00
4449,3539,251.72,wire,2025-07-23 12:00:00
4450,7417,2663.8,credit_card,2026-01-05 12:00:00
4451,4416,2779.52,credit_card,2025-09-06 12:00:00
4452,9683,3789.79,credit_card,2026-05-17 12:00:00
4453,8635,2459.3,credit_card,2026-03-24 12:00:00
4454,1818,2209.46,credit_card,2025-04-16 12:00:00
4455,12478,5272.63,wire,2026-09-29 12:00:00
4456,3950,2939.83,invoice,2025-08-15 12:00:00
4457,338,2427.1,wire,2025-02-28 12:00:00
4458,2073,2533.45,credit_card,2025-05-19 12:00:00
4459,11060,2395.5,credit_card,2026-07-17 12:00:00
4460,11071,2259.89,wire,2026-07-12 12:00:00
4461,12055,1728.55,credit_card,2026-08-17 12:00:00
4462,3514,5225.26,credit_card,2025-07-15 12:00:00
4463,2816,4457.5,credit_card,2025-06-27 12:00:00
4464,12179,3298.52,wire,2026-09-19 12:00:00
4465,6052,2057.04,wire,2025-12-01 12:00:00
4466,11748,737.07,wire,2026-08-16 12:00:00
4467,6282,3289.75,ach,2025-11-26 12:00:00
4468,767,2591.42,ach,2025-03-28 12:00:00
4469,3783,1962.42,ach,2025-08-23 12:00:00
4470,5675,570.73,invoice,2025-11-05 12:00:00
4471,1145,3576.82,ach,2025-03-06 12:00:00
4472,10440,1317.58,credit_card,2026-06-06 12:00:00
4473,2511,1173.2,ach,2025-06-06 12:00:00
4474,5382,3516.24,wire,2025-10-16 12:00:00
4475,2274,2729.16,wire,2025-06-02 12:00:00
4476,11409,354.53,credit_card,2026-07-22 12:00:00
4477,9171,1066.66,credit_card,2026-04-22 12:00:00
4478,6919,1352.78,ach,2025-12-31 12:00:00
4479,5329,881.88,wire,2025-10-11 12:00:00
4480,4873,1528.92,invoice,2025-09-24 12:00:00
4481,4924,854.25,credit_card,2025-09-02 12:00:00
4482,8480,6533.27,invoice,2026-03-19 12:00:00
4483,1673,1135.22,credit_card,2025-04-10 12:00:00
4484,7429,3653.62,invoice,2026-01-14 12:00:00
4485,6209,1522.64,ach,2025-11-18 12:00:00
4486,4056,5918.99,credit_card,2025-08-07 12:00:00
4487,10987,102.43,invoice,2026-07-24 12:00:00
4488,1809,3846.25,wire,2025-05-02 12:00:00
4489,2276,1999.84,credit_card,2025-05-22 12:00:00
4490,3762,6530.86,wire,2025-08-03 12:00:00
4491,5101,1677.69,credit_card,2025-10-28 12:00:00
4492,9025,3788.35,invoice,2026-03-25 12:00:00
4493,11955,2360.51,wire,2026-08-26 12:00:00
4494,2046,4096.0,invoice,2025-05-09 12:00:00
4495,10723,3959.84,wire,2026-06-03 12:00:00
4496,10237,3179.46,ach,2026-05-08 12:00:00
4497,1296,1910.45,wire,2025-04-05 12:00:00
4498,6416,1924.77,credit_card,2025-11-15 12:00:00
4499,3953,4570.5,wire,2025-08-18 12:00:00
4500,6833,1785.65,credit_card,2025-12-14 12:00:00
4501,4318,1521.1,wire,2025-09-02 12:00:00
4502,8846,4263.66,credit_card,2026-03-16 12:00:00
4503,445,2842.82,credit_card,2025-02-11 12:00:00
4504,859,3155.81,credit_card,2025-03-12 12:00:00
4505,4440,1251.27,wire,2025-09-23 12:00:00
4506,842,2286.41,credit_card,2025-03-23 12:00:00
4507,10410,3323.6,credit_card,2026-06-19 12:00:00
4508,6415,2214.21,ach,2025-11-28 12:00:00
4509,9865,1899.62,ach,2026-05-12 12:00:00
4510,995,551.82,invoice,2025-03-17 12:00:00
4511,11714,2735.84,credit_card,2026-08-20 12:00:00
4512,11719,5571.27,wire,2026-08-24 12:00:00
4513,1555,2413.71,wire,2025-04-15 12:00:00
4514,8179,1549.71,ach,2026-02-20 12:00:00
4515,6313,2795.24,invoice,2025-11-11 12:00:00
4516,12032,946.9,wire,2026-08-18 12:00:00
4517,7970,641.86,invoice,2026-02-27 12:00:00
4518,7020,3887.05,invoice,2025-12-09 12:00:00
4519,2514,4267.84,invoice,2025-06-19 12:00:00
4520,2836,3110.3,ach,2025-06-10 12:00:00
4521,7718,5785.74,credit_card,2026-01-27 12:00:00
4522,2234,1280.81,wire,2025-05-31 12:00:00
4523,3051,1743.62,ach,2025-06-08 12:00:00
4524,8547,96.97,ach,2026-03-19 12:00:00
4525,401,2220.42,credit_card,2025-02-17 12:00:00
4526,5405,2495.66,invoice,2025-10-31 12:00:00
4527,5527,6225.77,ach,2025-11-02 12:00:00
4528,9625,2903.04,wire,2026-04-17 12:00:00
4529,1024,2438.51,wire,2025-03-28 12:00:00
4530,3299,1095.62,invoice,2025-07-29 12:00:00
4531,10532,3971.22,wire,2026-06-06 12:00:00
4532,7289,2356.88,credit_card,2025-12-24 12:00:00
4533,6947,3477.78,ach,2025-12-31 12:00:00
4534,7106,2809.15,ach,2025-12-15 12:00:00
4535,12151,3409.08,ach,2026-08-28 12:00:00
4536,8333,2135.72,wire,2026-02-06 12:00:00
4537,5806,4948.0,invoice,2025-11-15 12:00:00
4538,4081,1430.81,credit_card,2025-08-27 12:00:00
4539,804,2243.49,wire,2025-03-13 12:00:00
4540,1551,306.56,ach,2025-04-20 12:00:00
4541,1010,6839.28,wire,2025-03-14 12:00:00
4542,8015,1608.64,credit_card,2026-02-13 12:00:00
4543,2738,886.73,ach,2025-06-06 12:00:00
4544,649,1273.61,wire,2025-03-02 12:00:00
4545,8875,4600.51,wire,2026-03-22 12:00:00
4546,2863,688.92,credit_card,2025-06-15 12:00:00
4547,5200,2152.55,ach,2025-10-12 12:00:00
4548,7086,583.79,ach,2025-12-29 12:00:00
4549,551,3486.71,credit_card,2025-02-15 12:00:00
4550,9600,3509.38,ach,2026-05-01 12:00:00
4551,6958,2576.01,wire,2025-12-21 12:00:00
4552,212,3462.07,ach,2025-02-21 12:00:00
4553,10677,4000.94,invoice,2026-06-13 12:00:00
4554,6441,6207.28,wire,2025-11-27 12:00:00
4555,8451,1949.56,invoice,2026-03-03 12:00:00
4556,7235,1924.94,invoice,2025-12-16 12:00:00
4557,3544,2900.33,credit_card,2025-07-26 12:00:00
4558,6533,2027.91,wire,2025-12-23 12:00:00
4559,1439,4492.07,credit_card,2025-04-07 12:00:00
4560,2516,4172.1,ach,2025-07-02 12:00:00
4561,2869,2554.46,wire,2025-06-09 12:00:00
4562,2435,1277.18,invoice,2025-05-05 12:00:00
4563,9295,3416.97,wire,2026-04-07 12:00:00
4564,7586,414.07,ach,2026-01-10 12:00:00
4565,8843,2051.79,invoice,2026-03-18 12:00:00
4566,1315,4423.44,wire,2025-04-23 12:00:00
4567,7683,5887.0,ach,2026-01-21 12:00:00
4568,10680,2330.75,credit_card,2026-06-23 12:00:00
4569,3980,2653.4,wire,2025-08-10 12:00:00
4570,13,3338.6,credit_card,2025-02-16 12:00:00
4571,819,1798.3,invoice,2025-03-30 12:00:00
4572,2785,342.91,invoice,2025-07-03 12:00:00
4573,11051,738.81,wire,2026-07-26 12:00:00
4574,454,1046.12,ach,2025-02-14 12:00:00
4575,7112,1370.85,credit_card,2025-12-10 12:00:00
4576,12385,535.97,wire,2026-09-20 12:00:00
4577,1657,3568.13,invoice,2025-04-10 12:00:00
4578,3458,845.3,wire,2025-07-23 12:00:00
4579,7229,2404.92,credit_card,2025-12-26 12:00:00
4580,11157,4361.11,invoice,2026-07-24 12:00:00
4581,10047,3416.75,credit_card,2026-05-03 12:00:00
4582,11079,1469.61,credit_card,2026-07-21 12:00:00
4583,2909,2186.04,ach,2025-06-19 12:00:00
4584,7368,900.12,credit_card,2026-02-01 12:00:00
4585,941,3527.97,ach,2025-03-08 12:00:00
4586,4891,5478.8,wire,2025-09-09 12:00:00
4587,6348,82.84,wire,2025-11-06 12:00:00
4588,9852,3629.29,credit_card,2026-05-27 12:00:00
4589,7799,2118.9,invoice,2026-02-12 12:00:00
4590,10775,3382.02,credit_card,2026-06-04 12:00:00
4591,8105,1708.78,wire,2026-02-17 12:00:00
4592,6274,310.02,wire,2025-11-16 12:00:00
4593,10815,2750.88,wire,2026-06-11 12:00:00
4594,1401,2477.66,wire,2025-04-27 12:00:00
4595,31,1436.92,invoice,2025-02-18 12:00:00
4596,3678,2455.86,credit_card,2025-07-29 12:00:00
4597,7665,2929.99,credit_card,2026-01-20 12:00:00
4598,12580,2737.54,credit_card,2026-09-24 12:00:00
4599,5749,1190.68,invoice,2025-11-13 12:00:00
4600,6168,4183.27,invoice,2025-11-02 12:00:00
4601,8749,6844.88,wire,2026-03-26 12:00:00
4602,1109,2543.26,invoice,2025-03-17 12:00:00
4603,9775,2538.71,ach,2026-05-09 12:00:00
4604,11557,1804.31,ach,2026-08-22 12:00:00
4605,3230,198.3,credit_card,2025-07-17 12:00:00
4606,5523,3327.22,ach,2025-10-10 12:00:00
4607,7894,4467.32,invoice,2026-02-08 12:00:00
4608,5937,2822.09,invoice,2025-11-21 12:00:00
4609,3320,2415.51,wire,2025-08-02 12:00:00
4610,9643,638.23,wire,2026-04-18 12:00:00
4611,7526,1771.18,wire,2026-01-10 12:00:00
4612,8961,938.09,credit_card,2026-03-28 12:00:00
4613,11000,1898.64,credit_card,2026-07-18 12:00:00
4614,6848,2677.23,credit_card,2026-01-01 12:00:00
4615,7253,845.77,invoice,2026-01-01 12:00:00
4616,11342,3719.99,wire,2026-08-01 12:00:00
4617,9559,4640.62,ach,2026-05-02 12:00:00
4618,1564,2855.51,ach,2025-04-25 12:00:00
4619,5966,791.06,credit_card,2025-11-23 12:00:00
4620,10740,929.07,credit_card,2026-06-12 12:00:00
4621,3072,6446.3,credit_card,2025-06-19 12:00:00
4622,9947,2621.15,invoice,2026-05-12 12:00:00
4623,10702,2742.1,invoice,2026-06-23 12:00:00
4624,4475,3029.29,credit_card,2025-09-25 12:00:00
4625,5383,2838.92,credit_card,2025-10-30 12:00:00
4626,10120,5522.65,credit_card,2026-05-27 12:00:00
4627,7092,3742.66,invoice,2025-12-22 12:00:00
4628,10992,131.78,invoice,2026-07-09 12:00:00
4629,8381,730.92,credit_card,2026-02-04 12:00:00
4630,9732,3638.78,invoice,2026-05-04 12:00:00
4631,8409,1281.68,wire,2026-03-06 12:00:00
4632,6211,779.7,wire,2025-11-17 12:00:00
4633,4602,279.71,credit_card,2025-09-30 12:00:00
4634,12191,666.8,wire,2026-09-30 12:00:00
4635,8524,2735.15,wire,2026-03-04 12:00:00
4636,12522,3822.73,ach,2026-09-23 12:00:00
4637,2214,5991.7,credit_card,2025-05-22 12:00:00
4638,9463,4224.36,ach,2026-04-16 12:00:00
4639,12563,1284.2,invoice,2026-09-09 12:00:00
4640,10195,360.82,ach,2026-05-23 12:00:00
4641,4871,5949.19,ach,2025-09-15 12:00:00
4642,2112,3412.58,invoice,2025-05-23 12:00:00
4643,4955,3897.74,invoice,2025-09-25 12:00:00
4644,11578,1646.28,invoice,2026-08-09 12:00:00
4645,7110,3429.04,invoice,2025-12-14 12:00:00
4646,6877,4770.86,credit_card,2025-12-07 12:00:00
4647,4447,4748.96,ach,2025-09-20 12:00:00
4648,11537,5071.45,credit_card,2026-08-21 12:00:00
4649,9598,1625.36,invoice,2026-04-15 12:00:00
4650,5567,3886.36,wire,2025-10-10 12:00:00
4651,7133,1414.7,wire,2025-12-20 12:00:00
4652,10256,5499.56,invoice,2026-05-11 12:00:00
4653,11946,4687.47,credit_card,2026-08-14 12:00:00
4654,8252,1596.23,ach,2026-02-28 12:00:00
4655,356,4097.23,ach,2025-02-04 12:00:00
4656,1430,5451.23,wire,2025-05-03 12:00:00
4657,6455,3433.75,ach,2025-11-18 12:00:00
4658,9036,5208.06,ach,2026-04-22 12:00:00
4659,9242,2022.69,wire,2026-04-10 12:00:00
4660,9899,4135.6,credit_card,2026-05-15 12:00:00
4661,333,1242.97,invoice,2025-02-07 12:00:00
4662,7151,235.38,invoice,2026-01-02 12:00:00
4663,11406,3624.97,credit_card,2026-07-15 12:00:00
4664,4225,3312.78,wire,2025-08-10 12:00:00
4665,965,4440.48,credit_card,2025-04-03 12:00:00
4666,121,278.53,credit_card,2025-02-19 12:00:00
4667,5654,1522.69,credit_card,2025-11-05 12:00:00
4668,11363,248.19,wire,2026-07-09 12:00:00
4669,3282,1596.81,wire,2025-07-18 12:00:00
4670,2371,1629.45,ach,2025-05-25 12:00:00
4671,2545,4180.34,wire,2025-06-24 12:00:00
4672,9941,8441.11,credit_card,2026-05-30 12:00:00
4673,7616,3289.71,credit_card,2026-01-16 12:00:00
4674,2886,2658.38,ach,2025-06-30 12:00:00
4675,10201,8881.31,wire,2026-06-02 12:00:00
4676,2179,1804.04,wire,2025-05-30 12:00:00
4677,6885,1228.42,ach,2025-12-26 12:00:00
4678,5550,344.47,ach,2025-10-06 12:00:00
4679,6551,5533.24,wire,2025-12-08 12:00:00
4680,3124,50.29,ach,2025-06-08 12:00:00
4681,10246,1206.97,invoice,2026-05-15 12:00:00
4682,1545,379.29,wire,2025-04-05 12:00:00
4683,12490,893.45,credit_card,2026-09-09 12:00:00
4684,12152,871.76,invoice,2026-08-27 12:00:00
4685,9165,1114.81,wire,2026-04-18 12:00:00
4686,5016,3024.78,invoice,2025-10-15 12:00:00
4687,8623,1017.85,wire,2026-03-12 12:00:00
4688,7055,2770.85,invoice,2025-12-29 12:00:00
4689,946,1735.94,ach,2025-03-06 12:00:00
4690,4551,3243.44,ach,2025-09-12 12:00:00
4691,11392,644.8,ach,2026-07-30 12:00:00
4692,6144,2903.99,invoice,2025-11-23 12:00:00
4693,8758,1277.15,invoice,2026-03-10 12:00:00
4694,12163,2634.18,ach,2026-09-16 12:00:00
4695,1676,3958.21,credit_card,2025-04-26 12:00:00
4696,7853,2495.69,credit_card,2026-02-21 12:00:00
4697,1562,3297.18,wire,2025-04-11 12:00:00
4698,5548,2626.74,wire,2025-10-07 12:00:00
4699,10490,1901.72,invoice,2026-06-14 12:00:00
4700,4542,1566.94,invoice,2025-09-08 12:00:00
4701,6904,1273.47,invoice,2025-12-30 12:00:00
4702,1096,2635.17,invoice,2025-03-22 12:00:00
4703,9104,2154.37,wire,2026-04-17 12:00:00
4704,3288,592.49,wire,2025-08-01 12:00:00
4705,10566,2499.77,ach,2026-06-07 12:00:00
4706,7810,3929.1,credit_card,2026-02-12 12:00:00
4707,2606,801.54,credit_card,2025-06-07 12:00:00
4708,1393,3460.67,credit_card,2025-04-05 12:00:00
4709,5083,1824.56,wire,2025-10-14 12:00:00
4710,11044,1035.09,wire,2026-07-17 12:00:00
4711,753,644.09,invoice,2025-03-30 12:00:00
4712,7941,3465.56,ach,2026-02-19 12:00:00
4713,3738,2403.61,ach,2025-07-20 12:00:00
4714,12501,4968.14,wire,2026-09-09 12:00:00
4715,10906,1542.76,ach,2026-07-13 12:00:00
4716,3216,530.6,invoice,2025-07-21 12:00:00
4717,7336,1262.0,credit_card,2026-01-16 12:00:00
4718,5993,837.01,credit_card,2025-11-09 12:00:00
4719,1778,3054.25,credit_card,2025-04-29 12:00:00
4720,4114,2782.46,wire,2025-08-27 12:00:00
4721,1771,3768.98,invoice,2025-04-15 12:00:00
4722,10884,2167.1,ach,2026-06-27 12:00:00
4723,6743,2580.73,ach,2025-12-13 12:00:00
4724,3023,1714.05,ach,2025-07-02 12:00:00
4725,4229,1798.92,wire,2025-08-30 12:00:00
4726,3013,4016.73,ach,2025-06-17 12:00:00
4727,11656,3304.67,ach,2026-08-28 12:00:00
4728,11847,4077.42,ach,2026-08-14 12:00:00
4729,4620,193.94,ach,2025-09-17 12:00:00
4730,10688,1073.92,credit_card,2026-06-10 12:00:00
4731,5740,3545.67,wire,2025-11-28 12:00:00
4732,7509,3416.06,invoice,2026-01-18 12:00:00
4733,528,666.8,invoice,2025-02-15 12:00:00
4734,6728,2904.98,wire,2025-12-05 12:00:00
4735,12053,2519.02,ach,2026-08-01 12:00:00
4736,4265,1738.01,invoice,2025-08-24 12:00:00
4737,4263,4901.42,credit_card,2025-08-27 12:00:00
4738,6065,3913.78,credit_card,2025-11-01 12:00:00
4739,1920,1661.44,ach,2025-05-28 12:00:00
4740,702,641.98,wire,2025-03-17 12:00:00
4741,9869,4520.43,wire,2026-05-13 12:00:00
4742,11696,3258.48,wire,2026-08-31 12:00:00
4743,4869,1095.22,credit_card,2025-09-23 12:00:00
4744,7079,2160.56,wire,2025-12-29 12:00:00
4745,10119,2209.72,credit_card,2026-05-05 12:00:00
4746,1299,3672.41,ach,2025-04-22 12:00:00
4747,5247,1549.44,credit_card,2025-10-09 12:00:00
4748,1353,4285.24,wire,2025-04-20 12:00:00
4749,2927,3095.78,invoice,2025-06-26 12:00:00
4750,9937,5873.9,credit_card,2026-05-24 12:00:00
4751,1288,1767.76,ach,2025-05-01 12:00:00
4752,6880,632.61,wire,2025-12-22 12:00:00
4753,10465,282.76,wire,2026-07-01 12:00:00
4754,6935,2344.73,ach,2025-12-26 12:00:00
4755,10075,831.82,invoice,2026-05-06 12:00:00
4756,3698,1792.47,credit_card,2025-07-13 12:00:00
4757,2014,1819.04,ach,2025-05-26 12:00:00
4758,7953,3666.21,credit_card,2026-02-10 12:00:00
4759,4374,3904.59,ach,2025-08-15 12:00:00
4760,7214,1291.76,ach,2025-12-09 12:00:00
4761,6878,4726.18,wire,2025-12-27 12:00:00
4762,11573,1148.59,wire,2026-08-19 12:00:00
4763,2148,4276.15,invoice,2025-05-28 12:00:00
4764,7147,1822.7,invoice,2025-12-18 12:00:00
4765,6759,6284.04,ach,2025-12-19 12:00:00
4766,6392,4248.02,wire,2025-11-27 12:00:00
4767,7043,438.87,wire,2025-12-01 12:00:00
4768,8615,6082.8,credit_card,2026-03-19 12:00:00
4769,7204,976.81,ach,2025-12-05 12:00:00
4770,12708,2793.7,invoice,2026-09-28 12:00:00
4771,8540,3280.15,ach,2026-03-11 12:00:00
4772,8746,3974.22,invoice,2026-03-11 12:00:00
4773,11753,1003.92,credit_card,2026-08-02 12:00:00
4774,811,1731.17,credit_card,2025-04-01 12:00:00
4775,7034,4388.75,wire,2025-12-28 12:00:00
4776,2074,4391.28,invoice,2025-06-03 12:00:00
4777,8900,498.98,credit_card,2026-03-10 12:00:00
4778,9635,2146.23,wire,2026-04-12 12:00:00
4779,9386,2721.28,wire,2026-04-23 12:00:00
4780,886,3130.04,invoice,2025-03-29 12:00:00
4781,1478,2425.46,invoice,2025-04-24 12:00:00
4782,1791,7376.77,credit_card,2025-04-21 12:00:00
4783,5923,1299.5,ach,2025-11-28 12:00:00
4784,2009,3548.7,invoice,2025-05-29 12:00:00
4785,6952,3815.09,ach,2025-12-26 12:00:00
4786,683,3594.07,wire,2025-03-20 12:00:00
4787,3896,1822.73,ach,2025-08-12 12:00:00
4788,5577,4740.94,wire,2025-10-27 12:00:00
4789,6841,2487.55,wire,2026-01-02 12:00:00
4790,4861,3732.68,ach,2025-09-04 12:00:00
4791,58,5682.98,invoice,2025-02-09 12:00:00
4792,6785,4257.37,ach,2025-12-31 12:00:00
4793,2400,3735.45,ach,2025-06-02 12:00:00
4794,6276,1372.05,invoice,2025-12-02 12:00:00
4795,12301,293.96,wire,2026-09-29 12:00:00
4796,4127,1901.26,wire,2025-08-29 12:00:00
4797,9662,1230.01,credit_card,2026-05-09 12:00:00
4798,7626,1017.82,invoice,2026-02-02 12:00:00
4799,1469,3833.26,wire,2025-04-01 12:00:00
4800,1417,1428.52,wire,2025-04-15 12:00:00
4801,7901,3825.95,ach,2026-02-23 12:00:00
4802,2359,5163.18,ach,2025-06-01 12:00:00
4803,12526,2892.76,credit_card,2026-09-10 12:00:00
4804,12307,2312.88,invoice,2026-09-10 12:00:00
4805,10891,701.73,invoice,2026-06-05 12:00:00
4806,10829,1975.29,ach,2026-06-21 12:00:00
4807,11087,482.74,ach,2026-08-01 12:00:00
4808,4526,611.06,credit_card,2025-09-23 12:00:00
4809,4611,2592.75,invoice,2025-10-03 12:00:00
4810,4839,2185.38,wire,2025-09-10 12:00:00
4811,10306,970.35,ach,2026-06-20 12:00:00
4812,3870,1204.44,invoice,2025-08-28 12:00:00
4813,12257,2096.92,ach,2026-09-05 12:00:00
4814,10996,3842.59,credit_card,2026-07-22 12:00:00
4815,4851,887.7,ach,2025-09-25 12:00:00
4816,5884,4885.97,invoice,2025-11-25 12:00:00
4817,9714,2596.85,ach,2026-05-27 12:00:00
4818,10066,510.38,invoice,2026-05-15 12:00:00
4819,4675,4211.31,credit_card,2025-09-09 12:00:00
4820,1056,5144.9,ach,2025-03-30 12:00:00
4821,2282,4248.96,wire,2025-05-11 12:00:00
4822,9514,1902.84,invoice,2026-04-17 12:00:00
4823,5514,2017.81,credit_card,2025-10-23 12:00:00
4824,1925,1743.52,invoice,2025-05-28 12:00:00
4825,9619,706.64,credit_card,2026-04-22 12:00:00
4826,11531,342.53,ach,2026-08-31 12:00:00
4827,1076,1286.33,ach,2025-03-04 12:00:00
4828,1116,4387.93,wire,2025-03-14 12:00:00
4829,3937,2040.09,wire,2025-08-07 12:00:00
4830,3534,1216.41,credit_card,2025-07-15 12:00:00
4831,9703,1277.5,invoice,2026-05-15 12:00:00
4832,461,1144.76,ach,2025-02-15 12:00:00
4833,3033,6131.22,ach,2025-06-26 12:00:00
4834,4208,519.22,invoice,2025-08-10 12:00:00
4835,11371,1095.89,wire,2026-07-13 12:00:00
4836,1453,3806.34,ach,2025-04-26 12:00:00
4837,2150,4112.78,invoice,2025-05-27 12:00:00
4838,320,2701.28,ach,2025-02-17 12:00:00
4839,5479,2208.93,credit_card,2025-10-28 12:00:00
4840,1923,3872.14,ach,2025-05-11 12:00:00
4841,8878,204.86,ach,2026-03-20 12:00:00
4842,11340,2312.02,credit_card,2026-07-11 12:00:00
4843,6563,2908.87,credit_card,2025-12-14 12:00:00
4844,10317,3903.56,wire,2026-06-06 12:00:00
4845,7732,1824.28,wire,2026-01-08 12:00:00
4846,2130,2102.66,ach,2025-05-23 12:00:00
4847,5154,688.94,invoice,2025-10-26 12:00:00
4848,6628,987.62,invoice,2025-12-22 12:00:00
4849,9626,4305.1,wire,2026-04-03 12:00:00
4850,2510,4788.56,credit_card,2025-07-02 12:00:00
4851,1053,2782.85,invoice,2025-03-31 12:00:00
4852,10298,254.84,invoice,2026-06-21 12:00:00
4853,8773,4560.48,wire,2026-03-11 12:00:00
4854,4068,3650.29,invoice,2025-08-17 12:00:00
4855,1457,3275.93,wire,2025-04-07 12:00:00
4856,10130,1863.25,wire,2026-05-03 12:00:00
4857,362,3444.77,ach,2025-02-17 12:00:00
4858,12609,6657.18,invoice,2026-09-02 12:00:00
4859,3146,839.07,wire,2025-07-13 12:00:00
4860,6059,592.28,invoice,2025-11-20 12:00:00
4861,6460,2659.77,credit_card,2025-11-08 12:00:00
4862,10803,3621.34,credit_card,2026-06-14 12:00:00
4863,8899,4239.49,credit_card,2026-03-04 12:00:00
4864,5293,1253.35,credit_card,2025-11-01 12:00:00
4865,8222,3039.34,wire,2026-02-19 12:00:00
4866,541,3371.8,credit_card,2025-02-07 12:00:00
4867,7945,1438.66,invoice,2026-02-18 12:00:00
4868,10816,2689.27,wire,2026-06-09 12:00:00
4869,7119,1963.37,wire,2025-12-13 12:00:00
4870,11521,4313.38,credit_card,2026-07-09 12:00:00
4871,755,2186.04,credit_card,2025-03-21 12:00:00
4872,6335,2759.21,invoice,2025-11-04 12:00:00
4873,2004,3020.46,invoice,2025-05-22 12:00:00
4874,2543,397.24,credit_card,2025-06-10 12:00:00
4875,6462,949.32,wire,2025-11-13 12:00:00
4876,12647,1712.65,ach,2026-09-29 12:00:00
4877,7714,678.02,credit_card,2026-01-14 12:00:00
4878,4272,2519.19,invoice,2025-08-10 12:00:00
4879,101,491.29,wire,2025-02-10 12:00:00
4880,4767,2366.67,ach,2025-09-07 12:00:00
4881,12281,2611.76,credit_card,2026-09-12 12:00:00
4882,602,1472.22,invoice,2025-03-05 12:00:00
4883,11382,2199.06,credit_card,2026-07-08 12:00:00
4884,8799,774.05,invoice,2026-03-28 12:00:00
4885,8116,2703.7,wire,2026-02-10 12:00:00
4886,1045,2444.34,credit_card,2025-03-10 12:00:00
4887,9907,1590.65,invoice,2026-05-27 12:00:00
4888,1558,1738.44,wire,2025-04-09 12:00:00
4889,1488,922.64,ach,2025-04-17 12:00:00
4890,8969,2336.55,invoice,2026-03-23 12:00:00
4891,11743,2494.16,credit_card,2026-08-08 12:00:00
4892,6968,469.86,wire,2025-12-26 12:00:00
4893,2116,1419.45,credit_card,2025-05-01 12:00:00
4894,11341,3803.21,wire,2026-07-31 12:00:00
4895,619,3241.25,wire,2025-03-02 12:00:00
4896,10393,268.48,invoice,2026-06-29 12:00:00
4897,7255,465.15,credit_card,2025-12-12 12:00:00
4898,10631,133.55,ach,2026-06-21 12:00:00
4899,3397,1273.47,wire,2025-08-01 12:00:00
4900,1601,1179.48,ach,2025-04-13 12:00:00
4901,9526,1760.61,wire,2026-04-02 12:00:00
4902,8949,1369.68,ach,2026-03-16 12:00:00
4903,1616,3319.24,wire,2025-04-30 12:00:00
4904,1753,3921.68,credit_card,2025-04-06 12:00:00
4905,12498,3210.74,ach,2026-09-30 12:00:00
4906,11014,2499.01,wire,2026-07-10 12:00:00
4907,2084,1487.24,credit_card,2025-05-10 12:00:00
4908,12506,5321.38,invoice,2026-09-11 12:00:00
4909,11082,5542.73,invoice,2026-07-26 12:00:00
4910,8107,1197.06,ach,2026-02-12 12:00:00
4911,7525,6461.98,invoice,2026-01-18 12:00:00
4912,9554,2189.86,invoice,2026-04-13 12:00:00
4913,676,4259.91,wire,2025-03-18 12:00:00
4914,2546,506.65,invoice,2025-06-27 12:00:00
4915,7140,225.66,credit_card,2025-12-18 12:00:00
4916,10632,1086.65,wire,2026-06-17 12:00:00
4917,4000,2230.07,invoice,2025-08-24 12:00:00
4918,12134,3636.68,wire,2026-08-27 12:00:00
4919,176,3497.66,ach,2025-02-28 12:00:00
4920,6250,791.94,ach,2025-11-09 12:00:00
4921,3610,2558.43,invoice,2025-07-08 12:00:00
4922,10021,2042.44,ach,2026-05-06 12:00:00
4923,3788,245.02,credit_card,2025-09-01 12:00:00
4924,11639,1949.56,wire,2026-08-17 12:00:00
4925,2226,7929.88,ach,2025-05-14 12:00:00
4926,11267,1619.48,credit_card,2026-07-08 12:00:00
4927,11928,3724.28,ach,2026-08-28 12:00:00
4928,1127,2983.68,credit_card,2025-03-11 12:00:00
4929,10308,2552.08,ach,2026-06-19 12:00:00
4930,9069,6899.08,invoice,2026-04-14 12:00:00
4931,2442,1433.12,invoice,2025-05-06 12:00:00
4932,1323,955.13,ach,2025-04-11 12:00:00
4933,1604,7928.58,invoice,2025-04-15 12:00:00
4934,4211,1839.7,credit_card,2025-08-05 12:00:00
4935,9960,1002.71,credit_card,2026-05-07 12:00:00
4936,10998,4287.91,invoice,2026-07-27 12:00:00
4937,4066,201.64,invoice,2025-08-21 12:00:00
4938,1295,2233.12,credit_card,2025-04-25 12:00:00
4939,11940,423.36,ach,2026-09-02 12:00:00
4940,9073,3009.33,ach,2026-04-17 12:00:00
4941,12598,2186.69,wire,2026-09-27 12:00:00
4942,4072,1910.2,credit_card,2025-08-26 12:00:00
4943,1508,3304.12,credit_card,2025-04-30 12:00:00
4944,1560,569.77,credit_card,2025-04-21 12:00:00
4945,6068,968.47,credit_card,2025-11-16 12:00:00
4946,9884,2553.45,invoice,2026-05-30 12:00:00
4947,11810,1080.62,ach,2026-09-01 12:00:00
4948,10413,1696.64,invoice,2026-06-07 12:00:00
4949,5644,1059.96,wire,2025-11-19 12:00:00
4950,1837,2879.58,wire,2025-05-03 12:00:00
4951,1355,4878.8,invoice,2025-04-05 12:00:00
4952,7061,1096.41,ach,2025-12-11 12:00:00
4953,10395,340.5,invoice,2026-06-08 12:00:00
4954,12187,4230.2,ach,2026-09-26 12:00:00
4955,4845,7232.03,invoice,2025-09-08 12:00:00
4956,4724,5329.65,wire,2025-09-23 12:00:00
4957,6523,139.55,invoice,2025-12-11 12:00:00
4958,4033,2026.11,credit_card,2025-08-25 12:00:00
4959,11765,4500.44,credit_card,2026-08-19 12:00:00
4960,6339,2883.04,wire,2025-11-20 12:00:00
4961,6176,3906.88,ach,2025-12-02 12:00:00
4962,9024,2507.81,invoice,2026-03-26 12:00:00
4963,11370,319.11,wire,2026-07-02 12:00:00
4964,8614,3298.04,invoice,2026-03-31 12:00:00
4965,2252,5296.72,wire,2025-05-14 12:00:00
4966,1026,4073.29,credit_card,2025-04-01 12:00:00
4967,9961,1107.99,credit_card,2026-05-21 12:00:00
4968,11592,502.43,credit_card,2026-08-20 12:00:00
4969,5889,784.28,credit_card,2025-11-07 12:00:00
4970,5121,884.57,credit_card,2025-10-13 12:00:00
4971,3398,220.69,wire,2025-07-25 12:00:00
4972,314,3204.34,credit_card,2025-02-24 12:00:00
4973,637,5348.18,invoice,2025-03-10 12:00:00
4974,6504,1225.85,credit_card,2025-12-14 12:00:00
4975,8109,3299.56,ach,2026-03-03 12:00:00
4976,10596,4553.24,invoice,2026-06-14 12:00:00
4977,7533,4292.88,ach,2026-01-28 12:00:00
4978,11299,4412.21,ach,2026-07-29 12:00:00
4979,5934,1549.44,invoice,2025-11-24 12:00:00
4980,2971,822.68,credit_card,2025-06-23 12:00:00
4981,6015,2305.9,ach,2025-11-11 12:00:00
4982,9508,1045.56,wire,2026-05-03 12:00:00
4983,3886,2829.22,credit_card,2025-08-10 12:00:00
4984,12277,2330.75,invoice,2026-09-24 12:00:00
4985,9872,2155.08,ach,2026-05-14 12:00:00
4986,4772,858.74,credit_card,2025-09-03 12:00:00
4987,6633,1395.75,wire,2025-12-15 12:00:00
4988,9153,1655.87,wire,2026-04-15 12:00:00
4989,8829,1748.63,invoice,2026-03-18 12:00:00
4990,9240,2482.1,wire,2026-05-05 12:00:00
4991,9614,1897.8,ach,2026-04-12 12:00:00
4992,6665,1801.39,wire,2025-12-29 12:00:00
4993,9996,1495.69,credit_card,2026-05-22 12:00:00
4994,1841,2337.23,wire,2025-04-03 12:00:00
4995,11607,1008.22,ach,2026-08-29 12:00:00
4996,6903,4508.11,ach,2025-12-28 12:00:00
4997,3674,3472.65,wire,2025-08-01 12:00:00
4998,11283,3970.93,wire,2026-08-04 12:00:00
4999,11056,2723.39,credit_card,2026-07-26 12:00:00
5000,4699,370.18,credit_card,2025-09-11 12:00:00
5001,12746,227.0,wire,2026-09-13 12:00:00
5002,3321,298.03,invoice,2025-07-01 12:00:00
5003,2273,3433.62,credit_card,2025-05-31 12:00:00
5004,11995,4192.17,credit_card,2026-08-14 12:00:00
5005,4255,3651.31,invoice,2025-08-07 12:00:00
5006,4774,1742.68,ach,2025-09-23 12:00:00
5007,8601,3617.77,credit_card,2026-03-30 12:00:00
5008,8064,5375.83,wire,2026-02-16 12:00:00
5009,848,1384.3,wire,2025-03-09 12:00:00
5010,8251,3734.25,ach,2026-02-08 12:00:00
5011,9575,3526.27,wire,2026-05-03 12:00:00
5012,11486,562.99,credit_card,2026-07-28 12:00:00
5013,6453,5569.25,wire,2025-12-01 12:00:00
5014,10400,1612.26,wire,2026-06-10 12:00:00
5015,4598,325.89,ach,2025-09-28 12:00:00
5016,1418,316.23,credit_card,2025-04-24 12:00:00
5017,5842,2045.11,ach,2025-11-08 12:00:00
5018,3849,256.9,ach,2025-08-27 12:00:00
5019,605,4651.27,invoice,2025-03-02 12:00:00
5020,6602,2637.87,credit_card,2025-12-21 12:00:00
5021,2079,4434.61,ach,2025-05-28 12:00:00
5022,8275,2487.55,ach,2026-02-10 12:00:00
5023,2312,1184.98,ach,2025-05-20 12:00:00
5024,7291,4068.78,credit_card,2025-12-15 12:00:00
5025,4344,4848.97,wire,2025-08-05 12:00:00
5026,7088,3618.11,invoice,2025-12-15 12:00:00
5027,1983,2381.05,wire,2025-05-11 12:00:00
5028,4467,419.54,invoice,2025-09-03 12:00:00
5029,200,455.77,invoice,2025-02-14 12:00:00
5030,486,2265.57,invoice,2025-02-05 12:00:00
5031,3271,486.65,invoice,2025-07-29 12:00:00
5032,4725,2927.1,invoice,2025-09-04 12:00:00
5033,2824,2121.81,credit_card,2025-06-15 12:00:00
5034,4552,141.38,ach,2025-09-11 12:00:00
5035,3246,1053.13,invoice,2025-08-02 12:00:00
5036,4454,380.73,credit_card,2025-09-26 12:00:00
5037,9825,3060.76,wire,2026-05-26 12:00:00
5038,9289,410.32,invoice,2026-04-27 12:00:00
5039,3750,4435.54,invoice,2025-07-15 12:00:00
5040,2203,6744.64,wire,2025-05-30 12:00:00
5041,12657,434.83,ach,2026-09-09 12:00:00
5042,10431,1645.84,invoice,2026-06-15 12:00:00
5043,2795,1589.48,invoice,2025-07-03 12:00:00
5044,7342,2844.21,ach,2026-01-12 12:00:00
5045,10451,1641.82,credit_card,2026-06-25 12:00:00
5046,8827,4194.49,invoice,2026-04-02 12:00:00
5047,525,2381.57,ach,2025-03-01 12:00:00
5048,8971,2939.96,ach,2026-03-29 12:00:00
5049,948,3483.29,ach,2025-03-17 12:00:00
5050,12072,3801.68,credit_card,2026-08-06 12:00:00
5051,10132,2950.88,credit_card,2026-05-24 12:00:00
5052,1281,1469.8,credit_card,2025-04-03 12:00:00
5053,123,6537.25,ach,2025-02-17 12:00:00
5054,4367,4402.44,wire,2025-08-09 12:00:00
5055,5153,510.38,ach,2025-10-28 12:00:00
5056,5770,457.33,credit_card,2025-11-17 12:00:00
5057,2303,1214.24,invoice,2025-05-04 12:00:00
5058,11515,4907.64,wire,2026-07-18 12:00:00
5059,9616,4226.0,wire,2026-04-30 12:00:00
5060,1006,5559.2,ach,2025-03-05 12:00:00
5061,3461,1243.28,credit_card,2025-07-25 12:00:00
5062,5077,599.53,credit_card,2025-10-11 12:00:00
5063,9583,1606.6,ach,2026-04-18 12:00:00
5064,11466,358.28,wire,2026-07-02 12:00:00
5065,3056,773.33,ach,2025-06-07 12:00:00
5066,3567,3050.73,invoice,2025-07-12 12:00:00
5067,11038,2167.1,credit_card,2026-07-12 12:00:00
5068,2133,2882.15,invoice,2025-05-28 12:00:00
5069,6979,2146.79,ach,2025-12-31 12:00:00
5070,8219,3975.22,ach,2026-02-24 12:00:00
5071,5612,2778.93,ach,2025-10-03 12:00:00
5072,230,2925.41,ach,2025-02-09 12:00:00
5073,6985,2581.9,ach,2025-12-28 12:00:00
5074,4002,233.29,wire,2025-08-25 12:00:00
5075,11666,2735.48,ach,2026-08-26 12:00:00
5076,8972,3185.38,credit_card,2026-03-12 12:00:00
5077,7483,5904.96,ach,2026-01-28 12:00:00
5078,3008,2819.26,credit_card,2025-07-03 12:00:00
5079,6496,2902.83,credit_card,2025-12-15 12:00:00
5080,4588,3199.94,invoice,2025-10-05 12:00:00
5081,4222,1689.1,wire,2025-08-21 12:00:00
5082,12206,3414.06,wire,2026-09-23 12:00:00
5083,7457,3931.79,wire,2026-01-30 12:00:00
5084,12333,3361.96,credit_card,2026-09-19 12:00:00
5085,2751,1970.52,credit_card,2025-06-06 12:00:00
5086,9083,4186.23,wire,2026-05-05 12:00:00
5087,5715,3149.39,credit_card,2025-11-10 12:00:00
5088,4377,8299.02,credit_card,2025-09-22 12:00:00
5089,2945,5910.03,invoice,2025-06-10 12:00:00
5090,8671,629.71,ach,2026-03-15 12:00:00
5091,2719,6139.05,invoice,2025-06-12 12:00:00
5092,7621,212.07,invoice,2026-01-15 12:00:00
5093,7809,3138.81,wire,2026-02-15 12:00:00
5094,6340,1799.28,invoice,2025-11-24 12:00:00
5095,6835,2323.8,wire,2025-12-17 12:00:00
5096,12450,3612.58,credit_card,2026-09-13 12:00:00
5097,11676,334.64,credit_card,2026-08-05 12:00:00
5098,4162,1307.65,invoice,2025-08-08 12:00:00
5099,10887,189.49,invoice,2026-06-12 12:00:00
5100,9846,3793.22,wire,2026-05-03 12:00:00
5101,8807,1671.69,ach,2026-03-29 12:00:00
5102,11731,1743.0,invoice,2026-08-09 12:00:00
5103,7067,1413.12,credit_card,2025-12-27 12:00:00
5104,11998,8804.78,ach,2026-08-26 12:00:00
5105,11306,2098.07,ach,2026-08-02 12:00:00
5106,4868,3689.71,credit_card,2025-09-18 12:00:00
5107,7164,4753.91,credit_card,2025-12-08 12:00:00
5108,1018,678.06,wire,2025-03-29 12:00:00
5109,9265,1576.46,ach,2026-04-10 12:00:00
5110,8402,3718.6,invoice,2026-02-22 12:00:00
5111,8199,5171.93,ach,2026-02-18 12:00:00
5112,1929,791.91,invoice,2025-05-14 12:00:00
5113,351,3671.93,credit_card,2025-02-21 12:00:00
5114,6857,5570.78,ach,2025-12-10 12:00:00
5115,11933,1300.26,ach,2026-09-03 12:00:00
5116,9621,4186.41,ach,2026-04-10 12:00:00
5117,7446,2375.45,ach,2026-01-19 12:00:00
5118,2501,4863.96,invoice,2025-06-12 12:00:00
5119,6597,3005.72,wire,2025-12-28 12:00:00
5120,8216,447.26,credit_card,2026-02-19 12:00:00
5121,565,2666.2,ach,2025-02-22 12:00:00
5122,1583,2252.55,credit_card,2025-04-22 12:00:00
5123,2176,727.84,invoice,2025-05-09 12:00:00
5124,12697,2650.36,credit_card,2026-09-06 12:00:00
5125,12752,4844.65,credit_card,2026-09-14 12:00:00
5126,3934,1343.49,ach,2025-08-06 12:00:00
5127,2708,561.85,wire,2025-06-17 12:00:00
5128,12620,2679.46,wire,2026-09-08 12:00:00
5129,6459,3993.08,ach,2025-11-25 12:00:00
5130,3536,3515.57,wire,2025-07-08 12:00:00
5131,6062,2032.7,credit_card,2025-11-30 12:00:00
5132,10550,6047.48,ach,2026-06-20 12:00:00
5133,7661,3917.52,credit_card,2026-01-13 12:00:00
5134,3740,2228.31,wire,2025-08-01 12:00:00
5135,9998,4721.34,credit_card,2026-05-12 12:00:00
5136,822,2473.94,invoice,2025-03-27 12:00:00
5137,2064,2295.57,wire,2025-05-19 12:00:00
5138,8629,5045.2,wire,2026-03-12 12:00:00
5139,82,679.83,wire,2025-02-05 12:00:00
5140,11907,5885.57,invoice,2026-08-16 12:00:00
5141,11825,4425.32,wire,2026-08-25 12:00:00
5142,2698,2946.22,invoice,2025-06-29 12:00:00
5143,832,737.67,ach,2025-03-27 12:00:00
5144,4575,5049.32,ach,2025-09-24 12:00:00
5145,3827,6716.06,wire,2025-08-20 12:00:00
5146,7318,3751.97,wire,2026-01-03 12:00:00
5147,2834,119.81,ach,2025-06-19 12:00:00
5148,8456,5622.56,ach,2026-03-04 12:00:00
5149,11870,492.63,invoice,2026-08-26 12:00:00
5150,10423,390.19,wire,2026-07-02 12:00:00
5151,49,3396.04,credit_card,2025-03-04 12:00:00
5152,7414,4499.12,credit_card,2026-01-20 12:00:00
5153,8123,1533.67,invoice,2026-02-23 12:00:00
5154,10833,1474.96,invoice,2026-06-03 12:00:00
5155,9774,419.49,invoice,2026-05-09 12:00:00
5156,9427,5365.81,invoice,2026-04-05 12:00:00
5157,11084,3532.92,invoice,2026-07-21 12:00:00
5158,4096,2616.56,wire,2025-08-13 12:00:00
5159,2690,2012.8,invoice,2025-06-20 12:00:00
5160,6399,4714.77,ach,2025-11-14 12:00:00
5161,5764,3744.3,ach,2025-11-27 12:00:00
5162,4846,3288.29,wire,2025-09-30 12:00:00
5163,7111,1400.08,invoice,2025-12-19 12:00:00
5164,2374,2864.8,credit_card,2025-05-16 12:00:00
5165,8218,1928.91,credit_card,2026-02-19 12:00:00
5166,2759,866.52,ach,2025-06-09 12:00:00
5167,8207,4742.09,ach,2026-02-11 12:00:00
5168,7394,7301.14,wire,2026-01-26 12:00:00
5169,6183,2184.18,invoice,2025-11-12 12:00:00
5170,6019,3254.68,wire,2025-11-06 12:00:00
5171,3881,3332.33,credit_card,2025-09-01 12:00:00
5172,8445,3390.3,credit_card,2026-03-15 12:00:00
5173,5401,2021.84,ach,2025-10-16 12:00:00
5174,4935,3710.37,credit_card,2025-09-22 12:00:00
5175,11717,1217.78,invoice,2026-08-03 12:00:00
5176,8810,2508.28,credit_card,2026-03-24 12:00:00
5177,10221,241.24,invoice,2026-05-22 12:00:00
5178,3946,1283.65,wire,2025-08-09 12:00:00
5179,10092,195.98,ach,2026-05-24 12:00:00
5180,2165,1230.51,wire,2025-05-23 12:00:00
5181,2887,477.61,invoice,2025-06-26 12:00:00
5182,10741,2729.25,wire,2026-06-06 12:00:00
5183,9248,2550.75,wire,2026-05-02 12:00:00
5184,517,184.93,credit_card,2025-02-09 12:00:00
5185,9967,3409.62,wire,2026-05-22 12:00:00
5186,5236,2278.46,invoice,2025-10-23 12:00:00
5187,173,3209.09,invoice,2025-02-21 12:00:00
5188,640,1801.4,ach,2025-03-04 12:00:00
5189,6886,1192.12,ach,2025-12-17 12:00:00
5190,7076,5461.59,invoice,2025-12-11 12:00:00
5191,5066,923.94,credit_card,2025-10-05 12:00:00
5192,1144,4687.78,credit_card,2025-03-22 12:00:00
5193,10979,923.94,invoice,2026-07-31 12:00:00
5194,8063,1530.74,credit_card,2026-02-13 12:00:00
5195,10694,3329.75,wire,2026-06-20 12:00:00
5196,1833,2269.81,wire,2025-04-28 12:00:00
5197,8284,2504.95,invoice,2026-02-24 12:00:00
5198,6949,1756.41,invoice,2025-12-04 12:00:00
5199,3687,1706.84,wire,2025-07-21 12:00:00
5200,9698,2377.37,invoice,2026-06-02 12:00:00
5201,10522,2885.97,credit_card,2026-06-15 12:00:00
5202,4538,1880.66,ach,2025-09-07 12:00:00
5203,6758,853.08,ach,2025-12-18 12:00:00
5204,8234,2934.48,invoice,2026-02-12 12:00:00
5205,835,4910.14,invoice,2025-03-05 12:00:00
5206,2487,792.3,ach,2025-05-10 12:00:00
5207,12287,2111.55,ach,2026-09-22 12:00:00
5208,6445,1013.38,invoice,2025-11-12 12:00:00
5209,11122,1528.0,invoice,2026-07-17 12:00:00
5210,11901,1744.21,wire,2026-09-02 12:00:00
5211,11256,538.04,invoice,2026-07-10 12:00:00
5212,7666,4192.51,ach,2026-01-06 12:00:00
5213,6138,344.01,ach,2025-11-03 12:00:00
5214,66,4292.31,wire,2025-02-08 12:00:00
5215,5863,2696.01,invoice,2025-11-30 12:00:00
5216,5474,1580.17,ach,2025-10-01 12:00:00
5217,8684,4017.46,credit_card,2026-03-19 12:00:00
5218,2025,1549.44,invoice,2025-05-17 12:00:00
5219,7829,7451.59,ach,2026-03-04 12:00:00
5220,355,472.42,invoice,2025-02-26 12:00:00
5221,6658,2194.92,invoice,2025-12-14 12:00:00
5222,4763,2144.09,credit_card,2025-09-30 12:00:00
5223,10686,3232.25,credit_card,2026-06-22 12:00:00
5224,10357,1501.39,credit_card,2026-07-04 12:00:00
5225,9898,3366.7,ach,2026-05-26 12:00:00
5226,7069,2685.53,ach,2025-12-21 12:00:00
5227,10059,1680.91,ach,2026-05-29 12:00:00
5228,4569,1088.75,ach,2025-09-19 12:00:00
5229,3128,3646.94,invoice,2025-07-30 12:00:00
5230,9272,294.43,ach,2026-04-20 12:00:00
5231,310,920.16,ach,2025-02-10 12:00:00
5232,9465,756.12,wire,2026-04-16 12:00:00
5233,7753,6778.83,ach,2026-01-19 12:00:00
5234,11987,2498.38,invoice,2026-08-05 12:00:00
5235,6439,2570.81,ach,2025-11-29 12:00:00
5236,4355,2976.93,invoice,2025-08-08 12:00:00
5237,12236,4603.61,ach,2026-09-13 12:00:00
5238,6861,8570.3,credit_card,2025-12-11 12:00:00
5239,3588,6344.15,ach,2025-07-11 12:00:00
5240,5271,2300.4,ach,2025-10-02 12:00:00
5241,2584,3435.11,ach,2025-06-13 12:00:00
5242,11288,4017.08,credit_card,2026-07-25 12:00:00
5243,2771,964.09,ach,2025-06-14 12:00:00
5244,4813,1917.41,ach,2025-09-11 12:00:00
5245,9214,728.54,wire,2026-04-06 12:00:00
5246,8702,4752.76,invoice,2026-03-16 12:00:00
5247,5088,729.71,credit_card,2025-10-13 12:00:00
5248,9816,6290.53,invoice,2026-05-05 12:00:00
5249,5172,291.99,wire,2025-10-18 12:00:00
5250,3210,143.78,ach,2025-07-07 12:00:00
5251,7656,1928.54,wire,2026-01-16 12:00:00
5252,3906,506.85,credit_card,2025-08-16 12:00:00
5253,7056,1580.56,credit_card,2025-12-13 12:00:00
5254,12292,3459.58,ach,2026-09-16 12:00:00
5255,12100,8524.6,wire,2026-08-22 12:00:00
5256,7018,3732.68,wire,2025-12-31 12:00:00
5257,2380,596.0,wire,2025-05-27 12:00:00
5258,8911,2365.15,ach,2026-03-21 12:00:00
5259,7064,4437.27,ach,2025-12-21 12:00:00
5260,4170,442.84,credit_card,2025-08-14 12:00:00
5261,6661,5930.6,wire,2025-12-17 12:00:00
5262,3429,5307.86,ach,2025-07-12 12:00:00
5263,4422,854.08,invoice,2025-10-02 12:00:00
5264,1102,2330.75,wire,2025-03-31 12:00:00
5265,6837,3660.5,wire,2025-12-31 12:00:00
5266,5757,1520.02,invoice,2025-11-25 12:00:00
5267,12675,5058.87,invoice,2026-10-03 12:00:00
5268,3251,2867.96,credit_card,2025-07-16 12:00:00
5269,4410,6442.5,wire,2025-10-01 12:00:00
5270,4141,222.3,credit_card,2025-08-21 12:00:00
5271,3558,1710.87,invoice,2025-07-20 12:00:00
5272,7765,2824.49,credit_card,2026-01-14 12:00:00
5273,119,1361.18,credit_card,2025-02-08 12:00:00
5274,2023,2009.55,ach,2025-05-31 12:00:00
5275,4599,3575.24,invoice,2025-09-30 12:00:00
5276,9932,1300.12,ach,2026-05-15 12:00:00
5277,5319,482.74,credit_card,2025-10-29 12:00:00
5278,11066,3762.94,ach,2026-07-21 12:00:00
5279,7855,3480.9,ach,2026-02-28 12:00:00
5280,11455,3974.95,credit_card,2026-07-07 12:00:00
5281,5228,2448.41,wire,2025-10-25 12:00:00
5282,6501,1584.91,credit_card,2025-12-09 12:00:00
5283,4682,716.43,ach,2025-09-23 12:00:00
5284,5004,3248.33,wire,2025-10-03 12:00:00
5285,5461,3684.89,ach,2025-10-30 12:00:00
5286,8525,2674.87,credit_card,2026-03-10 12:00:00
5287,4274,412.78,ach,2025-09-01 12:00:00
5288,6890,1233.65,invoice,2025-12-25 12:00:00
5289,88,2007.78,invoice,2025-02-19 12:00:00
5290,5610,1738.16,ach,2025-10-14 12:00:00
5291,3383,1062.96,ach,2025-07-18 12:00:00
5292,8463,898.75,credit_card,2026-03-31 12:00:00
5293,10372,985.26,credit_card,2026-06-19 12:00:00
5294,404,1881.23,wire,2025-03-03 12:00:00
5295,12438,3897.39,credit_card,2026-09-14 12:00:00
5296,3351,2688.19,invoice,2025-07-21 12:00:00
5297,12200,2208.42,credit_card,2026-09-24 12:00:00
5298,5529,2375.16,credit_card,2025-10-19 12:00:00
5299,11040,2236.11,invoice,2026-07-21 12:00:00
5300,2242,2167.1,invoice,2025-05-17 12:00:00
5301,9120,985.15,wire,2026-04-14 12:00:00
5302,5504,1103.64,invoice,2025-10-16 12:00:00
5303,9819,1410.11,wire,2026-06-01 12:00:00
5304,1028,5036.02,wire,2025-03-26 12:00:00
5305,12402,2460.76,invoice,2026-09-12 12:00:00
5306,6694,4206.4,wire,2025-12-21 12:00:00
5307,2437,1609.66,wire,2025-05-05 12:00:00
5308,6671,2075.15,wire,2025-12-18 12:00:00
5309,10500,1658.81,invoice,2026-07-03 12:00:00
5310,5299,2280.04,wire,2025-10-10 12:00:00
5311,1279,555.26,ach,2025-04-10 12:00:00
5312,8043,2885.73,wire,2026-02-11 12:00:00
5313,8244,706.64,wire,2026-02-23 12:00:00
5314,5158,2882.15,ach,2025-10-14 12:00:00
5315,1426,3442.8,invoice,2025-04-28 12:00:00
5316,5028,1045.87,credit_card,2025-10-28 12:00:00
5317,5282,3636.1,credit_card,2025-10-21 12:00:00
5318,7506,5354.99,wire,2026-01-11 12:00:00
5319,1503,2835.47,credit_card,2025-04-16 12:00:00
5320,12448,3353.56,ach,2026-09-15 12:00:00
5321,10941,2002.08,invoice,2026-07-23 12:00:00
5322,10473,3639.19,invoice,2026-06-30 12:00:00
5323,9057,4268.91,credit_card,2026-04-12 12:00:00
5324,10960,2395.42,invoice,2026-07-25 12:00:00
5325,679,1783.52,invoice,2025-04-02 12:00:00
5326,12066,909.8,ach,2026-09-01 12:00:00
5327,5266,2788.93,wire,2025-10-11 12:00:00
5328,6334,4195.8,credit_card,2025-11-21 12:00:00
5329,7682,805.44,wire,2026-01-29 12:00:00
5330,5054,716.78,credit_card,2025-10-22 12:00:00
5331,11574,5813.49,wire,2026-08-14 12:00:00
5332,7967,2270.18,credit_card,2026-02-19 12:00:00
5333,1071,567.5,invoice,2025-03-17 12:00:00
5334,10419,2014.47,credit_card,2026-06-10 12:00:00
5335,2481,2504.32,wire,2025-05-29 12:00:00
5336,11169,586.79,ach,2026-07-31 12:00:00
5337,3393,333.48,credit_card,2025-07-23 12:00:00
5338,1100,334.23,credit_card,2025-03-19 12:00:00
5339,7337,5086.4,invoice,2026-01-22 12:00:00
5340,12605,3220.78,wire,2026-09-04 12:00:00
5341,419,882.76,wire,2025-02-15 12:00:00
5342,9599,248.45,credit_card,2026-04-29 12:00:00
5343,8311,3143.96,invoice,2026-03-01 12:00:00
5344,1948,5268.6,wire,2025-06-01 12:00:00
5345,3337,863.84,invoice,2025-07-19 12:00:00
5346,2300,2249.28,wire,2025-05-23 12:00:00
5347,10499,6303.27,ach,2026-06-02 12:00:00
5348,7426,2992.38,ach,2026-01-27 12:00:00
5349,12495,2277.59,wire,2026-09-20 12:00:00
5350,209,2122.45,credit_card,2025-02-08 12:00:00
5351,3683,2888.64,invoice,2025-07-08 12:00:00
5352,7774,175.19,ach,2026-01-07 12:00:00
5353,7513,119.49,ach,2026-01-21 12:00:00
5354,12416,1192.12,ach,2026-09-22 12:00:00
5355,529,2627.37,invoice,2025-02-24 12:00:00
5356,5330,2062.85,ach,2025-10-17 12:00:00
5357,780,922.64,wire,2025-03-03 12:00:00
5358,723,438.65,ach,2025-03-21 12:00:00
5359,5415,3739.5,invoice,2025-10-20 12:00:00
5360,8666,2936.53,invoice,2026-03-06 12:00:00
5361,1861,1093.02,wire,2025-04-17 12:00:00
5362,10832,4123.7,invoice,2026-06-21 12:00:00
5363,12218,5389.87,credit_card,2026-09-28 12:00:00
5364,12601,2380.57,credit_card,2026-09-17 12:00:00
5365,11582,766.88,invoice,2026-08-20 12:00:00
5366,1993,2735.97,credit_card,2025-05-10 12:00:00
5367,2333,2792.4,credit_card,2025-05-14 12:00:00
5368,8299,504.07,credit_card,2026-02-28 12:00:00
5369,8450,3710.09,invoice,2026-03-18 12:00:00
5370,6434,3908.13,credit_card,2025-11-09 12:00:00
5371,3460,3509.45,credit_card,2025-07-26 12:00:00
5372,5546,894.51,credit_card,2025-10-27 12:00:00
5373,6102,6089.48,credit_card,2025-11-12 12:00:00
5374,7613,1128.36,credit_card,2026-01-30 12:00:00
5375,7697,2460.05,wire,2026-01-21 12:00:00
5376,4519,3261.51,invoice,2025-09-15 12:00:00
5377,5973,459.28,ach,2025-11-03 12:00:00
5378,5139,2504.38,wire,2025-10-29 12:00:00
5379,11621,360.82,credit_card,2026-08-29 12:00:00
5380,10643,5720.19,ach,2026-06-26 12:00:00
5381,258,1788.31,invoice,2025-02-11 12:00:00
5382,9737,1680.62,wire,2026-05-22 12:00:00
5383,9670,5242.38,wire,2026-05-23 12:00:00
5384,11002,1261.01,invoice,2026-07-12 12:00:00
5385,10211,1832.55,wire,2026-05-15 12:00:00
5386,8162,1345.01,invoice,2026-02-22 12:00:00
5387,3626,335.91,ach,2025-07-04 12:00:00
5388,703,3017.5,wire,2025-03-04 12:00:00
5389,3190,3788.99,ach,2025-07-29 12:00:00
5390,504,1868.87,credit_card,2025-02-13 12:00:00
5391,11258,4107.38,credit_card,2026-07-23 12:00:00
5392,2557,1065.35,credit_card,2025-06-18 12:00:00
5393,849,1617.01,credit_card,2025-03-12 12:00:00
5394,2249,1338.43,ach,2025-05-12 12:00:00
5395,373,3180.0,wire,2025-02-20 12:00:00
5396,5318,879.28,invoice,2025-10-06 12:00:00
5397,5304,1619.04,wire,2025-10-31 12:00:00
5398,4053,792.32,credit_card,2025-09-02 12:00:00
5399,3938,4316.9,wire,2025-08-13 12:00:00
5400,12643,1288.88,wire,2026-09-04 12:00:00
5401,4077,2857.87,invoice,2025-08-03 12:00:00
5402,998,1303.07,credit_card,2025-03-12 12:00:00
5403,4333,1190.59,wire,2025-08-10 12:00:00
5404,6022,3231.06,ach,2025-11-20 12:00:00
5405,1177,2134.63,invoice,2025-03-27 12:00:00
5406,12381,1568.96,ach,2026-10-05 12:00:00
5407,552,5581.3,credit_card,2025-02-17 12:00:00
5408,4841,4027.71,wire,2025-09-02 12:00:00
5409,4373,641.1,credit_card,2025-08-19 12:00:00
5410,3498,631.38,ach,2025-07-04 12:00:00
5411,8335,3033.62,credit_card,2026-02-15 12:00:00
5412,7226,1253.35,credit_card,2025-12-12 12:00:00
5413,6175,2117.71,wire,2025-12-01 12:00:00
5414,7749,5632.99,credit_card,2026-01-24 12:00:00
5415,5177,3498.49,invoice,2025-10-25 12:00:00
5416,9471,2470.56,invoice,2026-04-12 12:00:00
5417,7418,2056.81,credit_card,2026-01-25 12:00:00
5418,8154,2358.2,credit_card,2026-02-27 12:00:00
5419,8760,1206.25,invoice,2026-03-05 12:00:00
5420,694,6137.9,credit_card,2025-03-13 12:00:00
5421,2534,360.56,credit_card,2025-06-05 12:00:00
5422,5012,3715.7,ach,2025-10-02 12:00:00
5423,3444,3745.19,wire,2025-07-27 12:00:00
5424,983,675.31,invoice,2025-03-01 12:00:00
5425,5823,2763.08,credit_card,2025-11-18 12:00:00
5426,12024,238.88,credit_card,2026-08-17 12:00:00
5427,4223,2696.8,ach,2025-08-03 12:00:00
5428,92,3585.65,wire,2025-02-28 12:00:00
5429,2267,761.99,wire,2025-05-25 12:00:00
5430,9162,4224.23,invoice,2026-04-29 12:00:00
5431,5858,3351.23,wire,2025-11-17 12:00:00
5432,9841,1668.06,ach,2026-05-22 12:00:00
5433,8112,3997.93,ach,2026-02-20 12:00:00
5434,262,4940.94,ach,2025-02-27 12:00:00
5435,3338,2038.54,ach,2025-07-18 12:00:00
5436,11305,2439.52,credit_card,2026-07-06 12:00:00
5437,6572,718.5,credit_card,2025-12-04 12:00:00
5438,8898,3393.64,wire,2026-03-17 12:00:00
5439,446,6249.25,ach,2025-02-22 12:00:00
5440,5112,2908.35,credit_card,2025-10-19 12:00:00
5441,3556,2198.2,ach,2025-07-02 12:00:00
5442,2195,3509.58,invoice,2025-05-24 12:00:00
5443,12356,4464.22,credit_card,2026-09-27 12:00:00
5444,7786,2213.23,invoice,2026-02-16 12:00:00
5445,2868,1877.13,wire,2025-06-17 12:00:00
5446,2527,3215.58,credit_card,2025-06-28 12:00:00
5447,8489,2189.5,invoice,2026-04-02 12:00:00
5448,6093,3469.63,wire,2025-12-05 12:00:00
5449,8719,1922.53,wire,2026-03-23 12:00:00
5450,1169,2465.2,ach,2025-03-06 12:00:00
5451,4145,1342.62,credit_card,2025-08-11 12:00:00
5452,5150,3762.23,invoice,2025-10-15 12:00:00
5453,85,4664.48,credit_card,2025-02-15 12:00:00
5454,3150,5472.72,ach,2025-07-19 12:00:00
5455,7232,2047.09,invoice,2025-12-19 12:00:00
5456,881,1297.32,credit_card,2025-03-13 12:00:00
5457,8769,1799.65,wire,2026-03-29 12:00:00
5458,11268,371.6,credit_card,2026-07-03 12:00:00
5459,7631,2180.22,wire,2026-01-20 12:00:00
5460,1468,4398.72,invoice,2025-04-24 12:00:00
5461,9351,1414.8,invoice,2026-04-26 12:00:00
5462,7842,1308.22,wire,2026-02-04 12:00:00
5463,9395,1809.1,credit_card,2026-04-13 12:00:00
5464,4327,6243.22,wire,2025-08-24 12:00:00
5465,4045,1395.36,invoice,2025-08-19 12:00:00
5466,9888,332.87,invoice,2026-05-25 12:00:00
5467,4138,3334.77,wire,2025-08-08 12:00:00
5468,3040,4385.67,wire,2025-06-22 12:00:00
5469,6831,2527.04,invoice,2025-12-11 12:00:00
5470,11294,706.64,invoice,2026-07-31 12:00:00
5471,5750,4602.03,wire,2025-11-27 12:00:00
5472,580,828.82,ach,2025-02-07 12:00:00
5473,5237,2376.88,invoice,2025-10-28 12:00:00
5474,10220,2161.36,ach,2026-05-11 12:00:00
5475,9409,2808.89,wire,2026-05-01 12:00:00
5476,6038,930.35,credit_card,2025-11-19 12:00:00
5477,10063,3472.7,credit_card,2026-05-28 12:00:00
5478,2468,778.72,credit_card,2025-05-28 12:00:00
5479,4158,941.51,invoice,2025-08-07 12:00:00
5480,7560,5717.36,wire,2026-01-20 12:00:00
5481,414,835.32,ach,2025-02-19 12:00:00
5482,403,2468.61,wire,2025-03-02 12:00:00
5483,4429,1652.14,ach,2025-09-18 12:00:00
5484,2085,3301.96,wire,2025-05-22 12:00:00
5485,3058,4629.53,invoice,2025-06-05 12:00:00
5486,9574,1832.0,invoice,2026-04-29 12:00:00
5487,165,1003.61,ach,2025-02-24 12:00:00
5488,11388,1661.7,wire,2026-07-30 12:00:00
5489,4303,3059.02,ach,2025-08-22 12:00:00
5490,8297,268.48,credit_card,2026-02-19 12:00:00
5491,12595,3455.49,invoice,2026-09-02 12:00:00
5492,3318,1505.88,wire,2025-07-08 12:00:00
5493,10243,4749.31,ach,2026-05-30 12:00:00
5494,3935,88.02,credit_card,2025-08-19 12:00:00
5495,1848,3178.75,ach,2025-04-22 12:00:00
5496,1335,675.12,credit_card,2025-04-29 12:00:00
5497,9826,2696.36,invoice,2026-05-31 12:00:00
5498,754,3127.06,wire,2025-03-29 12:00:00
5499,3065,3266.14,wire,2025-06-20 12:00:00
5500,6718,1872.48,invoice,2025-12-27 12:00:00
5501,707,805.44,credit_card,2025-03-21 12:00:00
5502,3492,2940.56,credit_card,2025-07-30 12:00:00
5503,4574,4078.16,credit_card,2025-09-05 12:00:00
5504,8817,3389.11,ach,2026-03-22 12:00:00
5505,8407,2772.96,ach,2026-03-16 12:00:00
5506,3152,3279.75,ach,2025-08-02 12:00:00
5507,11949,589.19,ach,2026-08-10 12:00:00
5508,3800,1470.98,ach,2025-08-27 12:00:00
5509,4023,2925.7,credit_card,2025-09-02 12:00:00
5510,1075,4800.4,ach,2025-03-23 12:00:00
5511,8545,4354.18,invoice,2026-03-06 12:00:00
5512,6591,2255.05,credit_card,2025-12-10 12:00:00
5513,3439,3712.88,ach,2025-07-16 12:00:00
5514,10402,2072.96,credit_card,2026-06-19 12:00:00
5515,11411,2237.53,credit_card,2026-07-08 12:00:00
5516,8493,4129.35,ach,2026-03-18 12:00:00
5517,2430,1010.34,credit_card,2025-05-09 12:00:00
5518,247,5422.32,wire,2025-02-17 12:00:00
5519,3816,780.16,credit_card,2025-08-25 12:00:00
5520,6228,6106.22,invoice,2025-11-20 12:00:00
5521,3633,2442.83,ach,2025-07-12 12:00:00
5522,8517,716.56,ach,2026-03-06 12:00:00
5523,2263,1312.18,credit_card,2025-06-01 12:00:00
5524,2247,2443.4,wire,2025-05-11 12:00:00
5525,836,1032.68,wire,2025-03-03 12:00:00
5526,5065,1519.59,credit_card,2025-10-31 12:00:00
5527,433,2026.76,wire,2025-03-05 12:00:00
5528,5805,3630.3,invoice,2025-11-13 12:00:00
5529,1174,1324.94,credit_card,2025-03-22 12:00:00
5530,6214,443.94,wire,2025-11-04 12:00:00
5531,4657,4475.09,invoice,2025-09-17 12:00:00
5532,5290,2317.08,invoice,2025-10-23 12:00:00
5533,12548,1967.32,invoice,2026-09-08 12:00:00
5534,8577,676.81,wire,2026-03-28 12:00:00
5535,251,2699.35,ach,2025-03-04 12:00:00
5536,7925,1462.17,invoice,2026-02-18 12:00:00
5537,12505,851.15,ach,2026-09-02 12:00:00
5538,10280,1731.49,invoice,2026-07-03 12:00:00
5539,11332,4926.74,credit_card,2026-07-07 12:00:00
5540,8168,535.14,credit_card,2026-02-05 12:00:00
5541,3408,4259.0,ach,2025-07-11 12:00:00
5542,2730,3211.0,ach,2025-06-27 12:00:00
5543,12651,2494.14,ach,2026-09-29 12:00:00
5544,10244,2278.28,ach,2026-06-04 12:00:00
5545,434,5198.71,ach,2025-02-05 12:00:00
5546,10297,3966.48,invoice,2026-07-01 12:00:00
5547,9685,4452.44,credit_card,2026-05-28 12:00:00
5548,11610,2139.21,invoice,2026-08-31 12:00:00
5549,7954,4662.21,credit_card,2026-03-03 12:00:00
5550,12417,938.25,wire,2026-09-20 12:00:00
5551,10600,977.67,invoice,2026-06-20 12:00:00
5552,11086,3747.1,ach,2026-07-01 12:00:00
5553,4003,3687.8,credit_card,2025-08-14 12:00:00
5554,4754,343.1,wire,2025-09-15 12:00:00
5555,1333,6802.75,invoice,2025-04-29 12:00:00
5556,8789,4989.2,credit_card,2026-03-02 12:00:00
5557,5911,194.66,wire,2025-11-09 12:00:00
5558,6014,2967.09,invoice,2025-11-18 12:00:00
5559,1444,4827.01,wire,2025-04-13 12:00:00
5560,7667,2740.5,wire,2026-01-05 12:00:00
5561,9308,3477.64,ach,2026-04-09 12:00:00
5562,4311,4812.95,wire,2025-08-30 12:00:00
5563,4900,1605.19,credit_card,2025-09-16 12:00:00
5564,6074,4490.42,wire,2025-11-27 12:00:00
5565,10856,5656.94,ach,2026-06-11 12:00:00
5566,7367,3975.73,invoice,2026-01-22 12:00:00
5567,10091,1230.17,wire,2026-05-18 12:00:00
5568,6826,1649.54,ach,2025-12-10 12:00:00
5569,2570,1530.74,ach,2025-06-21 12:00:00
5570,9151,946.96,credit_card,2026-04-14 12:00:00
5571,4278,2653.0,invoice,2025-08-29 12:00:00
5572,3667,6548.21,wire,2025-07-16 12:00:00
5573,10159,4513.89,credit_card,2026-05-18 12:00:00
5574,2447,735.87,ach,2025-05-10 12:00:00
5575,5641,309.33,wire,2025-11-16 12:00:00
5576,3658,3704.59,wire,2025-07-09 12:00:00
5577,10312,678.57,wire,2026-06-08 12:00:00
5578,3173,1530.32,ach,2025-07-11 12:00:00
5579,1224,1008.29,wire,2025-03-19 12:00:00
5580,11762,4782.71,ach,2026-08-05 12:00:00
5581,4167,3991.23,credit_card,2025-08-03 12:00:00
5582,545,4732.85,wire,2025-02-27 12:00:00
5583,1205,4847.65,wire,2025-03-16 12:00:00
5584,5995,1581.16,wire,2025-11-25 12:00:00
5585,6887,4143.65,wire,2025-12-20 12:00:00
5586,11629,3675.12,ach,2026-08-20 12:00:00
5587,2638,1653.31,invoice,2025-06-29 12:00:00
5588,12375,167.56,credit_card,2026-09-05 12:00:00
5589,8538,1005.35,wire,2026-03-16 12:00:00
5590,10625,2693.45,wire,2026-06-07 12:00:00
5591,10606,1747.76,wire,2026-06-21 12:00:00
5592,11134,236.79,ach,2026-07-26 12:00:00
5593,878,2668.53,credit_card,2025-03-15 12:00:00
5594,10366,4635.54,credit_card,2026-06-19 12:00:00
5595,197,2138.01,credit_card,2025-02-11 12:00:00
5596,12454,871.0,credit_card,2026-09-06 12:00:00
5597,3384,2347.62,ach,2025-07-26 12:00:00
5598,4380,3578.31,ach,2025-09-25 12:00:00
5599,8814,167.56,wire,2026-03-21 12:00:00
5600,9160,1835.66,wire,2026-04-17 12:00:00
5601,2998,1366.95,credit_card,2025-07-01 12:00:00
5602,3909,1451.06,wire,2025-09-03 12:00:00
5603,2572,4995.86,invoice,2025-06-13 12:00:00
5604,6422,1496.56,invoice,2025-11-10 12:00:00
5605,11018,256.96,invoice,2026-07-23 12:00:00
5606,11969,2388.61,wire,2026-08-30 12:00:00
5607,12241,3801.78,credit_card,2026-09-25 12:00:00
5608,4970,3364.31,wire,2025-09-25 12:00:00
5609,4712,4625.26,invoice,2025-09-16 12:00:00
5610,4164,533.24,wire,2025-08-05 12:00:00
5611,5633,282.76,invoice,2025-11-06 12:00:00
5612,9053,5033.34,ach,2026-04-30 12:00:00
5613,9607,2426.83,wire,2026-04-19 12:00:00
5614,2683,860.24,ach,2025-07-01 12:00:00
5615,6652,3466.2,wire,2025-12-06 12:00:00
5616,2509,1089.96,ach,2025-06-16 12:00:00
5617,10095,1284.41,credit_card,2026-05-17 12:00:00
5618,1511,3533.72,credit_card,2025-04-15 12:00:00
5619,4315,1600.98,wire,2025-08-10 12:00:00
5620,7884,3216.05,credit_card,2026-02-18 12:00:00
5621,5357,153.28,ach,2025-10-16 12:00:00
5622,1245,1331.07,credit_card,2025-04-01 12:00:00
5623,6595,2363.44,ach,2025-12-02 12:00:00
5624,6951,1563.92,credit_card,2025-12-17 12:00:00
5625,11254,1269.53,ach,2026-07-16 12:00:00
5626,4122,4184.29,invoice,2025-08-31 12:00:00
5627,4996,1903.66,credit_card,2025-09-28 12:00:00
5628,9268,1246.41,invoice,2026-04-18 12:00:00
5629,7014,1476.16,credit_card,2025-12-09 12:00:00
5630,12546,3434.52,wire,2026-09-09 12:00:00
5631,7114,764.46,ach,2025-12-08 12:00:00
5632,5263,5350.36,ach,2025-10-21 12:00:00
5633,255,3088.93,credit_card,2025-02-26 12:00:00
5634,5943,3098.49,wire,2025-11-08 12:00:00
5635,4512,3367.06,credit_card,2025-10-05 12:00:00
5636,7587,1299.18,ach,2026-01-07 12:00:00
5637,5160,802.49,wire,2025-10-11 12:00:00
5638,10547,2731.47,credit_card,2026-06-09 12:00:00
5639,760,1992.55,invoice,2025-03-23 12:00:00
5640,5482,4248.69,invoice,2025-10-25 12:00:00
5641,655,1785.65,wire,2025-03-14 12:00:00
5642,5298,482.38,credit_card,2025-10-10 12:00:00
5643,5289,473.03,wire,2025-10-30 12:00:00
5644,2893,4318.36,invoice,2025-06-24 12:00:00
5645,3402,1279.73,ach,2025-07-24 12:00:00
5646,5637,2162.93,invoice,2025-11-28 12:00:00
5647,1421,5478.93,invoice,2025-04-29 12:00:00
5648,3045,4015.05,credit_card,2025-06-30 12:00:00
5649,2831,4152.94,ach,2025-06-13 12:00:00
5650,8641,5735.1,ach,2026-03-29 12:00:00
5651,329,1793.56,invoice,2025-02-09 12:00:00
5652,8680,2818.12,credit_card,2026-03-08 12:00:00
5653,254,3240.38,invoice,2025-02-21 12:00:00
5654,11505,143.78,ach,2026-07-11 12:00:00
5655,5324,1721.47,invoice,2025-10-05 12:00:00
5656,6632,4090.09,credit_card,2025-12-04 12:00:00
5657,4378,1552.0,invoice,2025-09-06 12:00:00
5658,5093,2099.96,invoice,2025-10-31 12:00:00
5659,5378,4674.82,invoice,2025-10-06 12:00:00
5660,3020,1870.8,credit_card,2025-06-11 12:00:00
5661,3030,4390.01,invoice,2025-06-12 12:00:00
5662,2637,1281.58,ach,2025-06-07 12:00:00
5663,9249,6066.26,ach,2026-04-25 12:00:00
5664,11289,1520.07,credit_card,2026-07-12 12:00:00
5665,3019,167.56,credit_card,2025-06-03 12:00:00
5666,2946,3066.12,ach,2025-06-10 12:00:00
5667,3660,3584.69,wire,2025-07-31 12:00:00
5668,9791,5276.84,ach,2026-05-09 12:00:00
5669,7975,5587.04,ach,2026-02-23 12:00:00
5670,11849,2713.42,credit_card,2026-08-14 12:00:00
5671,2664,955.08,credit_card,2025-06-07 12:00:00
5672,5379,1911.11,invoice,2025-10-23 12:00:00
5673,6194,4575.06,invoice,2025-11-20 12:00:00
5674,1363,5011.83,credit_card,2025-04-11 12:00:00
5675,11290,2450.89,credit_card,2026-07-04 12:00:00
5676,5534,3337.31,wire,2025-10-12 12:00:00
5677,3482,4701.84,ach,2025-07-14 12:00:00
5678,12340,2866.99,wire,2026-09-06 12:00:00
5679,9376,2725.0,credit_card,2026-04-13 12:00:00
5680,7657,2923.84,invoice,2026-01-22 12:00:00
5681,10822,3288.01,ach,2026-06-06 12:00:00
5682,8094,2204.84,invoice,2026-02-25 12:00:00
5683,5822,4539.36,credit_card,2025-11-23 12:00:00
5684,11193,2656.43,wire,2026-07-31 12:00:00
5685,10337,3547.61,wire,2026-06-25 12:00:00
5686,2881,492.54,wire,2025-06-02 12:00:00
5687,3382,2157.17,wire,2025-07-16 12:00:00
5688,10691,477.97,invoice,2026-06-04 12:00:00
5689,1303,1996.96,credit_card,2025-04-13 12:00:00
5690,6851,3370.74,ach,2025-12-31 12:00:00
5691,4958,1789.66,credit_card,2025-09-13 12:00:00
5692,4837,2423.17,ach,2025-09-12 12:00:00
5693,6689,3831.55,credit_card,2025-12-12 12:00:00
5694,8084,1582.35,invoice,2026-03-01 12:00:00
5695,12223,7039.98,invoice,2026-09-03 12:00:00
5696,8189,2961.52,ach,2026-02-20 12:00:00
5697,943,3202.56,wire,2025-03-19 12:00:00
5698,10425,4034.24,credit_card,2026-06-18 12:00:00
5699,3236,3014.39,ach,2025-07-20 12:00:00
5700,3258,1348.14,ach,2025-07-27 12:00:00
5701,9682,5884.62,invoice,2026-05-26 12:00:00
5702,9470,2711.77,credit_card,2026-04-24 12:00:00
5703,177,1882.59,ach,2025-02-09 12:00:00
5704,436,2805.32,ach,2025-02-13 12:00:00
5705,5724,2675.76,ach,2025-11-11 12:00:00
5706,309,3178.18,ach,2025-02-27 12:00:00
5707,1566,6112.02,invoice,2025-04-05 12:00:00
5708,3965,1821.2,wire,2025-08-18 12:00:00
5709,2136,1750.67,credit_card,2025-05-04 12:00:00
5710,9426,2242.68,ach,2026-04-04 12:00:00
5711,11209,5720.6,wire,2026-07-20 12:00:00
5712,4978,4963.85,wire,2025-09-10 12:00:00
5713,8298,4345.54,wire,2026-02-08 12:00:00
5714,11545,4865.5,credit_card,2026-08-16 12:00:00
5715,596,3098.57,ach,2025-02-24 12:00:00
5716,12332,3224.68,credit_card,2026-09-30 12:00:00
5717,4626,1722.35,credit_card,2025-09-18 12:00:00
5718,5333,2909.66,invoice,2025-10-07 12:00:00
5719,8613,1806.21,credit_card,2026-03-28 12:00:00
5720,12299,2649.23,ach,2026-09-11 12:00:00
5721,10619,3108.67,ach,2026-06-02 12:00:00
5722,2624,4833.52,wire,2025-06-08 12:00:00
5723,4573,281.16,wire,2025-09-19 12:00:00
5724,9696,2314.68,invoice,2026-05-11 12:00:00
5725,11686,888.22,credit_card,2026-08-17 12:00:00
5726,232,1264.58,credit_card,2025-02-08 12:00:00
5727,180,3916.84,invoice,2025-02-26 12:00:00
5728,738,389.32,credit_card,2025-03-27 12:00:00
5729,12477,1793.33,invoice,2026-09-17 12:00:00
5730,8423,3597.66,invoice,2026-03-24 12:00:00
5731,9367,1255.08,invoice,2026-04-07 12:00:00
5732,3866,321.32,ach,2025-08-20 12:00:00
5733,6801,4123.87,wire,2025-12-19 12:00:00
5734,110,6127.28,ach,2025-02-26 12:00:00
5735,5706,4840.0,invoice,2025-11-05 12:00:00
5736,6370,1915.34,invoice,2025-12-03 12:00:00
5737,1322,3329.26,wire,2025-04-16 12:00:00
5738,1996,4609.35,ach,2025-05-20 12:00:00
5739,6966,1141.23,ach,2025-12-06 12:00:00
5740,11766,2256.72,credit_card,2026-08-13 12:00:00
5741,6747,2679.69,credit_card,2025-12-07 12:00:00
5742,6224,1547.41,invoice,2025-11-10 12:00:00
5743,801,1637.1,credit_card,2025-03-25 12:00:00
5744,9681,5903.96,invoice,2026-05-23 12:00:00
5745,2087,3557.44,invoice,2025-06-04 12:00:00
5746,5502,2712.09,credit_card,2025-10-10 12:00:00
5747,11490,3103.82,invoice,2026-07-30 12:00:00
5748,70,999.46,wire,2025-02-15 12:00:00
5749,5368,4196.72,ach,2025-11-01 12:00:00
5750,5683,3374.12,credit_card,2025-11-06 12:00:00
5751,7720,3671.06,wire,2026-01-16 12:00:00
5752,8654,2461.29,ach,2026-03-26 12:00:00
5753,5171,6875.74,invoice,2025-10-25 12:00:00
5754,1681,1930.97,ach,2025-04-01 12:00:00
5755,378,5365.88,wire,2025-02-10 12:00:00
5756,1470,536.67,ach,2025-04-17 12:00:00
5757,2604,162.96,credit_card,2025-06-20 12:00:00
5758,4182,1149.82,invoice,2025-08-27 12:00:00
5759,11408,5955.06,credit_card,2026-08-01 12:00:00
5760,6907,4383.5,credit_card,2025-12-20 12:00:00
5761,12538,4863.05,credit_card,2026-09-09 12:00:00
5762,12079,815.81,ach,2026-08-07 12:00:00
5763,4506,892.19,ach,2025-09-28 12:00:00
5764,9855,819.97,credit_card,2026-05-28 12:00:00
5765,4231,3164.3,credit_card,2025-08-12 12:00:00
5766,3092,3070.67,invoice,2025-06-11 12:00:00
5767,2727,2651.35,ach,2025-06-13 12:00:00
5768,478,854.39,credit_card,2025-02-25 12:00:00
5769,1330,699.87,wire,2025-04-10 12:00:00
5770,2284,1907.5,credit_card,2025-05-26 12:00:00
5771,3733,175.4,credit_card,2025-07-18 12:00:00
5772,12326,2213.94,ach,2026-09-13 12:00:00
5773,7041,1406.36,wire,2025-12-31 12:00:00
5774,752,834.41,ach,2025-03-23 12:00:00
5775,12014,300.81,invoice,2026-08-25 12:00:00
5776,6685,6784.79,ach,2025-12-09 12:00:00
5777,7955,3033.61,invoice,2026-02-04 12:00:00
5778,874,4397.15,invoice,2025-03-01 12:00:00
5779,6505,2318.94,invoice,2025-12-16 12:00:00
5780,8359,2187.52,ach,2026-02-18 12:00:00
5781,8811,4217.45,wire,2026-03-31 12:00:00
5782,4565,1914.94,credit_card,2025-09-24 12:00:00
5783,1546,3397.88,credit_card,2025-04-08 12:00:00
5784,740,2992.34,credit_card,2025-03-28 12:00:00
5785,10935,4202.7,wire,2026-07-09 12:00:00
5786,2684,1793.33,ach,2025-06-20 12:00:00
5787,9807,2132.74,wire,2026-05-11 12:00:00
5788,9452,5052.77,ach,2026-04-02 12:00:00
5789,5122,5149.66,ach,2025-10-27 12:00:00
5790,8497,3067.88,credit_card,2026-03-07 12:00:00
5791,3519,4130.66,invoice,2025-07-03 12:00:00
5792,5836,4783.82,credit_card,2025-11-18 12:00:00
5793,2355,1758.56,credit_card,2025-05-06 12:00:00
5794,10782,2623.47,invoice,2026-06-13 12:00:00
5795,6292,1369.26,invoice,2025-11-10 12:00:00
5796,774,4697.26,invoice,2025-03-30 12:00:00
5797,8515,259.9,wire,2026-03-07 12:00:00
5798,12361,455.65,ach,2026-09-20 12:00:00
5799,5201,2843.23,ach,2025-10-21 12:00:00
5800,10110,1689.1,wire,2026-05-02 12:00:00
5801,642,4767.79,invoice,2025-03-17 12:00:00
5802,11483,3410.97,invoice,2026-07-10 12:00:00
5803,6473,2963.59,ach,2025-12-28 12:00:00
5804,7686,2013.02,credit_card,2026-01-26 12:00:00
5805,3204,1149.47,credit_card,2025-07-28 12:00:00
5806,4310,2777.5,ach,2025-08-26 12:00:00
5807,5205,4278.43,invoice,2025-11-03 12:00:00
5808,866,1219.38,wire,2025-03-13 12:00:00
5809,5517,5081.56,ach,2025-10-30 12:00:00
5810,8186,523.06,wire,2026-02-05 12:00:00
5811,12227,6522.72,credit_card,2026-09-26 12:00:00
5812,11233,576.35,credit_card,2026-07-27 12:00:00
5813,12636,7790.07,ach,2026-09-18 12:00:00
5814,8082,1878.87,invoice,2026-02-05 12:00:00
5815,7838,2351.55,credit_card,2026-02-21 12:00:00
5816,8595,1852.32,invoice,2026-03-13 12:00:00
5817,963,2689.63,invoice,2025-03-16 12:00:00
5818,9337,1810.05,wire,2026-04-23 12:00:00
5819,9486,2436.95,ach,2026-04-30 12:00:00
5820,8609,3722.87,invoice,2026-03-16 12:00:00
5821,8951,1080.1,credit_card,2026-03-23 12:00:00
5822,9881,1252.97,credit_card,2026-05-16 12:00:00
5823,3310,4185.51,invoice,2025-07-02 12:00:00
5824,2167,1733.68,invoice,2025-05-16 12:00:00
5825,364,1984.0,wire,2025-02-24 12:00:00
5826,3724,1772.96,ach,2025-07-07 12:00:00
5827,2826,2100.93,credit_card,2025-06-25 12:00:00
5828,9116,2875.62,wire,2026-05-02 12:00:00
5829,3598,2653.0,invoice,2025-07-05 12:00:00
5830,4727,5431.13,invoice,2025-09-13 12:00:00
5831,547,1738.63,invoice,2025-02-06 12:00:00
5832,2941,172.83,invoice,2025-06-23 12:00:00
5833,472,2924.39,wire,2025-02-19 12:00:00
5834,1642,3692.02,credit_card,2025-04-20 12:00:00
5835,12265,3455.84,wire,2026-09-10 12:00:00
5836,3339,1668.79,credit_card,2025-07-21 12:00:00
5837,5999,5184.21,ach,2025-11-22 12:00:00
5838,1173,2607.19,wire,2025-03-03 12:00:00
5839,10980,448.1,wire,2026-07-27 12:00:00
5840,5274,4903.63,wire,2025-11-01 12:00:00
5841,5848,5261.51,credit_card,2025-11-17 12:00:00
5842,11988,2837.3,credit_card,2026-08-20 12:00:00
5843,7423,1162.08,invoice,2026-01-20 12:00:00
5844,7477,4133.11,credit_card,2026-01-22 12:00:00
5845,8828,2571.46,credit_card,2026-03-17 12:00:00
5846,6119,96.97,credit_card,2025-11-13 12:00:00
5847,10925,757.82,credit_card,2026-07-06 12:00:00
5848,1411,2253.06,credit_card,2025-04-25 12:00:00
5849,11133,3017.83,invoice,2026-07-05 12:00:00
5850,6521,1749.51,wire,2025-12-19 12:00:00
5851,6077,3201.68,wire,2025-11-21 12:00:00
5852,9516,3866.32,ach,2026-04-07 12:00:00
5853,2695,974.78,ach,2025-06-12 12:00:00
5854,816,1834.73,ach,2025-03-16 12:00:00
5855,2132,1403.78,credit_card,2025-05-13 12:00:00
5856,1798,1406.78,ach,2025-04-29 12:00:00
5857,4576,519.22,wire,2025-09-29 12:00:00
5858,5191,2597.98,ach,2025-10-25 12:00:00
5859,3123,2802.7,wire,2025-06-05 12:00:00
5860,5854,1825.57,invoice,2025-12-02 12:00:00
5861,5366,1092.49,credit_card,2025-10-16 12:00:00
5862,9886,3638.26,ach,2026-05-08 12:00:00
5863,4276,3330.04,invoice,2025-08-01 12:00:00
5864,11820,62.13,invoice,2026-08-20 12:00:00
5865,3090,1789.51,credit_card,2025-06-14 12:00:00
5866,7413,1372.0,wire,2026-01-15 12:00:00
5867,10824,564.18,invoice,2026-06-13 12:00:00
5868,12757,206.86,invoice,2026-10-04 12:00:00
5869,11150,4158.18,wire,2026-07-23 12:00:00
5870,5254,558.14,ach,2025-10-17 12:00:00
5871,238,1332.34,credit_card,2025-03-03 12:00:00
5872,1533,3980.09,credit_card,2025-04-06 12:00:00
5873,12028,220.69,ach,2026-08-12 12:00:00
5874,6259,1694.33,credit_card,2025-11-19 12:00:00
5875,3411,1689.1,wire,2025-07-11 12:00:00
5876,2832,2383.32,credit_card,2025-06-08 12:00:00
5877,11634,2423.62,ach,2026-08-18 12:00:00
5878,1536,50.29,wire,2025-04-13 12:00:00
5879,3880,3462.58,ach,2025-08-20 12:00:00
5880,5303,148.07,ach,2025-10-29 12:00:00
5881,6401,495.6,invoice,2025-11-14 12:00:00
5882,9279,5036.38,ach,2026-04-11 12:00:00
5883,1300,4520.12,credit_card,2025-04-21 12:00:00
5884,5500,3666.61,credit_card,2025-10-22 12:00:00
5885,5965,2984.84,wire,2025-12-01 12:00:00
5886,9140,5180.98,ach,2026-04-26 12:00:00
5887,1481,1472.49,ach,2025-04-05 12:00:00
5888,2794,5305.34,wire,2025-06-15 12:00:00
5889,7935,3062.47,ach,2026-02-14 12:00:00
5890,12500,2007.08,credit_card,2026-09-09 12:00:00
5891,5092,4847.57,ach,2025-11-01 12:00:00
5892,2330,1650.34,wire,2025-05-24 12:00:00
5893,6467,722.06,invoice,2025-12-02 12:00:00
5894,6158,4417.84,invoice,2025-11-14 12:00:00
5895,8661,804.68,invoice,2026-04-03 12:00:00
5896,6704,1876.19,credit_card,2025-12-27 12:00:00
5897,3662,3161.92,wire,2025-08-04 12:00:00
5898,556,3862.85,ach,2025-02-11 12:00:00
5899,4826,3424.96,credit_card,2025-10-01 12:00:00
5900,1164,3379.6,invoice,2025-04-03 12:00:00
5901,5681,1271.63,invoice,2025-11-28 12:00:00
5902,8627,1485.57,credit_card,2026-03-29 12:00:00
5903,4716,644.8,credit_card,2025-09-15 12:00:00
5904,398,2089.37,ach,2025-03-04 12:00:00
5905,9934,2808.97,ach,2026-05-24 12:00:00
5906,2507,2181.43,invoice,2025-06-09 12:00:00
5907,11235,1549.14,ach,2026-07-31 12:00:00
5908,11951,6540.2,invoice,2026-08-17 12:00:00
5909,8405,2290.85,wire,2026-03-08 12:00:00
5910,8995,1529.03,ach,2026-03-16 12:00:00
5911,7022,4407.21,wire,2025-12-12 12:00:00
5912,8722,705.4,credit_card,2026-03-26 12:00:00
5913,724,2409.67,wire,2025-03-30 12:00:00
5914,301,3690.51,credit_card,2025-02-04 12:00:00
5915,10728,2916.99,invoice,2026-06-27 12:00:00
5916,8871,2321.2,ach,2026-03-06 12:00:00
5917,4295,464.53,ach,2025-08-08 12:00:00
5918,5921,1514.1,credit_card,2025-11-28 12:00:00
5919,4186,6741.96,invoice,2025-08-02 12:00:00
5920,9255,1246.41,ach,2026-04-11 12:00:00
5921,6070,1386.48,wire,2025-11-22 12:00:00
5922,12567,2779.23,invoice,2026-09-14 12:00:00
5923,3143,1960.13,invoice,2025-07-07 12:00:00
5924,8474,1689.63,ach,2026-03-27 12:00:00
5925,6731,399.79,wire,2025-12-14 12:00:00
5926,3206,5337.88,wire,2025-08-04 12:00:00
5927,4956,2505.81,invoice,2025-09-09 12:00:00
5928,4583,641.98,ach,2025-09-27 12:00:00
5929,11570,1690.94,credit_card,2026-08-18 12:00:00
5930,12232,3200.99,wire,2026-09-21 12:00:00
5931,7378,4023.74,credit_card,2026-01-31 12:00:00
5932,7959,1128.36,wire,2026-03-01 12:00:00
5933,11580,1987.8,credit_card,2026-08-05 12:00:00
5934,1153,1433.12,credit_card,2025-03-15 12:00:00
5935,1213,228.21,credit_card,2025-03-26 12:00:00
5936,4504,2320.62,credit_card,2025-09-29 12:00:00
5937,10491,105.84,invoice,2026-06-27 12:00:00
5938,12400,4161.25,ach,2026-09-26 12:00:00
5939,5895,2369.72,ach,2025-11-07 12:00:00
5940,9321,2068.45,wire,2026-04-25 12:00:00
5941,5428,3873.0,credit_card,2025-10-21 12:00:00
5942,7883,4484.66,wire,2026-02-23 12:00:00
5943,6955,500.53,credit_card,2025-12-11 12:00:00
5944,666,1604.64,credit_card,2025-03-12 12:00:00
5945,12604,3939.04,credit_card,2026-09-30 12:00:00
5946,643,3635.05,wire,2025-03-04 12:00:00
5947,11806,1977.77,wire,2026-08-06 12:00:00
5948,3768,1789.82,credit_card,2025-08-20 12:00:00
5949,4273,5875.15,ach,2025-08-18 12:00:00
5950,10369,3753.54,invoice,2026-06-14 12:00:00
5951,787,1254.9,credit_card,2025-03-31 12:00:00
5952,2858,3550.14,credit_card,2025-06-25 12:00:00
5953,3203,2916.08,credit_card,2025-08-01 12:00:00
5954,7875,1192.12,credit_card,2026-02-12 12:00:00
5955,7048,998.61,invoice,2025-12-08 12:00:00
5956,4188,1238.01,invoice,2025-08-09 12:00:00
5957,11279,737.52,credit_card,2026-07-11 12:00:00
5958,10597,690.19,invoice,2026-06-06 12:00:00
5959,4825,2310.27,wire,2025-09-07 12:00:00
5960,2906,448.46,invoice,2025-06-12 12:00:00
5961,4627,1206.46,wire,2025-09-17 12:00:00
5962,6389,2912.95,wire,2025-11-05 12:00:00
5963,997,435.5,ach,2025-03-30 12:00:00
5964,6910,3188.4,credit_card,2025-12-21 12:00:00
5965,9141,3077.83,wire,2026-04-23 12:00:00
5966,7355,4222.56,credit_card,2026-01-31 12:00:00
5967,5524,4588.27,ach,2025-10-05 12:00:00
5968,7535,4359.1,credit_card,2026-01-08 12:00:00
5969,157,2021.98,credit_card,2025-02-14 12:00:00
5970,8496,2763.98,credit_card,2026-03-12 12:00:00
5971,3086,2936.66,ach,2025-06-23 12:00:00
5972,8905,1272.79,invoice,2026-03-27 12:00:00
5973,1553,1806.23,invoice,2025-04-22 12:00:00
5974,8241,1280.32,ach,2026-02-12 12:00:00
5975,12554,111.82,wire,2026-09-26 12:00:00
5976,8347,1656.4,invoice,2026-02-14 12:00:00
5977,3796,2760.62,ach,2025-08-12 12:00:00
5978,496,1399.63,credit_card,2025-02-13 12:00:00
5979,6845,1656.8,credit_card,2025-12-24 12:00:00
5980,2322,786.17,wire,2025-05-18 12:00:00
5981,12177,3016.56,wire,2026-09-27 12:00:00
5982,11281,1192.6,credit_card,2026-07-15 12:00:00
5983,152,1342.4,ach,2025-02-12 12:00:00
5984,6836,1550.27,credit_card,2025-12-18 12:00:00
5985,9717,2484.75,credit_card,2026-05-11 12:00:00
5986,7236,2732.75,wire,2025-12-22 12:00:00
5987,12230,666.32,ach,2026-09-09 12:00:00
5988,1739,3374.95,invoice,2025-04-06 12:00:00
5989,3002,4106.18,ach,2025-06-18 12:00:00
5990,11324,2928.11,wire,2026-07-07 12:00:00
5991,8137,1872.52,ach,2026-03-02 12:00:00
5992,7583,4305.88,ach,2026-01-15 12:00:00
5993,11498,4683.39,ach,2026-07-26 12:00:00
5994,11205,2552.71,invoice,2026-07-11 12:00:00
5995,2884,1775.72,wire,2025-06-17 12:00:00
5996,3721,2814.36,invoice,2025-07-17 12:00:00
5997,11248,3092.49,invoice,2026-07-29 12:00:00
5998,10896,2410.74,wire,2026-06-07 12:00:00
5999,6303,1455.32,wire,2025-11-05 12:00:00
6000,5472,2429.78,invoice,2025-10-30 12:00:00
6001,12245,926.24,invoice,2026-09-07 12:00:00
6002,9724,1639.53,ach,2026-05-26 12:00:00
6003,2277,1602.16,wire,2025-05-20 12:00:00
6004,4824,869.66,ach,2025-09-25 12:00:00
6005,4705,3118.31,wire,2025-09-28 12:00:00
6006,4462,3317.75,invoice,2025-09-16 12:00:00
6007,344,663.73,invoice,2025-02-07 12:00:00
6008,6850,463.02,credit_card,2025-12-03 12:00:00
6009,4137,3767.47,invoice,2025-08-11 12:00:00
6010,9220,1626.69,credit_card,2026-04-04 12:00:00
6011,11561,2069.0,credit_card,2026-09-02 12:00:00
6012,10207,122.21,invoice,2026-05-10 12:00:00
6013,2224,925.44,wire,2025-05-17 12:00:00
6014,4197,1350.22,invoice,2025-08-08 12:00:00
6015,2585,404.13,credit_card,2025-06-28 12:00:00
6016,6408,6811.52,wire,2025-12-01 12:00:00
6017,8870,3046.45,credit_card,2026-03-22 12:00:00
6018,5082,4233.7,wire,2025-10-30 12:00:00
6019,7999,2992.49,ach,2026-02-25 12:00:00
6020,7303,1489.82,credit_card,2025-12-06 12:00:00
6021,11673,1727.68,ach,2026-08-20 12:00:00
6022,4735,3526.92,credit_card,2025-09-09 12:00:00
6023,7559,2154.37,invoice,2026-01-12 12:00:00
6024,1466,1490.02,ach,2025-04-05 12:00:00
6025,4594,4626.61,invoice,2025-09-06 12:00:00
6026,2235,4638.38,credit_card,2025-05-16 12:00:00
6027,11997,2545.46,wire,2026-08-30 12:00:00
6028,3904,135.78,wire,2025-08-23 12:00:00
6029,5841,3196.3,credit_card,2025-11-22 12:00:00
6030,284,3854.88,invoice,2025-02-16 12:00:00
6031,11835,3416.2,credit_card,2026-09-03 12:00:00
6032,11551,1962.65,invoice,2026-08-26 12:00:00
6033,10952,849.39,ach,2026-07-18 12:00:00
6034,11029,181.04,wire,2026-07-27 12:00:00
6035,8206,3880.42,wire,2026-02-09 12:00:00
6036,4152,4151.66,invoice,2025-08-25 12:00:00
6037,5939,4995.73,wire,2025-11-30 12:00:00
6038,12353,1474.96,invoice,2026-09-29 12:00:00
6039,9210,2348.32,credit_card,2026-04-22 12:00:00
6040,8923,2691.67,invoice,2026-03-11 12:00:00
6041,2122,97.33,wire,2025-05-24 12:00:00
6042,6913,3193.17,wire,2025-12-08 12:00:00
6043,5013,6046.03,credit_card,2025-10-08 12:00:00
6044,5860,914.57,credit_card,2025-11-13 12:00:00
6045,9851,5614.05,wire,2026-05-21 12:00:00
6046,9568,2145.36,invoice,2026-04-11 12:00:00
6047,3162,2303.2,invoice,2025-07-08 12:00:00
6048,2631,4099.35,invoice,2025-07-03 12:00:00
6049,7966,585.43,ach,2026-02-06 12:00:00
6050,10873,2259.65,credit_card,2026-06-26 12:00:00
6051,8541,3994.39,invoice,2026-03-14 12:00:00
6052,11457,691.98,wire,2026-07-24 12:00:00
6053,1204,2472.48,invoice,2025-03-21 12:00:00
6054,10053,118.04,credit_card,2026-05-31 12:00:00
6055,617,3781.32,credit_card,2025-02-05 12:00:00
6056,1927,2136.23,invoice,2025-05-30 12:00:00
6057,3115,1201.07,credit_card,2025-06-05 12:00:00
6058,2642,811.85,invoice,2025-06-17 12:00:00
6059,11449,242.12,ach,2026-07-22 12:00:00
6060,2563,519.8,credit_card,2025-07-02 12:00:00
6061,6699,4752.55,invoice,2026-01-01 12:00:00
6062,2729,3730.9,wire,2025-06-07 12:00:00
6063,5729,1246.33,wire,2025-12-02 12:00:00
6064,6308,2268.05,credit_card,2025-11-23 12:00:00
6065,10141,3292.63,credit_card,2026-05-29 12:00:00
6066,6642,1828.29,invoice,2025-12-21 12:00:00
6067,2127,1489.6,ach,2025-05-23 12:00:00
6068,7672,688.92,ach,2026-01-05 12:00:00
6069,11602,2109.96,credit_card,2026-08-10 12:00:00
6070,10515,4722.41,invoice,2026-06-19 12:00:00
6071,8102,1443.27,credit_card,2026-02-14 12:00:00
6072,806,1019.17,wire,2025-03-16 12:00:00
6073,4695,2186.04,invoice,2025-09-18 12:00:00
6074,12650,187.83,wire,2026-09-08 12:00:00
6075,7647,3337.8,invoice,2026-01-07 12:00:00
6076,12681,3575.68,wire,2026-09-08 12:00:00
6077,3141,688.94,invoice,2025-07-25 12:00:00
6078,4281,2932.39,ach,2025-08-17 12:00:00
6079,5339,1317.02,ach,2025-10-06 12:00:00
6080,9647,1298.6,invoice,2026-05-02 12:00:00
6081,567,4122.94,invoice,2025-02-16 12:00:00
6082,6527,4015.08,ach,2025-12-06 12:00:00
6083,548,4008.78,credit_card,2025-02-04 12:00:00
6084,27,1520.07,invoice,2025-02-23 12:00:00
6085,10554,2431.86,credit_card,2026-06-03 12:00:00
6086,3919,2400.01,credit_card,2025-08-26 12:00:00
6087,4487,3949.75,credit_card,2025-09-06 12:00:00
6088,7365,1623.96,wire,2026-02-01 12:00:00
6089,5399,5042.02,wire,2025-10-29 12:00:00
6090,8833,2358.87,credit_card,2026-03-29 12:00:00
6091,6596,2769.82,ach,2025-12-10 12:00:00
6092,1222,2551.72,wire,2025-03-27 12:00:00
6093,8171,332.87,ach,2026-02-16 12:00:00
6094,2549,4752.84,credit_card,2025-06-24 12:00:00
6095,12098,6446.84,ach,2026-08-12 12:00:00
6096,438,3951.45,invoice,2025-02-11 12:00:00
6097,9705,3924.56,credit_card,2026-05-08 12:00:00
6098,10810,3507.78,ach,2026-06-08 12:00:00
6099,8560,1846.58,credit_card,2026-03-08 12:00:00
6100,1862,3481.83,invoice,2025-04-06 12:00:00
6101,2700,4236.44,credit_card,2025-07-02 12:00:00
6102,10897,3776.3,ach,2026-06-26 12:00:00
6103,10681,128.96,credit_card,2026-06-26 12:00:00
6104,2482,2834.7,wire,2025-05-18 12:00:00
6105,8471,2715.58,ach,2026-03-29 12:00:00
6106,10771,2199.06,credit_card,2026-06-08 12:00:00
6107,2707,2477.86,wire,2025-06-19 12:00:00
6108,7173,2642.34,wire,2026-01-03 12:00:00
6109,327,688.92,credit_card,2025-02-21 12:00:00
6110,5136,1618.06,wire,2025-11-03 12:00:00
6111,5326,1509.85,wire,2025-10-03 12:00:00
6112,2500,519.94,credit_card,2025-05-18 12:00:00
6113,1005,1268.78,ach,2025-03-20 12:00:00
6114,11740,4306.41,credit_card,2026-08-15 12:00:00
6115,7476,2497.23,credit_card,2026-01-22 12:00:00
6116,11450,293.96,credit_card,2026-07-15 12:00:00
6117,4012,1785.65,invoice,2025-08-12 12:00:00
6118,11419,1814.44,credit_card,2026-07-27 12:00:00
6119,535,196.07,credit_card,2025-02-13 12:00:00
6120,3771,2987.11,credit_card,2025-08-03 12:00:00
6121,3961,1351.54,ach,2025-09-01 12:00:00
6122,11858,639.21,wire,2026-08-08 12:00:00
6123,586,1097.26,ach,2025-02-17 12:00:00
6124,10523,3224.42,invoice,2026-06-07 12:00:00
6125,8964,1076.12,invoice,2026-04-01 12:00:00
6126,7252,2323.8,invoice,2025-12-23 12:00:00
6127,5800,4049.25,invoice,2025-11-14 12:00:00
6128,7031,5299.32,ach,2025-12-25 12:00:00
6129,12485,4005.92,credit_card,2026-09-23 12:00:00
6130,492,2550.24,ach,2025-02-20 12:00:00
6131,10181,1309.06,credit_card,2026-06-05 12:00:00
6132,9417,1371.69,ach,2026-04-23 12:00:00
6133,7827,1457.34,ach,2026-02-11 12:00:00
6134,6474,1010.0,invoice,2026-01-03 12:00:00
6135,7717,1494.16,ach,2026-01-31 12:00:00
6136,10032,1817.62,credit_card,2026-05-13 12:00:00
6137,3549,1538.38,credit_card,2025-07-08 12:00:00
6138,11684,1587.45,wire,2026-08-20 12:00:00
6139,1917,3455.12,wire,2025-05-12 12:00:00
6140,3186,792.46,ach,2025-07-20 12:00:00
6141,10131,1926.86,invoice,2026-05-28 12:00:00
6142,1911,4585.82,invoice,2025-05-18 12:00:00
6143,4035,3800.82,credit_card,2025-08-07 12:00:00
6144,6943,1539.74,invoice,2025-12-27 12:00:00
6145,1134,317.52,invoice,2025-03-03 12:00:00
6146,8314,2039.43,wire,2026-02-25 12:00:00
6147,9428,5284.1,credit_card,2026-04-11 12:00:00
6148,2519,4538.64,credit_card,2025-06-20 12:00:00
6149,9188,2461.65,invoice,2026-05-02 12:00:00
6150,1318,1392.6,invoice,2025-04-06 12:00:00
6151,4369,909.8,invoice,2025-08-24 12:00:00
6152,122,3339.53,wire,2025-02-14 12:00:00
6153,9792,4690.4,wire,2026-05-19 12:00:00
6154,2450,159.18,invoice,2025-05-30 12:00:00
6155,8117,897.89,invoice,2026-02-27 12:00:00
6156,5663,2742.75,ach,2025-11-17 12:00:00
6157,6081,1876.19,wire,2025-11-19 12:00:00
6158,7091,445.64,ach,2025-12-17 12:00:00
6159,2602,1943.38,invoice,2025-06-24 12:00:00
6160,1523,1189.54,credit_card,2025-04-30 12:00:00
6161,3485,3740.3,wire,2025-07-18 12:00:00
6162,2174,1588.52,credit_card,2025-05-21 12:00:00
6163,3284,3097.16,credit_card,2025-07-30 12:00:00
6164,4555,1606.6,ach,2025-09-11 12:00:00
6165,3606,566.48,ach,2025-07-21 12:00:00
6166,11008,431.32,wire,2026-07-13 12:00:00
6167,9571,2386.43,ach,2026-04-13 12:00:00
6168,6342,2253.27,ach,2025-11-09 12:00:00
6169,11585,2653.0,invoice,2026-09-02 12:00:00
6170,3769,667.76,wire,2025-09-01 12:00:00
6171,7775,3857.41,ach,2026-01-27 12:00:00
6172,11664,236.08,credit_card,2026-08-22 12:00:00
6173,4039,492.54,wire,2025-08-17 12:00:00
6174,3503,1892.12,credit_card,2025-08-01 12:00:00
6175,1408,1603.08,ach,2025-05-01 12:00:00
6176,4632,1131.76,invoice,2025-09-18 12:00:00
6177,7415,859.38,credit_card,2026-01-24 12:00:00
6178,7542,125.86,wire,2026-01-06 12:00:00
6179,4936,3126.21,credit_card,2025-09-11 12:00:00
6180,7992,298.03,wire,2026-02-17 12:00:00
6181,12576,6435.1,credit_card,2026-09-15 12:00:00
6182,6875,3489.96,credit_card,2025-12-04 12:00:00
6183,2580,2962.2,ach,2025-06-03 12:00:00
6184,8132,1440.88,ach,2026-02-10 12:00:00
6185,3270,3069.15,ach,2025-07-08 12:00:00
6186,12210,2561.97,credit_card,2026-09-15 12:00:00
6187,1868,4512.58,ach,2025-04-10 12:00:00
6188,5551,2173.5,invoice,2025-10-08 12:00:00
6189,6863,3320.86,invoice,2025-12-08 12:00:00
6190,12664,1947.6,wire,2026-09-12 12:00:00
6191,6761,1599.98,credit_card,2025-12-26 12:00:00
6192,2522,4622.89,credit_card,2025-06-13 12:00:00
6193,7272,2574.31,ach,2025-12-04 12:00:00
6194,1821,3549.0,invoice,2025-05-03 12:00:00
6195,7309,5192.36,credit_card,2025-12-17 12:00:00
6196,52,1419.09,credit_card,2025-02-08 12:00:00
6197,3889,4951.28,wire,2025-08-31 12:00:00
6198,5188,2190.29,credit_card,2025-10-10 12:00:00
6199,12672,87.6,ach,2026-09-23 12:00:00
6200,3578,3020.79,credit_card,2025-07-05 12:00:00
6201,4566,1976.1,invoice,2025-09-24 12:00:00
6202,8294,1179.43,wire,2026-02-02 12:00:00
6203,7349,4167.05,wire,2026-01-07 12:00:00
6204,12150,3818.67,credit_card,2026-08-29 12:00:00
6205,6976,4847.45,ach,2025-12-06 12:00:00
6206,1859,2764.92,invoice,2025-04-17 12:00:00
6207,3780,605.98,invoice,2025-08-05 12:00:00
6208,12181,966.63,ach,2026-09-25 12:00:00
6209,4962,1041.74,wire,2025-09-17 12:00:00
6210,2810,472.3,invoice,2025-06-13 12:00:00
6211,12147,2475.31,ach,2026-09-03 12:00:00
6212,8061,843.73,wire,2026-02-10 12:00:00
6213,9181,2077.35,ach,2026-04-17 12:00:00
6214,11785,1919.61,wire,2026-08-12 12:00:00
6215,5199,6050.21,wire,2025-10-03 12:00:00
6216,8019,3159.2,credit_card,2026-02-11 12:00:00
6217,426,3922.79,ach,2025-02-22 12:00:00
6218,4285,3029.33,wire,2025-08-27 12:00:00
6219,8691,3039.43,wire,2026-03-14 12:00:00
6220,7132,2690.1,ach,2025-12-15 12:00:00
6221,229,6231.65,ach,2025-02-16 12:00:00
6222,8344,171.27,credit_card,2026-02-27 12:00:00
6223,2742,1530.74,credit_card,2025-06-04 12:00:00
6224,5138,2703.53,invoice,2025-10-08 12:00:00
6225,11172,578.38,wire,2026-07-21 12:00:00
6226,7755,3632.33,invoice,2026-01-23 12:00:00
6227,6754,1901.81,ach,2025-12-16 12:00:00
6228,7996,2060.55,credit_card,2026-02-25 12:00:00
6229,2922,1917.63,invoice,2025-06-21 12:00:00
6230,6002,4005.21,wire,2025-11-13 12:00:00
6231,5719,2050.72,invoice,2025-11-28 12:00:00
6232,8716,6710.51,credit_card,2026-03-17 12:00:00
6233,5584,842.86,ach,2025-10-26 12:00:00
6234,10767,782.98,ach,2026-06-29 12:00:00
6235,3654,922.64,credit_card,2025-07-12 12:00:00
6236,7473,50.29,invoice,2026-01-05 12:00:00
6237,6715,3839.31,ach,2026-01-01 12:00:00
6238,1129,1002.68,invoice,2025-03-02 12:00:00
6239,8250,936.58,credit_card,2026-02-16 12:00:00
6240,2332,4974.83,credit_card,2025-05-10 12:00:00
6241,2209,2764.53,invoice,2025-05-07 12:00:00
6242,8889,2465.84,credit_card,2026-03-25 12:00:00
6243,11361,5303.17,invoice,2026-07-13 12:00:00
6244,6889,2121.3,invoice,2025-12-29 12:00:00
6245,3154,2027.19,credit_card,2025-07-12 12:00:00
6246,12023,189.03,wire,2026-08-28 12:00:00
6247,11958,3111.64,wire,2026-08-08 12:00:00
6248,10117,3650.99,ach,2026-05-29 12:00:00
6249,12276,1417.83,ach,2026-09-27 12:00:00
6250,6241,2526.55,wire,2025-12-01 12:00:00
6251,4991,1159.43,invoice,2025-09-17 12:00:00
6252,2375,4324.44,invoice,2025-05-24 12:00:00
6253,1633,820.65,invoice,2025-04-11 12:00:00
6254,7916,1322.56,ach,2026-02-05 12:00:00
6255,2299,2160.39,wire,2025-05-17 12:00:00
6256,10997,1148.57,credit_card,2026-07-30 12:00:00
6257,4253,769.41,credit_card,2025-08-11 12:00:00
6258,10331,5658.61,credit_card,2026-06-30 12:00:00
6259,2722,4075.62,credit_card,2025-06-03 12:00:00
6260,12213,5383.31,wire,2026-09-25 12:00:00
6261,6852,7341.93,wire,2025-12-07 12:00:00
6262,12634,3184.18,ach,2026-09-08 12:00:00
6263,10005,3547.72,wire,2026-05-26 12:00:00
6264,1737,1706.97,wire,2025-04-29 12:00:00
6265,6316,3267.89,invoice,2025-11-23 12:00:00
6266,9483,4496.39,ach,2026-04-12 12:00:00
6267,5737,1672.3,ach,2025-11-09 12:00:00
6268,12599,3197.32,wire,2026-09-20 12:00:00
6269,10348,2255.39,credit_card,2026-06-16 12:00:00
6270,5095,5312.72,ach,2025-10-16 12:00:00
6271,2641,2810.2,wire,2025-06-21 12:00:00
6272,10293,2645.37,invoice,2026-06-21 12:00:00
6273,8514,604.64,wire,2026-03-22 12:00:00
6274,7172,2525.14,invoice,2025-12-05 12:00:00
6275,8616,4181.75,wire,2026-03-09 12:00:00
6276,10385,406.78,wire,2026-06-18 12:00:00
6277,2551,3630.1,wire,2025-06-06 12:00:00
6278,6930,2980.85,wire,2025-12-16 12:00:00
6279,12293,589.19,wire,2026-09-12 12:00:00
6280,939,3199.53,credit_card,2025-03-24 12:00:00
6281,8271,3883.03,credit_card,2026-02-19 12:00:00
6282,12010,1394.03,invoice,2026-08-14 12:00:00
6283,12731,4227.66,ach,2026-09-15 12:00:00
6284,12425,1827.89,invoice,2026-09-18 12:00:00
6285,4853,3987.5,invoice,2025-09-07 12:00:00
6286,2645,4406.23,credit_card,2025-06-26 12:00:00
6287,11163,5063.23,wire,2026-07-15 12:00:00
6288,3166,239.62,invoice,2025-07-14 12:00:00
6289,3640,3877.39,wire,2025-07-21 12:00:00
6290,5070,1299.06,wire,2025-10-24 12:00:00
6291,11593,3250.39,ach,2026-08-23 12:00:00
6292,4488,310.1,wire,2025-09-10 12:00:00
6293,2062,334.23,ach,2025-05-19 12:00:00
6294,4646,3058.08,wire,2025-09-12 12:00:00
6295,8376,604.6,invoice,2026-02-25 12:00:00
6296,2813,1868.68,credit_card,2025-07-02 12:00:00
6297,11985,981.27,invoice,2026-08-19 12:00:00
6298,11032,4353.83,invoice,2026-07-26 12:00:00
6299,12354,862.83,credit_card,2026-09-08 12:00:00
6300,11792,5095.71,credit_card,2026-08-29 12:00:00
6301,2550,3049.7,credit_card,2025-06-08 12:00:00
6302,10320,3866.68,invoice,2026-06-30 12:00:00
6303,7909,2189.76,credit_card,2026-02-12 12:00:00
6304,12449,1723.5,credit_card,2026-09-12 12:00:00
6305,9290,2903.84,credit_card,2026-04-29 12:00:00
6306,4175,1787.35,wire,2025-08-08 12:00:00
6307,9970,2973.9,invoice,2026-05-01 12:00:00
6308,11182,2436.14,credit_card,2026-07-23 12:00:00
6309,1025,2438.68,wire,2025-03-06 12:00:00
6310,4849,4269.07,invoice,2025-09-06 12:00:00
6311,6581,337.82,ach,2025-12-17 12:00:00
6312,11369,2977.52,credit_card,2026-07-15 12:00:00
6313,1952,2019.96,ach,2025-05-13 12:00:00
6314,8152,1155.56,wire,2026-02-03 12:00:00
6315,352,1444.7,invoice,2025-02-23 12:00:00
6316,10196,1692.22,credit_card,2026-05-13 12:00:00
6317,10087,6502.25,invoice,2026-05-09 12:00:00
6318,5481,3341.14,ach,2025-10-19 12:00:00
6319,10034,5319.44,invoice,2026-05-07 12:00:00
6320,4798,1564.01,wire,2025-09-18 12:00:00
6321,6374,5134.93,credit_card,2025-11-11 12:00:00
6322,3663,3765.44,wire,2025-07-28 12:00:00
6323,8204,3116.44,wire,2026-02-14 12:00:00
6324,4658,5716.78,invoice,2025-09-14 12:00:00
6325,10861,2924.2,ach,2026-06-05 12:00:00
6326,3151,1409.2,credit_card,2025-07-11 12:00:00
6327,8993,1304.49,ach,2026-03-24 12:00:00
6328,7845,1059.95,invoice,2026-02-22 12:00:00
6329,4814,1432.62,credit_card,2025-09-21 12:00:00
6330,6626,1857.71,ach,2025-12-09 12:00:00
6331,5970,1260.12,ach,2025-11-06 12:00:00
6332,12410,428.52,invoice,2026-09-12 12:00:00
6333,5144,929.07,invoice,2025-10-14 12:00:00
6334,2940,1559.26,invoice,2025-06-12 12:00:00
6335,7803,4732.3,wire,2026-03-02 12:00:00
6336,4511,4518.65,credit_card,2025-09-19 12:00:00
6337,1341,3720.21,credit_card,2025-04-05 12:00:00
6338,11972,3818.07,invoice,2026-08-08 12:00:00
6339,1392,2167.1,invoice,2025-04-13 12:00:00
6340,11232,3805.44,wire,2026-07-15 12:00:00
6341,7750,4848.8,wire,2026-01-04 12:00:00
6342,9924,3996.1,ach,2026-05-05 12:00:00
6343,9307,978.07,ach,2026-04-27 12:00:00
6344,7950,1002.68,invoice,2026-02-19 12:00:00
6345,7210,493.81,ach,2025-12-10 12:00:00
6346,6147,2479.14,credit_card,2025-11-23 12:00:00
6347,1584,2619.97,invoice,2025-04-06 12:00:00
6348,1413,4615.01,ach,2025-04-12 12:00:00
6349,6735,1712.24,ach,2025-12-07 12:00:00
6350,11178,3538.14,ach,2026-07-27 12:00:00
6351,2257,812.38,ach,2025-05-19 12:00:00
6352,9472,236.74,wire,2026-04-13 12:00:00
6353,9437,971.33,invoice,2026-04-27 12:00:00
6354,7040,2855.35,invoice,2025-12-23 12:00:00
6355,2213,2954.81,invoice,2025-05-20 12:00:00
6356,5604,3768.54,ach,2025-10-15 12:00:00
6357,2623,461.32,invoice,2025-06-26 12:00:00
6358,9843,1432.68,wire,2026-05-27 12:00:00
6359,6005,1673.2,wire,2025-11-04 12:00:00
6360,5418,3152.73,credit_card,2025-10-17 12:00:00
6361,4939,3389.11,invoice,2025-09-26 12:00:00
6362,9341,1203.62,invoice,2026-04-21 12:00:00
6363,3625,940.78,wire,2025-07-25 12:00:00
6364,10158,1733.53,ach,2026-05-22 12:00:00
6365,4268,353.15,invoice,2025-08-14 12:00:00
6366,11469,3993.03,invoice,2026-07-21 12:00:00
6367,464,3562.94,ach,2025-02-06 12:00:00
6368,1755,1453.92,wire,2025-04-17 12:00:00
6369,9836,1143.25,credit_card,2026-05-12 12:00:00
6370,7519,2411.4,invoice,2026-01-18 12:00:00
6371,5639,1408.32,invoice,2025-11-27 12:00:00
6372,7208,4274.64,ach,2025-12-09 12:00:00
6373,6609,2726.51,wire,2025-12-28 12:00:00
6374,11135,3454.86,invoice,2026-07-22 12:00:00
6375,379,1852.71,invoice,2025-02-11 12:00:00
6376,3107,1422.45,credit_card,2025-06-24 12:00:00
6377,4804,6841.51,wire,2025-09-21 12:00:00
6378,1336,1981.14,ach,2025-04-21 12:00:00
6379,11238,3005.78,ach,2026-07-16 12:00:00
6380,12388,5142.47,wire,2026-09-15 12:00:00
6381,2717,4945.61,ach,2025-06-05 12:00:00
6382,11941,2570.52,credit_card,2026-08-22 12:00:00
6383,11934,3655.38,wire,2026-08-25 12:00:00
6384,5447,2362.42,invoice,2025-10-14 12:00:00
6385,8772,4681.82,wire,2026-03-27 12:00:00
6386,7926,2211.27,wire,2026-02-21 12:00:00
6387,11902,2179.2,credit_card,2026-08-29 12:00:00
6388,1812,3358.36,credit_card,2025-04-05 12:00:00
6389,6323,2077.87,wire,2025-11-13 12:00:00
6390,8170,1380.92,invoice,2026-02-17 12:00:00
6391,8774,2312.1,ach,2026-03-31 12:00:00
6392,1895,4671.55,credit_card,2025-05-28 12:00:00
6393,10000,5101.94,invoice,2026-05-19 12:00:00
6394,7170,3939.15,ach,2025-12-06 12:00:00
6395,9962,4051.63,invoice,2026-05-06 12:00:00
6396,8255,2427.45,invoice,2026-02-16 12:00:00
6397,6222,3812.04,wire,2025-11-28 12:00:00
6398,7392,5804.18,credit_card,2026-01-29 12:00:00
6399,1190,2281.91,ach,2025-03-20 12:00:00
6400,5195,1813.07,credit_card,2025-10-20 12:00:00
6401,8551,1304.69,invoice,2026-03-18 12:00:00
6402,7702,5484.48,invoice,2026-01-06 12:00:00
6403,6568,863.85,invoice,2025-12-29 12:00:00
6404,3455,1069.68,ach,2025-07-13 12:00:00
6405,8432,606.4,credit_card,2026-03-19 12:00:00
6406,7464,300.43,invoice,2026-01-24 12:00:00
6407,6552,1078.09,invoice,2026-01-03 12:00:00
6408,12337,3039.7,invoice,2026-09-03 12:00:00
6409,6570,1871.99,credit_card,2025-12-13 12:00:00
6410,9805,3193.65,credit_card,2026-05-29 12:00:00
6411,9089,460.94,credit_card,2026-04-03 12:00:00
6412,9531,438.46,credit_card,2026-04-28 12:00:00
6413,4614,151.15,invoice,2025-09-25 12:00:00
6414,3993,1612.16,credit_card,2025-08-11 12:00:00
6415,11817,364.86,credit_card,2026-09-03 12:00:00
6416,1031,548.08,credit_card,2025-03-18 12:00:00
6417,7614,4078.18,credit_card,2026-01-19 12:00:00
6418,2221,5630.07,credit_card,2025-05-09 12:00:00
6419,3775,672.15,credit_card,2025-08-15 12:00:00
6420,9072,913.26,credit_card,2026-04-05 12:00:00
6421,9902,3273.8,wire,2026-05-15 12:00:00
6422,1756,4347.56,invoice,2025-04-19 12:00:00
6423,8053,2455.27,wire,2026-02-20 12:00:00
6424,12067,2835.21,ach,2026-08-13 12:00:00
6425,8956,5793.0,ach,2026-03-27 12:00:00
6426,4328,620.16,invoice,2025-08-02 12:00:00
6427,10913,4256.97,invoice,2026-08-02 12:00:00
6428,111,4357.46,ach,2025-02-13 12:00:00
6429,12459,675.35,credit_card,2026-09-29 12:00:00
6430,9482,3039.93,wire,2026-04-11 12:00:00
6431,5732,221.63,invoice,2025-11-07 12:00:00
6432,2918,3062.65,ach,2025-06-08 12:00:00
6433,10731,1406.81,credit_card,2026-06-11 12:00:00
6434,11640,977.29,invoice,2026-08-17 12:00:00
6435,6327,1689.07,credit_card,2025-11-15 12:00:00
6436,1516,597.56,invoice,2025-04-24 12:00:00
6437,12069,1449.47,credit_card,2026-09-01 12:00:00
6438,11774,4443.68,ach,2026-08-19 12:00:00
6439,11567,155.04,invoice,2026-08-17 12:00:00
6440,12195,2358.62,credit_card,2026-09-25 12:00:00
6441,2264,3176.22,wire,2025-05-06 12:00:00
6442,12414,923.94,credit_card,2026-09-20 12:00:00
6443,6862,1334.8,wire,2025-12-16 12:00:00
6444,10847,371.36,credit_card,2026-07-02 12:00:00
6445,12401,435.88,ach,2026-09-13 12:00:00
6446,894,3916.04,credit_card,2025-04-04 12:00:00
6447,1491,167.48,wire,2025-04-03 12:00:00
6448,1851,70.69,invoice,2025-04-06 12:00:00
6449,9388,1360.67,credit_card,2026-04-04 12:00:00
6450,8224,2663.8,wire,2026-02-11 12:00:00
6451,325,3111.97,invoice,2025-02-05 12:00:00
6452,1216,10097.38,invoice,2025-03-24 12:00:00
6453,2934,2942.25,wire,2025-06-20 12:00:00
6454,4690,3148.57,wire,2025-09-26 12:00:00
6455,9460,2070.98,ach,2026-04-13 12:00:00
6456,9172,832.31,invoice,2026-04-06 12:00:00
6457,11188,1962.65,ach,2026-07-15 12:00:00
6458,11729,4120.67,wire,2026-08-07 12:00:00
6459,12426,3040.11,invoice,2026-09-10 12:00:00
6460,1130,4396.78,invoice,2025-03-30 12:00:00
6461,10388,4314.03,wire,2026-06-24 12:00:00
6462,2919,1970.52,invoice,2025-06-05 12:00:00
6463,12510,2009.65,wire,2026-09-22 12:00:00
6464,3085,2709.63,ach,2025-06-19 12:00:00
6465,4589,1944.25,invoice,2025-09-12 12:00:00
6466,4305,1600.38,invoice,2025-08-05 12:00:00
6467,2796,939.15,invoice,2025-06-23 12:00:00
6468,6516,4406.46,ach,2025-12-22 12:00:00
6469,799,1044.83,credit_card,2025-03-04 12:00:00
6470,6233,6291.95,invoice,2025-12-04 12:00:00
6471,735,3671.52,invoice,2025-03-02 12:00:00
6472,6662,3878.83,credit_card,2025-12-10 12:00:00
6473,2245,1684.48,invoice,2025-05-02 12:00:00
6474,179,3664.84,ach,2025-02-28 12:00:00
6475,8847,2841.85,invoice,2026-04-01 12:00:00
6476,12660,371.5,invoice,2026-09-05 12:00:00
6477,1175,1978.57,wire,2025-03-15 12:00:00
6478,7746,4134.47,credit_card,2026-01-27 12:00:00
6479,8862,4615.12,credit_card,2026-03-18 12:00:00
6480,1832,5124.53,invoice,2025-04-22 12:00:00
6481,10830,6903.82,wire,2026-06-14 12:00:00
6482,7038,1772.09,ach,2025-12-15 12:00:00
6483,10262,339.71,wire,2026-05-13 12:00:00
6484,1782,469.05,ach,2025-04-19 12:00:00
6485,3202,750.8,credit_card,2025-07-10 12:00:00
6486,199,2327.69,invoice,2025-02-03 12:00:00
6487,12638,4384.58,invoice,2026-09-14 12:00:00
6488,10483,2460.88,ach,2026-06-14 12:00:00
6489,4088,1222.84,wire,2025-08-25 12:00:00
6490,5194,2430.62,invoice,2025-10-16 12:00:00
6491,549,1643.24,credit_card,2025-02-22 12:00:00
6492,3340,3436.01,ach,2025-07-22 12:00:00
6493,12051,4124.94,ach,2026-08-14 12:00:00
6494,7500,1528.89,credit_card,2026-01-05 12:00:00
6495,7458,946.3,wire,2026-01-24 12:00:00
6496,11543,3100.55,invoice,2026-08-21 12:00:00
6497,2533,5082.08,credit_card,2025-06-25 12:00:00
6498,12194,3132.84,credit_card,2026-09-14 12:00:00
6499,2315,2591.86,wire,2025-05-15 12:00:00
6500,10754,1567.82,invoice,2026-06-09 12:00:00
6501,10920,8187.32,ach,2026-08-02 12:00:00
6502,10535,4833.48,ach,2026-06-25 12:00:00
6503,12545,3475.28,wire,2026-09-12 12:00:00
6504,67,1639.53,credit_card,2025-02-11 12:00:00
6505,5128,2881.63,invoice,2025-10-08 12:00:00
6506,4713,775.2,ach,2025-09-20 12:00:00
6507,5215,2116.8,invoice,2025-10-18 12:00:00
6508,3261,2847.35,wire,2025-07-07 12:00:00
6509,5034,1028.73,wire,2025-10-20 12:00:00
6510,2573,881.88,ach,2025-06-16 12:00:00
6511,8736,1103.64,invoice,2026-03-06 12:00:00
6512,9453,3596.88,credit_card,2026-04-24 12:00:00
6513,623,2653.29,ach,2025-02-17 12:00:00
6514,1682,489.09,credit_card,2025-04-07 12:00:00
6515,7016,3505.98,invoice,2025-12-08 12:00:00
6516,788,5754.22,credit_card,2025-03-30 12:00:00
6517,3333,2101.92,ach,2025-07-12 12:00:00
6518,6391,1442.32,ach,2025-11-10 12:00:00
6519,7594,4469.45,invoice,2026-01-31 12:00:00
6520,6009,283.16,ach,2025-11-24 12:00:00
6521,10255,2738.29,wire,2026-05-08 12:00:00
6522,11173,2219.54,credit_card,2026-07-10 12:00:00
6523,3281,2207.28,invoice,2025-07-26 12:00:00
6524,7760,3718.0,wire,2026-01-10 12:00:00
6525,8994,2174.15,wire,2026-03-10 12:00:00
6526,11653,568.89,ach,2026-08-24 12:00:00
6527,9125,1462.98,invoice,2026-04-27 12:00:00
6528,6677,3880.34,invoice,2025-12-26 12:00:00
6529,11576,2487.55,invoice,2026-08-22 12:00:00
6530,516,18.64,ach,2025-02-07 12:00:00
6531,6159,1708.38,credit_card,2025-11-30 12:00:00
6532,479,2465.73,invoice,2025-02-01 12:00:00
6533,10334,2174.62,wire,2026-06-09 12:00:00
6534,8128,5521.11,wire,2026-02-28 12:00:00
6535,8740,2186.04,ach,2026-03-19 12:00:00
6536,2648,1727.55,ach,2025-06-25 12:00:00
6537,10474,87.7,credit_card,2026-06-08 12:00:00
6538,11747,2214.21,invoice,2026-09-01 12:00:00
6539,2041,1556.37,credit_card,2025-05-09 12:00:00
6540,1034,3644.72,wire,2025-03-18 12:00:00
6541,7681,2969.62,invoice,2026-02-05 12:00:00
6542,10347,2500.01,credit_card,2026-06-13 12:00:00
6543,2599,382.23,invoice,2025-06-18 12:00:00
6544,6787,5849.09,credit_card,2025-12-17 12:00:00
6545,6192,5685.12,ach,2025-11-10 12:00:00
6546,7965,8090.2,credit_card,2026-03-04 12:00:00
6547,11326,2395.37,credit_card,2026-07-28 12:00:00
6548,8655,3491.81,wire,2026-03-28 12:00:00
6549,7448,1624.48,ach,2026-01-09 12:00:00
6550,345,3649.72,invoice,2025-02-12 12:00:00
6551,5522,384.06,ach,2025-10-10 12:00:00
6552,6663,1864.84,wire,2025-12-29 12:00:00
6553,1872,2539.02,invoice,2025-04-17 12:00:00
6554,2978,384.06,invoice,2025-06-10 12:00:00
6555,8177,1030.71,ach,2026-02-07 12:00:00
6556,3987,1797.02,invoice,2025-08-20 12:00:00
6557,12278,1818.65,wire,2026-09-16 12:00:00
6558,2889,3909.03,ach,2025-06-06 12:00:00
6559,8588,4054.23,invoice,2026-03-14 12:00:00
6560,4624,1155.28,invoice,2025-09-24 12:00:00
6561,4819,679.21,wire,2025-09-20 12:00:00
6562,10864,463.08,credit_card,2026-06-17 12:00:00
6563,7516,3974.29,invoice,2026-01-14 12:00:00
6564,221,774.72,ach,2025-02-09 12:00:00
6565,11741,290.91,credit_card,2026-09-02 12:00:00
6566,7707,6790.68,wire,2026-01-06 12:00:00
6567,7886,1780.26,invoice,2026-02-26 12:00:00
6568,10629,3386.16,ach,2026-06-04 12:00:00
6569,7531,2468.66,invoice,2026-01-24 12:00:00
6570,9133,2392.55,credit_card,2026-04-09 12:00:00
6571,10360,951.84,wire,2026-06-16 12:00:00
6572,4017,1456.59,credit_card,2025-08-23 12:00:00
6573,7407,2066.42,invoice,2026-01-13 12:00:00
6574,4249,3799.41,ach,2025-08-12 12:00:00
6575,9779,1905.58,invoice,2026-05-18 12:00:00
6576,11690,1500.5,ach,2026-08-22 12:00:00
6577,10808,2294.67,invoice,2026-06-10 12:00:00
6578,10703,363.92,credit_card,2026-06-02 12:00:00
6579,5869,1875.29,wire,2025-12-01 12:00:00
6580,6488,1915.88,credit_card,2026-01-02 12:00:00
6581,9404,302.3,invoice,2026-04-13 12:00:00
6582,1265,1061.2,ach,2025-05-05 12:00:00
6583,8280,3650.3,credit_card,2026-02-07 12:00:00
6584,4242,6247.17,invoice,2025-08-26 12:00:00
6585,5651,3859.87,wire,2025-11-11 12:00:00
6586,6922,1481.84,ach,2025-12-06 12:00:00
6587,11613,6854.73,invoice,2026-08-25 12:00:00
6588,8010,3949.36,invoice,2026-02-19 12:00:00
6589,11728,4716.54,invoice,2026-09-01 12:00:00
6590,8675,255.57,invoice,2026-03-30 12:00:00
6591,12169,1299.5,invoice,2026-09-27 12:00:00
6592,2882,1819.25,invoice,2025-06-18 12:00:00
6593,1678,4128.51,credit_card,2025-04-13 12:00:00
6594,7049,713.08,wire,2025-12-26 12:00:00
6595,7182,2476.97,invoice,2026-01-02 12:00:00
6596,902,412.92,wire,2025-03-27 12:00:00
6597,12560,1722.14,invoice,2026-09-24 12:00:00
6598,2297,2907.78,wire,2025-05-22 12:00:00
6599,3403,5790.32,invoice,2025-07-31 12:00:00
6600,12475,267.1,credit_card,2026-09-19 12:00:00
6601,297,5157.72,wire,2025-02-14 12:00:00
6602,11218,243.79,ach,2026-07-28 12:00:00
6603,4154,2580.23,credit_card,2025-08-28 12:00:00
6604,10380,1978.86,wire,2026-07-01 12:00:00
6605,7183,944.3,invoice,2025-12-14 12:00:00
6606,28,2362.1,ach,2025-02-20 12:00:00
6607,7218,2209.96,wire,2025-12-16 12:00:00
6608,10789,2472.49,ach,2026-06-28 12:00:00
6609,3830,6252.6,ach,2025-08-16 12:00:00
6610,6245,2281.85,ach,2025-11-30 12:00:00
6611,11816,732.5,credit_card,2026-08-20 12:00:00
6612,6487,5247.52,invoice,2025-12-30 12:00:00
6613,3249,4517.18,credit_card,2025-07-26 12:00:00
6614,8417,281.16,wire,2026-03-13 12:00:00
6615,10116,3220.02,credit_card,2026-05-16 12:00:00
6616,4392,796.29,credit_card,2025-09-19 12:00:00
6617,2581,3525.06,credit_card,2025-06-04 12:00:00
6618,7212,4695.01,wire,2025-12-19 12:00:00
6619,9503,4442.25,ach,2026-04-05 12:00:00
6620,8687,1819.25,credit_card,2026-03-11 12:00:00
6621,1371,759.98,credit_card,2025-04-10 12:00:00
6622,12597,2702.15,invoice,2026-09-09 12:00:00
6623,10153,1845.98,ach,2026-05-23 12:00:00
6624,8332,2749.79,wire,2026-03-01 12:00:00
6625,5552,134.31,wire,2025-10-06 12:00:00
6626,7727,2201.07,wire,2026-02-03 12:00:00
6627,5255,1241.98,credit_card,2025-10-08 12:00:00
6628,682,4314.3,invoice,2025-03-28 12:00:00
6629,11892,538.06,ach,2026-08-10 12:00:00
6630,4776,322.45,invoice,2025-09-10 12:00:00
6631,5423,161.35,ach,2025-10-19 12:00:00
6632,3160,721.63,wire,2025-07-31 12:00:00
6633,9291,2660.05,wire,2026-04-17 12:00:00
6634,2988,3855.0,wire,2025-06-22 12:00:00
6635,4909,1233.27,invoice,2025-09-09 12:00:00
6636,1883,768.1,credit_card,2025-05-17 12:00:00
6637,6648,5446.46,invoice,2025-12-11 12:00:00
6638,11845,1307.65,invoice,2026-08-27 12:00:00
6639,1941,775.34,credit_card,2025-05-19 12:00:00
6640,3297,2494.31,wire,2025-07-27 12:00:00
6641,3535,2241.7,wire,2025-07-22 12:00:00
6642,7174,1491.27,wire,2025-12-09 12:00:00
6643,3730,2059.56,wire,2025-07-31 12:00:00
6644,491,491.29,invoice,2025-02-25 12:00:00
6645,5709,1952.27,ach,2025-11-18 12:00:00
6646,1182,1303.56,invoice,2025-03-19 12:00:00
6647,1376,567.09,credit_card,2025-04-07 12:00:00
6648,5015,4330.41,wire,2025-10-15 12:00:00
6649,8374,4480.67,wire,2026-02-19 12:00:00
6650,8026,3139.13,wire,2026-02-18 12:00:00
6651,627,1013.3,invoice,2025-03-17 12:00:00
6652,4759,4356.11,credit_card,2025-09-28 12:00:00
6653,11603,912.14,credit_card,2026-08-24 12:00:00
6654,2113,1276.64,credit_card,2025-05-29 12:00:00
6655,8823,3762.3,ach,2026-03-14 12:00:00
6656,9844,2338.15,wire,2026-05-09 12:00:00
6657,11554,1353.4,ach,2026-08-14 12:00:00
6658,1768,1013.38,ach,2025-05-03 12:00:00
6659,9372,5464.79,wire,2026-04-05 12:00:00
6660,4181,1289.88,wire,2025-08-16 12:00:00
6661,9675,1368.37,ach,2026-05-26 12:00:00
6662,6818,4029.02,ach,2025-12-04 12:00:00
6663,1463,952.21,invoice,2025-04-10 12:00:00
6664,6380,2996.85,ach,2025-11-04 12:00:00
6665,2888,479.55,ach,2025-07-01 12:00:00
6666,7221,2824.42,credit_card,2025-12-16 12:00:00
6667,685,7179.08,invoice,2025-03-20 12:00:00
6668,4540,3151.57,invoice,2025-09-15 12:00:00
6669,4515,1430.52,wire,2025-09-07 12:00:00
6670,12231,3377.28,credit_card,2026-09-26 12:00:00
6671,6454,2277.91,ach,2025-11-17 12:00:00
6672,10051,2308.27,credit_card,2026-05-14 12:00:00
6673,1367,1201.0,wire,2025-04-20 12:00:00
6674,3917,1090.57,invoice,2025-08-27 12:00:00
6675,12530,1895.47,wire,2026-09-13 12:00:00
6676,2640,1190.68,credit_card,2025-06-23 12:00:00
6677,12088,1616.68,wire,2026-08-11 12:00:00
6678,5603,679.11,wire,2025-10-28 12:00:00
6679,11529,1093.82,invoice,2026-08-08 12:00:00
6680,5730,527.45,credit_card,2025-11-23 12:00:00
6681,5731,850.36,invoice,2025-11-05 12:00:00
6682,10163,3953.0,credit_card,2026-05-26 12:00:00
6683,5297,2396.02,invoice,2025-10-20 12:00:00
6684,8837,3247.01,wire,2026-03-31 12:00:00
6685,2301,3079.88,ach,2025-05-21 12:00:00
6686,4788,1842.49,wire,2025-09-06 12:00:00
6687,2939,3990.82,invoice,2025-06-09 12:00:00
6688,5660,2000.39,ach,2025-11-29 12:00:00
6689,8732,1939.01,invoice,2026-03-28 12:00:00
6690,11058,1511.62,wire,2026-07-25 12:00:00
6691,8202,4292.02,ach,2026-02-07 12:00:00
6692,1980,140.58,invoice,2025-06-02 12:00:00
6693,5980,2121.19,wire,2025-11-29 12:00:00
6694,3804,791.35,invoice,2025-08-28 12:00:00
6695,4535,2679.73,wire,2025-09-09 12:00:00
6696,8628,3967.4,wire,2026-03-05 12:00:00
6697,10494,8143.03,invoice,2026-06-13 12:00:00
6698,10843,5586.92,invoice,2026-06-15 12:00:00
6699,8467,4555.55,wire,2026-03-18 12:00:00
6700,7751,4731.45,invoice,2026-01-30 12:00:00
6701,12011,2966.24,ach,2026-08-08 12:00:00
6702,4801,701.73,ach,2025-09-09 12:00:00
6703,2281,3495.39,wire,2025-05-05 12:00:00
6704,10975,1963.84,credit_card,2026-07-13 12:00:00
6705,9494,804.68,ach,2026-04-13 12:00:00
6706,6701,2492.72,invoice,2025-12-20 12:00:00
6707,4470,2387.8,invoice,2025-09-19 12:00:00
6708,5134,6584.77,ach,2025-10-31 12:00:00
6709,6682,1061.65,invoice,2025-12-07 12:00:00
6710,5429,6382.66,invoice,2025-10-14 12:00:00
6711,999,1756.06,credit_card,2025-03-10 12:00:00
6712,4131,1543.1,credit_card,2025-08-28 12:00:00
6713,5267,1303.85,ach,2025-10-16 12:00:00
6714,9007,302.32,ach,2026-03-09 12:00:00
6715,12535,1473.63,wire,2026-09-17 12:00:00
6716,1785,1964.89,ach,2025-04-19 12:00:00
6717,3183,293.96,wire,2025-07-10 12:00:00
6718,11068,3324.82,ach,2026-07-29 12:00:00
6719,495,3999.92,wire,2025-02-27 12:00:00
6720,7299,4380.73,invoice,2025-12-14 12:00:00
6721,9922,3818.75,invoice,2026-06-01 12:00:00
6722,6815,4533.94,wire,2025-12-28 12:00:00
6723,2861,7195.85,wire,2025-06-21 12:00:00
6724,2039,879.51,invoice,2025-05-24 12:00:00
6725,4042,8038.52,wire,2025-08-06 12:00:00
6726,9802,1749.73,invoice,2026-05-03 12:00:00
6727,2898,4263.61,wire,2025-06-17 12:00:00
6728,367,873.17,wire,2025-02-13 12:00:00
6729,850,3506.72,invoice,2025-03-14 12:00:00
6730,12443,2179.4,credit_card,2026-09-04 12:00:00
6731,7245,566.48,wire,2025-12-30 12:00:00
6732,8485,4485.47,wire,2026-03-24 12:00:00
6733,7039,3250.18,wire,2025-12-11 12:00:00
6734,2654,558.18,credit_card,2025-06-15 12:00:00
6735,3504,4144.33,invoice,2025-07-15 12:00:00
6736,9862,1509.56,credit_card,2026-05-30 12:00:00
6737,6096,566.06,credit_card,2025-12-01 12:00:00
6738,1542,2186.04,ach,2025-05-01 12:00:00
6739,11300,1186.4,ach,2026-07-16 12:00:00
6740,11318,4804.37,wire,2026-07-31 12:00:00
6741,323,2185.09,invoice,2025-02-17 12:00:00
6742,2032,455.65,wire,2025-06-03 12:00:00
6743,5090,2578.13,wire,2025-10-05 12:00:00
6744,7758,743.21,invoice,2026-01-28 12:00:00
6745,814,2264.82,invoice,2025-03-23 12:00:00
6746,2529,3454.39,wire,2025-06-02 12:00:00
6747,11977,492.54,invoice,2026-08-08 12:00:00
6748,7311,3418.48,invoice,2025-12-24 12:00:00
6749,6376,517.64,credit_card,2025-11-03 12:00:00
6750,6281,7356.41,invoice,2025-11-23 12:00:00
6751,11750,1743.29,invoice,2026-08-31 12:00:00
6752,10886,383.44,wire,2026-06-13 12:00:00
6753,5275,2004.07,wire,2025-10-28 12:00:00
6754,1080,2630.15,invoice,2025-03-06 12:00:00
6755,2227,1803.93,credit_card,2025-05-17 12:00:00
6756,9979,1455.28,ach,2026-05-09 12:00:00
6757,11669,6446.01,ach,2026-09-05 12:00:00
6758,3516,3964.03,wire,2025-08-03 12:00:00
6759,2706,3313.65,credit_card,2025-06-29 12:00:00
6760,9563,4373.91,wire,2026-04-19 12:00:00
6761,11255,6109.2,invoice,2026-08-02 12:00:00
6762,1165,4838.24,wire,2025-03-24 12:00:00
6763,3262,4447.31,wire,2025-07-14 12:00:00
6764,12078,4222.24,wire,2026-08-10 12:00:00
6765,6868,1347.06,wire,2025-12-07 12:00:00
6766,1451,908.8,ach,2025-04-26 12:00:00
6767,6127,1884.68,credit_card,2025-11-18 12:00:00
6768,4230,775.34,credit_card,2025-08-14 12:00:00
6769,8569,2174.06,ach,2026-03-31 12:00:00
6770,3863,1728.36,invoice,2025-08-17 12:00:00
6771,2937,621.25,invoice,2025-06-07 12:00:00
6772,10319,2054.98,credit_card,2026-06-27 12:00:00
6773,3918,909.8,invoice,2025-08-08 12:00:00
6774,5488,1478.42,credit_card,2025-10-15 12:00:00
6775,8014,1888.8,invoice,2026-02-17 12:00:00
6776,10408,957.99,credit_card,2026-06-08 12:00:00
6777,1724,3898.32,wire,2025-04-28 12:00:00
6778,9418,243.38,credit_card,2026-04-24 12:00:00
6779,7302,3159.48,invoice,2025-12-29 12:00:00
6780,7363,192.95,credit_card,2026-01-27 12:00:00
6781,4057,4710.82,invoice,2025-08-11 12:00:00
6782,12153,3096.79,wire,2026-09-02 12:00:00
6783,3000,4614.21,wire,2025-06-09 12:00:00
6784,8819,1624.85,wire,2026-03-15 12:00:00
6785,11514,1719.39,credit_card,2026-07-29 12:00:00
6786,1232,3789.83,invoice,2025-03-30 12:00:00
6787,1515,1525.97,wire,2025-04-04 12:00:00
6788,2314,2286.01,wire,2025-05-17 12:00:00
6789,9366,4053.7,credit_card,2026-04-25 12:00:00
6790,1452,1418.11,ach,2025-04-23 12:00:00
6791,10724,664.4,wire,2026-06-01 12:00:00
6792,7603,2251.11,wire,2026-01-10 12:00:00
6793,7285,3662.5,invoice,2025-12-15 12:00:00
6794,8762,3057.13,credit_card,2026-03-06 12:00:00
6795,12334,2637.25,wire,2026-09-29 12:00:00
6796,4322,1268.09,invoice,2025-08-25 12:00:00
6797,11709,2404.59,ach,2026-08-05 12:00:00
6798,839,918.83,wire,2025-03-09 12:00:00
6799,12668,4714.07,ach,2026-09-14 12:00:00
6800,6471,1966.72,invoice,2025-12-22 12:00:00
6801,12034,1960.14,invoice,2026-08-08 12:00:00
6802,10772,5602.87,credit_card,2026-06-21 12:00:00
6803,3900,2345.34,wire,2025-08-06 12:00:00
6804,10857,589.22,ach,2026-06-10 12:00:00
6805,3568,2895.08,invoice,2025-07-09 12:00:00
6806,12483,4633.47,ach,2026-10-01 12:00:00
6807,5453,1785.78,invoice,2025-10-23 12:00:00
6808,3088,2062.32,wire,2025-06-18 12:00:00
6809,8511,5707.32,ach,2026-03-11 12:00:00
6810,11041,4428.99,credit_card,2026-07-16 12:00:00
6811,4547,2981.5,wire,2025-10-04 12:00:00
6812,4693,557.06,ach,2025-09-15 12:00:00
6813,1715,6554.95,credit_card,2025-04-04 12:00:00
6814,7524,7415.66,wire,2026-01-20 12:00:00
6815,4271,7295.95,credit_card,2025-08-24 12:00:00
6816,340,5446.15,invoice,2025-02-13 12:00:00
6817,10729,1721.77,credit_card,2026-06-14 12:00:00
6818,4087,1719.93,invoice,2025-08-31 12:00:00
6819,6664,5597.5,credit_card,2025-12-17 12:00:00
6820,904,2969.09,wire,2025-03-09 12:00:00
6821,10391,1106.22,invoice,2026-06-17 12:00:00
6822,8040,2900.96,invoice,2026-02-07 12:00:00
6823,589,150.87,credit_card,2025-02-04 12:00:00
6824,3366,1910.24,wire,2025-07-30 12:00:00
6825,2671,2054.87,wire,2025-06-22 12:00:00
6826,5516,2756.75,wire,2025-11-01 12:00:00
6827,3590,5152.74,ach,2025-07-06 12:00:00
6828,35,228.67,invoice,2025-02-24 12:00:00
6829,29,945.27,invoice,2025-02-15 12:00:00
6830,2396,1290.47,ach,2025-05-09 12:00:00
6831,7326,2578.89,wire,2026-01-18 12:00:00
6832,11713,1524.45,ach,2026-08-18 12:00:00
6833,5507,1414.7,invoice,2025-10-27 12:00:00
6834,12719,4736.18,wire,2026-09-05 12:00:00
6835,2171,4031.01,invoice,2025-05-18 12:00:00
6836,11976,3525.81,ach,2026-08-29 12:00:00
6837,11878,7993.55,ach,2026-08-14 12:00:00
6838,890,1338.56,credit_card,2025-03-09 12:00:00
6839,3879,4009.06,credit_card,2025-08-03 12:00:00
6840,3323,195.19,ach,2025-07-13 12:00:00
6841,12003,2826.02,credit_card,2026-08-13 12:00:00
6842,3515,1837.64,credit_card,2025-07-29 12:00:00
6843,7943,2694.79,ach,2026-02-22 12:00:00
6844,10652,3595.57,invoice,2026-06-28 12:00:00
6845,5674,4023.42,wire,2025-11-13 12:00:00
6846,8820,3531.78,invoice,2026-03-08 12:00:00
6847,2775,1398.45,wire,2025-06-14 12:00:00
6848,6560,1927.6,invoice,2025-12-19 12:00:00
6849,3734,1373.88,invoice,2025-07-12 12:00:00
6850,9179,576.35,ach,2026-04-21 12:00:00
6851,12095,2346.64,invoice,2026-08-17 12:00:00
6852,9729,2152.75,wire,2026-05-31 12:00:00
6853,4529,1502.54,credit_card,2025-09-08 12:00:00
6854,1655,4497.14,invoice,2025-04-09 12:00:00
6855,4275,1653.07,ach,2025-08-05 12:00:00
6856,220,1721.95,credit_card,2025-02-19 12:00:00
6857,224,4143.22,ach,2025-02-07 12:00:00
6858,11013,1730.01,ach,2026-07-15 12:00:00
6859,10364,3904.86,credit_card,2026-06-09 12:00:00
6860,7266,3319.86,ach,2026-01-01 12:00:00
6861,5983,2434.32,wire,2025-11-24 12:00:00
6862,4240,2727.96,credit_card,2025-08-22 12:00:00
6863,5883,4460.86,credit_card,2025-11-30 12:00:00
6864,1591,968.23,invoice,2025-04-29 12:00:00
6865,8960,4230.54,credit_card,2026-03-19 12:00:00
6866,3257,3791.6,ach,2025-07-07 12:00:00
6867,12703,3466.77,credit_card,2026-09-06 12:00:00
6868,7581,4536.85,invoice,2026-01-21 12:00:00
6869,7815,4193.81,invoice,2026-02-24 12:00:00
6870,2182,4217.44,credit_card,2025-06-02 12:00:00
6871,8192,1072.91,wire,2026-02-24 12:00:00
6872,11877,364.86,ach,2026-08-21 12:00:00
6873,8049,2976.72,invoice,2026-03-01 12:00:00
6874,6166,2920.57,invoice,2025-11-14 12:00:00
6875,6104,2938.9,invoice,2025-11-28 12:00:00
6876,9691,2831.78,invoice,2026-05-13 12:00:00
6877,8157,1067.32,wire,2026-02-11 12:00:00
6878,11137,4198.68,wire,2026-07-04 12:00:00
6879,9538,3033.74,invoice,2026-04-21 12:00:00
6880,4818,1209.8,ach,2025-09-23 12:00:00
6881,12745,1013.38,credit_card,2026-09-28 12:00:00
6882,7601,4090.04,ach,2026-01-04 12:00:00
6883,6522,933.44,invoice,2025-12-16 12:00:00
6884,6508,4107.88,ach,2025-12-20 12:00:00
6885,1210,963.96,wire,2025-03-25 12:00:00
6886,7062,2649.67,credit_card,2025-12-19 12:00:00
6887,422,539.14,invoice,2025-02-20 12:00:00
6888,11171,4158.45,invoice,2026-07-23 12:00:00
6889,1707,1633.02,ach,2025-04-24 12:00:00
6890,1159,2013.48,wire,2025-03-18 12:00:00
6891,2307,3722.31,invoice,2025-05-11 12:00:00
6892,274,3078.73,ach,2025-02-19 12:00:00
6893,172,1814.79,credit_card,2025-02-13 12:00:00
6894,3957,3118.2,invoice,2025-08-30 12:00:00
6895,5607,2426.71,wire,2025-11-02 12:00:00
6896,8115,1112.83,credit_card,2026-02-19 12:00:00
6897,4866,1553.8,credit_card,2025-09-07 12:00:00
6898,11828,658.3,wire,2026-08-27 12:00:00
6899,3189,250.67,invoice,2025-07-11 12:00:00
6900,1726,2387.8,wire,2025-05-03 12:00:00
6901,12624,335.12,invoice,2026-09-17 12:00:00
6902,8711,2817.26,wire,2026-03-22 12:00:00
6903,1565,2638.29,ach,2025-04-28 12:00:00
6904,1783,3399.94,invoice,2025-04-23 12:00:00
6905,844,4083.95,invoice,2025-03-28 12:00:00
6906,11942,1732.24,wire,2026-08-09 12:00:00
6907,7453,3304.35,ach,2026-01-22 12:00:00
6908,905,2485.1,ach,2025-03-04 12:00:00
6909,3495,3370.26,wire,2025-08-01 12:00:00
6910,12364,1213.94,ach,2026-10-02 12:00:00
6911,8289,3445.55,invoice,2026-02-17 12:00:00
6912,1548,3473.07,credit_card,2025-04-16 12:00:00
6913,10662,3196.81,invoice,2026-06-12 12:00:00
6914,2081,1960.68,invoice,2025-05-22 12:00:00
6915,9758,3906.68,ach,2026-05-16 12:00:00
6916,9573,5471.86,wire,2026-04-11 12:00:00
6917,7361,6719.41,credit_card,2026-01-30 12:00:00
6918,3986,3561.0,ach,2025-08-18 12:00:00
6919,9241,1685.72,ach,2026-04-28 12:00:00
6920,11229,3819.93,ach,2026-07-17 12:00:00
6921,9098,1090.55,credit_card,2026-04-14 12:00:00
6922,9378,2389.19,ach,2026-04-07 12:00:00
6923,10469,88.02,ach,2026-06-10 12:00:00
6924,4678,1728.89,ach,2025-09-28 12:00:00
6925,6534,714.28,wire,2025-12-31 12:00:00
6926,3821,4627.12,invoice,2025-08-04 12:00:00
6927,5210,391.95,ach,2025-10-16 12:00:00
6928,2647,1152.86,wire,2025-07-01 12:00:00
6929,7298,2093.1,credit_card,2025-12-21 12:00:00
6930,9788,1247.47,ach,2026-05-29 12:00:00
6931,8279,740.71,ach,2026-02-28 12:00:00
6932,257,2436.59,ach,2025-02-02 12:00:00
6933,8422,2228.79,ach,2026-03-19 12:00:00
6934,11749,545.88,credit_card,2026-08-25 12:00:00
6935,4351,337.82,wire,2025-08-05 12:00:00
6936,10620,1178.16,wire,2026-06-10 12:00:00
6937,7604,1847.88,credit_card,2026-01-11 12:00:00
6938,5924,2343.92,credit_card,2025-11-10 12:00:00
6939,6366,4108.73,wire,2025-11-26 12:00:00
6940,9893,934.79,credit_card,2026-05-27 12:00:00
6941,2156,2554.9,credit_card,2025-05-26 12:00:00
6942,11994,3986.2,ach,2026-08-29 12:00:00
6943,11348,5820.64,invoice,2026-07-07 12:00:00
6944,6686,1720.04,credit_card,2025-12-08 12:00:00
6945,3716,3049.87,invoice,2025-07-25 12:00:00
6946,4058,1321.55,invoice,2025-08-15 12:00:00
6947,9355,2653.4,ach,2026-04-02 12:00:00
6948,10593,2796.59,credit_card,2026-07-03 12:00:00
6949,3623,305.52,credit_card,2025-07-03 12:00:00
6950,5649,4557.72,invoice,2025-11-21 12:00:00
6951,11055,2100.69,wire,2026-08-02 12:00:00
6952,6404,1552.71,invoice,2025-11-07 12:00:00
6953,3103,2409.27,invoice,2025-06-11 12:00:00
6954,559,6550.75,ach,2025-02-17 12:00:00
6955,7568,693.24,ach,2026-01-04 12:00:00
6956,12171,1997.85,invoice,2026-10-04 12:00:00
6957,1437,3684.81,wire,2025-04-14 12:00:00
6958,508,6458.46,ach,2025-02-02 12:00:00
6959,5276,1719.49,ach,2025-10-28 12:00:00
6960,4473,620.16,invoice,2025-09-10 12:00:00
6961,1870,2502.96,wire,2025-04-24 12:00:00
6962,5664,1309.02,invoice,2025-11-26 12:00:00
6963,7308,3211.79,invoice,2025-12-11 12:00:00
6964,5931,4523.15,invoice,2025-11-06 12:00:00
6965,12102,2596.01,ach,2026-08-24 12:00:00
6966,756,6000.33,credit_card,2025-03-09 12:00:00
6967,8304,3254.14,credit_card,2026-02-13 12:00:00
6968,2340,2657.3,invoice,2025-05-17 12:00:00
6969,4051,3037.02,wire,2025-08-18 12:00:00
6970,8414,970.33,wire,2026-03-30 12:00:00
6971,3837,3965.1,invoice,2025-08-11 12:00:00
6972,4387,621.43,ach,2025-10-02 12:00:00
6973,6333,400.77,invoice,2025-11-14 12:00:00
6974,12464,4126.5,invoice,2026-09-02 12:00:00
6975,6622,665.74,wire,2025-12-27 12:00:00
6976,2119,2193.26,wire,2025-05-12 12:00:00
6977,10720,974.78,invoice,2026-06-30 12:00:00
6978,730,1550.68,invoice,2025-04-02 12:00:00
6979,502,3011.62,ach,2025-02-13 12:00:00
6980,7090,2851.35,invoice,2025-12-20 12:00:00
6981,644,831.02,credit_card,2025-03-18 12:00:00
6982,8145,2319.5,wire,2026-03-01 12:00:00
6983,1540,2653.4,credit_card,2025-04-27 12:00:00
6984,11695,1959.65,credit_card,2026-08-31 12:00:00
6985,1212,2732.55,credit_card,2025-03-08 12:00:00
6986,9431,4175.09,invoice,2026-04-26 12:00:00
6987,11649,3229.57,ach,2026-08-22 12:00:00
6988,673,1556.62,ach,2025-03-23 12:00:00
6989,4916,2616.87,invoice,2025-09-28 12:00:00
6990,6107,1818.7,ach,2025-11-04 12:00:00
6991,7175,2016.84,ach,2025-12-13 12:00:00
6992,3378,1803.46,credit_card,2025-07-11 12:00:00
6993,4477,1811.33,ach,2025-09-21 12:00:00
6994,5616,4767.44,wire,2025-10-10 12:00:00
6995,11225,1578.79,ach,2026-07-14 12:00:00
6996,1465,995.6,invoice,2025-04-07 12:00:00
6997,4746,1455.11,invoice,2025-09-19 12:00:00
6998,11390,326.45,credit_card,2026-07-24 12:00:00
6999,1193,3790.05,ach,2025-04-01 12:00:00
7000,3794,4044.13,invoice,2025-09-05 12:00:00
7001,1873,1976.2,wire,2025-04-25 12:00:00
7002,3591,1118.9,wire,2025-07-24 12:00:00
7003,6361,1565.46,invoice,2025-11-12 12:00:00
7004,3159,701.89,wire,2025-08-05 12:00:00
7005,10318,399.76,wire,2026-06-20 12:00:00
7006,506,1709.44,wire,2025-02-22 12:00:00
7007,244,3730.88,wire,2025-02-12 12:00:00
7008,6720,1628.92,invoice,2025-12-30 12:00:00
7009,5679,1766.81,wire,2025-11-22 12:00:00
7010,507,2903.49,credit_card,2025-02-23 12:00:00
7011,10450,5706.04,wire,2026-07-05 12:00:00
7012,6502,1910.66,invoice,2025-12-04 12:00:00
7013,10129,4740.37,wire,2026-05-30 12:00:00
7014,7260,2769.8,credit_card,2025-12-31 12:00:00
7015,4718,4466.94,wire,2025-09-12 12:00:00
7016,6223,5529.08,wire,2025-11-24 12:00:00
7017,10981,4978.28,wire,2026-07-11 12:00:00
7018,7655,1864.3,wire,2026-01-13 12:00:00
7019,8532,233.29,invoice,2026-03-12 12:00:00
7020,1774,6783.08,wire,2025-04-13 12:00:00
7021,11632,7469.88,invoice,2026-08-08 12:00:00
7022,3011,572.27,invoice,2025-06-27 12:00:00
7023,11957,670.24,credit_card,2026-08-05 12:00:00
7024,10438,712.1,credit_card,2026-06-23 12:00:00
7025,798,1028.73,invoice,2025-03-08 12:00:00
7026,3619,3080.76,wire,2025-07-09 12:00:00
7027,2382,4379.23,credit_card,2025-05-27 12:00:00
7028,2830,1834.09,wire,2025-06-12 12:00:00
7029,7009,5157.24,ach,2026-01-01 12:00:00
7030,8861,4369.09,ach,2026-03-06 12:00:00
7031,11908,2710.36,credit_card,2026-08-28 12:00:00
7032,11166,4412.56,ach,2026-07-15 12:00:00
7033,4634,488.27,ach,2025-09-14 12:00:00
7034,313,1458.63,ach,2025-02-18 12:00:00
7035,6511,1531.05,ach,2025-12-29 12:00:00
7036,747,1221.7,credit_card,2025-03-08 12:00:00
7037,3570,2265.36,invoice,2025-07-12 12:00:00
7038,791,2830.63,credit_card,2025-03-27 12:00:00
7039,2477,1232.25,wire,2025-05-06 12:00:00
7040,6121,2221.35,wire,2025-11-12 12:00:00
7041,10484,1031.95,ach,2026-06-24 12:00:00
7042,11917,2211.54,wire,2026-08-21 12:00:00
7043,2571,486.42,wire,2025-06-29 12:00:00
7044,5754,923.94,invoice,2025-11-24 12:00:00
7045,10399,1317.16,wire,2026-06-13 12:00:00
7046,12275,415.47,ach,2026-09-07 12:00:00
7047,6449,1414.7,invoice,2025-11-11 12:00:00
7048,5600,1489.94,wire,2025-10-07 12:00:00
7049,9350,3178.89,credit_card,2026-04-23 12:00:00
7050,4356,7302.76,credit_card,2025-08-03 12:00:00
7051,2164,3866.42,invoice,2025-05-20 12:00:00
7052,9385,1307.64,ach,2026-04-13 12:00:00
7053,9199,2596.39,credit_card,2026-05-02 12:00:00
7054,381,1543.1,wire,2025-02-11 12:00:00
7055,11630,2000.97,ach,2026-08-22 12:00:00
7056,1293,619.19,credit_card,2025-04-30 12:00:00
7057,1913,3508.14,ach,2025-05-14 12:00:00
7058,7494,5668.14,invoice,2026-01-10 12:00:00
7059,600,4918.56,invoice,2025-02-16 12:00:00
7060,3893,563.49,wire,2025-08-17 12:00:00
7061,4142,2007.78,credit_card,2025-08-15 12:00:00
7062,5541,470.75,ach,2025-10-11 12:00:00
7063,1653,5895.08,ach,2025-04-18 12:00:00
7064,3635,4612.32,wire,2025-07-02 12:00:00
7065,6796,5073.88,ach,2025-12-12 12:00:00
7066,10070,2534.38,ach,2026-05-27 12:00:00
7067,1894,3485.59,credit_card,2025-05-12 12:00:00
7068,1945,637.12,credit_card,2025-05-12 12:00:00
7069,3396,2105.83,credit_card,2025-07-31 12:00:00
7070,3389,2997.16,credit_card,2025-07-19 12:00:00
7071,6503,5326.64,ach,2026-01-01 12:00:00
7072,4363,626.48,invoice,2025-08-30 12:00:00
7073,12487,945.15,invoice,2026-09-28 12:00:00
7074,376,962.71,credit_card,2025-02-18 12:00:00
7075,1967,268.62,invoice,2025-05-08 12:00:00
7076,3958,5017.15,wire,2025-08-28 12:00:00
7077,6196,5012.66,ach,2025-11-29 12:00:00
7078,11208,969.12,wire,2026-07-31 12:00:00
7079,4424,1042.42,invoice,2025-09-07 12:00:00
7080,5352,3721.24,wire,2025-10-18 12:00:00
7081,5697,1433.12,credit_card,2025-11-17 12:00:00
7082,1244,2594.66,ach,2025-03-15 12:00:00
7083,8690,1927.01,credit_card,2026-03-31 12:00:00
7084,11106,3889.66,ach,2026-07-26 12:00:00
7085,7384,2813.01,ach,2026-01-20 12:00:00
7086,942,588.86,invoice,2025-03-30 12:00:00
7087,8834,3308.48,ach,2026-04-01 12:00:00
7088,1472,4361.01,credit_card,2025-04-24 12:00:00
7089,3347,3060.76,ach,2025-07-11 12:00:00
7090,4523,3298.48,wire,2025-09-08 12:00:00
7091,2658,1675.41,invoice,2025-06-17 12:00:00
7092,2854,1978.37,ach,2025-06-24 12:00:00
7093,4507,536.96,wire,2025-09-08 12:00:00
7094,12111,472.1,invoice,2026-08-27 12:00:00
7095,11473,5368.64,ach,2026-07-29 12:00:00
7096,12494,2409.5,ach,2026-09-30 12:00:00
7097,4046,4915.1,credit_card,2025-08-31 12:00:00
7098,8331,3618.87,wire,2026-02-20 12:00:00
7099,4063,1089.6,credit_card,2025-08-08 12:00:00
7100,5327,4861.1,credit_card,2025-10-03 12:00:00
7101,8355,363.92,credit_card,2026-02-11 12:00:00
7102,6579,2286.25,credit_card,2025-12-29 12:00:00
7103,9636,1076.08,ach,2026-04-26 12:00:00
7104,11571,1986.14,ach,2026-08-31 12:00:00
7105,4307,2049.58,credit_card,2025-08-17 12:00:00
7106,12228,1281.66,wire,2026-09-21 12:00:00
7107,5140,4582.29,credit_card,2025-10-18 12:00:00
7108,7989,945.15,wire,2026-02-23 12:00:00
7109,9847,1114.12,credit_card,2026-05-10 12:00:00
7110,299,2128.58,credit_card,2025-02-15 12:00:00
7111,3991,4213.76,invoice,2025-08-14 12:00:00
7112,1050,6878.8,wire,2025-04-04 12:00:00
7113,10437,6571.37,wire,2026-06-21 12:00:00
7114,3824,5236.03,wire,2025-08-07 12:00:00
7115,8645,4127.14,ach,2026-03-16 12:00:00
7116,10236,2925.66,credit_card,2026-05-23 12:00:00
7117,2036,113.82,ach,2025-05-25 12:00:00
7118,4040,2899.95,invoice,2025-08-03 12:00:00
7119,8396,1804.08,invoice,2026-02-13 12:00:00
7120,11396,8172.46,invoice,2026-07-27 12:00:00
7121,11952,3866.4,ach,2026-08-03 12:00:00
7122,7021,2161.99,ach,2025-12-12 12:00:00
7123,1973,5771.66,ach,2025-05-22 12:00:00
7124,7822,1254.48,ach,2026-03-04 12:00:00
7125,2100,4779.71,credit_card,2025-06-03 12:00:00
7126,1500,2602.18,credit_card,2025-04-10 12:00:00
7127,5206,5405.37,invoice,2025-10-27 12:00:00
7128,3513,3847.91,ach,2025-07-25 12:00:00
7129,9532,1845.68,ach,2026-04-26 12:00:00
7130,8950,2186.04,credit_card,2026-03-25 12:00:00
7131,653,225.66,wire,2025-03-15 12:00:00
7132,171,2122.72,wire,2025-03-02 12:00:00
7133,6829,3390.3,credit_card,2025-12-08 12:00:00
7134,7131,7348.03,wire,2026-01-01 12:00:00
7135,4086,1158.96,ach,2025-08-13 12:00:00
7136,243,2323.8,ach,2025-02-09 12:00:00
7137,10083,6608.5,credit_card,2026-05-18 12:00:00
7138,5799,6011.03,invoice,2025-11-22 12:00:00
7139,10855,2548.08,wire,2026-06-23 12:00:00
7140,4372,3194.57,credit_card,2025-08-14 12:00:00
7141,1645,4956.29,wire,2025-04-29 12:00:00
7142,6356,1345.1,ach,2025-11-20 12:00:00
7143,5595,5427.99,wire,2025-10-18 12:00:00
7144,2757,5938.91,invoice,2025-06-23 12:00:00
7145,5795,2946.95,credit_card,2025-11-11 12:00:00
7146,12673,1292.32,ach,2026-09-20 12:00:00
7147,9839,2631.8,wire,2026-05-06 12:00:00
7148,9606,7379.94,ach,2026-04-03 12:00:00
7149,8765,3365.26,credit_card,2026-03-22 12:00:00
7150,5232,1464.0,credit_card,2025-10-23 12:00:00
7151,2077,4823.3,credit_card,2025-05-19 12:00:00
7152,4104,4497.7,ach,2025-08-24 12:00:00
7153,12219,508.15,invoice,2026-09-12 12:00:00
7154,3997,1750.75,ach,2025-08-26 12:00:00
7155,4802,198.62,wire,2025-09-09 12:00:00
7156,5969,178.44,invoice,2025-11-12 12:00:00
7157,7938,4031.94,wire,2026-03-04 12:00:00
7158,8024,5861.19,ach,2026-02-28 12:00:00
7159,3967,1959.4,credit_card,2025-08-15 12:00:00
7160,8867,665.1,invoice,2026-03-10 12:00:00
7161,7890,3950.92,credit_card,2026-02-07 12:00:00
7162,11974,1997.85,invoice,2026-08-21 12:00:00
7163,7767,3211.4,invoice,2026-01-07 12:00:00
7164,6755,4557.47,invoice,2025-12-24 12:00:00
7165,8482,1443.14,credit_card,2026-03-08 12:00:00
7166,5850,4046.15,wire,2025-11-22 12:00:00
7167,7932,1843.02,wire,2026-02-19 12:00:00
7168,7345,911.86,wire,2026-01-15 12:00:00
7169,10622,1496.2,invoice,2026-06-30 12:00:00
7170,4662,4227.81,wire,2025-09-15 12:00:00
7171,4079,1705.49,invoice,2025-08-06 12:00:00
7172,6055,4147.41,wire,2025-12-02 12:00:00
7173,10791,517.56,ach,2026-06-08 12:00:00
7174,5975,496.91,wire,2025-11-14 12:00:00
7175,10240,3506.21,credit_card,2026-05-31 12:00:00
7176,641,698.99,ach,2025-03-21 12:00:00
7177,1271,1499.79,ach,2025-04-24 12:00:00
7178,7517,1725.02,invoice,2026-01-29 12:00:00
7179,2779,2309.02,wire,2025-07-01 12:00:00
7180,4604,3525.65,credit_card,2025-09-05 12:00:00
7181,4933,631.23,wire,2025-10-01 12:00:00
7182,6061,3931.7,ach,2025-11-20 12:00:00
7183,1986,1595.24,wire,2025-05-08 12:00:00
7184,3862,1473.15,credit_card,2025-08-10 12:00:00
7185,3481,167.56,ach,2025-07-27 12:00:00
7186,1535,4066.71,wire,2025-04-15 12:00:00
7187,326,2338.52,wire,2025-03-04 12:00:00
7188,5765,4074.85,ach,2025-11-14 12:00:00
7189,2339,1159.12,ach,2025-05-14 12:00:00
7190,7602,2744.22,wire,2026-01-31 12:00:00
7191,3981,4861.37,invoice,2025-08-22 12:00:00
7192,9602,3434.88,credit_card,2026-04-19 12:00:00
7193,8845,2752.74,credit_card,2026-03-02 12:00:00
7194,4055,1076.12,invoice,2025-08-21 12:00:00
7195,2238,3963.06,ach,2025-05-08 12:00:00
7196,5230,5752.79,wire,2025-10-02 12:00:00
7197,9746,2977.71,invoice,2026-05-21 12:00:00
7198,4572,2867.55,credit_card,2025-09-08 12:00:00
7199,12360,2612.33,invoice,2026-09-30 12:00:00
7200,5475,3267.95,credit_card,2025-10-28 12:00:00
7201,7780,1571.24,ach,2026-02-07 12:00:00
7202,865,3158.94,credit_card,2025-03-22 12:00:00
7203,8730,1123.98,ach,2026-03-14 12:00:00
7204,4943,378.06,ach,2025-09-03 12:00:00
7205,2254,2014.86,wire,2025-05-05 12:00:00
7206,6011,3815.46,invoice,2025-11-27 12:00:00
7207,6912,6757.1,invoice,2025-12-22 12:00:00
7208,11264,250.67,credit_card,2026-07-04 12:00:00
7209,6999,3661.01,wire,2025-12-14 12:00:00
7210,372,5502.39,ach,2025-02-09 12:00:00
7211,9170,1183.75,invoice,2026-04-14 12:00:00
7212,12113,325.89,credit_card,2026-08-03 12:00:00
7213,610,1114.81,invoice,2025-02-16 12:00:00
7214,8599,365.47,invoice,2026-03-19 12:00:00
7215,10685,2720.96,ach,2026-07-01 12:00:00
7216,11130,1550.37,wire,2026-07-20 12:00:00
7217,11302,2134.64,ach,2026-07-25 12:00:00
7218,11865,274.29,invoice,2026-08-17 12:00:00
7219,12514,1272.13,credit_card,2026-09-11 12:00:00
7220,12329,2692.2,invoice,2026-09-22 12:00:00
7221,9630,698.71,credit_card,2026-04-02 12:00:00
7222,5831,6418.95,invoice,2025-12-01 12:00:00
7223,2365,4795.68,wire,2025-05-06 12:00:00
7224,3214,3209.6,invoice,2025-07-11 12:00:00
7225,7149,1095.0,credit_card,2025-12-21 12:00:00
7226,5457,2234.69,credit_card,2025-10-04 12:00:00
7227,912,4973.58,wire,2025-03-08 12:00:00
7228,11546,515.84,invoice,2026-08-30 12:00:00
7229,11139,5299.48,ach,2026-07-10 12:00:00
7230,3790,3089.39,invoice,2025-08-09 12:00:00
7231,9352,662.07,invoice,2026-04-23 12:00:00
7232,10759,920.64,wire,2026-06-05 12:00:00
7233,5582,1186.84,wire,2025-10-27 12:00:00
7234,7541,1162.93,credit_card,2026-01-08 12:00:00
7235,9357,2521.97,ach,2026-04-18 12:00:00
7236,8937,1856.37,wire,2026-03-25 12:00:00
7237,5061,4793.91,credit_card,2025-10-06 12:00:00
7238,6843,399.34,wire,2025-12-17 12:00:00
7239,1424,1630.52,ach,2025-04-10 12:00:00
7240,12532,4487.64,invoice,2026-09-07 12:00:00
7241,480,5096.57,ach,2025-02-07 12:00:00
7242,663,419.31,wire,2025-03-11 12:00:00
7243,7339,965.66,invoice,2026-01-12 12:00:00
7244,6438,3062.51,invoice,2025-11-06 12:00:00
7245,12519,2176.28,ach,2026-09-13 12:00:00
7246,10377,2770.16,credit_card,2026-06-10 12:00:00
7247,2989,544.14,credit_card,2025-06-10 12:00:00
7248,1120,225.66,wire,2025-03-13 12:00:00
7249,2777,4396.77,wire,2025-06-12 12:00:00
7250,4536,3565.82,invoice,2025-09-22 12:00:00
7251,11336,3361.72,ach,2026-07-31 12:00:00
7252,9070,4592.11,invoice,2026-05-02 12:00:00
7253,10030,1897.86,ach,2026-05-12 12:00:00
7254,6350,2976.34,wire,2025-11-10 12:00:00
7255,7190,3285.92,ach,2025-12-11 12:00:00
7256,10565,3383.54,ach,2026-06-07 12:00:00
7257,11296,2787.67,wire,2026-07-23 12:00:00
7258,8283,2566.25,wire,2026-02-27 12:00:00
7259,5574,2775.22,ach,2025-10-25 12:00:00
7260,6136,4034.98,invoice,2025-12-01 12:00:00
7261,5270,660.23,invoice,2025-10-25 12:00:00
7262,4428,2966.71,credit_card,2025-09-15 12:00:00
7263,9963,4655.34,ach,2026-05-03 12:00:00
7264,5248,2714.58,ach,2025-10-13 12:00:00
7265,8526,3584.44,ach,2026-03-15 12:00:00
7266,3982,451.01,wire,2025-08-23 12:00:00
7267,9213,3191.64,ach,2026-05-04 12:00:00
7268,12167,215.66,invoice,2026-09-30 12:00:00
7269,2894,1613.06,invoice,2025-06-16 12:00:00
7270,2670,2120.01,credit_card,2025-06-04 12:00:00
7271,3978,2076.6,credit_card,2025-08-09 12:00:00
7272,9229,3517.17,ach,2026-05-01 12:00:00
7273,280,3077.85,credit_card,2025-02-06 12:00:00
7274,10084,1230.28,invoice,2026-05-20 12:00:00
7275,9499,5421.09,invoice,2026-04-14 12:00:00
7276,9449,1080.41,wire,2026-04-17 12:00:00
7277,11259,3090.49,credit_card,2026-07-16 12:00:00
7278,9692,2813.91,ach,2026-05-22 12:00:00
7279,5198,1735.15,wire,2025-10-13 12:00:00
7280,4665,1670.78,invoice,2025-09-28 12:00:00
7281,1695,604.94,ach,2025-04-15 12:00:00
7282,11374,189.4,ach,2026-07-10 12:00:00
7283,5019,2107.15,credit_card,2025-10-06 12:00:00
7284,6134,672.15,ach,2025-11-10 12:00:00
7285,3480,2916.0,invoice,2025-07-27 12:00:00
7286,5555,635.82,wire,2025-10-09 12:00:00
7287,4417,3704.6,wire,2025-10-03 12:00:00
7288,11894,1353.23,ach,2026-08-10 12:00:00
7289,4156,1028.73,wire,2025-08-23 12:00:00
7290,8632,4090.67,invoice,2026-03-14 12:00:00
7291,4884,2934.18,credit_card,2025-09-11 12:00:00
7292,5808,3590.8,invoice,2025-12-02 12:00:00
7293,3810,1005.77,wire,2025-08-25 12:00:00
7294,2553,3667.75,wire,2025-06-28 12:00:00
7295,11005,4171.32,credit_card,2026-07-20 12:00:00
7296,10188,2221.8,invoice,2026-05-16 12:00:00
7297,4297,3101.51,invoice,2025-08-21 12:00:00
7298,7536,3551.43,invoice,2026-01-12 12:00:00
7299,4684,3166.2,ach,2025-09-11 12:00:00
7300,8694,2390.48,ach,2026-03-24 12:00:00
7301,10751,3916.81,invoice,2026-06-11 12:00:00
7302,9158,1590.75,wire,2026-04-12 12:00:00
7303,9231,2452.81,ach,2026-04-28 12:00:00
7304,5594,2974.59,invoice,2025-10-26 12:00:00
7305,2210,4662.42,ach,2025-05-20 12:00:00
7306,10077,3563.61,invoice,2026-05-12 12:00:00
7307,10093,3021.96,credit_card,2026-05-08 12:00:00
7308,5403,375.66,wire,2025-10-27 12:00:00
7309,2411,1043.3,credit_card,2025-05-26 12:00:00
7310,6898,3790.22,wire,2025-12-30 12:00:00
7311,4564,1941.54,wire,2025-09-29 12:00:00
7312,185,1199.73,ach,2025-02-23 12:00:00
7313,12137,3408.24,credit_card,2026-09-01 12:00:00
7314,7937,1099.93,wire,2026-02-01 12:00:00
7315,4517,2115.61,invoice,2025-09-25 12:00:00
7316,2351,4916.72,invoice,2025-05-02 12:00:00
7317,554,1980.81,invoice,2025-02-17 12:00:00
7318,1398,1680.31,ach,2025-04-22 12:00:00
7319,1385,3541.62,credit_card,2025-04-20 12:00:00
7320,9022,1843.93,credit_card,2026-03-18 12:00:00
7321,8240,3424.85,invoice,2026-02-10 12:00:00
7322,5857,313.24,invoice,2025-11-28 12:00:00
7323,4904,510.11,invoice,2025-10-02 12:00:00
7324,298,1500.87,credit_card,2025-02-16 12:00:00
7325,444,1784.0,credit_card,2025-02-11 12:00:00
7326,11231,3773.5,credit_card,2026-07-17 12:00:00
7327,5216,1299.5,invoice,2025-10-06 12:00:00
7328,9910,3215.76,wire,2026-06-04 12:00:00
7329,5716,2181.75,invoice,2025-11-16 12:00:00
7330,2078,4573.56,invoice,2025-05-03 12:00:00
7331,9669,2128.63,ach,2026-06-03 12:00:00
7332,6018,1708.09,invoice,2025-12-02 12:00:00
7333,4752,3280.42,wire,2025-09-23 12:00:00
7334,11881,3826.31,invoice,2026-08-27 12:00:00
7335,2230,2077.73,ach,2025-05-08 12:00:00
7336,9118,4711.92,wire,2026-04-29 12:00:00
7337,2843,3544.21,wire,2025-06-24 12:00:00
7338,2538,2169.09,invoice,2025-06-18 12:00:00
7339,195,5062.39,wire,2025-02-12 12:00:00
7340,10595,1503.97,ach,2026-06-16 12:00:00
7341,6637,2206.17,credit_card,2025-12-15 12:00:00
7342,10644,3162.92,invoice,2026-07-02 12:00:00
7343,818,5445.41,invoice,2025-03-15 12:00:00
7344,3368,4632.19,invoice,2025-07-31 12:00:00
7345,9785,3721.53,invoice,2026-05-27 12:00:00
7346,6554,3265.31,invoice,2025-12-21 12:00:00
7347,2579,4932.58,invoice,2025-06-04 12:00:00
7348,1132,768.12,invoice,2025-03-27 12:00:00
7349,11680,4424.08,wire,2026-08-17 12:00:00
7350,5506,5075.32,wire,2025-10-06 12:00:00
7351,6855,999.46,ach,2025-12-17 12:00:00
7352,6762,949.67,wire,2025-12-13 12:00:00
7353,7388,2208.09,wire,2026-01-25 12:00:00
7354,7896,2982.92,ach,2026-03-01 12:00:00
7355,11023,898.52,wire,2026-07-15 12:00:00
7356,321,1003.92,ach,2025-02-19 12:00:00
7357,7136,2973.07,invoice,2025-12-15 12:00:00
7358,1372,5588.76,credit_card,2025-04-19 12:00:00
7359,4043,6551.02,invoice,2025-08-07 12:00:00
7360,12559,135.78,invoice,2026-09-17 12:00:00
7361,2655,4739.79,ach,2025-06-02 12:00:00
7362,908,5896.37,credit_card,2025-03-15 12:00:00
7363,306,4211.27,wire,2025-03-01 12:00:00
7364,3951,763.48,invoice,2025-08-09 12:00:00
7365,5530,3077.54,ach,2025-10-13 12:00:00
7366,7729,835.59,ach,2026-01-23 12:00:00
7367,11346,3567.64,invoice,2026-07-24 12:00:00
7368,10738,1165.89,wire,2026-06-19 12:00:00
7369,8150,2779.35,ach,2026-02-25 12:00:00
7370,11744,1674.34,ach,2026-08-19 12:00:00
7371,10039,1120.51,credit_card,2026-05-26 12:00:00
7372,7256,5861.06,invoice,2025-12-20 12:00:00
7373,10727,2017.32,ach,2026-06-26 12:00:00
7374,927,1996.1,invoice,2025-03-29 12:00:00
7375,245,3407.46,credit_card,2025-02-14 12:00:00
7376,9939,620.05,credit_card,2026-05-16 12:00:00
7377,16,1011.42,credit_card,2025-02-25 12:00:00
7378,144,4381.78,wire,2025-02-07 12:00:00
7379,5984,2867.7,invoice,2025-11-08 12:00:00
7380,2364,2205.92,wire,2025-05-24 12:00:00
7381,9379,3143.97,wire,2026-04-06 12:00:00
7382,130,277.66,wire,2025-02-28 12:00:00
7383,1162,1487.74,credit_card,2025-04-01 12:00:00
7384,8882,1343.28,wire,2026-03-05 12:00:00
7385,12517,2521.93,ach,2026-09-08 12:00:00
7386,5954,2180.31,credit_card,2025-11-06 12:00:00
7387,9305,4430.0,ach,2026-04-10 12:00:00
7388,5301,4137.52,wire,2025-10-13 12:00:00
7389,10982,3800.68,invoice,2026-07-12 12:00:00
7390,5459,943.86,ach,2025-10-16 12:00:00
7391,7781,2256.72,wire,2026-03-01 12:00:00
7392,5309,542.67,invoice,2025-10-25 12:00:00
7393,1877,4107.56,credit_card,2025-05-16 12:00:00
7394,2489,2553.95,ach,2025-05-27 12:00:00
7395,11539,2310.51,credit_card,2026-08-09 12:00:00
7396,4480,3133.92,credit_card,2025-09-07 12:00:00
7397,1183,4441.2,invoice,2025-03-18 12:00:00
7398,2526,2154.84,invoice,2025-07-02 12:00:00
7399,8491,670.19,invoice,2026-03-07 12:00:00
7400,1171,3391.71,wire,2025-03-24 12:00:00
7401,12749,1161.74,invoice,2026-09-11 12:00:00
7402,2183,3153.23,wire,2025-05-09 12:00:00
7403,12198,5267.09,credit_card,2026-09-29 12:00:00
7404,11211,2042.31,ach,2026-08-03 12:00:00
7405,6793,4321.61,ach,2025-12-18 12:00:00
7406,12264,764.08,credit_card,2026-09-25 12:00:00
7407,10876,866.7,credit_card,2026-06-27 12:00:00
7408,5922,5693.51,invoice,2025-11-24 12:00:00
7409,3372,3893.94,invoice,2025-07-06 12:00:00
7410,10355,1893.11,invoice,2026-06-09 12:00:00
7411,1860,486.65,ach,2025-04-28 12:00:00
7412,7961,3538.12,ach,2026-02-08 12:00:00
7413,7825,2361.9,invoice,2026-02-16 12:00:00
7414,8448,2289.86,credit_card,2026-03-30 12:00:00
7415,6782,979.88,ach,2025-12-29 12:00:00
7416,1879,466.15,invoice,2025-05-11 12:00:00
7417,8748,2325.55,credit_card,2026-03-08 12:00:00
7418,3589,2565.89,ach,2025-07-29 12:00:00
7419,8697,3743.64,ach,2026-03-04 12:00:00
7420,3122,4054.95,invoice,2025-06-05 12:00:00
7421,388,3635.37,invoice,2025-02-23 12:00:00
7422,1312,564.18,credit_card,2025-04-30 12:00:00
7423,1033,1273.47,invoice,2025-03-20 12:00:00
7424,10229,5554.97,wire,2026-05-28 12:00:00
7425,6585,3228.32,wire,2025-12-11 12:00:00
7426,8537,3779.32,credit_card,2026-03-29 12:00:00
7427,6383,3727.7,ach,2025-11-26 12:00:00
7428,7284,2777.85,wire,2026-01-04 12:00:00
7429,6726,1832.55,credit_card,2025-12-15 12:00:00
7430,11352,3088.12,ach,2026-07-25 12:00:00
7431,8607,2250.56,credit_card,2026-03-28 12:00:00
7432,10346,916.22,credit_card,2026-06-17 12:00:00
7433,4937,192.03,credit_card,2025-09-13 12:00:00
7434,932,4278.47,invoice,2025-03-24 12:00:00
7435,8108,608.08,wire,2026-02-04 12:00:00
7436,4020,1689.12,invoice,2025-09-03 12:00:00
7437,692,1706.02,wire,2025-03-26 12:00:00
7438,8970,2392.64,credit_card,2026-03-10 12:00:00
7439,5988,5882.66,ach,2025-11-06 12:00:00
7440,6365,3098.89,ach,2025-11-15 12:00:00
7441,1910,6666.31,invoice,2025-05-22 12:00:00
7442,830,2690.37,wire,2025-04-02 12:00:00
7443,3499,991.71,ach,2025-07-27 12:00:00
7444,9660,4255.72,invoice,2026-05-14 12:00:00
7445,2082,3206.28,wire,2025-05-09 12:00:00
7446,11373,1013.46,wire,2026-07-13 12:00:00
7447,12062,4509.21,wire,2026-08-18 12:00:00
7448,45,5678.02,ach,2025-02-07 12:00:00
7449,7198,1143.33,invoice,2025-12-29 12:00:00
7450,3940,1587.86,ach,2025-08-25 12:00:00
7451,950,7238.03,invoice,2025-03-14 12:00:00
7452,7109,3077.43,ach,2025-12-30 12:00:00
7453,7314,1380.35,invoice,2026-01-23 12:00:00
7454,8277,399.34,credit_card,2026-02-28 12:00:00
7455,4320,2704.79,wire,2025-08-07 12:00:00
7456,2966,807.06,ach,2025-06-18 12:00:00
7457,3970,567.5,invoice,2025-08-17 12:00:00
7458,1188,3036.88,ach,2025-03-28 12:00:00
7459,11431,1862.35,ach,2026-07-19 12:00:00
7460,8453,980.8,credit_card,2026-03-09 12:00:00
7461,8285,3610.06,credit_card,2026-02-01 12:00:00
7462,9795,3722.33,wire,2026-05-25 12:00:00
7463,285,1932.72,credit_card,2025-02-03 12:00:00
7464,9736,985.08,ach,2026-05-18 12:00:00
7465,11327,1532.29,invoice,2026-07-22 12:00:00
7466,6309,5238.27,ach,2025-11-14 12:00:00
7467,4160,1757.78,invoice,2025-08-16 12:00:00
7468,3093,443.29,ach,2025-06-20 12:00:00
7469,10946,2250.12,invoice,2026-07-28 12:00:00
7470,4557,3469.13,ach,2025-10-01 12:00:00
7471,5556,417.66,invoice,2025-10-05 12:00:00
7472,11320,2625.99,credit_card,2026-07-21 12:00:00
7473,4324,1791.04,wire,2025-08-23 12:00:00
7474,3983,3643.92,ach,2025-09-03 12:00:00
7475,8935,2426.63,invoice,2026-03-18 12:00:00
7476,6941,3853.49,ach,2025-12-22 12:00:00
7477,3365,1039.18,ach,2025-07-29 12:00:00
7478,1405,3676.69,wire,2025-05-03 12:00:00
7479,3196,3412.41,wire,2025-07-31 12:00:00
7480,7885,1370.52,wire,2026-02-26 12:00:00
7481,8759,5980.34,invoice,2026-03-28 12:00:00
7482,8303,4114.48,wire,2026-02-06 12:00:00
7483,970,2577.43,credit_card,2025-04-02 12:00:00
7484,10375,3567.87,invoice,2026-07-01 12:00:00
7485,6544,6067.93,wire,2025-12-11 12:00:00
7486,3735,2293.05,credit_card,2025-08-05 12:00:00
7487,926,3740.04,ach,2025-03-04 12:00:00
7488,12136,431.3,credit_card,2026-08-15 12:00:00
7489,7343,3275.19,wire,2026-01-13 12:00:00
7490,9282,517.64,wire,2026-04-24 12:00:00
7491,4726,4318.19,invoice,2025-09-12 12:00:00
7492,2844,1786.11,wire,2025-06-19 12:00:00
7493,2852,215.66,invoice,2025-07-03 12:00:00
7494,10530,660.35,invoice,2026-06-18 12:00:00
7495,10870,3658.64,ach,2026-06-23 12:00:00
7496,5957,1253.72,ach,2025-11-25 12:00:00
7497,520,1349.93,wire,2025-02-26 12:00:00
7498,11317,5984.02,credit_card,2026-07-05 12:00:00
7499,10208,1528.16,wire,2026-05-28 12:00:00
7500,4472,5695.99,credit_card,2025-10-01 12:00:00
7501,8318,5200.3,credit_card,2026-02-12 12:00:00
7502,4349,1965.82,invoice,2025-08-13 12:00:00
7503,11462,6394.75,ach,2026-07-30 12:00:00
7504,10267,1099.08,wire,2026-05-30 12:00:00
7505,3627,883.29,credit_card,2025-07-08 12:00:00
7506,1790,1589.5,ach,2025-04-23 12:00:00
7507,10576,5738.04,ach,2026-06-10 12:00:00
7508,2060,5566.27,invoice,2025-05-13 12:00:00
7509,10272,6763.9,ach,2026-05-17 12:00:00
7510,7144,3115.92,wire,2025-12-22 12:00:00
7511,8030,2911.07,wire,2026-02-20 12:00:00
7512,4014,421.43,credit_card,2025-09-02 12:00:00
7513,6007,1457.37,ach,2025-11-19 12:00:00
7514,1903,1138.85,wire,2025-05-11 12:00:00
7515,9297,585.35,ach,2026-04-04 12:00:00
7516,9211,1048.87,invoice,2026-04-06 12:00:00
7517,6216,2810.69,ach,2025-11-06 12:00:00
7518,4687,5067.32,ach,2025-09-08 12:00:00
7519,12045,4669.2,credit_card,2026-08-16 12:00:00
7520,4923,5445.79,wire,2025-09-28 12:00:00
7521,6786,1273.47,wire,2025-12-07 12:00:00
7522,11387,901.41,ach,2026-08-03 12:00:00
7523,7143,4676.47,wire,2025-12-29 12:00:00
7524,10126,1857.02,invoice,2026-06-02 12:00:00
7525,9631,326.45,ach,2026-04-11 12:00:00
7526,76,4581.4,credit_card,2025-02-05 12:00:00
7527,2346,517.59,credit_card,2025-05-15 12:00:00
7528,6448,3769.06,wire,2025-11-17 12:00:00
7529,8583,5185.9,invoice,2026-03-23 12:00:00
7530,431,2353.98,wire,2025-02-28 12:00:00
7531,4587,1517.84,wire,2025-09-11 12:00:00
7532,5484,2853.88,credit_card,2025-11-01 12:00:00
7533,11718,5162.56,wire,2026-09-01 12:00:00
7534,6406,2670.37,wire,2025-11-04 12:00:00
7535,12297,2398.9,invoice,2026-09-17 12:00:00
7536,8223,2592.05,ach,2026-02-21 12:00:00
7537,7710,2122.34,invoice,2026-01-26 12:00:00
7538,10424,5624.06,credit_card,2026-06-18 12:00:00
7539,9801,372.75,invoice,2026-05-08 12:00:00
7540,1554,1478.99,wire,2025-04-17 12:00:00
7541,5875,492.54,invoice,2025-11-12 12:00:00
7542,241,8366.4,wire,2025-02-05 12:00:00
7543,784,7970.84,wire,2025-03-16 12:00:00
7544,10624,1691.2,invoice,2026-06-20 12:00:00
7545,3067,2358.11,invoice,2025-06-24 12:00:00
7546,12467,814.81,invoice,2026-09-08 12:00:00
7547,978,5853.19,invoice,2025-03-15 12:00:00
7548,4906,1758.56,invoice,2025-09-29 12:00:00
7549,6265,3567.79,wire,2025-11-07 12:00:00
7550,6988,5804.97,credit_card,2025-12-21 12:00:00
7551,10797,1663.07,ach,2026-06-25 12:00:00
7552,5696,1984.41,wire,2025-12-04 12:00:00
7553,2942,4390.76,invoice,2025-06-26 12:00:00
7554,7763,3062.2,ach,2026-01-10 12:00:00
7555,8505,477.55,invoice,2026-03-13 12:00:00
7556,7882,2189.35,wire,2026-02-07 12:00:00
7557,7754,3078.69,invoice,2026-01-30 12:00:00
7558,9929,2185.9,wire,2026-05-26 12:00:00
7559,7382,3126.43,wire,2026-01-29 12:00:00
7560,10304,2454.75,invoice,2026-06-12 12:00:00
7561,1621,3983.99,wire,2025-04-30 12:00:00
7562,5643,4146.46,invoice,2025-11-07 12:00:00
7563,12767,4145.44,ach,2026-09-11 12:00:00
7564,2147,3673.63,credit_card,2025-05-13 12:00:00
7565,1802,2601.76,credit_card,2025-04-13 12:00:00
7566,2096,3008.23,wire,2025-05-11 12:00:00
7567,9405,185.09,credit_card,2026-04-23 12:00:00
7568,12105,2103.57,ach,2026-08-29 12:00:00
7569,1358,375.66,credit_card,2025-04-06 12:00:00
7570,11338,2135.97,wire,2026-07-14 12:00:00
7571,9435,1502.17,credit_card,2026-04-29 12:00:00
7572,6783,4404.57,wire,2025-12-22 12:00:00
7573,11882,1789.66,wire,2026-08-24 12:00:00
7574,7841,2016.28,invoice,2026-02-08 12:00:00
7575,9815,1788.66,invoice,2026-05-28 12:00:00
7576,3566,1751.11,ach,2025-07-14 12:00:00
7577,12685,1473.63,ach,2026-09-17 12:00:00
7578,11207,307.29,wire,2026-07-27 12:00:00
7579,10872,1139.56,wire,2026-06-21 12:00:00
7580,1610,3992.91,wire,2025-04-24 12:00:00
7581,3097,1707.73,ach,2025-06-19 12:00:00
7582,4591,1319.0,wire,2025-09-30 12:00:00
7583,2416,569.19,credit_card,2025-05-27 12:00:00
7584,8975,902.64,credit_card,2026-03-21 12:00:00
7585,8479,469.05,ach,2026-03-22 12:00:00
7586,2018,7215.06,invoice,2025-05-17 12:00:00
7587,2972,1428.56,ach,2025-06-11 12:00:00
7588,6425,1054.9,invoice,2025-11-29 12:00:00
7589,4126,326.45,ach,2025-08-19 12:00:00
7590,5847,937.11,credit_card,2025-11-20 12:00:00
7591,5376,2122.4,ach,2025-10-11 12:00:00
7592,12527,1637.05,ach,2026-09-09 12:00:00
7593,8941,2770.85,credit_card,2026-03-01 12:00:00
7594,12253,3911.57,ach,2026-09-03 12:00:00
7595,3247,5286.87,wire,2025-07-30 12:00:00
7596,125,2470.71,credit_card,2025-02-11 12:00:00
7597,1107,2384.6,invoice,2025-03-10 12:00:00
7598,11931,6043.78,credit_card,2026-08-11 12:00:00
7599,1815,4396.99,invoice,2025-04-30 12:00:00
7600,841,2441.92,credit_card,2025-03-20 12:00:00
7601,12138,5961.48,ach,2026-08-07 12:00:00
7602,6395,3848.4,ach,2025-12-01 12:00:00
7603,10060,4083.33,ach,2026-05-29 12:00:00
7604,5650,1559.41,wire,2025-11-24 12:00:00
7605,11693,983.72,ach,2026-08-12 12:00:00
7606,3342,2096.45,credit_card,2025-07-18 12:00:00
7607,599,421.74,credit_card,2025-02-06 12:00:00
7608,2124,453.45,invoice,2025-05-22 12:00:00
7609,11990,3718.97,wire,2026-08-14 12:00:00
7610,5513,3283.2,invoice,2025-10-13 12:00:00
7611,8958,1264.99,credit_card,2026-03-05 12:00:00
7612,7146,2185.76,wire,2025-12-07 12:00:00
7613,10054,2275.48,ach,2026-05-12 12:00:00
7614,10604,4449.68,invoice,2026-06-24 12:00:00
7615,10665,1615.99,wire,2026-06-01 12:00:00
7616,12352,3014.64,credit_card,2026-09-25 12:00:00
7617,6000,1803.46,wire,2025-11-06 12:00:00
7618,2198,2059.39,wire,2025-05-03 12:00:00
7619,4052,1785.65,invoice,2025-09-01 12:00:00
7620,1217,718.9,invoice,2025-03-21 12:00:00
7621,3363,5105.64,invoice,2025-08-03 12:00:00
7622,2502,2204.37,ach,2025-06-07 12:00:00
7623,726,5883.92,ach,2025-03-07 12:00:00
7624,8075,993.9,wire,2026-02-13 12:00:00
7625,979,444.21,invoice,2025-03-20 12:00:00
7626,809,3715.88,credit_card,2025-03-13 12:00:00
7627,10961,3301.09,ach,2026-07-16 12:00:00
7628,1476,1664.35,invoice,2025-04-27 12:00:00
7629,9596,1487.31,wire,2026-04-20 12:00:00
7630,7705,1438.66,ach,2026-01-15 12:00:00
7631,8917,1596.42,credit_card,2026-03-11 12:00:00
7632,8618,2095.1,ach,2026-04-05 12:00:00
7633,4907,326.45,ach,2025-09-08 12:00:00
7634,11184,5600.19,invoice,2026-07-30 12:00:00
7635,11528,4817.61,wire,2026-08-08 12:00:00
7636,4931,2326.53,ach,2025-09-27 12:00:00
7637,4543,1669.18,invoice,2025-09-01 12:00:00
7638,3963,4330.54,wire,2025-08-04 12:00:00
7639,9916,4490.1,invoice,2026-05-06 12:00:00
7640,2672,995.02,wire,2025-06-28 12:00:00
7641,8041,1307.52,invoice,2026-02-17 12:00:00
7642,1236,335.78,wire,2025-03-31 12:00:00
7643,1226,2846.44,invoice,2025-03-04 12:00:00
7644,1765,437.18,ach,2025-04-26 12:00:00
7645,9150,3245.41,credit_card,2026-04-05 12:00:00
7646,608,3973.45,ach,2025-02-09 12:00:00
7647,11073,803.38,invoice,2026-07-13 12:00:00
7648,8272,3896.35,invoice,2026-02-09 12:00:00
7649,11143,587.93,wire,2026-07-26 12:00:00
7650,3218,2457.48,credit_card,2025-07-20 12:00:00
7651,5738,1640.07,ach,2025-11-12 12:00:00
7652,288,3542.37,credit_card,2025-02-21 12:00:00
7653,2054,4957.18,ach,2025-05-26 12:00:00
7654,2967,2138.98,invoice,2025-06-27 12:00:00
7655,3165,3587.58,wire,2025-07-09 12:00:00
7656,8980,3732.97,credit_card,2026-04-02 12:00:00
7657,9808,1641.32,ach,2026-05-26 12:00:00
7658,11347,2677.32,wire,2026-07-28 12:00:00
7659,1658,164.85,invoice,2025-04-02 12:00:00
7660,1976,5626.34,ach,2025-05-25 12:00:00
7661,2398,245.02,invoice,2025-05-20 12:00:00
7662,453,2713.1,invoice,2025-02-22 12:00:00
7663,2711,1727.68,invoice,2025-06-15 12:00:00
7664,11698,3824.68,ach,2026-08-10 12:00:00
7665,7550,1173.1,ach,2026-01-27 12:00:00
7666,11117,215.65,ach,2026-07-26 12:00:00
7667,3682,641.98,invoice,2025-07-16 12:00:00
7668,6716,6625.77,credit_card,2025-12-13 12:00:00
7669,423,3233.57,wire,2025-02-23 12:00:00
7670,9002,2210.12,credit_card,2026-04-04 12:00:00
7671,5317,2186.74,credit_card,2025-10-10 12:00:00
7672,7026,1360.83,credit_card,2025-12-02 12:00:00
7673,658,6248.88,credit_card,2025-03-13 12:00:00
7674,3302,1094.56,invoice,2025-07-27 12:00:00
7675,8856,4139.73,credit_card,2026-03-09 12:00:00
7676,2846,2814.36,invoice,2025-06-09 12:00:00
7677,4067,1647.26,credit_card,2025-08-11 12:00:00
7678,11240,3261.52,wire,2026-07-05 12:00:00
7679,12133,3082.54,invoice,2026-08-02 12:00:00
7680,5245,4385.35,invoice,2025-10-22 12:00:00
7681,1002,451.32,credit_card,2025-03-11 12:00:00
7682,4199,1668.36,wire,2025-08-08 12:00:00
7683,2419,629.88,invoice,2025-06-03 12:00:00
7684,876,2794.84,wire,2025-03-09 12:00:00
7685,3576,715.57,ach,2025-07-25 12:00:00
7686,6727,236.74,ach,2025-12-10 12:00:00
7687,3848,5770.59,invoice,2025-08-11 12:00:00
7688,962,2200.7,credit_card,2025-03-14 12:00:00
7689,1581,535.32,ach,2025-04-26 12:00:00
7690,8193,196.07,ach,2026-03-01 12:00:00
7691,9491,2310.02,credit_card,2026-04-07 12:00:00
7692,2207,4478.06,ach,2025-05-16 12:00:00
7693,4267,4388.76,credit_card,2025-08-16 12:00:00
7694,8918,7049.32,wire,2026-03-20 12:00:00
7695,12676,5426.22,credit_card,2026-09-17 12:00:00
7696,4232,3206.46,ach,2025-08-28 12:00:00
7697,758,1250.97,credit_card,2025-03-25 12:00:00
7698,4867,1606.91,ach,2025-09-12 12:00:00
7699,5407,1281.58,invoice,2025-10-30 12:00:00
7700,5314,3052.53,wire,2025-10-06 12:00:00
7701,2285,2789.4,credit_card,2025-05-10 12:00:00
7702,9451,5299.57,wire,2026-04-13 12:00:00
7703,7002,2144.71,ach,2025-12-23 12:00:00
7704,7793,5115.5,ach,2026-02-19 12:00:00
7705,5508,276.36,invoice,2025-10-05 12:00:00
7706,5310,3185.31,wire,2025-10-29 12:00:00
7707,9582,1003.92,wire,2026-04-16 12:00:00
7708,4828,4951.91,ach,2025-09-23 12:00:00
7709,5840,831.13,invoice,2025-11-11 12:00:00
7710,8230,2093.94,invoice,2026-02-06 12:00:00
7711,808,235.38,credit_card,2025-03-16 12:00:00
7712,3908,4271.25,wire,2025-08-12 12:00:00
7713,6142,1860.37,invoice,2025-11-03 12:00:00
7714,11782,2631.82,ach,2026-08-07 12:00:00
7715,10156,2810.16,wire,2026-05-23 12:00:00
7716,7024,2099.92,invoice,2025-12-18 12:00:00
7717,1957,3029.32,credit_card,2025-05-10 12:00:00
7718,2446,3865.58,wire,2025-05-16 12:00:00
7719,8888,626.48,invoice,2026-03-23 12:00:00
7720,6970,991.74,ach,2025-12-12 12:00:00
7721,12587,589.22,wire,2026-10-03 12:00:00
7722,11642,1186.78,wire,2026-09-02 12:00:00
7723,8754,3606.06,credit_card,2026-03-20 12:00:00
7724,10426,3490.76,credit_card,2026-06-10 12:00:00
7725,2403,5193.38,invoice,2025-05-14 12:00:00
7726,9299,3192.42,ach,2026-04-16 12:00:00
7727,1074,4625.6,invoice,2025-03-09 12:00:00
7728,11035,1903.48,invoice,2026-07-14 12:00:00
7729,3399,3803.6,wire,2025-07-15 12:00:00
7730,4241,2868.5,ach,2025-08-24 12:00:00
7731,6525,2704.86,invoice,2025-12-30 12:00:00
7732,5437,1623.28,credit_card,2025-11-04 12:00:00
7733,8395,3573.6,invoice,2026-03-02 12:00:00
7734,10863,3704.11,ach,2026-06-28 12:00:00
7735,2092,4791.37,invoice,2025-06-02 12:00:00
7736,4528,640.74,wire,2025-09-19 12:00:00
7737,12770,2777.02,ach,2026-10-01 12:00:00
7738,1699,1546.42,wire,2025-05-05 12:00:00
7739,9544,1639.53,ach,2026-04-29 12:00:00
7740,10711,3559.05,ach,2026-07-03 12:00:00
7741,9958,3372.3,ach,2026-05-30 12:00:00
7742,7744,3787.76,wire,2026-01-15 12:00:00
7743,10215,6152.63,wire,2026-05-08 12:00:00
7744,9578,882.76,credit_card,2026-04-22 12:00:00
7745,1004,700.63,wire,2025-03-09 12:00:00
7746,10568,5020.08,ach,2026-06-20 12:00:00
7747,7659,3066.21,ach,2026-01-04 12:00:00
7748,11618,1178.44,credit_card,2026-08-23 12:00:00
7749,10630,5691.18,invoice,2026-06-12 12:00:00
7750,7567,5989.31,invoice,2026-01-17 12:00:00
7751,2935,2105.67,invoice,2025-06-08 12:00:00
7752,4652,4336.66,ach,2025-09-10 12:00:00
7753,10679,1095.26,credit_card,2026-06-29 12:00:00
7754,12344,3821.08,ach,2026-09-11 12:00:00
7755,6157,1498.87,ach,2025-11-08 12:00:00
7756,1486,3310.23,credit_card,2025-04-02 12:00:00
7757,11789,1618.56,credit_card,2026-08-30 12:00:00
7758,5369,2618.21,invoice,2025-10-11 12:00:00
7759,10325,2148.71,wire,2026-06-08 12:00:00
7760,1412,4459.27,ach,2025-04-04 12:00:00
7761,6290,4049.5,invoice,2025-11-17 12:00:00
7762,12050,4016.9,ach,2026-08-20 12:00:00
7763,11599,1668.36,wire,2026-08-11 12:00:00
7764,8500,3373.94,invoice,2026-04-01 12:00:00
7765,710,424.49,ach,2025-03-24 12:00:00
7766,8067,1133.88,wire,2026-03-02 12:00:00
7767,3604,3090.56,invoice,2025-07-05 12:00:00
7768,986,6541.09,credit_card,2025-03-12 12:00:00
7769,3077,3711.22,invoice,2025-06-20 12:00:00
7770,6170,3480.04,ach,2025-11-27 12:00:00
7771,9803,1304.49,invoice,2026-05-11 12:00:00
7772,7385,3583.9,wire,2026-01-03 12:00:00
7773,8913,4093.24,wire,2026-03-13 12:00:00
7774,6714,1856.21,credit_card,2025-12-26 12:00:00
7775,5078,4050.48,credit_card,2025-11-02 12:00:00
7776,4102,310.1,wire,2025-08-09 12:00:00
7777,1084,1244.66,wire,2025-03-06 12:00:00
7778,2723,191.72,credit_card,2025-06-10 12:00:00
7779,11959,6171.74,wire,2026-08-13 12:00:00
7780,1269,4984.33,ach,2025-04-05 12:00:00
7781,2463,1116.49,invoice,2025-05-21 12:00:00
7782,8571,5690.31,ach,2026-03-18 12:00:00
7783,269,1785.7,invoice,2025-02-18 12:00:00
7784,3581,6690.09,credit_card,2025-07-03 12:00:00
7785,4751,6391.33,credit_card,2025-09-25 12:00:00
7786,8486,5677.38,wire,2026-03-20 12:00:00
7787,8091,3478.43,invoice,2026-03-01 12:00:00
7788,10392,3661.12,wire,2026-06-08 12:00:00
7789,10390,1101.92,ach,2026-06-17 12:00:00
7790,9859,1263.4,invoice,2026-05-14 12:00:00
7791,9408,1622.23,ach,2026-04-30 12:00:00
7792,2822,1086.26,credit_card,2025-06-13 12:00:00
7793,11446,1936.8,invoice,2026-07-27 12:00:00
7794,590,6418.14,wire,2025-02-03 12:00:00
7795,12772,2881.73,credit_card,2026-10-02 12:00:00
7796,11468,6428.77,credit_card,2026-07-14 12:00:00
7797,8415,217.75,credit_card,2026-03-23 12:00:00
7798,657,1940.37,wire,2025-03-25 12:00:00
7799,10367,3746.21,ach,2026-07-02 12:00:00
7800,10112,575.15,credit_card,2026-05-07 12:00:00
7801,2038,1959.18,ach,2025-05-22 12:00:00
7802,9938,492.63,wire,2026-05-31 12:00:00
7803,9247,1358.77,invoice,2026-05-05 12:00:00
7804,3759,2895.04,invoice,2025-08-27 12:00:00
7805,6846,934.95,wire,2025-12-11 12:00:00
7806,6152,1533.45,credit_card,2025-11-05 12:00:00
7807,5328,5781.21,wire,2025-10-02 12:00:00
7808,2029,5830.09,invoice,2025-05-10 12:00:00
7809,9560,1167.22,wire,2026-04-13 12:00:00
7810,678,3090.03,ach,2025-03-14 12:00:00
7811,8785,1552.17,credit_card,2026-03-19 12:00:00
7812,1233,1882.53,invoice,2025-03-14 12:00:00
7813,5455,5091.42,wire,2025-10-18 12:00:00
7814,8444,3273.98,credit_card,2026-03-12 12:00:00
7815,9969,4663.24,wire,2026-05-08 12:00:00
7816,8377,3272.79,wire,2026-02-12 12:00:00
7817,8261,948.59,invoice,2026-02-22 12:00:00
7818,8215,3864.71,credit_card,2026-02-09 12:00:00
7819,4857,4267.13,credit_card,2025-09-22 12:00:00
7820,8727,3969.67,invoice,2026-03-02 12:00:00
7821,2433,3133.46,ach,2025-05-06 12:00:00
7822,12303,1403.78,wire,2026-09-18 12:00:00
7823,9051,2958.36,credit_card,2026-05-03 12:00:00
7824,4648,1025.15,ach,2025-10-01 12:00:00
7825,12229,4200.07,invoice,2026-09-04 12:00:00
7826,11194,7075.77,credit_card,2026-07-27 12:00:00
7827,897,980.35,ach,2025-03-19 12:00:00
7828,1612,3085.06,ach,2025-04-07 12:00:00
7829,10520,3821.38,invoice,2026-06-15 12:00:00
7830,1588,714.28,invoice,2025-04-10 12:00:00
7831,6687,2164.9,invoice,2025-12-08 12:00:00
7832,8016,6234.35,ach,2026-02-12 12:00:00
7833,8877,1752.16,invoice,2026-03-28 12:00:00
7834,7663,1128.01,credit_card,2026-01-21 12:00:00
7835,1720,4512.55,invoice,2025-04-14 12:00:00
7836,8133,1513.5,wire,2026-02-25 12:00:00
7837,10076,1808.11,credit_card,2026-05-27 12:00:00
7838,3807,4889.87,credit_card,2025-08-28 12:00:00
7839,10378,7056.88,credit_card,2026-06-07 12:00:00
7840,12244,737.41,invoice,2026-09-08 12:00:00
7841,4702,2055.2,wire,2025-09-17 12:00:00
7842,3962,3986.75,credit_card,2025-08-12 12:00:00
7843,732,4065.91,credit_card,2025-03-19 12:00:00
7844,5558,1280.41,credit_card,2025-10-11 12:00:00
7845,7037,972.2,wire,2025-12-21 12:00:00
7846,5565,4456.15,credit_card,2025-10-17 12:00:00
7847,9921,2769.52,credit_card,2026-05-29 12:00:00
7848,12699,5416.09,invoice,2026-09-20 12:00:00
7849,6088,716.56,invoice,2025-11-18 12:00:00
7850,891,4379.39,invoice,2025-03-02 12:00:00
7851,8181,317.99,ach,2026-02-06 12:00:00
7852,12091,3428.71,ach,2026-08-11 12:00:00
7853,4007,1387.22,wire,2025-08-30 12:00:00
7854,4940,184.24,credit_card,2025-09-09 12:00:00
7855,10139,4392.32,wire,2026-05-22 12:00:00
7856,11963,1179.05,credit_card,2026-08-18 12:00:00
7857,5899,1659.39,invoice,2025-11-02 12:00:00
7858,6174,2015.34,credit_card,2025-11-14 12:00:00
7859,9639,1967.44,invoice,2026-04-17 12:00:00
7860,5820,1516.17,credit_card,2025-11-10 12:00:00
7861,9546,4082.98,invoice,2026-04-14 12:00:00
7862,9667,3606.57,invoice,2026-05-04 12:00:00
7863,9755,5739.5,ach,2026-05-17 12:00:00
7864,2800,4584.69,credit_card,2025-06-30 12:00:00
7865,9130,4289.01,ach,2026-04-24 12:00:00
7866,585,1936.58,wire,2025-02-09 12:00:00
7867,3269,1254.66,ach,2025-07-08 12:00:00
7868,3933,5726.56,credit_card,2025-08-18 12:00:00
7869,4966,846.73,ach,2025-09-04 12:00:00
7870,1261,1570.6,invoice,2025-04-19 12:00:00
7871,12286,918.56,invoice,2026-09-05 12:00:00
7872,6200,667.76,invoice,2025-12-03 12:00:00
7873,6693,4356.16,ach,2025-12-04 12:00:00
7874,311,3218.05,ach,2025-02-22 12:00:00
7875,1717,3641.75,wire,2025-04-26 12:00:00
7876,8096,1024.34,wire,2026-02-18 12:00:00
7877,6010,1586.35,credit_card,2025-11-16 12:00:00
7878,2053,1613.5,invoice,2025-05-12 12:00:00
7879,8893,96.48,invoice,2026-03-09 12:00:00
7880,4669,3306.56,wire,2025-10-02 12:00:00
7881,4299,1120.25,invoice,2025-08-11 12:00:00
7882,6647,6518.6,ach,2025-12-07 12:00:00
7883,3784,3531.82,wire,2025-08-15 12:00:00
7884,1009,2932.45,invoice,2025-03-03 12:00:00
7885,8122,2690.3,invoice,2026-02-21 12:00:00
7886,10655,6363.43,wire,2026-06-10 12:00:00
7887,2186,2819.76,invoice,2025-05-26 12:00:00
7888,11962,3493.92,wire,2026-08-03 12:00:00
7889,3624,3557.71,credit_card,2025-08-03 12:00:00
7890,12508,3254.28,wire,2026-09-15 12:00:00
7891,8062,2225.95,invoice,2026-02-18 12:00:00
7892,12367,2044.63,wire,2026-10-02 12:00:00
7893,9044,1325.19,ach,2026-04-09 12:00:00
7894,8625,1902.81,credit_card,2026-03-24 12:00:00
7895,4835,1016.3,credit_card,2025-09-27 12:00:00
7896,4060,517.61,ach,2025-08-10 12:00:00
7897,4757,2250.05,invoice,2025-09-09 12:00:00
7898,8254,3999.98,ach,2026-02-22 12:00:00
7899,91,2368.26,credit_card,2025-02-26 12:00:00
7900,1988,998.35,invoice,2025-06-02 12:00:00
7901,471,3144.72,wire,2025-03-01 12:00:00
7902,1327,2703.32,wire,2025-04-19 12:00:00
7903,10010,2929.79,invoice,2026-05-29 12:00:00
7904,7280,3474.24,invoice,2025-12-13 12:00:00
7905,11488,990.96,invoice,2026-07-09 12:00:00
7906,11343,7235.49,invoice,2026-07-28 12:00:00
7907,2118,3504.38,invoice,2025-05-03 12:00:00
7908,2938,1318.92,wire,2025-06-05 12:00:00
7909,889,2617.24,invoice,2025-03-24 12:00:00
7910,984,6866.87,invoice,2025-03-19 12:00:00
7911,6933,1949.56,ach,2025-12-04 12:00:00
7912,12122,873.17,ach,2026-08-22 12:00:00
7913,9657,830.94,invoice,2026-05-30 12:00:00
7914,11080,2905.75,invoice,2026-07-15 12:00:00
7915,10986,2239.04,credit_card,2026-07-31 12:00:00
7916,2926,1027.26,credit_card,2025-06-27 12:00:00
7917,8510,5969.26,ach,2026-03-14 12:00:00
7918,3215,3279.33,invoice,2025-07-30 12:00:00
7919,5885,1490.66,credit_card,2025-12-02 12:00:00
7920,2342,1944.15,ach,2025-05-15 12:00:00
7921,11090,2908.0,wire,2026-07-07 12:00:00
7922,8594,1457.23,ach,2026-03-28 12:00:00
7923,9704,455.28,credit_card,2026-05-09 12:00:00
7924,9097,5383.91,invoice,2026-04-24 12:00:00
7925,10086,1015.38,credit_card,2026-05-27 12:00:00
7926,8029,3784.58,invoice,2026-02-23 12:00:00
7927,628,1285.28,ach,2025-03-08 12:00:00
7928,11906,4074.75,ach,2026-08-30 12:00:00
7929,4948,3499.71,ach,2025-09-23 12:00:00
7930,5081,4680.56,credit_card,2025-10-31 12:00:00
7931,4245,2400.86,credit_card,2025-08-10 12:00:00
7932,7546,3409.36,wire,2026-01-22 12:00:00
7933,8296,5000.32,credit_card,2026-02-14 12:00:00
7934,4766,1656.31,ach,2025-09-03 12:00:00
7935,1602,281.16,credit_card,2025-04-09 12:00:00
7936,12271,3145.69,wire,2026-09-07 12:00:00
7937,1270,497.0,credit_card,2025-04-06 12:00:00
7938,129,4160.47,credit_card,2025-02-26 12:00:00
7939,10216,2976.33,wire,2026-06-01 12:00:00
7940,8894,2508.13,ach,2026-03-28 12:00:00
7941,1712,3602.73,ach,2025-04-11 12:00:00
7942,4183,4181.31,wire,2025-08-12 12:00:00
7943,7300,677.45,invoice,2025-12-18 12:00:00
7944,9293,645.4,invoice,2026-04-21 12:00:00
7945,4236,3183.92,ach,2025-08-22 12:00:00
7946,6996,2754.6,credit_card,2025-12-18 12:00:00
7947,8360,1843.7,ach,2026-02-16 12:00:00
7948,2399,3378.94,credit_card,2025-05-24 12:00:00
7949,11424,1522.34,ach,2026-07-02 12:00:00
7950,9413,2603.67,invoice,2026-04-25 12:00:00
7951,11954,1264.38,credit_card,2026-08-04 12:00:00
7952,12202,1856.8,credit_card,2026-09-11 12:00:00
7953,9080,600.36,credit_card,2026-04-10 12:00:00
7954,11176,852.28,ach,2026-07-27 12:00:00
7955,10750,232.13,invoice,2026-07-04 12:00:00
7956,1187,4193.51,ach,2025-03-25 12:00:00
7957,8983,654.22,wire,2026-03-07 12:00:00
7958,12558,484.05,credit_card,2026-09-25 12:00:00
7959,12515,4786.85,invoice,2026-09-12 12:00:00
7960,12418,3445.68,invoice,2026-09-10 12:00:00
7961,1978,4346.09,wire,2025-05-21 12:00:00
7962,5315,5867.69,credit_card,2025-10-16 12:00:00
7963,12635,2985.64,ach,2026-09-25 12:00:00
7964,4248,2198.59,wire,2025-08-28 12:00:00
7965,10099,1586.5,invoice,2026-05-01 12:00:00
7966,10121,204.3,wire,2026-05-04 12:00:00
7967,10166,1203.34,credit_card,2026-05-16 12:00:00
7968,916,2300.4,credit_card,2025-03-05 12:00:00
7969,1306,4491.87,invoice,2025-04-18 12:00:00
7970,1097,2617.47,wire,2025-03-08 12:00:00
7971,3050,5471.2,ach,2025-06-16 12:00:00
7972,8558,1910.14,invoice,2026-03-15 12:00:00
7973,6654,2169.56,invoice,2025-12-17 12:00:00
7974,12165,1176.88,ach,2026-09-16 12:00:00
7975,1274,3565.89,invoice,2025-04-30 12:00:00
7976,5699,1889.68,credit_card,2025-11-19 12:00:00
7977,6946,2373.3,ach,2025-12-09 12:00:00
7978,8146,1035.09,invoice,2026-02-13 12:00:00
7979,10827,414.07,credit_card,2026-06-09 12:00:00
7980,2797,2088.21,credit_card,2025-06-04 12:00:00
7981,6798,319.11,invoice,2025-12-11 12:00:00
7982,1399,2715.68,wire,2025-04-27 12:00:00
7983,6616,2034.18,wire,2025-12-06 12:00:00
7984,3359,2549.42,invoice,2025-07-07 12:00:00
7985,7756,710.22,ach,2026-01-27 12:00:00
7986,184,7360.32,credit_card,2025-02-11 12:00:00
7987,2960,5435.4,invoice,2025-06-25 12:00:00
7988,4463,2339.98,wire,2025-09-18 12:00:00
7989,9266,4660.89,wire,2026-04-07 12:00:00
7990,9444,1003.16,invoice,2026-05-02 12:00:00
7991,3564,1983.86,invoice,2025-08-02 12:00:00
7992,9677,273.18,wire,2026-05-28 12:00:00
7993,12289,3570.82,ach,2026-09-25 12:00:00
7994,6514,4605.76,ach,2025-12-30 12:00:00
7995,7888,5209.29,credit_card,2026-02-06 12:00:00
7996,4568,2697.83,invoice,2025-09-20 12:00:00
7997,9793,968.51,credit_card,2026-05-12 12:00:00
7998,6604,3067.38,invoice,2025-12-16 12:00:00
7999,12552,1280.15,wire,2026-09-12 12:00:00
8000,2657,3871.48,ach,2025-06-04 12:00:00
8001,7976,5315.88,invoice,2026-03-05 12:00:00
8002,10599,2397.19,ach,2026-06-03 12:00:00
8003,4306,3814.95,invoice,2025-08-07 12:00:00
8004,1962,545.88,ach,2025-05-07 12:00:00
8005,4993,1019.04,ach,2025-09-11 12:00:00
8006,4892,3248.83,invoice,2025-09-26 12:00:00
8007,6139,1267.22,invoice,2025-11-13 12:00:00
8008,5816,3598.45,ach,2025-11-24 12:00:00
8009,5870,350.3,ach,2025-11-14 12:00:00
8010,9235,3834.57,credit_card,2026-04-26 12:00:00
8011,6396,2003.35,wire,2025-11-27 12:00:00
8012,12110,1492.53,invoice,2026-08-29 12:00:00
8013,6227,128.48,ach,2025-11-12 12:00:00
8014,9633,3626.39,ach,2026-04-07 12:00:00
8015,12743,3154.6,wire,2026-09-21 12:00:00
8016,9067,2296.81,ach,2026-04-06 12:00:00
8017,1252,4092.22,wire,2025-04-05 12:00:00
8018,3177,2667.85,ach,2025-07-10 12:00:00
8019,5073,3569.73,invoice,2025-10-23 12:00:00
8020,3360,334.64,ach,2025-07-11 12:00:00
8021,8795,1930.52,ach,2026-03-05 12:00:00
8022,11708,3626.17,invoice,2026-08-11 12:00:00
8023,8575,3243.71,ach,2026-04-02 12:00:00
8024,9911,5992.2,wire,2026-05-20 12:00:00
8025,9358,828.56,credit_card,2026-04-25 12:00:00
8026,7467,344.01,ach,2026-01-05 12:00:00
8027,11760,1520.07,invoice,2026-08-13 12:00:00
8028,3290,4585.98,ach,2025-07-13 12:00:00
8029,11520,3584.14,invoice,2026-07-10 12:00:00
8030,7748,734.66,credit_card,2026-01-26 12:00:00
8031,7412,2362.1,invoice,2026-01-05 12:00:00
8032,7539,2300.25,wire,2026-01-20 12:00:00
8033,11154,1927.66,ach,2026-07-14 12:00:00
8034,3191,1028.43,credit_card,2025-07-23 12:00:00
8035,1574,646.07,wire,2025-04-16 12:00:00
8036,9609,6275.28,ach,2026-04-13 12:00:00
8037,1052,1327.04,ach,2025-03-25 12:00:00
8038,4070,1633.68,wire,2025-08-20 12:00:00
8039,8258,2365.15,invoice,2026-02-23 12:00:00
8040,3219,3797.0,wire,2025-07-31 12:00:00
8041,11344,886.5,credit_card,2026-07-28 12:00:00
8042,273,4230.5,invoice,2025-02-15 12:00:00
8043,2043,4929.62,invoice,2025-06-05 12:00:00
8044,4764,4764.1,invoice,2025-09-15 12:00:00
8045,8143,3133.53,wire,2026-02-21 12:00:00
8046,1875,1096.55,credit_card,2025-04-21 12:00:00
8047,8919,4102.96,wire,2026-03-27 12:00:00
8048,1087,4647.49,wire,2025-03-20 12:00:00
8049,1474,329.7,wire,2025-04-23 12:00:00
8050,7283,1649.91,ach,2025-12-09 12:00:00
8051,12760,4166.13,ach,2026-10-03 12:00:00
8052,8573,5635.37,wire,2026-03-17 12:00:00
8053,9752,1849.93,wire,2026-05-22 12:00:00
8054,2187,296.48,invoice,2025-05-03 12:00:00
8055,11307,384.06,wire,2026-07-31 12:00:00
8056,4323,2205.32,wire,2025-08-07 12:00:00
8057,9648,1242.26,invoice,2026-04-21 12:00:00
8058,10171,2239.04,credit_card,2026-05-10 12:00:00
8059,5832,3152.97,ach,2025-11-28 12:00:00
8060,10373,2260.42,ach,2026-06-15 12:00:00
8061,499,6922.18,ach,2025-02-27 12:00:00
8062,8290,365.47,credit_card,2026-02-03 12:00:00
8063,9090,3545.14,credit_card,2026-04-25 12:00:00
8064,4710,4825.61,wire,2025-09-20 12:00:00
8065,8714,582.11,wire,2026-03-07 12:00:00
8066,10401,2998.22,ach,2026-06-21 12:00:00
8067,4486,3515.47,invoice,2025-09-15 12:00:00
8068,11062,728.39,ach,2026-07-30 12:00:00
8069,3479,2140.16,wire,2025-07-15 12:00:00
8070,9840,2401.48,credit_card,2026-05-29 12:00:00
8071,3925,3549.53,credit_card,2025-08-10 12:00:00
8072,1749,1655.46,wire,2025-04-22 12:00:00
8073,733,1860.83,ach,2025-03-06 12:00:00
8074,2554,1332.72,ach,2025-06-10 12:00:00
8075,2464,4788.53,ach,2025-05-18 12:00:00
8076,12358,2422.72,ach,2026-09-04 12:00:00
8077,9461,3730.75,credit_card,2026-04-05 12:00:00
8078,11493,1790.3,ach,2026-07-08 12:00:00
8079,7851,2558.75,wire,2026-02-10 12:00:00
8080,2663,4364.39,wire,2025-06-02 12:00:00
8081,12518,2967.98,wire,2026-10-05 12:00:00
8082,8850,293.3,wire,2026-03-10 12:00:00
8083,8197,855.28,ach,2026-02-14 12:00:00
8084,3114,3844.18,wire,2025-06-11 12:00:00
8085,3304,2935.36,ach,2025-07-19 12:00:00
8086,6251,342.42,invoice,2025-11-14 12:00:00
8087,1345,4466.96,wire,2025-04-05 12:00:00
8088,11236,2126.81,ach,2026-07-26 12:00:00
8089,8274,466.58,invoice,2026-02-05 12:00:00
8090,1691,438.65,wire,2025-04-14 12:00:00
8091,72,2754.6,credit_card,2025-02-23 12:00:00
8092,9328,1033.16,credit_card,2026-04-24 12:00:00
8093,5049,7116.16,invoice,2025-10-16 12:00:00
8094,5113,1395.68,wire,2025-10-11 12:00:00
8095,12107,2256.72,credit_card,2026-08-11 12:00:00
8096,3309,1200.87,credit_card,2025-07-11 12:00:00
8097,1505,2257.71,ach,2025-04-12 12:00:00
8098,12209,339.44,ach,2026-09-12 12:00:00
8099,1807,4331.21,invoice,2025-04-19 12:00:00
8100,3872,1393.21,wire,2025-08-21 12:00:00
8101,1289,3243.72,invoice,2025-04-17 12:00:00
8102,3792,4720.48,credit_card,2025-08-29 12:00:00
8103,5218,263.1,invoice,2025-10-18 12:00:00
8104,10412,821.08,credit_card,2026-07-03 12:00:00
8105,12164,2421.62,credit_card,2026-09-24 12:00:00
8106,1068,1236.05,credit_card,2025-03-30 12:00:00
8107,8914,2158.79,ach,2026-03-12 12:00:00
8108,12128,4048.23,ach,2026-08-16 12:00:00
8109,1718,2827.45,credit_card,2025-04-11 12:00:00
8110,2697,1277.33,credit_card,2025-06-22 12:00:00
8111,6452,564.24,wire,2025-12-02 12:00:00
8112,1849,1141.04,credit_card,2025-04-21 12:00:00
8113,4513,3379.65,ach,2025-09-24 12:00:00
8114,9518,3738.7,ach,2026-04-10 12:00:00
8115,11800,3511.48,invoice,2026-08-24 12:00:00
8116,2432,3896.94,credit_card,2025-05-15 12:00:00
8117,8977,4985.1,credit_card,2026-03-18 12:00:00
8118,4661,5500.7,invoice,2025-09-16 12:00:00
8119,6623,2950.88,invoice,2025-12-19 12:00:00
8120,3436,3164.79,invoice,2025-07-18 12:00:00
8121,8656,1099.98,ach,2026-03-16 12:00:00
8122,7348,771.97,ach,2026-01-18 12:00:00
8123,11981,1118.88,invoice,2026-08-10 12:00:00
8124,143,1016.59,credit_card,2025-02-10 12:00:00
8125,8974,680.7,ach,2026-03-26 12:00:00
8126,5587,1582.35,credit_card,2025-10-06 12:00:00
8127,11197,2371.81,ach,2026-07-27 12:00:00
8128,6993,2844.42,credit_card,2025-12-14 12:00:00
8129,9323,5010.82,ach,2026-04-26 12:00:00
8130,8621,3665.09,ach,2026-03-16 12:00:00
8131,6805,2647.16,invoice,2025-12-30 12:00:00
8132,6750,5069.22,ach,2025-12-13 12:00:00
8133,6101,291.99,wire,2025-11-30 12:00:00
8134,5291,4892.22,wire,2025-10-06 12:00:00
8135,8421,6437.42,invoice,2026-03-06 12:00:00
8136,3410,3335.33,ach,2025-07-20 12:00:00
8137,1118,2939.32,credit_card,2025-03-13 12:00:00
8138,8270,1416.31,credit_card,2026-02-17 12:00:00
8139,1757,1879.96,invoice,2025-04-05 12:00:00
8140,498,1076.12,ach,2025-02-14 12:00:00
8141,6752,2345.4,credit_card,2025-12-09 12:00:00
8142,8345,4113.49,credit_card,2026-02-13 12:00:00
8143,871,2545.16,wire,2025-03-28 12:00:00
8144,3358,5586.92,wire,2025-07-08 12:00:00
8145,913,3132.95,credit_card,2025-03-13 12:00:00
8146,7679,1326.67,wire,2026-01-13 12:00:00
8147,722,3254.94,ach,2025-03-10 12:00:00
8148,2806,4222.53,credit_card,2025-06-13 12:00:00
8149,12702,4706.45,invoice,2026-09-30 12:00:00
8150,887,1700.71,credit_card,2025-03-02 12:00:00
8151,12269,3111.54,ach,2026-09-19 12:00:00
8152,9394,4655.26,wire,2026-04-30 12:00:00
8153,10610,5181.9,invoice,2026-06-16 12:00:00
8154,9799,2862.69,credit_card,2026-05-09 12:00:00
8155,1521,3419.25,wire,2025-04-19 12:00:00
8156,7397,4167.07,wire,2026-01-03 12:00:00
8157,8103,7656.55,wire,2026-02-19 12:00:00
8158,11102,5785.94,wire,2026-08-04 12:00:00
8159,2747,2088.48,invoice,2025-06-28 12:00:00
8160,8725,2672.45,wire,2026-03-20 12:00:00
8161,3546,706.3,invoice,2025-07-31 12:00:00
8162,315,3888.15,invoice,2025-02-01 12:00:00
8163,1800,5122.54,invoice,2025-04-15 12:00:00
8164,328,1883.35,wire,2025-02-23 12:00:00
8165,3758,5763.54,wire,2025-08-26 12:00:00
8166,9567,6404.13,wire,2026-04-08 12:00:00
8167,4205,1894.36,invoice,2025-08-06 12:00:00
8168,5851,305.25,credit_card,2025-11-15 12:00:00
8169,6130,1939.93,credit_card,2025-11-27 12:00:00
8170,5448,1529.07,ach,2025-10-08 12:00:00
8171,3130,2721.13,invoice,2025-07-16 12:00:00
8172,9891,3807.39,invoice,2026-05-22 12:00:00
8173,7441,977.67,wire,2026-01-26 12:00:00
8174,1997,701.89,wire,2025-05-08 12:00:00
8175,10190,6347.35,credit_card,2026-05-04 12:00:00
8176,3969,2863.18,credit_card,2025-08-08 12:00:00
8177,10420,2182.96,invoice,2026-06-27 12:00:00
8178,11379,1825.94,wire,2026-07-17 12:00:00
8179,1974,1220.51,invoice,2025-05-07 12:00:00
8180,337,507.14,invoice,2025-02-27 12:00:00
8181,2765,2683.75,wire,2025-06-16 12:00:00
8182,10114,5089.6,invoice,2026-05-29 12:00:00
8183,276,4217.45,ach,2025-02-11 12:00:00
8184,8869,2272.71,wire,2026-03-24 12:00:00
8185,7794,1002.71,invoice,2026-02-03 12:00:00
8186,2986,473.15,invoice,2025-06-30 12:00:00
8187,2687,4083.64,credit_card,2025-06-03 12:00:00
8188,7725,599.17,invoice,2026-01-13 12:00:00
8189,4621,455.65,invoice,2025-09-05 12:00:00
8190,6532,1351.28,wire,2025-12-14 12:00:00
8191,3478,877.74,wire,2025-07-17 12:00:00
8192,8403,3264.08,credit_card,2026-02-10 12:00:00
8193,3559,4078.8,wire,2025-08-02 12:00:00
8194,12766,1041.36,credit_card,2026-09-07 12:00:00
8195,3417,2129.89,wire,2025-07-23 12:00:00
8196,308,6282.01,wire,2025-02-18 12:00:00
8197,12684,3602.46,ach,2026-09-21 12:00:00
8198,9718,3234.31,credit_card,2026-05-28 12:00:00
8199,349,4852.13,credit_card,2025-02-21 12:00:00
8200,5919,3017.71,wire,2025-11-09 12:00:00
8201,7244,1415.22,wire,2025-12-24 12:00:00
8202,12141,774.72,ach,2026-08-26 12:00:00
8203,4483,4212.62,ach,2025-09-10 12:00:00
8204,8605,658.86,ach,2026-03-13 12:00:00
8205,6856,1657.13,ach,2025-12-09 12:00:00
8206,9157,558.14,wire,2026-04-30 12:00:00
8207,10422,791.35,wire,2026-06-17 12:00:00
8208,8586,519.18,ach,2026-03-07 12:00:00
8209,1667,1734.11,wire,2025-04-02 12:00:00
8210,7580,293.96,wire,2026-01-18 12:00:00
8211,5571,2715.18,ach,2025-10-10 12:00:00
8212,53,1861.11,ach,2025-02-12 12:00:00
8213,6264,1119.1,wire,2025-11-29 12:00:00
8214,1446,1531.85,wire,2025-04-22 12:00:00
8215,8389,2126.39,credit_card,2026-02-07 12:00:00
8216,11187,1396.31,invoice,2026-07-12 12:00:00
8217,1696,3045.76,invoice,2025-04-17 12:00:00
8218,1575,3884.74,wire,2025-05-02 12:00:00
8219,9707,2290.99,credit_card,2026-05-27 12:00:00
8220,4406,1218.96,invoice,2025-09-13 12:00:00
8221,1631,3075.14,invoice,2025-04-26 12:00:00
8222,10743,914.67,wire,2026-06-22 12:00:00
8223,1882,1758.45,ach,2025-05-21 12:00:00
8224,5075,2928.64,wire,2025-10-21 12:00:00
8225,5510,2809.39,invoice,2025-11-04 12:00:00
8226,11266,5803.15,wire,2026-07-13 12:00:00
8227,10286,1619.2,wire,2026-06-28 12:00:00
8228,12083,955.22,wire,2026-08-05 12:00:00
8229,8880,189.03,wire,2026-03-16 12:00:00
8230,187,2898.09,wire,2025-02-13 12:00:00
8231,5559,5858.61,invoice,2025-10-21 12:00:00
8232,7186,3395.85,credit_card,2025-12-16 12:00:00
8233,11805,3033.46,credit_card,2026-08-14 12:00:00
8234,9835,4993.11,credit_card,2026-05-27 12:00:00
8235,6588,1400.49,invoice,2025-12-29 12:00:00
8236,1235,2881.05,invoice,2025-03-30 12:00:00
8237,8953,4076.54,invoice,2026-03-07 12:00:00
8238,3916,4368.78,invoice,2025-09-01 12:00:00
8239,447,2131.1,invoice,2025-02-22 12:00:00
8240,845,4369.17,wire,2025-03-30 12:00:00
8241,5202,1036.64,invoice,2025-10-04 12:00:00
8242,11227,4352.03,credit_card,2026-07-31 12:00:00
8243,9870,2650.66,credit_card,2026-05-13 12:00:00
8244,2441,6209.84,wire,2025-05-11 12:00:00
8245,3104,1027.26,invoice,2025-06-30 12:00:00
8246,7693,1969.05,ach,2026-01-29 12:00:00
8247,4775,3144.7,wire,2025-09-21 12:00:00
8248,6975,2145.24,credit_card,2025-12-24 12:00:00
8249,6095,5704.09,wire,2025-11-11 12:00:00
8250,2154,2564.45,invoice,2025-05-24 12:00:00
8251,5519,1682.85,ach,2025-10-21 12:00:00
8252,10245,783.9,wire,2026-05-29 12:00:00
8253,5068,485.01,credit_card,2025-10-23 12:00:00
8254,10780,3792.0,ach,2026-06-29 12:00:00
8255,9864,3685.5,credit_card,2026-05-22 12:00:00
8256,10640,1343.28,ach,2026-06-29 12:00:00
8257,777,3987.45,credit_card,2025-03-15 12:00:00
8258,11866,6830.52,credit_card,2026-08-11 12:00:00
8259,6325,2380.46,ach,2025-11-12 12:00:00
8260,4921,752.03,credit_card,2025-09-16 12:00:00
8261,11110,1592.1,invoice,2026-07-25 12:00:00
8262,12131,1412.2,credit_card,2026-08-13 12:00:00
8263,9759,2946.27,wire,2026-05-31 12:00:00
8264,3137,2336.49,ach,2025-07-10 12:00:00
8265,12398,2365.75,credit_card,2026-09-27 12:00:00
8266,5463,2452.32,credit_card,2025-10-30 12:00:00
8267,3184,211.22,invoice,2025-08-03 12:00:00
8268,10607,5129.46,invoice,2026-06-29 12:00:00
8269,7523,2704.44,wire,2026-01-17 12:00:00
8270,10165,3229.53,credit_card,2026-05-19 12:00:00
8271,3200,1820.76,ach,2025-07-22 12:00:00
8272,9695,3768.31,ach,2026-05-03 12:00:00
8273,1290,1674.99,ach,2025-04-15 12:00:00
8274,12155,5139.22,ach,2026-09-26 12:00:00
8275,12197,2267.24,credit_card,2026-09-08 12:00:00
8276,9530,3304.44,ach,2026-04-23 12:00:00
8277,7543,263.1,ach,2026-01-03 12:00:00
8278,1880,284.44,invoice,2025-05-08 12:00:00
8279,10844,2459.53,ach,2026-06-14 12:00:00
8280,8529,4089.61,credit_card,2026-03-20 12:00:00
8281,5458,1299.82,wire,2025-10-13 12:00:00
8282,2149,1439.6,invoice,2025-05-31 12:00:00
8283,4132,2734.9,invoice,2025-08-28 12:00:00
8284,1037,297.58,ach,2025-03-08 12:00:00
8285,12174,737.48,wire,2026-09-15 12:00:00
8286,4135,7978.66,credit_card,2025-08-17 12:00:00
8287,650,2277.4,wire,2025-03-03 12:00:00
8288,6712,4510.62,invoice,2025-12-21 12:00:00
8289,862,941.51,invoice,2025-03-13 12:00:00
8290,192,2904.92,credit_card,2025-02-02 12:00:00
8291,6027,841.49,wire,2025-12-03 12:00:00
8292,1943,3830.01,wire,2025-05-06 12:00:00
8293,4332,3796.06,credit_card,2025-08-03 12:00:00
8294,11606,619.17,wire,2026-08-09 12:00:00
8295,7973,1671.32,invoice,2026-02-11 12:00:00
8296,9905,2200.28,ach,2026-05-15 12:00:00
8297,9585,2711.72,credit_card,2026-04-26 12:00:00
8298,9501,2159.64,wire,2026-04-16 12:00:00
8299,2776,1366.95,ach,2025-06-12 12:00:00
8300,4146,2898.39,ach,2025-08-29 12:00:00
8301,2618,2105.29,invoice,2025-06-25 12:00:00
8302,2412,2673.95,wire,2025-05-10 12:00:00
8303,1095,562.67,wire,2025-03-17 12:00:00
8304,6066,1033.36,ach,2025-11-02 12:00:00
8305,1547,4508.28,invoice,2025-04-27 12:00:00
8306,4590,2315.92,ach,2025-09-21 12:00:00
8307,6035,3450.43,wire,2025-12-03 12:00:00
8308,6954,5620.11,ach,2025-12-13 12:00:00
8309,3136,6200.7,invoice,2025-07-27 12:00:00
8310,3857,4545.65,credit_card,2025-08-27 12:00:00
8311,11772,1981.93,ach,2026-08-19 12:00:00
8312,6420,714.28,credit_card,2025-11-08 12:00:00
8313,3806,2823.45,invoice,2025-08-20 12:00:00
8314,8455,523.06,ach,2026-03-31 12:00:00
8315,7432,281.16,ach,2026-01-11 12:00:00
8316,6775,1565.39,invoice,2025-12-18 12:00:00
8317,11214,4689.42,wire,2026-08-02 12:00:00
8318,465,2404.25,wire,2025-02-06 12:00:00
8319,1258,4087.21,ach,2025-04-11 12:00:00
8320,2260,1649.36,credit_card,2025-05-03 12:00:00
8321,5631,2072.1,credit_card,2025-11-12 12:00:00
8322,12382,2897.31,wire,2026-09-14 12:00:00
8323,6232,6170.64,credit_card,2025-11-22 12:00:00
8324,7383,1029.02,ach,2026-01-03 12:00:00
8325,10551,2414.53,credit_card,2026-06-19 12:00:00
8326,1263,1325.62,ach,2025-04-15 12:00:00
8327,7213,367.54,invoice,2025-12-27 12:00:00
8328,976,202.7,ach,2025-03-18 12:00:00
8329,10503,1737.46,credit_card,2026-07-02 12:00:00
8330,5867,1216.72,wire,2025-11-06 12:00:00
8331,6583,920.16,invoice,2025-12-30 12:00:00
8332,2388,2050.62,invoice,2025-05-13 12:00:00
8333,12432,4006.1,invoice,2026-10-01 12:00:00
8334,5022,2142.33,wire,2025-10-16 12:00:00
8335,7130,1677.57,credit_card,2025-12-25 12:00:00
8336,10674,2149.8,invoice,2026-06-20 12:00:00
8337,3883,1414.67,credit_card,2025-08-28 12:00:00
8338,6056,530.3,ach,2025-11-06 12:00:00
8339,11600,1341.4,invoice,2026-08-21 12:00:00
8340,9114,4983.4,ach,2026-04-21 12:00:00
8341,3876,1083.14,invoice,2025-08-16 12:00:00
8342,2790,2547.0,ach,2025-06-16 12:00:00
8343,1858,932.66,invoice,2025-05-01 12:00:00
8344,11072,2482.59,ach,2026-07-22 12:00:00
8345,4109,1580.41,ach,2025-08-30 12:00:00
8346,5214,2906.9,wire,2025-10-25 12:00:00
8347,8282,1936.51,wire,2026-02-24 12:00:00
8348,3256,2585.73,ach,2025-07-25 12:00:00
8349,7324,878.4,ach,2026-01-07 12:00:00
8350,2691,1443.19,credit_card,2025-06-08 12:00:00
8351,7390,2481.06,wire,2026-01-22 12:00:00
8352,4628,3610.23,credit_card,2025-09-23 12:00:00
8353,9545,1402.57,ach,2026-04-16 12:00:00
8354,1320,2392.98,wire,2025-04-20 12:00:00
8355,9672,2081.02,invoice,2026-05-08 12:00:00
8356,12628,3300.64,credit_card,2026-09-13 12:00:00
8357,5163,238.43,invoice,2025-10-23 12:00:00
8358,9294,2782.62,invoice,2026-04-16 12:00:00
8359,1136,4414.53,ach,2025-03-22 12:00:00
8360,4530,3957.97,wire,2025-09-24 12:00:00
8361,3506,412.78,invoice,2025-07-03 12:00:00
8362,4750,4848.08,invoice,2025-09-22 12:00:00
8363,7087,4369.34,invoice,2026-01-02 12:00:00
8364,8481,1332.61,invoice,2026-03-28 12:00:00
8365,12610,431.3,invoice,2026-10-04 12:00:00
8366,6337,5552.25,invoice,2025-11-23 12:00:00
8367,9354,3259.04,invoice,2026-04-17 12:00:00
8368,6983,357.13,wire,2025-12-13 12:00:00
8369,10874,1135.35,credit_card,2026-06-07 12:00:00
8370,2506,2463.47,ach,2025-06-06 12:00:00
8371,2905,4688.85,wire,2025-06-21 12:00:00
8372,571,4362.01,invoice,2025-02-25 12:00:00
8373,1449,1412.66,invoice,2025-05-01 12:00:00
8374,3415,3722.14,wire,2025-08-01 12:00:00
8375,10307,4435.94,wire,2026-06-29 12:00:00
8376,10176,2196.28,credit_card,2026-05-03 12:00:00
8377,6838,840.92,credit_card,2025-12-22 12:00:00
8378,3227,3918.78,credit_card,2025-07-28 12:00:00
8379,12452,6450.77,invoice,2026-09-04 12:00:00
8380,4384,6722.23,invoice,2025-09-10 12:00:00
8381,7846,1006.96,invoice,2026-02-04 12:00:00
8382,3540,5490.85,invoice,2025-07-19 12:00:00
8383,9045,1776.71,wire,2026-04-12 12:00:00
8384,11435,334.64,credit_card,2026-07-25 12:00:00
8385,2828,291.06,invoice,2025-06-24 12:00:00
8386,5781,1380.95,invoice,2025-11-20 12:00:00
8387,4997,1266.63,ach,2025-09-01 12:00:00
8388,1339,150.87,invoice,2025-04-19 12:00:00
8389,3263,2762.24,invoice,2025-07-06 12:00:00
8390,7877,1331.9,invoice,2026-02-14 12:00:00
8391,9238,306.56,credit_card,2026-04-29 12:00:00
8392,6839,2397.83,invoice,2025-12-07 12:00:00
8393,5742,4071.14,ach,2025-11-24 12:00:00
8394,651,3420.93,wire,2025-03-16 12:00:00
8395,6040,2534.72,ach,2025-11-17 12:00:00
8396,2259,2909.87,wire,2025-05-02 12:00:00
8397,5396,7640.85,wire,2025-11-05 12:00:00
8398,11153,2693.48,invoice,2026-07-29 12:00:00
8399,7083,1596.41,credit_card,2025-12-21 12:00:00
8400,9944,1396.31,credit_card,2026-05-16 12:00:00
8401,3522,3876.7,credit_card,2025-07-22 12:00:00
8402,9628,3383.92,wire,2026-04-13 12:00:00
8403,4479,3968.29,invoice,2025-09-06 12:00:00
8404,5661,4407.86,invoice,2025-11-16 12:00:00
8405,68,490.05,ach,2025-03-01 12:00:00
8406,11968,5116.87,wire,2026-08-26 12:00:00
8407,7610,481.36,wire,2026-01-16 12:00:00
8408,1259,2537.97,invoice,2025-04-05 12:00:00
8409,10213,334.95,wire,2026-05-08 12:00:00
8410,10881,340.37,ach,2026-06-29 12:00:00
8411,992,4232.36,invoice,2025-03-10 12:00:00
8412,3505,3719.83,ach,2025-07-16 12:00:00
8413,8306,1957.63,invoice,2026-02-12 12:00:00
8414,920,4152.43,credit_card,2025-03-04 12:00:00
8415,166,2604.08,credit_card,2025-02-10 12:00:00
8416,8420,4138.91,invoice,2026-03-18 12:00:00
8417,10912,3853.43,credit_card,2026-07-27 12:00:00
8418,4595,2477.35,invoice,2025-09-07 12:00:00
8419,10365,328.91,credit_card,2026-06-17 12:00:00
8420,2851,1647.05,ach,2025-06-15 12:00:00
8421,9314,3370.35,invoice,2026-04-19 12:00:00
8422,12750,1419.09,ach,2026-09-07 12:00:00
8423,10386,422.0,wire,2026-07-05 12:00:00
8424,4461,1464.0,credit_card,2025-09-07 12:00:00
8425,9553,2990.56,ach,2026-05-02 12:00:00
8426,6624,359.43,ach,2025-12-20 12:00:00
8427,10712,2819.35,wire,2026-06-13 12:00:00
8428,2736,322.7,credit_card,2025-06-07 12:00:00
8429,5670,3101.36,wire,2025-11-19 12:00:00
8430,4989,4201.81,credit_card,2025-09-23 12:00:00
8431,11481,2885.75,ach,2026-07-06 12:00:00
8432,2379,1847.88,credit_card,2025-05-21 12:00:00
8433,8886,6046.96,wire,2026-03-26 12:00:00
8434,4173,3068.96,invoice,2025-08-28 12:00:00
8435,8093,1520.07,credit_card,2026-02-22 12:00:00
8436,10673,3284.07,wire,2026-06-07 12:00:00
8437,2104,1114.12,wire,2025-05-23 12:00:00
8438,3760,1841.4,credit_card,2025-08-16 12:00:00
8439,11287,3684.77,invoice,2026-07-17 12:00:00
8440,1838,1839.96,wire,2025-04-29 12:00:00
8441,10266,4593.49,wire,2026-05-29 12:00:00
8442,10611,2211.94,invoice,2026-06-25 12:00:00
8443,5711,1818.52,credit_card,2025-11-21 12:00:00
8444,4501,1767.76,wire,2025-09-15 12:00:00
8445,1094,2724.4,ach,2025-03-15 12:00:00
8446,8542,2684.62,ach,2026-03-25 12:00:00
8447,6719,5509.34,invoice,2025-12-26 12:00:00
8448,9194,2533.45,wire,2026-04-07 12:00:00
8449,161,1209.57,ach,2025-02-23 12:00:00
8450,204,1559.79,credit_card,2025-02-08 12:00:00
8451,6484,3715.87,credit_card,2025-12-29 12:00:00
8452,3941,452.41,credit_card,2025-08-27 12:00:00
8453,4934,3138.42,ach,2025-10-03 12:00:00
8454,7648,2968.69,ach,2026-01-10 12:00:00
8455,1231,1049.8,wire,2025-03-21 12:00:00
8456,3047,4890.63,ach,2025-06-13 12:00:00
8457,7958,1453.86,invoice,2026-02-18 12:00:00
8458,2916,2506.71,credit_card,2025-06-22 12:00:00
8459,11591,2272.58,invoice,2026-08-29 12:00:00
8460,4252,7509.39,credit_card,2025-08-16 12:00:00
8461,6112,4499.97,wire,2025-11-06 12:00:00
8462,6205,4837.04,credit_card,2025-11-06 12:00:00
8463,2726,2280.87,wire,2025-06-22 12:00:00
8464,4291,2356.88,wire,2025-08-15 12:00:00
8465,4335,2461.28,credit_card,2025-08-26 12:00:00
8466,384,4995.47,credit_card,2025-02-05 12:00:00
8467,7486,4040.27,ach,2026-01-07 12:00:00
8468,4887,4366.07,wire,2025-09-07 12:00:00
8469,858,718.81,ach,2025-03-28 12:00:00
8470,371,776.3,wire,2025-02-05 12:00:00
8471,6540,898.52,ach,2025-12-16 12:00:00
8472,2562,2136.03,credit_card,2025-06-12 12:00:00
8473,3802,1898.64,ach,2025-09-02 12:00:00
8474,5456,3050.55,credit_card,2025-11-03 12:00:00
8475,8665,2293.31,invoice,2026-03-19 12:00:00
8476,6860,447.76,ach,2025-12-12 12:00:00
8477,9137,2249.32,ach,2026-05-02 12:00:00
8478,11083,400.77,invoice,2026-07-04 12:00:00
8479,12270,1074.84,ach,2026-09-23 12:00:00
8480,5945,5386.96,ach,2025-11-16 12:00:00
8481,616,562.76,wire,2025-02-18 12:00:00
8482,2576,828.14,invoice,2025-06-11 12:00:00
8483,54,4276.12,invoice,2025-02-10 12:00:00
8484,9126,2736.8,invoice,2026-04-09 12:00:00
8485,3341,642.7,credit_card,2025-07-16 12:00:00
8486,9702,1249.23,wire,2026-05-13 12:00:00
8487,11566,3930.56,wire,2026-08-02 12:00:00
8488,8611,968.51,wire,2026-03-08 12:00:00
8489,10204,7858.41,invoice,2026-05-22 12:00:00
8490,5877,3519.88,ach,2025-12-02 12:00:00
8491,8696,3103.24,credit_card,2026-03-06 12:00:00
8492,1813,3235.46,invoice,2025-04-03 12:00:00
8493,991,4319.64,wire,2025-03-14 12:00:00
8494,8874,985.08,ach,2026-03-28 12:00:00
8495,10715,1317.52,credit_card,2026-06-15 12:00:00
8496,8412,3310.92,invoice,2026-03-28 12:00:00
8497,2943,3250.17,ach,2025-06-21 12:00:00
8498,3164,791.6,invoice,2025-07-26 12:00:00
8499,4679,1016.48,ach,2025-10-01 12:00:00
8500,2619,1223.51,invoice,2025-06-18 12:00:00
8501,3613,426.82,wire,2025-07-09 12:00:00
8502,8236,213.07,wire,2026-02-16 12:00:00
8503,7872,3954.4,wire,2026-02-13 12:00:00
8504,11099,3735.1,invoice,2026-07-21 12:00:00
8505,3793,3239.16,invoice,2025-08-24 12:00:00
8506,8638,1455.28,invoice,2026-03-15 12:00:00
8507,3440,3611.05,wire,2025-07-27 12:00:00
8508,1893,6002.72,credit_card,2025-05-19 12:00:00
8509,12318,3179.84,credit_card,2026-09-24 12:00:00
8510,11914,3177.38,credit_card,2026-08-25 12:00:00
8511,5256,2781.72,ach,2025-10-25 12:00:00
8512,5168,2105.48,wire,2025-10-19 12:00:00
8513,6461,497.51,invoice,2025-11-17 12:00:00
8514,1506,2279.66,ach,2025-04-20 12:00:00
8515,8841,902.64,invoice,2026-03-15 12:00:00
8516,671,3545.76,ach,2025-03-06 12:00:00
8517,898,571.73,invoice,2025-03-21 12:00:00
8518,3307,4241.41,wire,2025-07-29 12:00:00
8519,8027,5247.03,ach,2026-02-28 12:00:00
8520,6240,2313.72,invoice,2025-11-05 12:00:00
8521,2891,4110.63,invoice,2025-06-07 12:00:00
8522,6004,395.8,ach,2025-11-01 12:00:00
8523,7740,3427.08,wire,2026-01-15 12:00:00
8524,9756,230.66,wire,2026-05-16 12:00:00
8525,9273,654.14,wire,2026-04-07 12:00:00
8526,8398,5285.76,wire,2026-02-19 12:00:00
8527,3,3568.99,invoice,2025-02-15 12:00:00
8528,10859,2380.82,wire,2026-06-21 12:00:00
8529,6080,3165.33,ach,2025-11-21 12:00:00
8530,532,1785.65,invoice,2025-02-19 12:00:00
8531,11011,727.84,wire,2026-07-17 12:00:00
8532,8182,944.77,invoice,2026-02-11 12:00:00
8533,11048,3557.22,wire,2026-07-04 12:00:00
8534,6477,1318.28,ach,2025-12-09 12:00:00
8535,11381,3601.99,wire,2026-07-13 12:00:00
8536,10823,3445.56,wire,2026-06-21 12:00:00
8537,3407,3551.1,credit_card,2025-07-21 12:00:00
8538,5992,2092.08,wire,2025-11-10 12:00:00
8539,6329,1642.26,ach,2025-11-30 12:00:00
8540,9031,1842.1,wire,2026-04-27 12:00:00
8541,2566,2132.69,credit_card,2025-07-03 12:00:00
8542,2582,1554.91,credit_card,2025-06-06 12:00:00
8543,10443,887.21,ach,2026-06-19 12:00:00
8544,8386,1664.57,wire,2026-02-24 12:00:00
8545,2608,4157.78,wire,2025-06-20 12:00:00
8546,12099,4522.95,wire,2026-08-06 12:00:00
8547,2105,5265.72,ach,2025-05-29 12:00:00
8548,11875,1213.89,credit_card,2026-09-01 12:00:00
8549,9124,1343.64,wire,2026-04-24 12:00:00
8550,11685,1658.12,ach,2026-08-13 12:00:00
8551,4995,759.59,credit_card,2025-09-18 12:00:00
8552,9579,1790.8,ach,2026-04-16 12:00:00
8553,5058,2872.22,ach,2025-10-26 12:00:00
8554,659,2858.67,ach,2025-03-18 12:00:00
8555,4435,3665.67,wire,2025-09-21 12:00:00
8556,12132,119.81,credit_card,2026-09-01 12:00:00
8557,3817,2015.02,wire,2025-08-20 12:00:00
8558,6774,2129.38,ach,2025-12-14 12:00:00
8559,12038,7638.06,wire,2026-09-01 12:00:00
8560,7261,3880.33,wire,2025-12-20 12:00:00
8561,3905,2652.03,ach,2025-08-16 12:00:00
8562,11362,6434.34,invoice,2026-07-14 12:00:00
8563,6812,1002.68,invoice,2025-12-27 12:00:00
8564,10602,344.47,ach,2026-06-28 12:00:00
8565,3701,533.66,invoice,2025-07-10 12:00:00
8566,9773,788.8,ach,2026-05-14 12:00:00
8567,1789,5549.9,invoice,2025-04-05 12:00:00
8568,10845,1157.55,wire,2026-06-06 12:00:00
8569,6315,2784.05,credit_card,2025-11-06 12:00:00
8570,3646,3259.97,credit_card,2025-07-11 12:00:00
8571,1777,4373.55,credit_card,2025-04-29 12:00:00
8572,193,761.77,invoice,2025-02-10 12:00:00
8573,12618,2889.31,wire,2026-09-13 12:00:00
8574,10983,102.43,invoice,2026-07-12 12:00:00
8575,5389,3239.89,wire,2025-10-30 12:00:00
8576,8797,3085.99,credit_card,2026-03-02 12:00:00
8577,4952,5534.27,ach,2025-09-16 12:00:00
8578,2688,1037.47,credit_card,2025-06-27 12:00:00
8579,4391,1033.38,credit_card,2025-09-25 12:00:00
8580,4928,1478.04,ach,2025-09-13 12:00:00
8581,5553,2802.78,credit_card,2025-10-25 12:00:00
8582,9989,6314.14,ach,2026-05-09 12:00:00
8583,239,253.04,invoice,2025-02-06 12:00:00
8584,11834,1657.75,invoice,2026-08-17 12:00:00
8585,8764,3121.48,ach,2026-03-29 12:00:00
8586,6902,5611.53,invoice,2025-12-08 12:00:00
8587,9364,87.27,wire,2026-04-25 12:00:00
8588,12658,865.77,wire,2026-09-08 12:00:00
8589,9256,3246.24,ach,2026-04-07 12:00:00
8590,5098,1776.52,invoice,2025-10-23 12:00:00
8591,9254,2676.91,credit_card,2026-04-22 12:00:00
8592,9552,3344.26,invoice,2026-04-08 12:00:00
8593,8822,864.26,wire,2026-03-06 12:00:00
8594,3553,1866.02,invoice,2025-07-13 12:00:00
8595,12738,1995.01,credit_card,2026-09-11 12:00:00
8596,3361,701.87,ach,2025-07-09 12:00:00
8597,8329,3545.23,invoice,2026-02-09 12:00:00
8598,5629,5187.15,ach,2025-11-09 12:00:00
8599,7752,1216.18,ach,2026-01-22 12:00:00
8600,5784,6259.91,wire,2025-11-27 12:00:00
8601,4508,1834.22,invoice,2025-09-16 12:00:00
8602,10796,789.95,ach,2026-06-20 12:00:00
8603,147,2082.51,wire,2025-02-21 12:00:00
8604,9442,4555.64,invoice,2026-04-07 12:00:00
8605,2295,2212.35,invoice,2025-06-02 12:00:00
8606,7179,2814.81,wire,2026-01-01 12:00:00
8607,12185,2372.58,invoice,2026-09-13 12:00:00
8608,9198,669.28,ach,2026-04-01 12:00:00
8609,12106,5043.66,invoice,2026-08-14 12:00:00
8610,10605,422.45,ach,2026-06-04 12:00:00
8611,7082,1644.26,ach,2026-01-01 12:00:00
8612,4734,2774.01,credit_card,2025-09-13 12:00:00
8613,4385,3223.85,credit_card,2025-09-15 12:00:00
8614,8766,1098.56,ach,2026-03-13 12:00:00
8615,4546,1846.01,wire,2025-09-13 12:00:00
8616,597,2141.61,invoice,2025-02-22 12:00:00
8617,11609,2385.2,ach,2026-08-16 12:00:00
8618,9004,1672.19,wire,2026-03-18 12:00:00
8619,5165,4097.64,ach,2025-10-28 12:00:00
8620,11677,5349.54,credit_card,2026-08-25 12:00:00
8621,1648,2667.96,credit_card,2025-04-12 12:00:00
8622,6816,2230.78,ach,2025-12-12 12:00:00
8623,2701,1295.87,invoice,2025-06-23 12:00:00
8624,1701,4764.0,ach,2025-04-07 12:00:00
8625,2774,5294.78,invoice,2025-06-06 12:00:00
8626,6969,562.67,wire,2025-12-13 12:00:00
8627,8144,1424.2,credit_card,2026-02-27 12:00:00
8628,6220,3758.75,wire,2025-11-13 12:00:00
8629,87,491.86,invoice,2025-02-15 12:00:00
8630,11808,1216.94,ach,2026-08-07 12:00:00
8631,12321,4466.85,wire,2026-09-21 12:00:00
8632,11177,1265.68,invoice,2026-07-17 12:00:00
8633,2595,3335.92,credit_card,2025-06-28 12:00:00
8634,1030,4768.81,ach,2025-03-06 12:00:00
8635,137,7266.53,wire,2025-02-02 12:00:00
8636,6973,745.63,ach,2025-12-23 12:00:00
8637,7025,8831.81,wire,2025-12-11 12:00:00
8638,2855,4408.8,invoice,2025-07-01 12:00:00
8639,1201,3382.74,invoice,2025-03-30 12:00:00
8640,6122,3470.37,invoice,2025-11-07 12:00:00
8641,9857,1277.5,wire,2026-05-24 12:00:00
8642,6297,2634.98,invoice,2025-11-09 12:00:00
8643,3928,2829.14,ach,2025-08-24 12:00:00
8644,11271,2260.95,credit_card,2026-07-14 12:00:00
8645,8469,5507.85,credit_card,2026-03-24 12:00:00
8646,3607,1403.78,invoice,2025-07-24 12:00:00
8647,11375,3651.12,invoice,2026-07-21 12:00:00
8648,2331,1910.16,wire,2025-05-30 12:00:00
8649,2188,2899.98,invoice,2025-05-19 12:00:00
8650,196,1969.32,wire,2025-02-08 12:00:00
8651,5060,2124.36,invoice,2025-10-12 12:00:00
8652,803,3561.72,ach,2025-03-24 12:00:00
8653,2669,4661.18,wire,2025-06-20 12:00:00
8654,242,5952.12,invoice,2025-02-15 12:00:00
8655,2069,1785.7,invoice,2025-05-10 12:00:00
8656,8803,592.28,credit_card,2026-03-19 12:00:00
8657,12109,2565.85,wire,2026-08-07 12:00:00
8658,645,2628.24,ach,2025-03-17 12:00:00
8659,5104,3409.93,invoice,2025-10-30 12:00:00
8660,1638,2814.2,invoice,2025-04-03 12:00:00
8661,7553,2810.05,ach,2026-01-29 12:00:00
8662,8313,1209.8,ach,2026-03-02 12:00:00
8663,3075,3620.74,wire,2025-06-10 12:00:00
8664,7297,3600.64,ach,2025-12-20 12:00:00
8665,3279,4890.95,wire,2025-07-14 12:00:00
8666,8004,2729.26,wire,2026-02-04 12:00:00
8667,4971,2560.53,credit_card,2025-09-07 12:00:00
8668,9346,1211.39,ach,2026-05-04 12:00:00
8669,8327,1055.23,ach,2026-02-21 12:00:00
8670,6916,1483.05,credit_card,2025-12-24 12:00:00
8671,8944,2105.72,ach,2026-04-04 12:00:00
8672,7830,4085.05,ach,2026-02-21 12:00:00
8673,63,1376.03,credit_card,2025-02-09 12:00:00
8674,10123,4191.82,wire,2026-05-30 12:00:00
8675,10801,2158.26,credit_card,2026-06-28 12:00:00
8676,9365,1663.87,ach,2026-04-25 12:00:00
8677,9267,3115.08,credit_card,2026-04-15 12:00:00
8678,680,3690.58,invoice,2025-04-01 12:00:00
8679,2042,3993.15,ach,2025-05-08 12:00:00
8680,5308,878.72,credit_card,2025-10-12 12:00:00
8681,11016,2186.96,credit_card,2026-07-24 12:00:00
8682,3642,4779.3,wire,2025-07-07 12:00:00
8683,10733,1751.79,invoice,2026-06-07 12:00:00
8684,10414,3107.16,credit_card,2026-06-30 12:00:00
8685,3259,4338.08,ach,2025-07-17 12:00:00
8686,1874,571.78,invoice,2025-04-20 12:00:00
8687,4745,737.48,invoice,2025-10-01 12:00:00
8688,2913,3100.91,ach,2025-06-16 12:00:00
8689,4028,3296.04,ach,2025-09-01 12:00:00
8690,5489,109.62,invoice,2025-10-10 12:00:00
8691,11026,5158.88,ach,2026-07-10 12:00:00
8692,8025,3737.82,credit_card,2026-02-28 12:00:00
8693,7787,564.24,wire,2026-02-23 12:00:00
8694,11814,4610.34,wire,2026-08-16 12:00:00
8695,6865,2401.47,invoice,2025-12-22 12:00:00
8696,490,1322.82,invoice,2025-02-07 12:00:00
8697,8686,224.05,ach,2026-03-04 12:00:00
8698,691,5072.37,invoice,2025-03-23 12:00:00
8699,603,3437.03,ach,2025-02-06 12:00:00
8700,1015,4342.42,ach,2025-03-14 12:00:00
8701,870,2995.15,invoice,2025-03-26 12:00:00
8702,1994,344.47,wire,2025-06-01 12:00:00
8703,7611,7941.22,credit_card,2026-01-05 12:00:00
8704,5284,2389.61,credit_card,2025-10-07 12:00:00
8705,4371,2294.32,invoice,2025-08-13 12:00:00
8706,1362,3661.61,wire,2025-04-12 12:00:00
8707,1527,1911.15,invoice,2025-04-20 12:00:00
8708,1630,3407.95,ach,2025-04-14 12:00:00
8709,1552,1626.5,ach,2025-04-06 12:00:00
8710,9148,3593.59,credit_card,2026-04-02 12:00:00
8711,12383,4318.76,credit_card,2026-09-28 12:00:00
8712,1338,4182.79,ach,2025-04-25 12:00:00
8713,3902,3080.71,wire,2025-08-27 12:00:00
8714,5042,5709.12,credit_card,2025-10-14 12:00:00
8715,8253,1419.95,ach,2026-02-07 12:00:00
8716,9356,1271.8,invoice,2026-04-10 12:00:00
8717,5040,1504.37,wire,2025-10-06 12:00:00
8718,2347,1001.07,ach,2025-05-17 12:00:00
8719,11859,2770.96,credit_card,2026-08-06 12:00:00
8720,5486,4465.16,credit_card,2025-10-24 12:00:00
8721,11322,1352.78,credit_card,2026-07-06 12:00:00
8722,5695,3371.28,invoice,2025-12-01 12:00:00
8723,5120,257.92,credit_card,2025-10-26 12:00:00
8724,5167,4332.38,invoice,2025-10-30 12:00:00
8725,1135,1157.91,ach,2025-03-12 12:00:00
8726,8343,3117.19,ach,2026-02-14 12:00:00
8727,10927,3202.6,credit_card,2026-07-22 12:00:00
8728,4018,4151.58,wire,2025-08-23 12:00:00
8729,2425,2932.64,ach,2025-05-06 12:00:00
8730,4139,1940.5,invoice,2025-08-19 12:00:00
8731,860,2005.44,invoice,2025-03-04 12:00:00
8732,2963,985.24,credit_card,2025-06-23 12:00:00
8733,8090,3037.88,credit_card,2026-02-10 12:00:00
8734,10389,1173.2,invoice,2026-06-23 12:00:00
8735,9897,5239.24,wire,2026-05-29 12:00:00
8736,10936,3412.22,wire,2026-07-21 12:00:00
8737,10835,482.03,ach,2026-06-06 12:00:00
8738,1365,2921.11,ach,2025-04-28 12:00:00
8739,11282,1623.55,ach,2026-07-02 12:00:00
8740,1780,5093.96,wire,2025-04-21 12:00:00
8741,8881,2586.39,ach,2026-03-22 12:00:00
8742,2102,4123.26,invoice,2025-05-09 12:00:00
8743,1819,1654.92,invoice,2025-04-09 12:00:00
8744,370,1187.33,ach,2025-03-03 12:00:00
8745,4938,1039.24,wire,2025-09-29 12:00:00
8746,5286,2938.19,invoice,2025-10-19 12:00:00
8747,8368,1913.44,wire,2026-02-23 12:00:00
8748,10359,1052.11,ach,2026-06-09 12:00:00
8749,7072,4677.08,invoice,2025-12-28 12:00:00
8750,2094,1592.09,wire,2025-05-21 12:00:00
8751,7818,1234.71,ach,2026-02-19 12:00:00
8752,1921,1504.28,invoice,2025-06-03 12:00:00
8753,83,5702.92,wire,2025-03-03 12:00:00
8754,7332,2923.43,invoice,2026-01-21 12:00:00
8755,7305,1183.7,credit_card,2026-01-01 12:00:00
8756,817,3517.1,credit_card,2025-03-07 12:00:00
8757,4397,1782.35,credit_card,2025-09-06 12:00:00
8758,8476,3394.12,credit_card,2026-04-01 12:00:00
8759,6125,1468.53,wire,2025-11-12 12:00:00
8760,4121,4992.4,credit_card,2025-08-16 12:00:00
8761,10179,3399.16,invoice,2026-05-18 12:00:00
8762,1814,324.5,wire,2025-04-21 12:00:00
8763,1272,3438.43,wire,2025-04-05 12:00:00
8764,8752,4466.59,ach,2026-03-22 12:00:00
8765,2995,808.38,ach,2025-06-20 12:00:00
8766,9749,2039.64,ach,2026-05-21 12:00:00
8767,6410,1580.84,invoice,2025-11-13 12:00:00
8768,2643,2863.88,ach,2025-06-12 12:00:00
8769,8887,4954.62,ach,2026-03-03 12:00:00
8770,2306,6640.07,ach,2025-05-03 12:00:00
8771,9330,1520.93,ach,2026-04-27 12:00:00
8772,11978,3741.96,credit_card,2026-08-23 12:00:00
8773,4196,2933.27,credit_card,2025-08-07 12:00:00
8774,10667,2854.63,ach,2026-06-26 12:00:00
8775,3850,2530.34,invoice,2025-08-26 12:00:00
8776,12585,4792.56,credit_card,2026-09-20 12:00:00
8777,10716,2535.19,credit_card,2026-06-19 12:00:00
8778,12237,2261.46,credit_card,2026-09-16 12:00:00
8779,3555,4068.28,wire,2025-07-24 12:00:00
8780,2196,3281.58,wire,2025-05-24 12:00:00
8781,2601,127.24,ach,2025-06-12 12:00:00
8782,6164,5796.9,ach,2025-11-26 12:00:00
8783,1519,2890.94,ach,2025-04-07 12:00:00
8784,9009,4389.58,credit_card,2026-03-09 12:00:00
8785,9390,2028.69,credit_card,2026-05-02 12:00:00
8786,6310,713.75,invoice,2025-11-12 12:00:00
8787,5756,2774.54,ach,2025-11-04 12:00:00
8788,5634,3558.8,credit_card,2025-11-25 12:00:00
8789,8400,4707.07,ach,2026-03-05 12:00:00
8790,11887,1606.6,invoice,2026-08-07 12:00:00
8791,7163,5014.47,invoice,2025-12-14 12:00:00
8792,9661,3265.13,invoice,2026-05-24 12:00:00
8793,9416,2695.57,invoice,2026-04-15 12:00:00
8794,1989,5152.12,credit_card,2025-06-01 12:00:00
8795,7738,2711.86,credit_card,2026-01-04 12:00:00
8796,518,2094.03,credit_card,2025-02-18 12:00:00
8797,6161,3195.69,credit_card,2025-11-27 12:00:00
8798,9593,2866.52,credit_card,2026-04-13 12:00:00
8799,11596,2151.38,invoice,2026-08-21 12:00:00
8800,10313,113.82,wire,2026-06-09 12:00:00
8801,9257,798.68,invoice,2026-04-18 12:00:00
8802,4457,1055.54,credit_card,2025-09-13 12:00:00
8803,2762,4230.14,wire,2025-06-29 12:00:00
8804,6482,6029.94,invoice,2025-12-17 12:00:00
8805,5912,155.04,ach,2025-11-05 12:00:00
8806,11522,7050.37,ach,2026-07-30 12:00:00
8807,6548,702.57,credit_card,2025-12-29 12:00:00
8808,4856,1266.06,invoice,2025-09-05 12:00:00
8809,7645,1405.68,invoice,2026-01-02 12:00:00
8810,12252,4787.86,wire,2026-09-17 12:00:00
8811,12380,580.16,credit_card,2026-09-27 12:00:00
8812,6359,6100.46,credit_card,2025-11-19 12:00:00
8813,2439,5577.41,ach,2025-05-12 12:00:00
8814,3766,805.44,wire,2025-08-30 12:00:00
8815,6433,2155.22,ach,2025-11-25 12:00:00
8816,8644,1031.07,wire,2026-03-18 12:00:00
8817,7847,2387.8,wire,2026-03-01 12:00:00
8818,9113,2332.6,wire,2026-04-19 12:00:00
8819,11452,2806.37,wire,2026-07-29 12:00:00
8820,6341,236.75,ach,2025-11-09 12:00:00
8821,4822,1044.9,wire,2025-09-21 12:00:00
8822,19,4572.46,wire,2025-02-17 12:00:00
8823,3561,3927.11,wire,2025-07-18 12:00:00
8824,3952,2449.74,invoice,2025-08-17 12:00:00
8825,50,5679.22,wire,2025-02-05 12:00:00
8826,12648,2278.25,wire,2026-09-26 12:00:00
8827,888,1183.75,invoice,2025-03-16 12:00:00
8828,6262,2488.17,credit_card,2025-11-13 12:00:00
8829,7237,6564.08,wire,2025-12-14 12:00:00
8830,6990,5675.24,invoice,2025-12-27 12:00:00
8831,6044,3347.36,ach,2025-12-01 12:00:00
8832,8709,4097.42,wire,2026-03-09 12:00:00
8833,3169,654.22,ach,2025-07-25 12:00:00
8834,2950,3536.83,credit_card,2025-06-10 12:00:00
8835,1425,2193.26,credit_card,2025-04-25 12:00:00
8836,140,2242.61,credit_card,2025-02-18 12:00:00
8837,3198,891.91,invoice,2025-07-12 12:00:00
8838,5132,469.86,credit_card,2025-10-18 12:00:00
8839,113,1657.62,ach,2025-02-09 12:00:00
8840,8161,475.03,wire,2026-02-09 12:00:00
8841,12728,2587.8,invoice,2026-09-08 12:00:00
8842,4560,788.12,wire,2025-09-05 12:00:00
8843,4596,2964.78,invoice,2025-09-12 12:00:00
8844,4691,2031.18,invoice,2025-09-11 12:00:00
8845,7952,5138.6,ach,2026-02-19 12:00:00
8846,10001,4729.23,credit_card,2026-05-17 12:00:00
8847,3278,664.88,credit_card,2025-07-23 12:00:00
8848,4069,4065.66,credit_card,2025-09-01 12:00:00
8849,4409,5250.87,invoice,2025-09-06 12:00:00
8850,10332,1817.03,credit_card,2026-06-12 12:00:00
8851,10964,2218.29,wire,2026-07-15 12:00:00
8852,452,396.23,wire,2025-02-05 12:00:00
8853,7263,3073.8,wire,2025-12-10 12:00:00
8854,3732,2637.49,credit_card,2025-07-04 12:00:00
8855,7257,1578.14,ach,2025-12-18 12:00:00
8856,11426,671.82,invoice,2026-08-01 12:00:00
8857,4987,2164.42,credit_card,2025-09-21 12:00:00
8858,3664,233.53,invoice,2025-08-04 12:00:00
8859,2764,2011.51,invoice,2025-06-25 12:00:00
8860,8851,5129.6,wire,2026-03-18 12:00:00
8861,10459,2814.86,invoice,2026-07-01 12:00:00
8862,1856,1396.81,credit_card,2025-04-25 12:00:00
8863,1000,1090.89,invoice,2025-03-24 12:00:00
8864,390,403.27,credit_card,2025-02-05 12:00:00
8865,6427,2070.43,invoice,2025-11-30 12:00:00
8866,1477,5850.04,wire,2025-04-17 12:00:00
8867,2241,690.47,ach,2025-06-02 12:00:00
8868,11672,5879.07,ach,2026-08-17 12:00:00
8869,8113,6092.25,ach,2026-02-17 12:00:00
8870,993,180.28,credit_card,2025-03-18 12:00:00
8871,7033,5825.43,ach,2025-12-31 12:00:00
8872,4998,1128.56,wire,2025-09-15 12:00:00
8873,3923,2135.64,wire,2025-09-02 12:00:00
8874,2973,169.72,ach,2025-07-02 12:00:00
8875,6872,1369.8,wire,2025-12-31 12:00:00
8876,11033,3536.31,invoice,2026-07-07 12:00:00
8877,4770,5912.03,ach,2025-09-07 12:00:00
8878,1294,2074.88,credit_card,2025-04-14 12:00:00
8879,4174,519.8,ach,2025-09-03 12:00:00
8880,2536,3172.2,wire,2025-07-04 12:00:00
8881,11662,1885.52,wire,2026-08-27 12:00:00
8882,1908,1535.55,ach,2025-05-09 12:00:00
8883,10592,3905.48,credit_card,2026-06-26 12:00:00
8884,12130,1281.98,invoice,2026-08-09 12:00:00
8885,8561,2128.63,invoice,2026-03-12 12:00:00
8886,6034,2329.11,credit_card,2025-11-13 12:00:00
8887,7620,751.12,ach,2026-01-21 12:00:00
8888,1152,1953.36,credit_card,2025-03-10 12:00:00
8889,1568,8167.79,invoice,2025-04-24 12:00:00
8890,3172,3714.67,credit_card,2025-07-27 12:00:00
8891,7107,620.05,credit_card,2025-12-29 12:00:00
8892,4161,394.06,credit_card,2025-08-25 12:00:00
8893,4288,2732.56,wire,2025-09-01 12:00:00
8894,2231,2233.14,credit_card,2025-05-19 12:00:00
8895,175,1285.28,invoice,2025-02-17 12:00:00
8896,1904,1527.68,invoice,2025-05-16 12:00:00
8897,8753,257.92,credit_card,2026-03-14 12:00:00
8898,9400,3624.73,invoice,2026-04-14 12:00:00
8899,3409,3715.89,wire,2025-07-28 12:00:00
8900,1539,1843.7,credit_card,2025-04-16 12:00:00
8901,2293,910.67,credit_card,2025-05-18 12:00:00
8902,1364,3046.98,credit_card,2025-04-19 12:00:00
8903,4358,2395.66,credit_card,2025-08-19 12:00:00
8904,5261,4501.96,ach,2025-10-08 12:00:00
8905,10672,670.36,credit_card,2026-06-05 12:00:00
8906,9715,2152.24,wire,2026-06-01 12:00:00
8907,681,2573.03,ach,2025-03-17 12:00:00
8908,10108,1166.45,ach,2026-05-12 12:00:00
8909,3665,2021.56,ach,2025-07-18 12:00:00
8910,1662,1811.27,wire,2025-04-09 12:00:00
8911,509,827.48,invoice,2025-02-14 12:00:00
8912,167,2222.27,invoice,2025-02-02 12:00:00
8913,10585,2005.68,invoice,2026-06-29 12:00:00
8914,10653,1863.77,ach,2026-06-24 12:00:00
8915,7366,1731.54,ach,2026-01-16 12:00:00
8916,1915,1135.72,credit_card,2025-05-24 12:00:00
8917,7264,3586.46,invoice,2025-12-12 12:00:00
8918,12314,2679.92,ach,2026-09-28 12:00:00
8919,12460,154.67,invoice,2026-09-25 12:00:00
8920,7362,668.76,invoice,2026-01-29 12:00:00
8921,1105,1842.04,ach,2025-03-18 12:00:00
8922,10028,3935.99,invoice,2026-05-29 12:00:00
8923,5311,4408.87,credit_card,2025-10-31 12:00:00
8924,9666,2168.13,invoice,2026-05-21 12:00:00
8925,5755,4233.05,invoice,2025-11-25 12:00:00
8926,153,5535.67,ach,2025-03-02 12:00:00
8927,10155,7170.0,ach,2026-05-24 12:00:00
8928,5680,2362.7,ach,2025-11-08 12:00:00
8929,12544,4541.84,credit_card,2026-09-19 12:00:00
8930,3552,1445.94,wire,2025-07-12 12:00:00
8931,3723,206.39,ach,2025-07-12 12:00:00
8932,11932,4931.61,wire,2026-08-27 12:00:00
8933,4539,331.15,wire,2025-09-09 12:00:00
8934,9533,1170.4,invoice,2026-04-26 12:00:00
8935,8464,1234.15,ach,2026-03-29 12:00:00
8936,1992,384.06,invoice,2025-05-14 12:00:00
8937,11244,309.33,ach,2026-07-29 12:00:00
8938,8502,5946.98,credit_card,2026-03-25 12:00:00
8939,5142,6248.88,credit_card,2025-10-27 12:00:00
8940,3812,3833.06,credit_card,2025-08-31 12:00:00
8941,11116,3310.01,credit_card,2026-07-20 12:00:00
8942,3451,2794.0,invoice,2025-07-23 12:00:00
8943,4592,1983.98,wire,2025-09-11 12:00:00
8944,7353,3031.55,wire,2026-01-11 12:00:00
8945,206,1455.28,wire,2025-02-14 12:00:00
8946,6681,3242.9,wire,2026-01-05 12:00:00
8947,2750,2394.59,invoice,2025-06-05 12:00:00
8948,8498,2455.9,wire,2026-04-01 12:00:00
8949,1850,5377.95,ach,2025-04-05 12:00:00
8950,11575,2779.36,credit_card,2026-08-24 12:00:00
8951,3241,3052.42,ach,2025-07-23 12:00:00
8952,10152,1177.27,ach,2026-05-28 12:00:00
8953,3110,421.74,ach,2025-06-16 12:00:00
8954,5935,2762.84,invoice,2025-12-02 12:00:00
8955,10854,3869.85,ach,2026-06-23 12:00:00
8956,5811,2214.08,invoice,2025-11-12 12:00:00
8957,8576,1748.22,invoice,2026-03-18 12:00:00
8958,5635,2748.81,ach,2025-11-24 12:00:00
8959,4308,4820.5,credit_card,2025-08-22 12:00:00
8960,3157,1074.84,credit_card,2025-07-24 12:00:00
8961,6535,2003.85,wire,2025-12-29 12:00:00
8962,11095,2808.79,invoice,2026-07-08 12:00:00
8963,10589,1300.26,ach,2026-06-12 12:00:00
8964,8892,2329.04,credit_card,2026-03-08 12:00:00
8965,3833,4221.5,invoice,2025-08-17 12:00:00
8966,11125,2934.31,invoice,2026-07-07 12:00:00
8967,4777,1917.13,credit_card,2025-09-22 12:00:00
8968,7998,2276.32,wire,2026-02-14 12:00:00
8969,4277,6415.48,wire,2025-08-15 12:00:00
8970,12458,4249.4,credit_card,2026-09-22 12:00:00
8971,9086,4884.8,ach,2026-04-24 12:00:00
8972,12266,2345.02,invoice,2026-09-05 12:00:00
8973,279,4441.19,credit_card,2025-02-02 12:00:00
8974,6772,1792.32,wire,2025-12-27 12:00:00
8975,7416,5217.54,ach,2026-01-17 12:00:00
8976,3253,3296.8,wire,2025-07-31 12:00:00
8977,9138,3607.81,ach,2026-04-10 12:00:00
8978,12005,1236.95,credit_card,2026-08-30 12:00:00
8979,290,279.71,wire,2025-02-06 12:00:00
8980,3076,5599.77,invoice,2025-06-24 12:00:00
8981,9250,2014.47,wire,2026-04-02 12:00:00
8982,9054,2021.41,invoice,2026-04-13 12:00:00
8983,271,3984.61,wire,2025-02-23 12:00:00
8984,4571,685.74,invoice,2025-09-21 12:00:00
8985,11206,1357.14,wire,2026-07-24 12:00:00
8986,6697,3423.42,credit_card,2025-12-08 12:00:00
8987,4317,837.8,wire,2025-08-10 12:00:00
8988,3181,2145.44,credit_card,2025-07-11 12:00:00
8989,1423,356.88,wire,2025-04-12 12:00:00
8990,8276,1931.34,ach,2026-02-14 12:00:00
8991,10096,1970.52,wire,2026-05-26 12:00:00
8992,4558,3482.25,invoice,2025-09-17 12:00:00
8993,7813,3161.66,wire,2026-02-14 12:00:00
8994,6298,1276.48,credit_card,2025-11-30 12:00:00
8995,9374,2056.0,invoice,2026-04-04 12:00:00
8996,12391,3004.1,invoice,2026-09-22 12:00:00
8997,1133,1869.84,credit_card,2025-03-04 12:00:00
8998,6243,1466.5,ach,2025-11-08 12:00:00
8999,12178,1950.0,invoice,2026-09-09 12:00:00
9000,11964,1499.6,wire,2026-08-14 12:00:00
9001,7424,2414.93,invoice,2026-01-11 12:00:00
9002,9320,396.23,ach,2026-04-20 12:00:00
9003,9237,2121.32,wire,2026-04-05 12:00:00
9004,5521,3242.2,wire,2025-10-19 12:00:00
9005,11113,1240.91,invoice,2026-07-02 12:00:00
9006,9594,235.38,wire,2026-04-07 12:00:00
9007,3787,4062.11,credit_card,2025-09-02 12:00:00
9008,9523,5747.53,wire,2026-04-11 12:00:00
9009,8346,641.98,wire,2026-02-25 12:00:00
9010,2162,2364.36,invoice,2025-05-12 12:00:00
9011,3009,363.92,ach,2025-06-30 12:00:00
9012,1106,1511.6,wire,2025-03-08 12:00:00
9013,9446,2624.86,wire,2026-05-01 12:00:00
9014,693,1610.24,wire,2025-03-09 12:00:00
9015,4957,726.93,ach,2025-09-11 12:00:00
9016,8308,4104.1,ach,2026-02-04 12:00:00
9017,4370,568.89,wire,2025-08-18 12:00:00
9018,2766,959.85,credit_card,2025-06-18 12:00:00
9019,3930,4459.39,wire,2025-08-31 12:00:00
9020,10217,944.84,invoice,2026-05-21 12:00:00
9021,12556,4550.89,credit_card,2026-09-22 12:00:00
9022,7779,1503.23,invoice,2026-01-04 12:00:00
9023,629,1029.64,wire,2025-04-04 12:00:00
9024,2452,290.91,wire,2025-05-10 12:00:00
9025,3825,3184.55,ach,2025-08-07 12:00:00
9026,12645,1013.71,wire,2026-09-26 12:00:00
9027,12725,886.64,invoice,2026-09-12 12:00:00
9028,3744,2798.14,wire,2025-07-21 12:00:00
9029,2177,2875.92,wire,2025-05-05 12:00:00
9030,6690,722.59,credit_card,2025-12-13 12:00:00
9031,8859,2539.36,invoice,2026-03-19 12:00:00
9032,3319,2652.46,ach,2025-07-16 12:00:00
9033,9287,335.12,wire,2026-05-04 12:00:00
9034,7433,3853.38,invoice,2026-01-22 12:00:00
9035,2788,4835.58,credit_card,2025-06-10 12:00:00
9036,1197,1585.34,wire,2025-03-12 12:00:00
9037,1677,4441.86,ach,2025-04-21 12:00:00
9038,3948,4851.42,credit_card,2025-08-28 12:00:00
9039,7619,4628.0,invoice,2026-01-17 12:00:00
9040,4445,2116.04,wire,2025-09-20 12:00:00
9041,5723,2752.96,credit_card,2025-11-29 12:00:00
9042,10826,3661.81,ach,2026-06-07 12:00:00
9043,2370,2252.48,wire,2025-06-01 12:00:00
9044,4968,1960.96,credit_card,2025-09-12 12:00:00
9045,2218,760.66,wire,2025-05-26 12:00:00
9046,8149,1893.99,ach,2026-02-23 12:00:00
9047,3327,5165.63,credit_card,2025-08-01 12:00:00
9048,9502,3629.25,wire,2026-04-14 12:00:00
9049,3584,902.64,credit_card,2025-07-08 12:00:00
9050,12493,1889.68,wire,2026-09-11 12:00:00
9051,12557,1338.56,wire,2026-09-16 12:00:00
9052,3620,801.6,invoice,2025-07-25 12:00:00
9053,6218,325.3,wire,2025-11-26 12:00:00
9054,2469,3281.63,ach,2025-05-16 12:00:00
9055,8278,2520.75,credit_card,2026-02-11 12:00:00
9056,10807,248.5,wire,2026-06-17 12:00:00
9057,5974,562.87,wire,2025-11-18 12:00:00
9058,3668,5553.02,invoice,2025-07-19 12:00:00
9059,5159,641.98,credit_card,2025-10-07 12:00:00
9060,7595,1573.85,ach,2026-01-29 12:00:00
9061,6977,1925.78,wire,2025-12-06 12:00:00
9062,3424,2393.96,credit_card,2025-07-30 12:00:00
9063,8200,2439.6,credit_card,2026-02-10 12:00:00
9064,2410,1088.59,wire,2025-05-05 12:00:00
9065,3213,1359.46,wire,2025-07-25 12:00:00
9066,10934,1637.25,credit_card,2026-07-29 12:00:00
9067,5367,2838.77,wire,2025-10-12 12:00:00
9068,9524,2717.21,wire,2026-04-27 12:00:00
9069,6594,3005.51,ach,2025-12-17 12:00:00
9070,2896,1225.22,ach,2025-06-21 12:00:00
9071,11174,4025.32,ach,2026-07-11 12:00:00
9072,11767,5143.81,ach,2026-08-30 12:00:00
9073,3643,1500.98,wire,2025-07-14 12:00:00
9074,9489,2655.1,credit_card,2026-04-07 12:00:00
9075,9433,8703.27,invoice,2026-04-25 12:00:00
9076,10714,4115.02,credit_card,2026-06-19 12:00:00
9077,9062,2376.48,wire,2026-04-07 12:00:00
9078,12616,4397.88,wire,2026-10-05 12:00:00
9079,11442,5736.91,ach,2026-07-18 12:00:00
9080,8549,2856.46,credit_card,2026-03-24 12:00:00
9081,12659,1076.71,ach,2026-09-06 12:00:00
9082,5452,3362.11,wire,2025-10-31 12:00:00
9083,7161,544.14,wire,2025-12-21 12:00:00
9084,7867,5238.62,credit_card,2026-02-13 12:00:00
9085,2744,3430.02,wire,2025-06-17 12:00:00
9086,4959,342.91,ach,2025-09-25 12:00:00
9087,6475,5480.64,invoice,2025-12-11 12:00:00
9088,7889,220.69,wire,2026-02-01 12:00:00
9089,8812,2955.17,wire,2026-03-24 12:00:00
9090,493,431.93,credit_card,2025-02-20 12:00:00
9091,1117,2590.56,ach,2025-03-17 12:00:00
9092,5638,1808.76,ach,2025-11-11 12:00:00
9093,11213,998.61,invoice,2026-07-23 12:00:00
9094,12614,1003.92,credit_card,2026-09-29 12:00:00
9095,9481,1108.76,invoice,2026-04-13 12:00:00
9096,10995,2451.6,wire,2026-07-13 12:00:00
9097,6590,4319.98,ach,2025-12-13 12:00:00
9098,11581,2387.8,wire,2026-08-31 12:00:00
9099,7558,6114.25,wire,2026-01-04 12:00:00
9100,11594,3339.1,credit_card,2026-08-27 12:00:00
9101,5242,370.18,credit_card,2025-10-02 12:00:00
9102,11804,2574.85,wire,2026-09-01 12:00:00
9103,2784,3879.9,invoice,2025-06-02 12:00:00
9104,9422,1957.46,ach,2026-04-12 12:00:00
9105,1697,2490.66,invoice,2025-04-13 12:00:00
9106,5686,4009.25,credit_card,2025-11-14 12:00:00
9107,2296,2298.05,ach,2025-05-27 12:00:00
9108,5940,927.4,wire,2025-11-15 12:00:00
9109,7764,5104.58,credit_card,2026-01-16 12:00:00
9110,3314,2232.83,invoice,2025-07-06 12:00:00
9111,4782,1335.82,credit_card,2025-10-03 12:00:00
9112,8351,4801.74,credit_card,2026-03-02 12:00:00
9113,9535,2309.85,invoice,2026-04-12 12:00:00
9114,7606,5648.0,credit_card,2026-01-26 12:00:00
9115,216,688.01,wire,2025-02-22 12:00:00
9116,6708,2013.03,credit_card,2025-12-09 12:00:00
9117,10529,2527.05,ach,2026-06-10 12:00:00
9118,8683,1763.12,invoice,2026-04-02 12:00:00
9119,11665,1428.56,invoice,2026-08-17 12:00:00
9120,3484,2937.43,wire,2025-07-24 12:00:00
9121,7007,1637.96,wire,2025-12-28 12:00:00
9122,5103,5216.67,ach,2025-10-12 12:00:00
9123,6600,1534.47,invoice,2025-12-29 12:00:00
9124,3765,1353.03,ach,2025-08-03 12:00:00
9125,10150,278.53,invoice,2026-05-14 12:00:00
9126,6411,1531.52,ach,2025-11-29 12:00:00
9127,9697,4169.37,ach,2026-05-24 12:00:00
9128,26,3404.85,wire,2025-03-02 12:00:00
9129,7660,3871.05,wire,2026-01-21 12:00:00
9130,11132,4614.36,invoice,2026-07-28 12:00:00
9131,11755,257.92,ach,2026-08-16 12:00:00
9132,11007,886.64,wire,2026-07-09 12:00:00
9133,6684,5426.14,wire,2025-12-14 12:00:00
9134,10511,4217.85,wire,2026-06-10 12:00:00
9135,8585,2690.3,ach,2026-03-28 12:00:00
9136,9879,1827.33,credit_card,2026-05-23 12:00:00
9137,12002,4015.45,ach,2026-08-17 12:00:00
9138,12331,3955.51,credit_card,2026-09-17 12:00:00
9139,10581,532.4,invoice,2026-06-05 12:00:00
9140,1103,5453.13,invoice,2025-04-01 12:00:00
9141,3277,1333.02,invoice,2025-07-15 12:00:00
9142,5346,701.89,invoice,2025-10-31 12:00:00
9143,11589,1113.32,invoice,2026-08-14 12:00:00
9144,11234,3406.16,wire,2026-07-18 12:00:00
9145,8387,2480.87,credit_card,2026-02-09 12:00:00
9146,8836,3431.16,credit_card,2026-03-23 12:00:00
9147,9292,2368.67,ach,2026-04-25 12:00:00
9148,12768,4708.31,invoice,2026-09-30 12:00:00
9149,2208,269.02,invoice,2025-05-15 12:00:00
9150,4553,3759.65,invoice,2025-09-14 12:00:00
9151,4403,1625.72,invoice,2025-10-03 12:00:00
9152,7396,755.75,wire,2026-01-06 12:00:00
9153,3719,2657.49,ach,2025-07-24 12:00:00
9154,973,539.12,wire,2025-03-22 12:00:00
9155,4580,3495.84,ach,2025-09-11 12:00:00
9156,6517,2522.28,wire,2025-12-31 12:00:00
9157,720,2604.61,wire,2025-03-11 12:00:00
9158,6156,714.23,wire,2025-11-28 12:00:00
9159,12048,2845.16,wire,2026-08-09 12:00:00
9160,2804,977.81,ach,2025-06-04 12:00:00
9161,2567,3683.71,invoice,2025-06-27 12:00:00
9162,4026,8625.62,wire,2025-08-31 12:00:00
9163,6199,3771.72,credit_card,2025-11-08 12:00:00
9164,8225,2662.65,wire,2026-02-18 12:00:00
9165,11277,830.94,ach,2026-07-13 12:00:00
9166,4064,82.42,credit_card,2025-08-10 12:00:00
9167,2793,2185.38,wire,2025-06-11 12:00:00
9168,2223,1811.32,ach,2025-05-30 12:00:00
9169,5819,4324.56,invoice,2025-11-11 12:00:00
9170,3867,2373.36,ach,2025-08-10 12:00:00
9171,9259,2618.49,credit_card,2026-04-23 12:00:00
9172,11720,1524.27,invoice,2026-08-28 12:00:00
9173,3228,3752.77,wire,2025-07-17 12:00:00
9174,4215,1459.16,invoice,2025-09-03 12:00:00
9175,3924,1011.02,credit_card,2025-08-30 12:00:00
9176,9555,3697.69,wire,2026-04-24 12:00:00
9177,1402,2614.73,ach,2025-04-13 12:00:00
9178,8932,1052.54,credit_card,2026-03-23 12:00:00
9179,7704,4971.74,credit_card,2026-01-30 12:00:00
9180,4980,587.92,invoice,2025-09-03 12:00:00
9181,3254,866.72,credit_card,2025-07-25 12:00:00
9182,11021,5615.54,credit_card,2026-08-02 12:00:00
9183,2662,1560.26,credit_card,2025-06-08 12:00:00
9184,2159,4051.46,ach,2025-05-04 12:00:00
9185,8579,2286.04,wire,2026-04-03 12:00:00
9186,8089,572.38,ach,2026-02-03 12:00:00
9187,675,1193.15,wire,2025-03-06 12:00:00
9188,9735,727.84,credit_card,2026-05-17 12:00:00
9189,7012,4328.56,invoice,2025-12-08 12:00:00
9190,9403,1501.52,ach,2026-05-03 12:00:00
9191,3842,4595.18,credit_card,2025-08-27 12:00:00
9192,1816,2362.1,wire,2025-04-19 12:00:00
9193,10633,273.18,credit_card,2026-06-28 12:00:00
9194,12574,2029.77,invoice,2026-09-07 12:00:00
9195,2101,968.96,ach,2025-05-11 12:00:00
9196,11438,2453.46,credit_card,2026-07-11 12:00:00
9197,6709,4923.24,invoice,2025-12-16 12:00:00
9198,1674,1528.85,ach,2025-04-26 12:00:00
9199,4214,1902.39,credit_card,2025-09-04 12:00:00
9200,11661,3730.68,credit_card,2026-09-02 12:00:00
9201,1549,263.1,credit_card,2025-04-18 12:00:00
9202,9252,629.3,credit_card,2026-04-25 12:00:00
9203,8548,2426.59,wire,2026-03-14 12:00:00
9204,5185,3614.91,credit_card,2025-10-15 12:00:00
9205,1462,1817.58,credit_card,2025-04-03 12:00:00
9206,11989,4506.98,wire,2026-08-12 12:00:00
9207,3221,1904.06,ach,2025-07-27 12:00:00
9208,10774,3534.85,credit_card,2026-06-17 12:00:00
9209,11697,783.1,ach,2026-08-12 12:00:00
9210,7171,1694.83,invoice,2025-12-20 12:00:00
9211,7431,620.16,credit_card,2026-01-12 12:00:00
9212,12190,2901.54,ach,2026-09-12 12:00:00
9213,1752,3370.26,invoice,2025-05-02 12:00:00
9214,3977,1766.01,invoice,2025-08-23 12:00:00
9215,8354,3814.25,wire,2026-03-01 12:00:00
9216,1773,538.04,invoice,2025-04-05 12:00:00
9217,2017,1772.63,credit_card,2025-05-13 12:00:00
9218,2006,4730.39,credit_card,2025-05-17 12:00:00
9219,3894,1143.59,ach,2025-08-31 12:00:00
9220,3238,4485.76,credit_card,2025-08-03 12:00:00
9221,4425,2769.42,wire,2025-09-05 12:00:00
9222,8589,268.23,ach,2026-03-25 12:00:00
9223,2258,1152.31,invoice,2025-05-19 12:00:00
9224,4073,4953.08,credit_card,2025-08-22 12:00:00
9225,5575,18.64,ach,2025-10-10 12:00:00
9226,9084,869.66,ach,2026-04-16 12:00:00
9227,12148,720.34,wire,2026-08-27 12:00:00
9228,5356,783.9,ach,2025-10-21 12:00:00
9229,8419,3938.24,ach,2026-04-01 12:00:00
9230,6094,4612.36,invoice,2025-11-11 12:00:00
9231,7936,2567.92,credit_card,2026-02-14 12:00:00
9232,10356,3487.99,ach,2026-07-01 12:00:00
9233,1520,4183.38,credit_card,2025-04-08 12:00:00
9234,10453,727.84,ach,2026-06-27 12:00:00
9235,1379,222.3,wire,2025-04-23 12:00:00
9236,5673,451.01,credit_card,2025-11-11 12:00:00
9237,9216,2278.14,ach,2026-04-20 12:00:00
9238,2588,1407.64,wire,2025-06-26 12:00:00
9239,12481,764.53,credit_card,2026-10-03 12:00:00
9240,5622,3306.37,ach,2025-10-19 12:00:00
9241,10098,784.59,invoice,2026-05-15 12:00:00
9242,10527,2642.65,ach,2026-06-30 12:00:00
9243,5843,2099.57,wire,2025-11-24 12:00:00
9244,7123,3403.94,credit_card,2025-12-10 12:00:00
9245,5833,2326.02,invoice,2025-11-18 12:00:00
9246,4889,3693.19,ach,2025-09-22 12:00:00
9247,5905,3839.98,ach,2025-11-21 12:00:00
9248,523,321.32,invoice,2025-02-16 12:00:00
9249,8044,2880.79,wire,2026-02-10 12:00:00
9250,3608,1017.94,ach,2025-07-23 12:00:00
9251,9121,5567.78,wire,2026-04-12 12:00:00
9252,235,4514.14,ach,2025-02-07 12:00:00
9253,3797,5079.46,ach,2025-08-24 12:00:00
9254,6319,461.32,ach,2025-11-17 12:00:00
9255,7095,2688.96,ach,2025-12-15 12:00:00
9256,1949,2591.29,credit_card,2025-05-17 12:00:00
9257,6362,6028.13,wire,2025-11-25 12:00:00
9258,12006,1155.49,credit_card,2026-08-29 12:00:00
9259,6092,1358.84,credit_card,2025-11-30 12:00:00
9260,11604,1968.0,invoice,2026-08-24 12:00:00
9261,2225,5410.45,credit_card,2025-05-22 12:00:00
9262,9011,140.58,credit_card,2026-03-19 12:00:00
9263,5572,1198.33,wire,2025-10-14 12:00:00
9264,4524,2127.33,invoice,2025-09-05 12:00:00
9265,5794,837.47,invoice,2025-11-21 12:00:00
9266,11221,1316.77,invoice,2026-07-18 12:00:00
9267,5739,691.45,credit_card,2025-12-04 12:00:00
9268,2625,4660.39,invoice,2025-06-24 12:00:00
9269,4729,1871.08,ach,2025-09-15 12:00:00
9270,7819,1217.98,ach,2026-02-10 12:00:00
9271,8860,4400.63,wire,2026-04-03 12:00:00
9272,12669,4052.35,ach,2026-09-09 12:00:00
9273,11645,1442.77,ach,2026-08-14 12:00:00
9274,9081,740.9,wire,2026-04-10 12:00:00
9275,11502,1315.95,credit_card,2026-07-22 12:00:00
9276,2438,2093.15,ach,2025-06-03 12:00:00
9277,6057,3241.37,wire,2025-11-06 12:00:00
9278,9010,1759.76,ach,2026-03-30 12:00:00
9279,6353,397.24,invoice,2025-11-23 12:00:00
9280,3168,4308.67,ach,2025-07-27 12:00:00
9281,1810,3835.48,invoice,2025-04-15 12:00:00
9282,11752,10271.07,wire,2026-08-27 12:00:00
9283,7162,4877.76,invoice,2025-12-10 12:00:00
9284,5087,2695.42,wire,2025-10-14 12:00:00
9285,11141,1956.78,invoice,2026-07-30 12:00:00
9286,7017,2065.44,wire,2026-01-01 12:00:00
9287,9974,6280.12,invoice,2026-05-27 12:00:00
9288,4946,4319.1,wire,2025-09-17 12:00:00
9289,6047,1184.98,ach,2025-11-19 12:00:00
9290,10697,1439.01,ach,2026-06-09 12:00:00
9291,11826,3023.71,invoice,2026-08-04 12:00:00
9292,6920,3697.35,ach,2025-12-31 12:00:00
9293,5591,3746.57,invoice,2025-10-09 12:00:00
9294,7227,5324.76,wire,2025-12-24 12:00:00
9295,1229,1966.86,wire,2025-03-16 12:00:00
9296,11938,4048.71,invoice,2026-08-11 12:00:00
9297,6847,620.2,invoice,2025-12-22 12:00:00
9298,8245,2334.99,invoice,2026-02-16 12:00:00
9299,11548,291.99,credit_card,2026-08-08 12:00:00
9300,6556,375.66,invoice,2026-01-03 12:00:00
9301,160,1451.86,wire,2025-02-03 12:00:00
9302,8852,1610.52,invoice,2026-03-13 12:00:00
9303,1590,4807.38,invoice,2025-04-15 12:00:00
9304,12577,4755.76,credit_card,2026-09-05 12:00:00
9305,12119,1975.6,ach,2026-08-29 12:00:00
9306,12096,1804.5,ach,2026-09-02 12:00:00
9307,11922,4449.53,credit_card,2026-08-12 12:00:00
9308,6688,6523.52,credit_card,2025-12-06 12:00:00
9309,11935,2399.02,credit_card,2026-08-11 12:00:00
9310,12461,3424.86,wire,2026-10-01 12:00:00
9311,7481,3052.53,wire,2026-01-21 12:00:00
9312,11829,909.36,ach,2026-08-15 12:00:00
9313,1557,5137.88,wire,2025-05-01 12:00:00
9314,2829,863.84,wire,2025-06-05 12:00:00
9315,437,6234.12,ach,2025-02-05 12:00:00
9316,5790,3117.32,wire,2025-11-09 12:00:00
9317,10433,3177.21,invoice,2026-06-13 12:00:00
9318,1589,6021.17,ach,2025-04-11 12:00:00
9319,7399,825.56,wire,2026-01-27 12:00:00
9320,2781,453.45,ach,2025-06-20 12:00:00
9321,11464,685.82,wire,2026-07-01 12:00:00
9322,9243,864.14,ach,2026-04-09 12:00:00
9323,5687,931.94,invoice,2025-11-05 12:00:00
9324,3966,6142.32,invoice,2025-08-20 12:00:00
9325,4728,5461.09,ach,2025-09-16 12:00:00
9326,9166,1427.61,credit_card,2026-04-20 12:00:00
9327,1239,1071.39,ach,2025-03-20 12:00:00
9328,2952,3126.84,ach,2025-06-19 12:00:00
9329,9344,6574.61,invoice,2026-04-15 12:00:00
9330,9890,5750.07,ach,2026-05-17 12:00:00
9331,1498,5052.05,invoice,2025-04-20 12:00:00
9332,6466,4454.32,invoice,2025-11-09 12:00:00
9333,7356,3080.91,wire,2026-01-27 12:00:00
9334,7824,2488.35,wire,2026-02-05 12:00:00
9335,7548,4335.39,ach,2026-01-16 12:00:00
9336,7914,1847.23,ach,2026-02-11 12:00:00
9337,10937,4171.3,invoice,2026-08-04 12:00:00
9338,5186,3628.49,wire,2025-11-04 12:00:00
9339,5648,1413.15,wire,2025-11-20 12:00:00
9340,11999,3657.17,wire,2026-08-21 12:00:00
9341,5243,2650.44,ach,2025-10-07 12:00:00
9342,2131,7441.55,wire,2025-05-13 12:00:00
9343,2093,2981.5,ach,2025-05-17 12:00:00
9344,5410,6916.43,ach,2025-10-06 12:00:00
9345,188,1025.03,invoice,2025-02-06 12:00:00
9346,9590,6332.91,wire,2026-05-01 12:00:00
9347,7939,750.76,invoice,2026-02-23 12:00:00
9348,3656,1201.3,invoice,2025-07-19 12:00:00
9349,3427,3424.38,credit_card,2025-07-17 12:00:00
9350,9814,766.44,invoice,2026-05-23 12:00:00
9351,1382,1727.68,invoice,2025-04-05 12:00:00
9352,10669,6020.69,wire,2026-06-21 12:00:00
9353,8606,1164.23,ach,2026-03-10 12:00:00
9354,7428,5967.78,invoice,2026-01-25 12:00:00
9355,5038,4896.94,ach,2025-11-02 12:00:00
9356,4898,2503.43,ach,2025-09-30 12:00:00
9357,3176,413.35,ach,2025-07-26 12:00:00
9358,10199,4742.28,wire,2026-05-08 12:00:00
9359,8449,450.7,ach,2026-03-17 12:00:00
9360,12649,7004.54,invoice,2026-09-05 12:00:00
9361,11966,402.46,invoice,2026-08-28 12:00:00
9362,2236,2900.23,credit_card,2025-05-12 12:00:00
9363,8069,2234.12,wire,2026-02-12 12:00:00
9364,4237,3096.58,invoice,2025-08-29 12:00:00
9365,9498,3817.61,ach,2026-04-04 12:00:00
9366,10417,3652.72,credit_card,2026-06-13 12:00:00
9367,25,680.65,wire,2025-02-09 12:00:00
9368,3364,406.19,invoice,2025-07-20 12:00:00
9369,1089,2297.5,ach,2025-03-20 12:00:00
9370,8734,5699.88,ach,2026-03-10 12:00:00
9371,11692,1294.95,ach,2026-08-11 12:00:00
9372,2842,575.12,wire,2025-06-25 12:00:00
9373,7538,1805.43,invoice,2026-01-22 12:00:00
9374,7471,62.13,invoice,2026-01-10 12:00:00
9375,11904,4309.63,wire,2026-08-16 12:00:00
9376,4153,1821.16,credit_card,2025-08-15 12:00:00
9377,696,1017.85,wire,2025-03-21 12:00:00
9378,11721,1615.78,invoice,2026-08-21 12:00:00
9379,6338,3502.7,wire,2025-11-17 12:00:00
9380,1228,5009.66,ach,2025-03-04 12:00:00
9381,2000,4589.67,wire,2025-05-21 12:00:00
9382,277,8173.56,ach,2025-02-19 12:00:00
9383,5930,3637.83,wire,2025-11-20 12:00:00
9384,2954,1306.33,wire,2025-06-07 12:00:00
9385,3638,1446.95,ach,2025-07-10 12:00:00
9386,3907,959.11,credit_card,2025-08-31 12:00:00
9387,4779,7902.55,invoice,2025-09-11 12:00:00
9388,5846,2463.15,wire,2025-11-25 12:00:00
9389,12395,5281.14,ach,2026-09-18 12:00:00
9390,4118,2809.56,wire,2025-08-13 12:00:00
9391,1138,4047.08,wire,2025-03-13 12:00:00
9392,2768,3743.7,credit_card,2025-06-07 12:00:00
9393,8183,3493.07,wire,2026-02-21 12:00:00
9394,11560,1412.6,credit_card,2026-08-03 12:00:00
9395,7662,5659.6,ach,2026-01-27 12:00:00
9396,9135,18.64,wire,2026-04-05 12:00:00
9397,10052,5237.42,credit_card,2026-05-17 12:00:00
9398,2491,323.47,invoice,2025-06-02 12:00:00
9399,12374,546.24,wire,2026-09-20 12:00:00
9400,7743,766.88,wire,2026-01-05 12:00:00
9401,3936,1486.75,credit_card,2025-08-10 12:00:00
9402,2385,4500.18,wire,2025-05-23 12:00:00
9403,8017,2203.07,invoice,2026-02-25 12:00:00
9404,7085,6185.57,invoice,2025-12-08 12:00:00
9405,116,2375.49,invoice,2025-02-13 12:00:00
9406,1864,2346.78,wire,2025-04-29 12:00:00
9407,3120,181.04,invoice,2025-06-21 12:00:00
9408,4259,4249.74,ach,2025-09-02 12:00:00
9409,11791,3087.96,credit_card,2026-08-22 12:00:00
9410,10804,189.03,invoice,2026-06-22 12:00:00
9411,2820,394.87,invoice,2025-06-15 12:00:00
9412,9757,2712.04,ach,2026-05-28 12:00:00
9413,9612,3992.91,credit_card,2026-05-02 12:00:00
9414,11605,4395.74,ach,2026-08-05 12:00:00
9415,4700,2026.48,ach,2025-09-18 12:00:00
9416,3803,769.04,ach,2025-08-17 12:00:00
9417,6069,3399.0,ach,2025-11-17 12:00:00
9418,3537,2436.95,invoice,2025-07-04 12:00:00
9419,3826,4898.6,invoice,2025-08-08 12:00:00
9420,6643,2528.79,ach,2025-12-25 12:00:00
9421,11039,1976.28,wire,2026-07-18 12:00:00
9422,1947,2018.21,ach,2025-05-10 12:00:00
9423,11148,834.0,ach,2026-07-16 12:00:00
9424,9768,2962.45,invoice,2026-05-04 12:00:00
9425,10649,538.04,wire,2026-06-19 12:00:00
9426,7270,2957.19,wire,2025-12-10 12:00:00
9427,11458,3221.55,credit_card,2026-07-04 12:00:00
9428,7930,3486.23,credit_card,2026-02-09 12:00:00
9429,7167,2350.5,ach,2025-12-09 12:00:00
9430,6964,224.9,wire,2025-12-11 12:00:00
9431,5868,3654.41,credit_card,2025-11-06 12:00:00
9432,4762,3052.6,invoice,2025-09-19 12:00:00
9433,883,3472.71,credit_card,2025-03-25 12:00:00
9434,558,665.74,ach,2025-03-03 12:00:00
9435,10370,2705.28,invoice,2026-06-27 12:00:00
9436,1208,2012.32,invoice,2025-03-18 12:00:00
9437,9700,4328.73,wire,2026-05-15 12:00:00
9438,7685,6142.68,credit_card,2026-01-14 12:00:00
9439,12465,4542.82,credit_card,2026-09-07 12:00:00
9440,6539,4388.04,credit_card,2025-12-10 12:00:00
9441,3212,2573.73,ach,2025-07-14 12:00:00
9442,3631,3101.72,invoice,2025-07-16 12:00:00
9443,1709,4371.79,invoice,2025-04-08 12:00:00
9444,8459,4686.32,wire,2026-03-31 12:00:00
9445,1141,5142.66,ach,2025-03-11 12:00:00
9446,3163,866.84,credit_card,2025-07-21 12:00:00
9447,6208,2355.16,invoice,2025-11-15 12:00:00
9448,3731,1677.37,invoice,2025-07-14 12:00:00
9449,2661,2245.88,credit_card,2025-06-17 12:00:00
9450,8849,1038.13,invoice,2026-03-25 12:00:00
9451,1308,620.16,ach,2025-04-02 12:00:00
9452,2568,946.06,ach,2025-06-26 12:00:00
9453,9191,1054.9,wire,2026-04-18 12:00:00
9454,2835,2021.58,wire,2025-06-21 12:00:00
9455,12234,5903.56,ach,2026-09-24 12:00:00
9456,9430,2097.75,wire,2026-04-19 12:00:00
9457,2152,4727.19,invoice,2025-05-15 12:00:00
9458,9982,2752.6,ach,2026-05-03 12:00:00
9459,3836,3972.83,invoice,2025-08-22 12:00:00
9460,12392,2639.88,ach,2026-09-14 12:00:00
9461,9810,2153.05,credit_card,2026-05-25 12:00:00
9462,10501,1341.14,credit_card,2026-06-07 12:00:00
9463,9327,3636.23,ach,2026-04-24 12:00:00
9464,5005,1501.61,credit_card,2025-10-18 12:00:00
9465,6627,3770.92,invoice,2025-12-29 12:00:00
9466,1628,197.03,credit_card,2025-04-23 12:00:00
9467,10235,4342.92,wire,2026-06-02 12:00:00
9468,12536,590.19,wire,2026-09-07 12:00:00
9469,359,3541.36,ach,2025-02-10 12:00:00
9470,139,4068.93,ach,2025-02-17 12:00:00
9471,8492,412.78,wire,2026-03-19 12:00:00
9472,383,894.09,ach,2025-02-20 12:00:00
9473,9650,5907.45,credit_card,2026-04-24 12:00:00
9474,4858,1606.23,ach,2025-09-27 12:00:00
9475,11872,1934.87,invoice,2026-08-10 12:00:00
9476,1440,3970.9,invoice,2025-04-23 12:00:00
9477,947,676.19,invoice,2025-03-30 12:00:00
9478,5499,1027.26,credit_card,2025-10-21 12:00:00
9479,4917,4800.8,ach,2025-09-12 12:00:00
9480,8557,3017.4,wire,2026-03-21 12:00:00
9481,1933,3485.64,ach,2025-05-27 12:00:00
9482,2353,5214.14,credit_card,2025-05-11 12:00:00
9483,3237,3390.3,invoice,2025-07-26 12:00:00
9484,10572,1718.44,credit_card,2026-06-17 12:00:00
9485,3808,327.25,wire,2025-08-20 12:00:00
9486,1937,647.2,wire,2025-05-11 12:00:00
9487,11366,514.92,wire,2026-07-30 12:00:00
9488,4155,2816.0,credit_card,2025-08-11 12:00:00
9489,8989,5398.08,credit_card,2026-03-27 12:00:00
9490,2417,6852.4,ach,2025-05-12 12:00:00
9491,11758,3592.77,wire,2026-08-19 12:00:00
9492,6140,3888.17,invoice,2025-12-05 12:00:00
9493,786,4271.59,invoice,2025-03-21 12:00:00
9494,6790,455.65,ach,2025-12-03 12:00:00
9495,8037,3978.22,ach,2026-02-21 12:00:00
9496,8316,2452.03,credit_card,2026-02-17 12:00:00
9497,12087,1283.72,wire,2026-08-04 12:00:00
9498,5669,7229.8,credit_card,2025-11-09 12:00:00
9499,2173,3820.2,credit_card,2025-05-14 12:00:00
9500,2170,3297.43,credit_card,2025-05-27 12:00:00
9501,6629,241.7,invoice,2025-12-31 12:00:00
9502,4010,4010.06,ach,2025-08-11 12:00:00
9503,4341,998.61,wire,2025-08-26 12:00:00
9504,911,3951.77,ach,2025-03-23 12:00:00
9505,6269,1897.96,credit_card,2025-11-20 12:00:00
9506,2310,694.86,invoice,2025-05-11 12:00:00
9507,9450,1798.3,invoice,2026-04-18 12:00:00
9508,6592,3282.08,invoice,2026-01-04 12:00:00
9509,4459,3574.61,invoice,2025-09-17 12:00:00
9510,7598,3087.93,wire,2026-01-19 12:00:00
9511,9371,1445.24,wire,2026-04-08 12:00:00
9512,9837,692.46,wire,2026-05-26 12:00:00
9513,12233,2312.79,wire,2026-09-05 12:00:00
9514,4653,1560.31,invoice,2025-09-29 12:00:00
9515,6219,406.19,ach,2025-11-28 12:00:00
9516,443,1408.11,ach,2025-02-18 12:00:00
9517,3416,1519.06,credit_card,2025-07-22 12:00:00
9518,11167,1563.99,invoice,2026-08-01 12:00:00
9519,9809,4182.96,wire,2026-05-07 12:00:00
9520,12075,2914.62,credit_card,2026-08-27 12:00:00
9521,5745,4005.57,invoice,2025-12-04 12:00:00
9522,1055,2077.07,invoice,2025-03-14 12:00:00
9523,3700,3136.41,wire,2025-07-02 12:00:00
9524,930,1796.02,wire,2025-03-26 12:00:00
9525,6469,595.37,invoice,2025-12-15 12:00:00
9526,8768,510.38,credit_card,2026-03-29 12:00:00
9527,1830,1861.19,invoice,2025-04-30 12:00:00
9528,9896,3017.24,invoice,2026-05-03 12:00:00
9529,10404,1651.27,ach,2026-06-15 12:00:00
9530,2012,5048.6,credit_card,2025-05-10 12:00:00
9531,914,632.65,wire,2025-04-01 12:00:00
9532,7612,3076.72,wire,2026-01-18 12:00:00
9533,10521,592.49,wire,2026-06-14 12:00:00
9534,9858,3937.17,credit_card,2026-05-31 12:00:00
9535,2607,3056.25,invoice,2025-07-03 12:00:00
9536,4929,651.78,invoice,2025-09-24 12:00:00
9537,6565,4577.99,ach,2025-12-01 12:00:00
9538,12058,4444.06,credit_card,2026-08-22 12:00:00
9539,7,883.29,credit_card,2025-03-02 12:00:00
9540,7836,2784.03,credit_card,2026-02-21 12:00:00
9541,6584,7117.96,credit_card,2025-12-16 12:00:00
9542,3362,1285.67,credit_card,2025-07-27 12:00:00
9543,9977,3302.31,wire,2026-05-09 12:00:00
9544,1636,380.88,ach,2025-04-05 12:00:00
9545,1142,1417.9,invoice,2025-03-07 12:00:00
9546,360,2088.22,invoice,2025-02-28 12:00:00
9547,2071,3329.95,wire,2025-05-25 12:00:00
9548,3135,4227.12,wire,2025-07-06 12:00:00
9549,5161,4346.78,invoice,2025-10-14 12:00:00
9550,6991,3628.45,ach,2026-01-01 12:00:00
9551,3244,4140.11,invoice,2025-07-31 12:00:00
9552,2243,2380.48,credit_card,2025-05-21 12:00:00
9553,1475,2857.84,invoice,2025-04-19 12:00:00
9554,12642,2659.38,ach,2026-09-11 12:00:00
9555,3260,1804.08,credit_card,2025-07-17 12:00:00
9556,4021,3038.3,credit_card,2025-08-20 12:00:00
9557,11276,3620.2,credit_card,2026-08-05 12:00:00
9558,8567,1945.92,credit_card,2026-03-12 12:00:00
9559,3501,4775.91,invoice,2025-07-12 12:00:00
9560,2659,2238.04,ach,2025-06-07 12:00:00
9561,11553,5782.32,ach,2026-08-11 12:00:00
9562,1131,1688.02,ach,2025-03-28 12:00:00
9563,1820,2075.07,credit_card,2025-04-04 12:00:00
9564,7462,2164.53,credit_card,2026-01-23 12:00:00
9565,10546,4298.27,ach,2026-06-08 12:00:00
9566,10004,3719.19,invoice,2026-05-06 12:00:00
9567,10439,1765.65,credit_card,2026-06-14 12:00:00
9568,7065,3219.58,invoice,2025-12-12 12:00:00
9569,4319,220.91,invoice,2025-08-28 12:00:00
9570,9343,2193.13,credit_card,2026-04-28 12:00:00
9571,4670,7821.42,invoice,2025-09-07 12:00:00
9572,9429,1852.84,wire,2026-04-27 12:00:00
9573,5477,2503.59,invoice,2025-10-26 12:00:00
9574,12572,1037.02,ach,2026-09-18 12:00:00
9575,11199,3529.87,credit_card,2026-07-20 12:00:00
9576,1857,3751.41,wire,2025-04-07 12:00:00
9577,2283,6424.35,wire,2025-05-29 12:00:00
9578,11109,1222.13,ach,2026-07-27 12:00:00
9579,4009,2691.4,credit_card,2025-08-08 12:00:00
9580,6402,632.49,credit_card,2025-12-04 12:00:00
9581,12683,1432.62,ach,2026-09-18 12:00:00
9582,11844,1273.54,credit_card,2026-09-04 12:00:00
9583,387,1749.82,credit_card,2025-02-20 12:00:00
9584,1629,979.93,ach,2025-04-24 12:00:00
9585,10761,4173.41,invoice,2026-06-04 12:00:00
9586,11911,3422.92,ach,2026-08-17 12:00:00
9587,7719,946.06,ach,2026-01-29 12:00:00
9588,9831,828.17,wire,2026-06-01 12:00:00
9589,12737,6271.42,invoice,2026-09-20 12:00:00
9590,9102,2692.6,credit_card,2026-04-25 12:00:00
9591,1843,2075.98,credit_card,2025-04-14 12:00:00
9592,2498,3303.99,ach,2025-05-15 12:00:00
9593,202,3465.07,ach,2025-02-18 12:00:00
9594,11771,2325.48,wire,2026-08-24 12:00:00
9595,3869,5186.43,invoice,2025-08-21 12:00:00
9596,5055,848.6,wire,2025-10-24 12:00:00
9597,5890,199.67,ach,2025-12-03 12:00:00
9598,2703,1849.26,ach,2025-06-30 12:00:00
9599,7923,2679.68,wire,2026-02-27 12:00:00
9600,332,1113.46,wire,2025-02-24 12:00:00
9601,3809,1556.36,ach,2025-09-01 12:00:00
9602,936,1851.59,invoice,2025-04-03 12:00:00
9603,1775,3145.22,credit_card,2025-05-03 12:00:00
9604,10072,835.59,ach,2026-05-23 12:00:00
9605,8612,2282.6,invoice,2026-03-26 12:00:00
9606,11682,1438.64,ach,2026-09-02 12:00:00
9607,990,4190.7,credit_card,2025-03-10 12:00:00
9608,5444,459.28,ach,2025-10-15 12:00:00
9609,10647,1549.44,wire,2026-06-09 12:00:00
9610,6994,1366.95,ach,2025-12-29 12:00:00
9611,10919,845.42,wire,2026-07-18 12:00:00
9612,5807,1891.94,ach,2025-11-14 12:00:00
9613,11161,3330.77,credit_card,2026-07-12 12:00:00
9614,11115,1816.77,invoice,2026-07-28 12:00:00
9615,6575,1386.48,invoice,2025-12-22 12:00:00
9616,3053,2268.05,invoice,2025-07-04 12:00:00
9617,11034,536.67,credit_card,2026-07-11 12:00:00
9618,8366,837.8,invoice,2026-02-04 12:00:00
9619,4616,82.42,ach,2025-10-02 12:00:00
9620,3322,586.55,credit_card,2025-07-14 12:00:00
9621,9723,5829.86,credit_card,2026-05-14 12:00:00
9622,6247,1277.51,wire,2025-11-14 12:00:00
9623,6049,851.45,credit_card,2025-11-13 12:00:00
9624,3312,2289.48,ach,2025-07-28 12:00:00
9625,9955,767.24,ach,2026-05-17 12:00:00
9626,10067,853.57,wire,2026-05-09 12:00:00
9627,11980,2568.75,invoice,2026-08-26 12:00:00
9628,8211,1758.56,credit_card,2026-02-10 12:00:00
9629,3629,5565.86,invoice,2025-08-03 12:00:00
9630,11314,1716.34,ach,2026-07-27 12:00:00
9631,1357,5408.72,credit_card,2025-04-30 12:00:00
9632,5003,5134.17,ach,2025-10-16 12:00:00
9633,9936,3193.83,invoice,2026-05-13 12:00:00
9634,5824,5547.88,ach,2025-11-24 12:00:00
9635,12142,2684.61,wire,2026-08-08 12:00:00
9636,5671,3333.98,ach,2025-11-24 12:00:00
9637,3113,5634.07,ach,2025-06-16 12:00:00
9638,183,5875.09,ach,2025-02-26 12:00:00
9639,11309,1245.96,wire,2026-07-15 12:00:00
9640,856,2094.44,invoice,2025-03-28 12:00:00
9641,10768,1898.94,ach,2026-07-04 12:00:00
9642,4913,455.28,credit_card,2025-09-11 12:00:00
9643,10909,2089.03,credit_card,2026-07-27 12:00:00
9644,1801,1827.18,ach,2025-04-21 12:00:00
9645,11821,3421.78,invoice,2026-09-03 12:00:00
9646,5483,5510.83,wire,2025-10-20 12:00:00
9647,10645,3639.56,credit_card,2026-06-13 12:00:00
9648,1969,3527.29,invoice,2025-05-30 12:00:00
9649,10638,4161.47,ach,2026-06-29 12:00:00
9650,10415,3735.7,credit_card,2026-06-14 12:00:00
9651,4698,1265.3,invoice,2025-09-08 12:00:00
9652,4988,4988.22,wire,2025-09-09 12:00:00
9653,4651,2306.37,ach,2025-09-27 12:00:00
9654,1160,3883.41,ach,2025-03-24 12:00:00
9655,9406,977.29,ach,2026-04-25 12:00:00
9656,12316,1222.25,invoice,2026-09-15 12:00:00
9657,1326,3475.98,ach,2025-04-25 12:00:00
9658,10064,2559.08,wire,2026-05-12 12:00:00
9659,4797,5752.64,invoice,2025-10-01 12:00:00
9660,6797,5254.3,credit_card,2026-01-03 12:00:00
9661,5809,20.71,wire,2025-11-24 12:00:00
9662,12611,1806.35,ach,2026-09-20 12:00:00
9663,1456,269.02,credit_card,2025-05-01 12:00:00
9664,5411,4523.08,invoice,2025-10-29 12:00:00
9665,8334,4236.93,invoice,2026-02-21 12:00:00
9666,2801,321.32,invoice,2025-06-04 12:00:00
9667,7617,1724.42,credit_card,2026-01-27 12:00:00
9668,11423,1400.43,wire,2026-07-17 12:00:00
9669,7816,1082.72,credit_card,2026-02-17 12:00:00
9670,4379,5788.17,ach,2025-09-20 12:00:00
9671,8922,2802.09,wire,2026-03-18 12:00:00
9672,10172,3615.12,credit_card,2026-05-16 12:00:00
9673,6717,2368.56,credit_card,2025-12-22 12:00:00
9674,3737,783.1,invoice,2025-07-07 12:00:00
9675,2262,5495.23,credit_card,2025-05-17 12:00:00
9676,7430,5809.07,ach,2026-01-19 12:00:00
9677,4006,4215.07,wire,2025-08-03 12:00:00
9678,9303,642.85,invoice,2026-04-26 12:00:00
9679,2395,2641.51,invoice,2025-05-22 12:00:00
9680,1186,2889.51,credit_card,2025-03-07 12:00:00
9681,2008,2504.42,credit_card,2025-05-13 12:00:00
9682,194,6882.41,invoice,2025-02-22 12:00:00
9683,8771,3027.71,invoice,2026-03-10 12:00:00
9684,5526,3889.57,credit_card,2025-10-30 12:00:00
9685,772,3296.6,wire,2025-03-14 12:00:00
9686,1479,3870.97,ach,2025-04-03 12:00:00
9687,1847,357.14,invoice,2025-04-04 12:00:00
9688,3741,3698.04,invoice,2025-07-15 12:00:00
9689,7987,5390.65,wire,2026-02-05 12:00:00
9690,406,1688.95,invoice,2025-02-11 12:00:00
9691,12189,1689.1,ach,2026-09-29 12:00:00
9692,12600,5164.93,wire,2026-09-26 12:00:00
9693,6318,4040.64,credit_card,2025-11-17 12:00:00
9694,6582,3544.33,credit_card,2025-12-09 12:00:00
9695,1448,1575.18,wire,2025-04-15 12:00:00
9696,343,3239.77,credit_card,2025-02-28 12:00:00
9697,7469,2350.92,invoice,2026-01-11 12:00:00
9698,728,1989.54,credit_card,2025-03-18 12:00:00
9699,4578,1581.87,ach,2025-09-18 12:00:00
9700,9169,2969.52,ach,2026-04-24 12:00:00
9701,9251,937.93,ach,2026-04-18 12:00:00
9702,3517,1207.22,wire,2025-08-05 12:00:00
9703,11350,3024.23,ach,2026-08-01 12:00:00
9704,10311,1440.88,ach,2026-07-02 12:00:00
9705,7157,2545.16,credit_card,2025-12-16 12:00:00
9706,7852,5858.9,credit_card,2026-02-26 12:00:00
9707,9492,996.12,credit_card,2026-04-07 12:00:00
9708,1349,4768.29,wire,2025-04-26 12:00:00
9709,661,4676.53,invoice,2025-03-09 12:00:00
9710,1493,3198.99,ach,2025-04-20 12:00:00
9711,10893,3205.05,wire,2026-06-09 12:00:00
9712,5155,2617.83,invoice,2025-10-21 12:00:00
9713,12246,2026.76,invoice,2026-09-29 12:00:00
9714,9278,1838.18,credit_card,2026-04-26 12:00:00
9715,2525,2014.47,invoice,2025-06-22 12:00:00
9716,9856,2282.13,wire,2026-05-18 12:00:00
9717,10820,1375.13,invoice,2026-07-04 12:00:00
9718,5375,4399.27,invoice,2025-10-31 12:00:00
9719,3199,1818.72,credit_card,2025-07-06 12:00:00
9720,5718,3635.51,invoice,2025-11-10 12:00:00
9721,9745,8734.76,wire,2026-05-14 12:00:00
9722,11622,2480.48,wire,2026-08-20 12:00:00
9723,10508,3537.18,ach,2026-06-30 12:00:00
9724,8260,3981.25,invoice,2026-02-16 12:00:00
9725,10278,2073.62,wire,2026-05-26 12:00:00
9726,41,2213.5,wire,2025-02-08 12:00:00
9727,11284,3032.27,invoice,2026-07-15 12:00:00
9728,6817,1650.07,wire,2025-12-10 12:00:00
9729,9991,5390.04,invoice,2026-05-12 12:00:00
9730,10432,2485.41,wire,2026-06-27 12:00:00
9731,2724,4763.32,credit_card,2025-06-20 12:00:00
9732,11733,5591.62,credit_card,2026-08-07 12:00:00
9733,10953,322.7,wire,2026-07-29 12:00:00
9734,9336,3313.74,invoice,2026-04-19 12:00:00
9735,12440,2324.54,invoice,2026-09-28 12:00:00
9736,7156,1331.48,ach,2025-12-31 12:00:00
9737,11257,1540.89,invoice,2026-07-17 12:00:00
9738,11781,4496.14,credit_card,2026-08-19 12:00:00
9739,7231,3221.57,ach,2025-12-07 12:00:00
9740,5076,2071.95,wire,2025-10-06 12:00:00
9741,7881,2586.1,credit_card,2026-02-15 12:00:00
9742,5395,1259.44,invoice,2025-10-26 12:00:00
9743,9642,1362.53,ach,2026-04-17 12:00:00
9744,10924,3615.37,wire,2026-08-04 12:00:00
9745,7790,3583.64,ach,2026-02-20 12:00:00
9746,11930,496.94,invoice,2026-08-12 12:00:00
9747,4089,4568.03,invoice,2025-08-11 12:00:00
9748,1968,3688.15,ach,2025-05-08 12:00:00
9749,11489,3649.66,invoice,2026-07-05 12:00:00
9750,11243,774.6,ach,2026-07-12 12:00:00
9751,12261,879.9,invoice,2026-09-20 12:00:00
9752,7000,721.63,ach,2025-12-27 12:00:00
9753,424,4368.52,credit_card,2025-02-05 12:00:00
9754,11839,2102.42,invoice,2026-08-24 12:00:00
9755,12146,1147.15,ach,2026-08-24 12:00:00
9756,11699,5366.41,wire,2026-08-19 12:00:00
9757,6143,7248.02,invoice,2025-12-04 12:00:00
9758,5662,1334.56,ach,2025-11-06 12:00:00
9759,9032,6070.28,ach,2026-04-24 12:00:00
9760,4597,3620.31,invoice,2025-09-16 12:00:00
9761,2660,7474.85,credit_card,2025-06-17 12:00:00
9762,142,4151.63,credit_card,2025-02-01 12:00:00
9763,2598,3239.73,ach,2025-06-08 12:00:00
9764,6702,2978.96,invoice,2025-12-10 12:00:00
9765,1378,702.9,wire,2025-04-14 12:00:00
9766,3675,8556.83,credit_card,2025-07-23 12:00:00
9767,9659,4351.72,invoice,2026-05-06 12:00:00
9768,12646,981.39,credit_card,2026-09-26 12:00:00
9769,6363,3327.38,invoice,2025-11-22 12:00:00
9770,11961,3663.79,credit_card,2026-08-28 12:00:00
9771,4742,2839.99,credit_card,2025-09-24 12:00:00
9772,1139,1678.14,wire,2025-03-04 12:00:00
9773,7375,4012.1,wire,2026-01-18 12:00:00
9774,1788,1113.3,ach,2025-04-26 12:00:00
9775,10265,300.32,credit_card,2026-05-30 12:00:00
9776,4647,2629.71,invoice,2025-09-14 12:00:00
9777,7569,4701.18,credit_card,2026-01-21 12:00:00
9778,460,3119.17,invoice,2025-02-11 12:00:00
9779,6116,5073.36,invoice,2025-11-08 12:00:00
9780,8180,1196.35,ach,2026-02-16 12:00:00
9781,949,3322.28,ach,2025-03-29 12:00:00
9782,9529,3092.61,ach,2026-04-14 12:00:00
9783,6371,2077.38,wire,2025-11-16 12:00:00
9784,4629,2977.3,wire,2025-09-29 12:00:00
9785,7359,2951.64,wire,2026-01-21 12:00:00
9786,5926,515.84,credit_card,2025-11-15 12:00:00
9787,6041,626.48,credit_card,2025-11-25 12:00:00
9788,442,5459.58,wire,2025-02-23 12:00:00
9789,6660,2710.84,credit_card,2025-12-18 12:00:00
9790,8832,3330.48,wire,2026-03-21 12:00:00
9791,9047,5098.82,ach,2026-04-12 12:00:00
9792,3831,1389.06,ach,2025-08-11 12:00:00
9793,12000,399.34,wire,2026-08-07 12:00:00
9794,6145,1827.47,ach,2025-11-20 12:00:00
9795,11556,2544.82,ach,2026-09-02 12:00:00
9796,6345,1831.95,ach,2025-11-18 12:00:00
9797,1959,1308.41,ach,2025-05-30 12:00:00
9798,9263,512.15,wire,2026-05-03 12:00:00
9799,156,1942.93,credit_card,2025-02-16 12:00:00
9800,10187,5203.5,credit_card,2026-05-22 12:00:00
9801,4579,2457.0,wire,2025-09-22 12:00:00
9802,1090,3236.24,ach,2025-03-07 12:00:00
9803,6050,2282.69,ach,2025-11-18 12:00:00
9804,11694,2769.82,ach,2026-09-01 12:00:00
9805,9123,611.42,invoice,2026-05-01 12:00:00
9806,7951,1280.2,ach,2026-02-28 12:00:00
9807,1675,464.53,credit_card,2025-04-11 12:00:00
9808,6764,1214.13,ach,2025-12-22 12:00:00
9809,10984,4142.7,wire,2026-07-19 12:00:00
9810,6417,2436.95,ach,2025-12-02 12:00:00
9811,12584,3320.74,wire,2026-10-02 12:00:00
9812,2327,5778.96,invoice,2025-05-17 12:00:00
9813,7097,1428.56,wire,2025-12-21 12:00:00
9814,10968,1175.84,credit_card,2026-07-19 12:00:00
9815,10065,1980.34,credit_card,2026-05-19 12:00:00
9816,6451,2703.3,wire,2025-11-22 12:00:00
9817,1716,1123.81,credit_card,2025-04-27 12:00:00
9818,9173,1346.4,wire,2026-04-14 12:00:00
9819,8382,716.56,credit_card,2026-02-07 12:00:00
9820,9434,3598.08,ach,2026-04-30 12:00:00
9821,3832,1565.19,credit_card,2025-08-28 12:00:00
9822,6300,4407.64,wire,2025-11-15 12:00:00
9823,3349,4273.87,ach,2025-07-23 12:00:00
9824,12196,1163.85,wire,2026-09-12 12:00:00
9825,9178,1321.55,invoice,2026-04-19 12:00:00
9826,588,2877.58,credit_card,2025-02-02 12:00:00
9827,9347,1242.23,ach,2026-04-29 12:00:00
9828,12166,3148.43,wire,2026-09-11 12:00:00
9829,2991,1024.73,ach,2025-07-02 12:00:00
9830,11856,5808.18,credit_card,2026-08-19 12:00:00
9831,10106,2045.45,ach,2026-05-14 12:00:00
9832,11325,4989.07,wire,2026-07-13 12:00:00
9833,9588,2789.77,wire,2026-05-01 12:00:00
9834,265,3995.31,invoice,2025-02-10 12:00:00
9835,10090,1884.26,wire,2026-05-05 12:00:00
9836,6789,911.3,invoice,2025-12-26 12:00:00
9837,11091,3112.61,ach,2026-07-05 12:00:00
9838,3865,358.48,invoice,2025-09-01 12:00:00
9839,6275,610.51,credit_card,2025-11-30 12:00:00
9840,11085,1324.94,credit_card,2026-07-19 12:00:00
9841,12528,5662.02,wire,2026-09-04 12:00:00
9842,3712,437.08,wire,2025-07-24 12:00:00
9843,8439,1413.93,wire,2026-03-07 12:00:00
9844,9787,4589.19,wire,2026-05-13 12:00:00
9845,1530,1595.33,ach,2025-04-16 12:00:00
9846,10488,249.87,credit_card,2026-07-02 12:00:00
9847,924,1541.41,credit_card,2025-03-31 12:00:00
9848,10444,6081.4,wire,2026-06-05 12:00:00
9849,7330,752.01,invoice,2026-01-29 12:00:00
9850,4365,3968.08,wire,2025-09-03 12:00:00
9851,670,941.51,invoice,2025-03-28 12:00:00
9852,3605,3682.82,ach,2025-07-10 12:00:00
9853,5109,2002.55,wire,2025-10-26 12:00:00
9854,11496,1987.16,ach,2026-07-24 12:00:00
9855,5249,3484.27,invoice,2025-10-24 12:00:00
9856,7184,4572.35,credit_card,2025-12-28 12:00:00
9857,2592,1073.92,invoice,2025-06-11 12:00:00
9858,5907,663.24,wire,2025-11-12 12:00:00
9859,6510,3228.19,credit_card,2025-12-06 12:00:00
9860,7134,3586.68,invoice,2025-12-08 12:00:00
9861,2308,5401.78,credit_card,2025-05-21 12:00:00
9862,8805,1345.0,invoice,2026-03-09 12:00:00
9863,3691,4201.15,wire,2025-07-15 12:00:00
9864,688,2583.87,ach,2025-03-15 12:00:00
9865,613,1815.59,invoice,2025-02-17 12:00:00
9866,7168,837.38,ach,2025-12-06 12:00:00
9867,10101,4228.74,wire,2026-05-09 12:00:00
9868,3201,999.01,ach,2025-07-13 12:00:00
9869,6630,1386.48,invoice,2025-12-27 12:00:00
9870,4136,2196.74,credit_card,2025-08-25 12:00:00
9871,1899,3549.09,invoice,2025-05-07 12:00:00
9872,283,3294.74,invoice,2025-02-11 12:00:00
9873,259,484.05,invoice,2025-03-01 12:00:00
9874,12338,1517.84,ach,2026-09-05 12:00:00
9875,4944,1179.01,wire,2025-09-16 12:00:00
9876,2823,2530.42,invoice,2025-06-11 12:00:00
9877,3526,3370.42,wire,2025-07-10 12:00:00
9878,12346,1598.84,wire,2026-09-15 12:00:00
9879,5224,2413.71,wire,2025-10-01 12:00:00
9880,2286,339.28,ach,2025-05-26 12:00:00
9881,6064,2070.69,ach,2025-11-04 12:00:00
9882,8079,3890.13,ach,2026-02-10 12:00:00
9883,4655,3025.45,credit_card,2025-10-01 12:00:00
9884,5001,416.3,wire,2025-10-10 12:00:00
9885,6711,1852.32,credit_card,2025-12-06 12:00:00
9886,12480,5818.69,credit_card,2026-09-15 12:00:00
9887,8677,3504.26,credit_card,2026-03-23 12:00:00
9888,5417,6459.26,wire,2025-10-25 12:00:00
9889,476,4027.5,wire,2025-02-10 12:00:00
9890,2556,2567.92,ach,2025-06-17 12:00:00
9891,8088,1369.63,ach,2026-02-22 12:00:00
9892,8,5278.68,invoice,2025-02-11 12:00:00
9893,6412,403.71,credit_card,2025-11-12 12:00:00
9894,11703,1856.37,invoice,2026-08-06 12:00:00
9895,11378,1183.75,wire,2026-07-13 12:00:00
9896,5547,2918.09,credit_card,2025-10-13 12:00:00
9897,2427,3889.71,wire,2025-05-29 12:00:00
9898,6745,3157.34,invoice,2025-12-05 12:00:00
9899,12305,4342.54,ach,2026-09-16 12:00:00
9900,2275,2101.57,invoice,2025-05-28 12:00:00
9901,9204,1986.55,invoice,2026-04-25 12:00:00
9902,1578,1971.58,credit_card,2025-04-26 12:00:00
9903,7265,6174.65,ach,2025-12-20 12:00:00
9904,9260,662.07,invoice,2026-04-06 12:00:00
9905,3971,1786.93,wire,2025-08-17 12:00:00
9906,5880,963.96,ach,2025-12-01 12:00:00
9907,10755,3264.75,invoice,2026-06-22 12:00:00
9908,11920,1700.06,invoice,2026-08-05 12:00:00
9909,7194,4015.15,invoice,2025-12-22 12:00:00
9910,3868,2308.34,wire,2025-08-08 12:00:00
9911,12029,1512.21,wire,2026-08-20 12:00:00
9912,6824,2616.51,wire,2025-12-22 12:00:00
9913,7549,4412.5,wire,2026-01-08 12:00:00
9914,782,2856.7,wire,2025-03-14 12:00:00
9915,1750,581.89,credit_card,2025-04-15 12:00:00
9916,6520,4098.11,ach,2025-12-12 12:00:00
9917,5775,2012.9,credit_card,2025-11-15 12:00:00
9918,9284,577.24,credit_card,2026-04-30 12:00:00
9919,9370,431.34,invoice,2026-05-05 12:00:00
9920,2325,5007.26,invoice,2025-05-14 12:00:00
9921,5056,2069.16,ach,2025-10-08 12:00:00
9922,11509,2472.47,wire,2026-07-05 12:00:00
9923,1728,740.35,invoice,2025-04-16 12:00:00
9924,611,2793.6,credit_card,2025-02-16 12:00:00
9925,4667,3086.85,wire,2025-09-21 12:00:00
9926,5414,4432.04,ach,2025-10-11 12:00:00
9927,8104,2808.56,ach,2026-02-27 12:00:00
9928,8175,3098.92,ach,2026-03-03 12:00:00
9929,8536,6303.9,credit_card,2026-03-18 12:00:00
9930,3751,1323.07,wire,2025-08-18 12:00:00
9931,98,4387.21,ach,2025-02-21 12:00:00
9932,6986,2759.3,credit_card,2025-12-30 12:00:00
9933,3138,5644.15,invoice,2025-07-16 12:00:00
9934,1538,4164.43,invoice,2025-04-05 12:00:00
9935,3649,4235.02,wire,2025-07-30 12:00:00
9936,1518,2509.2,invoice,2025-04-27 12:00:00
9937,11947,4508.74,ach,2026-08-30 12:00:00
9938,4625,133.55,wire,2025-09-24 12:00:00
9939,6567,2777.75,credit_card,2025-12-27 12:00:00
9940,2091,3270.7,ach,2025-05-02 12:00:00
9941,7098,2300.35,ach,2026-01-03 12:00:00
9942,6172,1024.13,invoice,2025-11-14 12:00:00
9943,7522,2690.88,credit_card,2026-02-02 12:00:00
9944,573,3628.18,wire,2025-03-05 12:00:00
9945,12157,1256.44,ach,2026-09-23 12:00:00
9946,11584,4276.96,credit_card,2026-08-11 12:00:00
9947,3063,2630.58,credit_card,2025-06-10 12:00:00
9948,598,148.07,ach,2025-02-02 12:00:00
9949,6634,1030.18,credit_card,2025-12-30 12:00:00
9950,12154,467.82,invoice,2026-09-25 12:00:00
9951,7876,2997.62,invoice,2026-02-16 12:00:00
9952,7346,4293.66,invoice,2026-01-10 12:00:00
9953,6305,2918.35,wire,2025-11-02 12:00:00
9954,10264,2037.0,wire,2026-05-06 12:00:00
9955,12061,238.14,invoice,2026-08-17 12:00:00
9956,5977,4042.33,ach,2025-11-28 12:00:00
9957,8563,1624.27,ach,2026-03-12 12:00:00
9958,1939,1545.09,ach,2025-05-21 12:00:00
9959,8101,2388.04,wire,2026-02-27 12:00:00
9960,1754,2773.94,ach,2025-04-13 12:00:00
9961,3671,5796.6,ach,2025-07-24 12:00:00
9962,10270,3591.83,credit_card,2026-05-22 12:00:00
9963,2362,1844.84,ach,2025-05-26 12:00:00
9964,4261,851.45,wire,2025-08-11 12:00:00
9965,5433,4975.72,wire,2025-10-20 12:00:00
9966,6286,3167.59,ach,2025-11-23 12:00:00
9967,10074,2124.64,invoice,2026-06-01 12:00:00
9968,12094,589.22,invoice,2026-08-13 12:00:00
9969,10026,6196.2,ach,2026-05-18 12:00:00
9970,11108,944.2,credit_card,2026-07-16 12:00:00
9971,10591,3214.58,ach,2026-06-23 12:00:00
9972,5592,567.08,credit_card,2025-10-30 12:00:00
9973,1172,291.99,credit_card,2025-03-22 12:00:00
9974,7928,1351.28,credit_card,2026-02-24 12:00:00
9975,10288,3606.67,credit_card,2026-06-15 12:00:00
9976,9615,1789.07,invoice,2026-05-05 12:00:00
9977,11948,4270.32,ach,2026-08-26 12:00:00
9978,10776,2064.23,wire,2026-06-29 12:00:00
9979,11702,640.0,wire,2026-08-12 12:00:00
9980,875,1183.75,ach,2025-03-17 12:00:00
9981,2298,3721.38,invoice,2025-06-01 12:00:00
9982,11886,3306.19,credit_card,2026-08-03 12:00:00
9983,2644,786.92,ach,2025-06-15 12:00:00
9984,11840,1758.74,wire,2026-08-26 12:00:00
9985,5348,5191.88,wire,2025-11-03 12:00:00
9986,9033,1051.06,wire,2026-04-16 12:00:00
9987,12694,758.38,credit_card,2026-09-05 12:00:00
9988,582,3828.94,credit_card,2025-02-05 12:00:00
9989,205,2980.86,credit_card,2025-02-13 12:00:00
9990,7897,434.83,credit_card,2026-02-26 12:00:00
9991,9834,3414.28,invoice,2026-05-14 12:00:00
9992,2015,2485.25,ach,2025-05-07 12:00:00
9993,906,3390.3,credit_card,2025-03-18 12:00:00
9994,632,6537.0,credit_card,2025-03-26 12:00:00
9995,8462,2390.19,wire,2026-04-01 12:00:00
9996,12348,1199.79,wire,2026-10-03 12:00:00
9997,1975,1709.66,invoice,2025-06-04 12:00:00
9998,163,2116.43,invoice,2025-02-16 12:00:00
9999,4999,1481.46,invoice,2025-09-02 12:00:00
10000,10537,910.67,ach,2026-06-20 12:00:00
10001,9558,1729.29,credit_card,2026-04-15 12:00:00
10002,4714,3045.58,credit_card,2025-09-24 12:00:00
10003,9068,2072.22,invoice,2026-04-03 12:00:00
10004,1432,3123.45,invoice,2025-04-24 12:00:00
10005,6869,3501.5,credit_card,2025-12-08 12:00:00
10006,11671,2818.03,wire,2026-08-24 12:00:00
10007,7711,2617.47,credit_card,2026-01-05 12:00:00
10008,7737,2864.64,ach,2026-01-23 12:00:00
10009,4284,2588.38,wire,2025-08-17 12:00:00
10010,7532,4195.56,invoice,2026-01-14 12:00:00
10011,10379,2550.04,credit_card,2026-06-26 12:00:00
10012,3385,879.02,credit_card,2025-07-07 12:00:00
10013,12225,3442.62,wire,2026-09-17 12:00:00
10014,10384,1679.34,ach,2026-06-10 12:00:00
10015,10646,2541.47,invoice,2026-06-09 12:00:00
10016,7463,1821.53,credit_card,2026-02-03 12:00:00
10017,3332,1283.72,invoice,2025-07-16 12:00:00
10018,12188,1023.45,ach,2026-09-19 12:00:00
10019,6405,2184.0,credit_card,2025-11-25 12:00:00
10020,8896,3568.9,invoice,2026-03-23 12:00:00
10021,2097,7671.17,credit_card,2025-05-17 12:00:00
10022,10726,2883.3,ach,2026-06-26 12:00:00
10023,8000,2560.2,wire,2026-02-24 12:00:00
10024,5018,2750.66,wire,2025-10-10 12:00:00
10025,8739,1114.12,wire,2026-03-08 12:00:00
10026,1450,2436.4,invoice,2025-04-15 12:00:00
10027,6901,1235.38,wire,2025-12-06 12:00:00
10028,2611,229.64,credit_card,2025-06-20 12:00:00
10029,1901,1035.09,credit_card,2025-05-31 12:00:00
10030,8187,2380.51,invoice,2026-02-17 12:00:00
10031,3921,4739.96,wire,2025-08-02 12:00:00
10032,2758,1108.49,ach,2025-06-15 12:00:00
10033,6398,2016.57,wire,2025-11-23 12:00:00
10034,11069,4726.06,invoice,2026-07-29 12:00:00
10035,2098,1148.59,credit_card,2025-06-02 12:00:00
10036,8330,3059.96,invoice,2026-02-13 12:00:00
10037,12073,4584.19,credit_card,2026-08-24 12:00:00
10038,5625,2440.23,ach,2025-10-01 12:00:00
10039,9029,2918.52,invoice,2026-03-06 12:00:00
10040,3472,3432.01,credit_card,2025-07-15 12:00:00
10041,8267,2150.15,invoice,2026-02-15 12:00:00
10042,2172,793.23,credit_card,2025-05-14 12:00:00
10043,11793,6146.61,credit_card,2026-08-30 12:00:00
10044,11730,599.01,credit_card,2026-08-25 12:00:00
10045,8591,3764.17,credit_card,2026-03-28 12:00:00
10046,2011,7184.95,credit_card,2025-05-16 12:00:00
10047,12513,1365.61,invoice,2026-09-18 12:00:00
10048,1284,464.0,wire,2025-05-05 12:00:00
10049,10029,2445.73,ach,2026-05-15 12:00:00
10050,12273,527.14,invoice,2026-09-24 12:00:00
10051,1020,2424.68,credit_card,2025-03-16 12:00:00
10052,9519,890.26,credit_card,2026-04-05 12:00:00
10053,8668,165.46,wire,2026-03-14 12:00:00
10054,2811,2867.36,invoice,2025-06-22 12:00:00
10055,11022,4650.5,wire,2026-07-22 12:00:00
10056,1652,783.41,ach,2025-04-10 12:00:00
10057,12551,135.78,credit_card,2026-09-20 12:00:00
10058,1170,2023.79,wire,2025-03-20 12:00:00
10059,9399,5367.18,invoice,2026-04-18 12:00:00
10060,6257,2356.88,invoice,2025-11-08 12:00:00
10061,5470,5146.34,wire,2025-10-29 12:00:00
10062,12249,942.76,credit_card,2026-09-18 12:00:00
10063,868,2537.58,credit_card,2025-03-03 12:00:00
10064,5094,4473.08,ach,2025-10-28 12:00:00
10065,5434,3092.32,invoice,2025-10-09 12:00:00
10066,542,3270.7,wire,2025-02-16 12:00:00
10067,9325,454.5,ach,2026-04-08 12:00:00
10068,12573,3809.48,wire,2026-09-12 12:00:00
10069,6355,2710.73,ach,2025-11-29 12:00:00
10070,11927,2003.35,wire,2026-08-09 12:00:00
10071,3391,3051.27,credit_card,2025-07-13 12:00:00
10072,10275,349.78,credit_card,2026-05-23 12:00:00
10073,12693,1144.04,wire,2026-10-04 12:00:00
10074,3960,3894.9,wire,2025-08-30 12:00:00
10075,6644,588.86,wire,2025-12-13 12:00:00
10076,6842,4623.06,ach,2025-12-14 12:00:00
10077,11722,2347.91,ach,2026-08-28 12:00:00
10078,3587,3697.77,wire,2025-07-08 12:00:00
10079,11871,2490.33,ach,2026-08-13 12:00:00
10080,2564,2854.23,invoice,2025-06-16 12:00:00
10081,5037,2820.9,wire,2025-10-21 12:00:00
10082,1081,4361.71,credit_card,2025-03-16 12:00:00
10083,5892,111.41,credit_card,2025-11-08 12:00:00
10084,4967,3808.05,credit_card,2025-09-17 12:00:00
10085,2024,2772.62,ach,2025-06-01 12:00:00
10086,11897,2645.06,invoice,2026-08-12 12:00:00
10087,7910,3734.52,invoice,2026-02-16 12:00:00
10088,11142,3072.87,invoice,2026-07-08 12:00:00
10089,7322,2799.22,invoice,2026-01-12 12:00:00
10090,227,174.13,ach,2025-02-09 12:00:00
10091,1014,983.34,wire,2025-03-13 12:00:00
10092,1930,2803.11,wire,2025-05-15 12:00:00
10093,10706,6582.22,invoice,2026-06-15 12:00:00
10094,5252,889.2,credit_card,2025-10-20 12:00:00
10095,9597,527.52,invoice,2026-04-09 12:00:00
10096,2180,436.36,ach,2025-05-12 12:00:00
10097,698,2107.64,wire,2025-03-19 12:00:00
10098,1125,1442.83,ach,2025-03-27 12:00:00
10099,7379,2108.21,credit_card,2026-01-21 12:00:00
10100,10480,5741.81,invoice,2026-06-23 12:00:00
10101,5111,1928.04,credit_card,2025-10-25 12:00:00
10102,7903,441.86,credit_card,2026-02-14 12:00:00
10103,1779,62.13,invoice,2025-05-01 12:00:00
10104,10191,3901.69,invoice,2026-05-24 12:00:00
10105,2635,2171.62,wire,2025-06-23 12:00:00
10106,7545,965.17,credit_card,2026-01-23 12:00:00
10107,7605,1939.32,wire,2026-01-14 12:00:00
10108,3490,7803.46,wire,2025-07-22 12:00:00
10109,1038,3831.95,wire,2025-03-05 12:00:00
10110,10445,2757.56,credit_card,2026-06-16 12:00:00
10111,8506,4392.3,credit_card,2026-03-11 12:00:00
10112,2650,3690.45,wire,2025-06-16 12:00:00
10113,2980,3333.73,credit_card,2025-06-07 12:00:00
10114,2548,2620.33,invoice,2025-06-08 12:00:00
10115,5133,3101.73,credit_card,2025-10-21 12:00:00
10116,2160,3681.9,invoice,2025-05-14 12:00:00
10117,9115,4065.91,wire,2026-04-10 12:00:00
10118,6446,2882.66,ach,2025-12-02 12:00:00
10119,3968,575.12,wire,2025-08-25 12:00:00
10120,1429,175.19,credit_card,2025-04-11 12:00:00
10121,10745,877.3,credit_card,2026-06-21 12:00:00
10122,2521,1366.95,ach,2025-06-25 12:00:00
10123,8034,3977.89,ach,2026-02-15 12:00:00
10124,10950,3657.37,ach,2026-07-30 12:00:00
10125,12001,5032.51,credit_card,2026-08-14 12:00:00
10126,12615,4581.54,credit_card,2026-09-04 12:00:00
10127,449,1931.49,ach,2025-02-18 12:00:00
10128,10836,3503.17,invoice,2026-06-20 12:00:00
10129,9477,1698.46,ach,2026-04-26 12:00:00
10130,5996,5113.09,ach,2025-11-18 12:00:00
10131,12240,2179.2,ach,2026-09-06 12:00:00
10132,3728,1038.39,ach,2025-07-10 12:00:00
10133,7354,3063.54,invoice,2026-01-11 12:00:00
10134,8554,4151.17,invoice,2026-04-05 12:00:00
10135,6280,1031.95,credit_card,2025-11-19 12:00:00
10136,11410,885.68,ach,2026-07-16 12:00:00
10137,7296,4362.53,credit_card,2025-12-23 12:00:00
10138,9497,2101.88,invoice,2026-04-29 12:00:00
10139,6252,3973.77,ach,2025-11-07 12:00:00
10140,5927,721.87,ach,2025-11-19 12:00:00
10141,2461,557.25,wire,2025-05-27 12:00:00
10142,23,472.42,ach,2025-02-24 12:00:00
10143,2067,1187.03,invoice,2025-05-27 12:00:00
10144,1654,776.52,ach,2025-04-20 12:00:00
10145,8895,3159.52,ach,2026-04-01 12:00:00
10146,8707,350.8,credit_card,2026-03-30 12:00:00
10147,1377,1670.64,invoice,2025-04-09 12:00:00
10148,1725,2483.22,wire,2025-04-11 12:00:00
10149,3755,5044.33,wire,2025-08-04 12:00:00
10150,8653,2134.63,wire,2026-03-06 12:00:00
10151,4184,2610.09,invoice,2025-08-23 12:00:00
10152,4083,3687.68,wire,2025-08-18 12:00:00
10153,9679,100.58,ach,2026-05-30 12:00:00
10154,8475,2913.8,wire,2026-03-20 12:00:00
10155,6580,6887.58,ach,2025-12-22 12:00:00
10156,4559,1201.08,invoice,2025-09-10 12:00:00
10157,3538,3630.98,invoice,2025-07-25 12:00:00
10158,7004,4557.6,credit_card,2025-12-21 12:00:00
10159,9561,3114.44,wire,2026-04-09 12:00:00
10160,12101,3777.29,ach,2026-08-05 12:00:00
10161,10510,3324.01,wire,2026-06-20 12:00:00
10162,8790,5226.56,credit_card,2026-03-20 12:00:00
10163,9952,1457.37,invoice,2026-05-30 12:00:00
10164,647,2481.7,invoice,2025-03-08 12:00:00
10165,6382,1555.95,wire,2025-11-12 12:00:00
10166,7528,1678.28,wire,2026-01-27 12:00:00
10167,12394,4532.07,credit_card,2026-09-05 12:00:00
10168,7166,1273.47,invoice,2025-12-25 12:00:00
10169,10200,5542.26,credit_card,2026-05-09 12:00:00
10170,7698,1884.35,wire,2026-01-21 12:00:00
10171,12016,3887.71,credit_card,2026-08-13 12:00:00
10172,4876,304.54,invoice,2025-09-08 12:00:00
10173,10973,3144.72,wire,2026-07-30 12:00:00
10174,5342,4910.37,wire,2025-10-20 12:00:00
10175,10900,3201.08,wire,2026-06-19 12:00:00
10176,7032,1668.29,credit_card,2025-12-21 12:00:00
10177,2161,638.89,ach,2025-05-04 12:00:00
10178,686,2357.02,ach,2025-03-26 12:00:00
10179,2462,637.78,credit_card,2025-05-31 12:00:00
10180,7129,1883.68,ach,2025-12-26 12:00:00
10181,6268,2167.1,credit_card,2025-11-09 12:00:00
10182,4942,2296.07,wire,2025-09-15 12:00:00
10183,5947,3195.69,wire,2025-11-16 12:00:00
10184,4584,3389.23,ach,2025-09-08 12:00:00
10185,5785,3965.65,credit_card,2025-11-09 12:00:00
10186,7570,920.16,credit_card,2026-01-28 12:00:00
10187,10882,979.88,wire,2026-06-16 12:00:00
10188,522,4586.86,credit_card,2025-02-26 12:00:00
10189,8715,4152.14,ach,2026-03-05 12:00:00
10190,11401,4152.49,wire,2026-07-16 12:00:00
10191,3984,1884.47,wire,2025-08-19 12:00:00
10192,12221,3394.54,ach,2026-09-04 12:00:00
10193,12431,2083.7,invoice,2026-09-29 12:00:00
10194,781,4142.08,wire,2025-03-31 12:00:00
10195,10497,644.16,invoice,2026-06-21 12:00:00
10196,5608,2036.86,ach,2025-10-13 12:00:00
10197,5979,664.92,invoice,2025-11-13 12:00:00
10198,8844,2264.16,wire,2026-03-14 12:00:00
10199,3748,2616.56,ach,2025-07-20 12:00:00
10200,2197,2323.8,ach,2025-05-22 12:00:00
10201,8562,712.87,wire,2026-03-11 12:00:00
10202,12632,3024.14,wire,2026-09-28 12:00:00
10203,4286,2750.85,wire,2025-08-11 12:00:00
10204,8570,1082.45,ach,2026-04-01 12:00:00
10205,9833,2377.09,wire,2026-05-25 12:00:00
10206,9806,303.8,wire,2026-05-19 12:00:00
10207,6980,1600.98,wire,2026-01-02 12:00:00
10208,1828,1226.57,wire,2025-04-18 12:00:00
10209,9155,4075.59,invoice,2026-04-02 12:00:00
10210,12366,1987.99,invoice,2026-09-07 12:00:00
10211,2377,3374.88,invoice,2025-06-03 12:00:00
10212,8552,2871.9,credit_card,2026-03-27 12:00:00
10213,3840,2171.45,credit_card,2025-08-08 12:00:00
10214,1247,1147.7,credit_card,2025-03-26 12:00:00
10215,7505,1187.84,credit_card,2026-01-10 12:00:00
10216,6512,289.81,credit_card,2025-12-05 12:00:00
10217,11688,318.1,credit_card,2026-08-09 12:00:00
10218,5440,1697.96,credit_card,2025-10-17 12:00:00
10219,11807,4380.39,invoice,2026-08-29 12:00:00
10220,8965,1719.07,wire,2026-04-02 12:00:00
10221,12421,3990.71,wire,2026-09-30 12:00:00
10222,5511,1852.33,credit_card,2025-11-01 12:00:00
10223,5331,5151.05,wire,2025-10-24 12:00:00
10224,4532,3726.12,invoice,2025-09-15 12:00:00
10225,9867,1485.66,invoice,2026-05-22 12:00:00
10226,366,4586.0,credit_card,2025-02-06 12:00:00
10227,10339,2891.54,credit_card,2026-06-19 12:00:00
10228,12755,3296.25,credit_card,2026-09-06 12:00:00
10229,148,1511.6,wire,2025-02-14 12:00:00
10230,1669,2283.54,invoice,2025-04-22 12:00:00
10231,11292,780.16,credit_card,2026-07-12 12:00:00
10232,7651,474.71,invoice,2026-01-11 12:00:00
10233,8600,2332.7,wire,2026-03-20 12:00:00
10234,7789,4427.96,wire,2026-02-24 12:00:00
10235,3457,507.76,credit_card,2025-07-17 12:00:00
10236,3272,4126.94,credit_card,2025-07-19 12:00:00
10237,4941,1904.68,credit_card,2025-09-06 12:00:00
10238,9224,7747.32,wire,2026-04-17 12:00:00
10239,6231,1822.16,wire,2025-11-26 12:00:00
10240,12359,757.84,credit_card,2026-09-13 12:00:00
10241,10361,4630.65,invoice,2026-06-21 12:00:00
10242,9048,3170.73,credit_card,2026-04-18 12:00:00
10243,3927,255.06,ach,2025-08-25 12:00:00
10244,10914,1495.69,ach,2026-07-07 12:00:00
10245,8081,2009.04,wire,2026-02-06 12:00:00
10246,79,2706.38,invoice,2025-02-04 12:00:00
10247,7089,4535.3,invoice,2026-01-01 12:00:00
10248,2248,2149.17,invoice,2025-05-20 12:00:00
10249,10538,1543.09,ach,2026-07-01 12:00:00
10250,12710,2099.94,wire,2026-09-23 12:00:00
10251,10578,5551.09,invoice,2026-06-15 12:00:00
10252,7452,3554.07,wire,2026-01-08 12:00:00
10253,8981,7561.3,wire,2026-03-12 12:00:00
10254,2280,844.35,ach,2025-05-25 12:00:00
10255,8124,5413.28,credit_card,2026-02-14 12:00:00
10256,3898,5901.21,credit_card,2025-08-27 12:00:00
10257,10292,5192.4,ach,2026-06-10 12:00:00
10258,7178,2719.53,wire,2025-12-17 12:00:00
10259,9313,3255.5,invoice,2026-04-24 12:00:00
10260,12081,4224.7,invoice,2026-08-09 12:00:00
10261,3632,4221.96,ach,2025-07-03 12:00:00
10262,11012,1371.64,invoice,2026-07-10 12:00:00
10263,6273,1606.73,wire,2025-12-02 12:00:00
10264,8617,3670.6,invoice,2026-03-15 12:00:00
10265,393,526.29,ach,2025-02-03 12:00:00
10266,3192,501.34,credit_card,2025-08-03 12:00:00
10267,17,2544.0,ach,2025-02-16 12:00:00
10268,4201,993.9,credit_card,2025-08-24 12:00:00
10269,2673,4711.79,invoice,2025-06-23 12:00:00
10270,6165,3094.46,wire,2025-11-15 12:00:00
10271,3494,938.45,ach,2025-07-09 12:00:00
10272,9652,2439.52,credit_card,2026-04-05 12:00:00
10273,7395,4641.26,wire,2026-01-14 12:00:00
10274,4840,1462.17,ach,2025-10-03 12:00:00
10275,594,3206.18,invoice,2025-02-05 12:00:00
10276,11900,350.86,ach,2026-08-08 12:00:00
10277,8738,4938.48,invoice,2026-03-15 12:00:00
10278,5828,697.81,wire,2025-11-21 12:00:00
10279,7962,556.02,ach,2026-02-18 12:00:00
10280,5888,1892.12,invoice,2025-11-24 12:00:00
10281,2356,2043.96,wire,2025-05-10 12:00:00
10282,6037,6148.33,credit_card,2025-11-07 12:00:00
10283,4799,1892.44,ach,2025-10-02 12:00:00
10284,11043,2831.1,credit_card,2026-07-06 12:00:00
10285,4593,3803.97,wire,2025-09-18 12:00:00
10286,8657,3760.5,wire,2026-04-04 12:00:00
10287,164,1865.06,invoice,2025-02-22 12:00:00
10288,11833,2000.88,invoice,2026-08-10 12:00:00
10289,12052,2496.28,credit_card,2026-08-19 12:00:00
10290,12497,786.27,ach,2026-09-12 12:00:00
10291,7381,6820.43,credit_card,2026-01-15 12:00:00
10292,12722,2393.02,wire,2026-09-08 12:00:00
10293,10202,718.9,ach,2026-05-18 12:00:00
10294,6357,1831.64,wire,2025-12-03 12:00:00
10295,9093,4093.69,wire,2026-05-03 12:00:00
10296,5543,1927.36,invoice,2025-10-25 12:00:00
10297,6008,1318.92,credit_card,2025-11-06 12:00:00
10298,7994,2225.93,wire,2026-03-03 12:00:00
10299,7639,5134.68,ach,2026-01-17 12:00:00
10300,6794,776.34,invoice,2025-12-09 12:00:00
10301,7759,3185.39,credit_card,2026-01-19 12:00:00
10302,4838,4369.75,invoice,2025-10-05 12:00:00
10303,2294,7089.33,invoice,2025-05-18 12:00:00
10304,6549,100.58,invoice,2025-12-16 12:00:00
10305,7899,2655.61,wire,2026-02-19 12:00:00
10306,4482,710.25,wire,2025-09-28 12:00:00
10307,3717,4539.66,wire,2025-07-28 12:00:00
10308,6141,576.09,wire,2025-11-20 12:00:00
10309,9957,2415.26,credit_card,2026-05-28 12:00:00
10310,1550,1457.1,credit_card,2025-04-02 12:00:00
10311,2045,3428.59,credit_card,2025-05-27 12:00:00
10312,768,337.82,credit_card,2025-03-31 12:00:00
10313,5694,3093.88,ach,2025-11-24 12:00:00
10314,7871,167.56,invoice,2026-02-26 12:00:00
10315,9701,1103.98,credit_card,2026-05-17 12:00:00
10316,7858,862.74,ach,2026-02-07 12:00:00
10317,3303,2011.6,credit_card,2025-07-11 12:00:00
10318,4518,3355.19,ach,2025-09-07 12:00:00
10319,12516,4052.85,ach,2026-09-25 12:00:00
10320,11031,2749.8,wire,2026-07-29 12:00:00
10321,3293,843.34,invoice,2025-07-29 12:00:00
10322,9012,3111.42,invoice,2026-04-03 12:00:00
10323,1404,1533.05,invoice,2025-04-03 12:00:00
10324,1383,3810.23,credit_card,2025-04-01 12:00:00
10325,6929,1292.06,wire,2025-12-20 12:00:00
10326,5672,592.28,ach,2025-11-28 12:00:00
10327,1639,3279.42,ach,2025-04-14 12:00:00
10328,12520,2596.25,ach,2026-09-28 12:00:00
10329,6908,1628.48,ach,2026-01-02 12:00:00
10330,8592,3087.38,wire,2026-03-18 12:00:00
10331,6407,620.59,invoice,2025-11-18 12:00:00
10332,9075,4143.09,ach,2026-04-21 12:00:00
10333,1180,473.15,credit_card,2025-03-30 12:00:00
10334,5449,1290.24,credit_card,2025-10-07 12:00:00
10335,10323,874.66,ach,2026-06-07 12:00:00
10336,5079,879.28,wire,2025-10-22 12:00:00
10337,8649,2871.12,wire,2026-03-22 12:00:00
10338,5176,2345.24,credit_card,2025-10-12 12:00:00
10339,10143,2484.75,wire,2026-05-30 12:00:00
10340,690,4127.95,credit_card,2025-03-12 12:00:00
10341,11304,2333.9,credit_card,2026-07-29 12:00:00
10342,6526,1217.09,credit_card,2025-12-08 12:00:00
10343,12550,1009.1,credit_card,2026-09-20 12:00:00
10344,6489,1852.78,invoice,2025-12-20 12:00:00
10345,10146,3262.37,credit_card,2026-06-02 12:00:00
10346,7155,2559.14,wire,2025-12-25 12:00:00
10347,10747,2259.03,credit_card,2026-06-30 12:00:00
10348,6611,2735.23,invoice,2025-12-04 12:00:00
10349,10940,1026.9,invoice,2026-07-09 12:00:00
10350,4350,1330.9,ach,2025-08-06 12:00:00
10351,1885,2475.73,wire,2025-05-07 12:00:00
10352,11036,1168.72,ach,2026-07-21 12:00:00
10353,2495,2045.49,wire,2025-06-03 12:00:00
10354,5948,3266.14,invoice,2025-11-30 12:00:00
10355,3037,820.17,credit_card,2025-06-19 12:00:00
10356,5778,4857.88,ach,2025-11-02 12:00:00
10357,846,676.98,invoice,2025-03-22 12:00:00
10358,8735,2919.88,ach,2026-03-24 12:00:00
10359,7968,5499.13,invoice,2026-02-14 12:00:00
10360,10831,1013.38,wire,2026-07-05 12:00:00
10361,7341,1763.66,ach,2026-01-15 12:00:00
10362,12588,1272.29,wire,2026-09-06 12:00:00
10363,10573,3573.33,credit_card,2026-06-18 12:00:00
10364,7138,2826.21,ach,2025-12-15 12:00:00
10365,2965,3603.28,credit_card,2025-06-12 12:00:00
10366,2530,4064.56,credit_card,2025-06-14 12:00:00
10367,5773,2947.04,wire,2025-11-10 12:00:00
10368,1049,306.48,ach,2025-03-15 12:00:00
10369,7046,224.05,wire,2026-01-02 12:00:00
10370,1961,5211.98,invoice,2025-05-29 12:00:00
10371,2531,2079.72,credit_card,2025-07-02 12:00:00
10372,8430,587.92,wire,2026-03-29 12:00:00
10373,4918,4915.12,invoice,2025-10-03 12:00:00
10374,9326,1080.96,credit_card,2026-04-29 12:00:00
10375,5902,2907.77,credit_card,2025-11-07 12:00:00
10376,8287,3567.05,ach,2026-02-28 12:00:00
10377,4260,2441.02,invoice,2025-09-01 12:00:00
10378,10948,3447.07,wire,2026-07-30 12:00:00
10379,11025,3180.4,wire,2026-07-06 12:00:00
10380,5657,2116.7,wire,2025-11-12 12:00:00
10381,6098,3115.49,wire,2025-11-19 12:00:00
10382,5908,536.45,wire,2025-11-10 12:00:00
10383,7374,1929.76,credit_card,2026-01-20 12:00:00
10384,2979,1128.5,ach,2025-06-10 12:00:00
10385,11470,4112.88,wire,2026-07-16 12:00:00
10386,11883,1208.16,wire,2026-08-15 12:00:00
10387,6722,2191.59,ach,2025-12-29 12:00:00
10388,7843,3136.13,wire,2026-02-22 12:00:00
10389,8265,2197.94,wire,2026-02-10 12:00:00
10390,11204,3585.0,invoice,2026-07-11 12:00:00
10391,3139,2341.41,invoice,2025-07-24 12:00:00
10392,8326,1907.05,ach,2026-02-23 12:00:00
10393,12688,1154.25,credit_card,2026-10-02 12:00:00
10394,1827,319.11,wire,2025-04-19 12:00:00
10395,5549,5856.23,invoice,2025-10-23 12:00:00
10396,8786,524.23,credit_card,2026-03-10 12:00:00
10397,561,3110.64,wire,2025-02-27 12:00:00
10398,11527,2200.37,ach,2026-07-05 12:00:00
10399,8436,5730.59,invoice,2026-04-01 12:00:00
10400,5436,2239.8,wire,2025-10-07 12:00:00
10401,4438,2295.57,ach,2025-09-21 12:00:00
10402,10383,1385.57,invoice,2026-06-07 12:00:00
10403,8598,1413.28,invoice,2026-03-24 12:00:00
10404,1443,1361.05,ach,2025-04-25 12:00:00
10405,8454,1392.65,credit_card,2026-03-15 12:00:00
10406,4407,718.9,credit_card,2025-09-16 12:00:00
10407,12182,2667.48,wire,2026-09-08 12:00:00
10408,1690,1603.43,credit_card,2025-04-28 12:00:00
10409,12613,2530.61,wire,2026-09-23 12:00:00
10410,9918,5188.04,credit_card,2026-05-27 12:00:00
10411,11479,4524.54,ach,2026-07-04 12:00:00
10412,5963,1563.06,invoice,2025-11-19 12:00:00
10413,2497,518.59,ach,2025-05-31 12:00:00
10414,10460,3924.61,ach,2026-07-05 12:00:00
10415,341,2381.68,invoice,2025-02-12 12:00:00
10416,2409,246.27,ach,2025-05-19 12:00:00
10417,9794,2681.46,wire,2026-05-20 12:00:00
10418,10661,464.53,invoice,2026-06-28 12:00:00
10419,5783,1204.88,invoice,2025-11-27 12:00:00
10420,4577,3940.38,credit_card,2025-09-16 12:00:00
10421,3726,7211.56,invoice,2025-07-25 12:00:00
10422,2786,6094.63,ach,2025-06-15 12:00:00
10423,9716,435.88,ach,2026-05-23 12:00:00
10424,1013,3745.23,credit_card,2025-03-23 12:00:00
10425,5281,461.97,credit_card,2025-10-29 12:00:00
10426,4896,3577.35,ach,2025-10-02 12:00:00
10427,9959,3545.72,credit_card,2026-05-04 12:00:00
10428,7122,167.56,credit_card,2025-12-08 12:00:00
10429,6550,3839.87,wire,2025-12-10 12:00:00
10430,4038,2851.06,wire,2025-08-26 12:00:00
10431,149,2186.04,ach,2025-02-26 12:00:00
10432,286,1114.81,wire,2025-02-06 12:00:00
10433,12339,4396.05,ach,2026-09-30 12:00:00
10434,8556,1970.59,credit_card,2026-03-05 12:00:00
10435,12363,3641.67,credit_card,2026-09-21 12:00:00
10436,9733,4308.9,invoice,2026-05-11 12:00:00
10437,6771,3046.81,credit_card,2025-12-05 12:00:00
10438,4444,2174.75,ach,2025-09-22 12:00:00
10439,7447,3567.34,ach,2026-01-07 12:00:00
10440,237,5384.42,invoice,2025-02-27 12:00:00
10441,12444,4263.16,wire,2026-09-12 12:00:00
10442,7124,3522.48,credit_card,2025-12-10 12:00:00
10443,10659,2490.63,wire,2026-06-13 12:00:00
10444,12217,3130.42,wire,2026-10-02 12:00:00
10445,3084,4170.25,wire,2025-06-23 12:00:00
10446,10295,2219.94,wire,2026-06-16 12:00:00
10447,633,558.79,wire,2025-03-13 12:00:00
10448,6814,448.33,credit_card,2025-12-13 12:00:00
10449,2494,2139.45,wire,2025-06-04 12:00:00
10450,2666,2038.4,invoice,2025-06-26 12:00:00
10451,10841,5085.74,credit_card,2026-06-30 12:00:00
10452,10915,672.41,invoice,2026-07-19 12:00:00
10453,10748,4406.66,wire,2026-06-25 12:00:00
10454,10061,1338.98,invoice,2026-05-30 12:00:00
10455,10813,1804.65,invoice,2026-06-27 12:00:00
10456,4212,2063.16,credit_card,2025-08-17 12:00:00
10457,9687,1208.98,invoice,2026-05-08 12:00:00
10458,3875,2754.6,wire,2025-08-18 12:00:00
10459,9425,41.42,credit_card,2026-04-09 12:00:00
10460,2818,1398.54,credit_card,2025-06-13 12:00:00
10461,10544,1317.27,ach,2026-06-06 12:00:00
10462,12543,1457.37,ach,2026-09-22 12:00:00
10463,11463,273.12,ach,2026-08-02 12:00:00
10464,7427,2268.86,wire,2026-01-14 12:00:00
10465,10985,625.07,credit_card,2026-07-07 12:00:00
10466,11162,3175.61,invoice,2026-07-18 12:00:00
10467,11756,3027.97,wire,2026-08-09 12:00:00
10468,9778,3221.88,invoice,2026-05-18 12:00:00
10469,1736,5181.74,ach,2025-04-08 12:00:00
10470,7398,5136.55,wire,2026-02-05 12:00:00
10471,4256,1385.91,invoice,2025-08-22 12:00:00
10472,10570,2382.95,ach,2026-06-21 12:00:00
10473,2476,6241.46,wire,2025-05-05 12:00:00
10474,12756,1556.36,invoice,2026-10-04 12:00:00
10475,3714,2790.96,ach,2025-07-11 12:00:00
10476,11460,1058.13,wire,2026-07-09 12:00:00
10477,1805,4084.67,credit_card,2025-04-12 12:00:00
10478,708,1206.6,invoice,2025-03-05 12:00:00
10479,11745,775.2,credit_card,2026-08-11 12:00:00
10480,5190,2784.49,ach,2025-10-16 12:00:00
10481,11111,6413.14,ach,2026-07-03 12:00:00
10482,5473,2122.66,ach,2025-10-25 12:00:00
10483,73,2318.54,ach,2025-02-11 12:00:00
10484,7844,1025.12,ach,2026-02-27 12:00:00
10485,5102,4384.9,credit_card,2025-10-16 12:00:00
10486,6765,499.69,invoice,2025-12-08 12:00:00
10487,9383,1021.96,ach,2026-04-21 12:00:00
10488,1126,3438.61,ach,2025-03-31 12:00:00
10489,1242,1560.7,invoice,2025-03-25 12:00:00
10490,10526,2924.28,credit_card,2026-06-18 12:00:00
10491,2350,901.85,ach,2025-05-25 12:00:00
10492,6603,1006.31,invoice,2025-12-03 12:00:00
10493,6781,3364.97,credit_card,2025-12-09 12:00:00
10494,9770,3863.94,wire,2026-05-13 12:00:00
10495,4359,4222.26,invoice,2025-08-27 12:00:00
10496,1344,6410.11,credit_card,2025-04-16 12:00:00
10497,12761,2445.96,ach,2026-09-26 12:00:00
10498,11088,1541.57,ach,2026-07-31 12:00:00
10499,12243,437.18,ach,2026-09-15 12:00:00
10500,8633,5214.06,credit_card,2026-04-01 12:00:00
10501,6653,1768.92,credit_card,2025-12-10 12:00:00
10502,1101,2032.6,invoice,2025-03-23 12:00:00
10503,9161,4106.98,wire,2026-04-13 12:00:00
10504,8842,2072.41,wire,2026-03-03 12:00:00
10505,9739,2344.1,wire,2026-05-18 12:00:00
10506,7328,3994.71,ach,2026-01-23 12:00:00
10507,7623,1437.9,ach,2026-01-04 12:00:00
10508,988,335.5,invoice,2025-03-25 12:00:00
10509,2853,2408.33,ach,2025-06-07 12:00:00
10510,8854,267.1,credit_card,2026-03-30 12:00:00
10511,631,433.42,invoice,2025-03-31 12:00:00
10512,1250,4648.9,credit_card,2025-03-16 12:00:00
10513,3180,1894.02,wire,2025-07-07 12:00:00
10514,483,4715.75,ach,2025-02-04 12:00:00
10515,9777,839.65,invoice,2026-05-19 12:00:00
10516,9655,1691.54,ach,2026-05-19 12:00:00
10517,3041,402.46,ach,2025-06-18 12:00:00
10518,5011,4223.13,ach,2025-10-27 12:00:00
10519,11155,335.65,ach,2026-07-27 12:00:00
10520,7001,246.27,invoice,2025-12-13 12:00:00
10521,3274,4287.88,credit_card,2025-07-11 12:00:00
10522,7228,4118.84,credit_card,2025-12-13 12:00:00
10523,3684,4297.89,credit_card,2025-07-15 12:00:00
10524,6675,6820.89,invoice,2025-12-09 12:00:00
10525,6808,5606.13,ach,2025-12-06 12:00:00
10526,12442,6141.27,wire,2026-09-23 12:00:00
10527,1317,2508.06,ach,2025-04-23 12:00:00
10528,3226,3200.15,invoice,2025-07-28 12:00:00
10529,1073,1534.43,ach,2025-03-06 12:00:00
10530,4816,334.64,wire,2025-09-24 12:00:00
10531,10793,1254.9,wire,2026-06-10 12:00:00
10532,9853,2762.08,wire,2026-05-07 12:00:00
10533,5753,4411.44,wire,2025-11-25 12:00:00
10534,11679,2928.35,wire,2026-08-19 12:00:00
10535,4617,769.8,invoice,2025-09-25 12:00:00
10536,3098,2361.27,ach,2025-06-19 12:00:00
10537,12049,3759.79,credit_card,2026-08-26 12:00:00
10538,6870,5266.19,wire,2025-12-21 12:00:00
10539,1301,805.44,ach,2025-04-30 12:00:00
10540,7286,709.24,ach,2026-01-01 12:00:00
10541,6285,194.66,ach,2025-11-04 12:00:00
10542,11319,5231.77,ach,2026-07-25 12:00:00
10543,5496,1188.68,ach,2025-10-11 12:00:00
10544,5292,1768.6,invoice,2025-10-06 12:00:00
10545,9601,1962.65,credit_card,2026-04-24 12:00:00
10546,10038,2337.97,invoice,2026-05-10 12:00:00
10547,1799,702.9,credit_card,2025-04-20 12:00:00
10548,9668,1169.12,ach,2026-05-27 12:00:00
10549,5204,1101.4,ach,2025-10-04 12:00:00
10550,8228,2449.83,wire,2026-02-23 12:00:00
10551,5048,441.86,wire,2025-10-12 12:00:00
10552,6442,3206.03,wire,2025-11-28 12:00:00
10553,8637,508.15,credit_card,2026-03-25 12:00:00
10554,8106,2749.84,credit_card,2026-02-13 12:00:00
10555,2360,2890.54,wire,2025-05-17 12:00:00
10556,11983,155.05,wire,2026-08-15 12:00:00
10557,3655,3771.32,invoice,2025-07-10 12:00:00
10558,7053,3310.33,ach,2026-01-04 12:00:00
10559,1287,1333.36,invoice,2025-04-10 12:00:00
10560,12700,3459.98,credit_card,2026-10-01 12:00:00
10561,4446,1136.09,wire,2025-09-04 12:00:00
10562,2138,431.34,ach,2025-05-05 12:00:00
10563,6788,775.06,wire,2025-12-31 12:00:00
10564,9874,3464.1,invoice,2026-05-12 12:00:00
10565,12462,1430.71,ach,2026-09-14 12:00:00
10566,10866,2757.61,credit_card,2026-06-07 12:00:00
10567,11443,1432.03,ach,2026-07-16 12:00:00
10568,6895,740.35,credit_card,2025-12-08 12:00:00
10569,9885,18.64,wire,2026-05-28 12:00:00
10570,10942,4058.89,wire,2026-07-22 12:00:00
10571,8565,1894.25,ach,2026-03-12 12:00:00
10572,7152,2991.71,wire,2025-12-31 12:00:00
10573,964,2143.56,invoice,2025-03-28 12:00:00
10574,6013,1593.35,invoice,2025-11-07 12:00:00
10575,4883,3429.62,ach,2025-09-04 12:00:00
10576,141,5533.28,ach,2025-02-22 12:00:00
10577,11523,1478.3,credit_card,2026-07-28 12:00:00
10578,8907,2412.44,invoice,2026-03-29 12:00:00
10579,6937,4253.48,invoice,2025-12-18 12:00:00
10580,6543,421.74,credit_card,2025-12-25 12:00:00
10581,5244,2064.0,wire,2025-10-26 12:00:00
10582,10031,4835.32,credit_card,2026-05-11 12:00:00
10583,4432,1795.43,invoice,2025-09-16 12:00:00
10584,10670,3342.33,ach,2026-06-12 12:00:00
10585,407,3047.65,invoice,2025-02-25 12:00:00
10586,8213,2924.56,wire,2026-02-13 12:00:00
10587,9197,3671.8,wire,2026-04-08 12:00:00
10588,10684,1238.38,ach,2026-06-25 12:00:00
10589,12720,1785.65,ach,2026-09-25 12:00:00
10590,10583,3076.88,wire,2026-06-11 12:00:00
10591,9136,768.12,invoice,2026-04-08 12:00:00
10592,8235,1494.57,credit_card,2026-02-15 12:00:00
10593,4400,6907.75,invoice,2025-09-07 12:00:00
10594,5253,7032.54,ach,2025-10-10 12:00:00
10595,12,148.07,wire,2025-02-17 12:00:00
10596,4761,2538.21,credit_card,2025-09-22 12:00:00
10597,1178,394.7,wire,2025-04-03 12:00:00
10598,10140,1959.34,ach,2026-05-10 12:00:00
10599,2864,2574.17,credit_card,2025-06-15 12:00:00
10600,6472,4975.72,invoice,2025-12-28 12:00:00
10601,6229,2487.88,credit_card,2025-11-03 12:00:00
10602,9219,2720.29,invoice,2026-04-21 12:00:00
10603,2990,4856.51,invoice,2025-06-06 12:00:00
10604,9154,4419.48,credit_card,2026-04-15 12:00:00
10605,7118,2461.27,credit_card,2026-01-01 12:00:00
10606,7011,1111.5,ach,2025-12-17 12:00:00
10607,12430,3718.62,wire,2026-09-06 12:00:00
10608,8928,2064.52,credit_card,2026-03-12 12:00:00
10609,1441,2965.34,wire,2025-04-22 12:00:00
10610,12455,4272.02,wire,2026-09-23 12:00:00
10611,2876,5479.82,wire,2025-06-14 12:00:00
10612,9109,1570.7,ach,2026-05-01 12:00:00
10613,11617,409.72,wire,2026-08-24 12:00:00
10614,11905,2880.97,wire,2026-08-05 12:00:00
10615,7233,4718.17,invoice,2025-12-17 12:00:00
10616,3727,3436.27,invoice,2025-07-17 12:00:00
10617,2773,2343.31,ach,2025-06-19 12:00:00
10618,9817,2244.19,invoice,2026-05-11 12:00:00
10619,455,2035.86,credit_card,2025-02-26 12:00:00
10620,9014,610.85,ach,2026-03-30 12:00:00
10621,8190,1461.86,invoice,2026-02-25 12:00:00
10622,1368,2422.47,wire,2025-04-15 12:00:00
10623,3713,2233.34,credit_card,2025-07-07 12:00:00
10624,12593,1910.24,credit_card,2026-09-19 12:00:00
10625,1389,3506.94,wire,2025-05-02 12:00:00
10626,9043,2467.44,invoice,2026-04-15 12:00:00
10627,1001,2341.47,credit_card,2025-03-24 12:00:00
10628,7762,4060.08,ach,2026-01-16 12:00:00
10629,3554,3178.46,wire,2025-07-13 12:00:00
10630,4115,4009.59,wire,2025-08-18 12:00:00
10631,9830,4453.46,ach,2026-05-23 12:00:00
10632,1668,4761.84,invoice,2025-05-03 12:00:00
10633,3174,2056.44,wire,2025-07-11 12:00:00
10634,9540,1452.47,invoice,2026-04-09 12:00:00
10635,12004,2653.0,ach,2026-09-04 12:00:00
10636,489,988.81,credit_card,2025-02-26 12:00:00
10637,3231,1271.38,invoice,2025-07-23 12:00:00
10638,3829,3148.91,invoice,2025-08-05 12:00:00
10639,11050,3551.4,ach,2026-07-25 12:00:00
10640,5209,1809.38,invoice,2025-10-31 12:00:00
10641,7849,2626.73,ach,2026-02-04 12:00:00
10642,5705,6179.26,wire,2025-11-30 12:00:00
10643,12322,3294.45,ach,2026-09-30 12:00:00
10644,8134,4045.02,wire,2026-02-18 12:00:00
10645,704,189.03,credit_card,2025-03-18 12:00:00
10646,5106,4116.27,credit_card,2025-10-07 12:00:00
10647,11353,1492.53,invoice,2026-07-16 12:00:00
10648,3292,3924.15,ach,2025-07-16 12:00:00
10649,8126,1548.59,credit_card,2026-03-05 12:00:00
10650,10601,6437.91,wire,2026-06-17 12:00:00
10651,9520,3590.66,credit_card,2026-04-07 12:00:00
10652,12311,2809.2,ach,2026-09-06 12:00:00
10653,11510,6314.48,credit_card,2026-07-29 12:00:00
10654,4910,670.24,invoice,2025-09-13 12:00:00
10655,4441,287.56,credit_card,2025-09-17 12:00:00
10656,11625,5016.02,wire,2026-08-04 12:00:00
10657,987,309.6,ach,2025-03-20 12:00:00
10658,11798,2807.56,wire,2026-09-04 12:00:00
10659,11569,764.08,credit_card,2026-08-11 12:00:00
10660,7706,1567.72,invoice,2026-01-16 12:00:00
10661,6258,3620.38,invoice,2025-11-22 12:00:00
10662,6090,1640.2,credit_card,2025-11-20 12:00:00
10663,5239,1940.09,invoice,2025-10-23 12:00:00
10664,1199,4060.56,ach,2025-03-09 12:00:00
10665,9711,6577.16,credit_card,2026-05-30 12:00:00
10666,11579,247.27,wire,2026-09-02 12:00:00
10667,7520,1277.63,credit_card,2026-01-22 12:00:00
10668,6813,353.32,ach,2025-12-20 12:00:00
10669,9992,3581.64,ach,2026-05-10 12:00:00
10670,9207,2234.45,wire,2026-04-17 12:00:00
10671,8321,5245.98,wire,2026-02-11 12:00:00
10672,9557,2982.82,credit_card,2026-04-07 12:00:00
10673,10226,3237.7,ach,2026-05-30 12:00:00
10674,7176,955.08,invoice,2026-01-05 12:00:00
10675,4471,973.76,ach,2025-09-23 12:00:00
10676,892,5447.75,credit_card,2025-03-13 12:00:00
10677,1970,5424.66,ach,2025-05-14 12:00:00
10678,5758,4700.89,wire,2025-11-24 12:00:00
10679,6528,4474.23,invoice,2025-12-10 12:00:00
10680,6295,718.81,ach,2025-11-14 12:00:00
10681,7596,4992.57,ach,2026-01-30 12:00:00
10682,9111,2430.94,wire,2026-04-18 12:00:00
10683,3250,2266.9,credit_card,2025-07-20 12:00:00
10684,6571,3911.26,invoice,2025-12-07 12:00:00
10685,6639,4014.68,invoice,2025-12-30 12:00:00
10686,7352,4513.93,credit_card,2026-01-04 12:00:00
10687,11712,2269.76,ach,2026-08-20 12:00:00
10688,9401,1498.72,ach,2026-04-02 12:00:00
10689,7474,4860.32,invoice,2026-01-30 12:00:00
10690,11764,1606.23,wire,2026-08-30 12:00:00
10691,11078,3306.72,wire,2026-07-04 12:00:00
10692,1240,339.44,ach,2025-03-12 12:00:00
10693,2290,3143.36,credit_card,2025-05-11 12:00:00
10694,2741,2530.93,wire,2025-06-12 12:00:00
10695,8468,852.28,ach,2026-03-10 12:00:00
10696,4586,5328.61,invoice,2025-09-15 12:00:00
10697,9228,4005.03,wire,2026-04-17 12:00:00
10698,1230,2651.25,invoice,2025-03-12 12:00:00
10699,9201,2712.92,wire,2026-04-11 12:00:00
10700,6981,2727.32,credit_card,2025-12-07 12:00:00
10701,5179,490.05,ach,2025-11-01 12:00:00
10702,4294,1528.16,ach,2025-08-17 12:00:00
10703,1059,302.3,wire,2025-03-18 12:00:00
10704,6263,443.37,ach,2025-11-21 12:00:00
10705,282,1201.08,credit_card,2025-02-12 12:00:00
10706,9236,1315.38,invoice,2026-04-11 12:00:00
10707,9509,300.81,credit_card,2026-04-28 12:00:00
10708,969,1823.07,wire,2025-03-27 12:00:00
10709,10574,3444.24,credit_card,2026-06-19 12:00:00
10710,3954,5238.66,wire,2025-08-08 12:00:00
10711,1940,1968.37,ach,2025-05-14 12:00:00
10712,10800,5282.28,credit_card,2026-06-09 12:00:00
10713,1275,4792.56,wire,2025-04-14 12:00:00
10714,620,5592.36,wire,2025-02-08 12:00:00
10715,10858,3262.38,credit_card,2026-06-12 12:00:00
10716,1743,1002.71,wire,2025-04-16 12:00:00
10717,1391,2004.04,invoice,2025-04-19 12:00:00
10718,2204,960.49,credit_card,2025-06-01 12:00:00
10719,9772,347.74,credit_card,2026-05-02 12:00:00
10720,9848,1444.07,wire,2026-05-12 12:00:00
10721,3569,2423.35,invoice,2025-07-23 12:00:00
10722,10545,2137.66,invoice,2026-06-05 12:00:00
10723,10405,2244.35,invoice,2026-06-17 12:00:00
10724,6117,2060.99,credit_card,2025-11-21 12:00:00
10725,12739,1174.29,ach,2026-10-02 12:00:00
10726,6053,1976.74,invoice,2025-11-14 12:00:00
10727,3179,203.68,invoice,2025-07-29 12:00:00
10728,3193,2371.1,wire,2025-07-22 12:00:00
10729,9500,2675.87,wire,2026-04-15 12:00:00
10730,6100,2619.35,invoice,2025-11-10 12:00:00
10731,7030,3174.67,credit_card,2025-12-07 12:00:00
10732,576,1005.85,ach,2025-02-25 12:00:00
10733,10553,504.15,credit_card,2026-06-08 12:00:00
10734,6657,626.48,invoice,2025-12-28 12:00:00
10735,7116,3257.75,ach,2025-12-03 12:00:00
10736,11245,4554.89,wire,2026-07-24 12:00:00
10737,6277,5565.82,ach,2025-11-19 12:00:00
10738,9473,477.97,credit_card,2026-04-21 12:00:00
10739,11467,801.54,wire,2026-07-30 12:00:00
10740,5898,4421.62,credit_card,2025-12-02 12:00:00
10741,5725,706.64,ach,2025-11-14 12:00:00
10742,10186,604.89,wire,2026-05-04 12:00:00
10743,270,2122.34,credit_card,2025-02-15 12:00:00
10744,630,7326.22,invoice,2025-03-30 12:00:00
10745,3082,1670.28,invoice,2025-06-21 12:00:00
10746,3467,4797.77,ach,2025-07-15 12:00:00
10747,6431,3171.74,wire,2025-11-29 12:00:00
10748,11898,3009.18,wire,2026-08-22 12:00:00
10749,7063,5305.41,wire,2025-12-18 12:00:00
10750,12429,591.09,credit_card,2026-09-24 12:00:00
10751,5544,1582.26,ach,2025-10-03 12:00:00
10752,10239,551.82,ach,2026-05-08 12:00:00
10753,4357,5935.51,ach,2025-08-18 12:00:00
10754,11735,1177.72,invoice,2026-08-16 12:00:00
10755,2114,1415.64,credit_card,2025-05-09 12:00:00
10756,8220,1020.22,invoice,2026-03-02 12:00:00
10757,10233,3209.05,wire,2026-05-17 12:00:00
10758,3217,2245.81,ach,2025-07-28 12:00:00
10759,3815,2560.38,credit_card,2025-08-08 12:00:00
10760,8322,6213.28,invoice,2026-02-19 12:00:00
10761,10965,387.36,invoice,2026-07-22 12:00:00
10762,2279,4047.29,invoice,2025-05-17 12:00:00
10763,4600,1243.18,ach,2025-09-29 12:00:00
10764,14,382.23,ach,2025-03-04 12:00:00
10765,11786,2227.96,credit_card,2026-08-11 12:00:00
10766,1526,727.26,credit_card,2025-04-30 12:00:00
10767,2366,3237.37,invoice,2025-05-30 12:00:00
10768,4649,2697.52,credit_card,2025-09-21 12:00:00
10769,10533,444.6,invoice,2026-06-06 12:00:00
10770,375,2979.44,wire,2025-02-10 12:00:00
10771,10879,2287.28,credit_card,2026-06-25 12:00:00
10772,6478,4611.14,invoice,2025-12-05 12:00:00
10773,526,1219.6,credit_card,2025-02-19 12:00:00
10774,9132,5171.42,credit_card,2026-04-20 12:00:00
10775,6896,2823.81,ach,2025-12-24 12:00:00
10776,10340,2910.44,ach,2026-06-14 12:00:00
10777,3592,5334.96,ach,2025-07-13 12:00:00
10778,7905,1095.01,credit_card,2026-02-16 12:00:00
10779,2959,421.74,wire,2025-06-06 12:00:00
10780,530,6465.9,wire,2025-02-19 12:00:00
10781,3715,4080.5,wire,2025-07-21 12:00:00
10782,4733,2883.06,credit_card,2025-09-16 12:00:00
10783,9462,2150.92,invoice,2026-04-24 12:00:00
10784,1395,2708.49,credit_card,2025-04-05 12:00:00
10785,9990,604.6,wire,2026-05-17 12:00:00
10786,9634,2794.48,wire,2026-04-25 12:00:00
10787,10575,537.15,wire,2026-06-04 12:00:00
10788,5632,676.98,invoice,2025-11-10 12:00:00
10789,9466,5430.74,invoice,2026-04-22 12:00:00
10790,6564,1876.19,ach,2025-12-27 12:00:00
10791,4704,2760.86,ach,2025-09-18 12:00:00
10792,1713,1355.74,wire,2025-04-21 12:00:00
10793,12468,3132.56,invoice,2026-09-06 12:00:00
10794,956,4860.06,invoice,2025-03-11 12:00:00
10795,6676,7769.91,ach,2025-12-30 12:00:00
10796,3454,172.86,credit_card,2025-08-04 12:00:00
10797,9580,3384.81,wire,2026-04-09 12:00:00
10798,8596,1543.95,invoice,2026-03-30 12:00:00
10799,2072,1601.43,wire,2025-05-28 12:00:00
10800,12445,4835.15,invoice,2026-09-27 12:00:00
10801,10170,4843.39,invoice,2026-05-10 12:00:00
10802,159,7422.79,wire,2025-03-04 12:00:00
10803,7006,766.88,credit_card,2025-12-31 12:00:00
10804,9095,2670.39,ach,2026-04-30 12:00:00
10805,353,2712.33,wire,2025-02-20 12:00:00
10806,6079,5623.86,wire,2025-11-23 12:00:00
10807,6237,806.53,credit_card,2025-11-25 12:00:00
10808,8947,1051.73,invoice,2026-03-28 12:00:00
10809,12747,536.83,invoice,2026-10-01 12:00:00
10810,2921,2103.18,invoice,2025-06-05 12:00:00
10811,8504,119.81,ach,2026-03-13 12:00:00
10812,4645,4442.4,wire,2025-10-01 12:00:00
10813,662,1861.65,invoice,2025-03-13 12:00:00
10814,7058,2298.37,ach,2025-12-26 12:00:00
10815,10182,4031.0,wire,2026-05-28 12:00:00
10816,3666,443.29,invoice,2025-07-16 12:00:00
10817,7980,6502.26,wire,2026-02-15 12:00:00
10818,307,1402.63,credit_card,2025-02-23 12:00:00
10819,10528,2043.9,credit_card,2026-06-14 12:00:00
10820,4791,3549.94,credit_card,2025-09-27 12:00:00
10821,2357,3758.74,wire,2025-05-08 12:00:00
10822,1928,5225.79,ach,2025-05-12 12:00:00
10823,11925,4430.19,invoice,2026-08-26 12:00:00
10824,3428,5127.36,wire,2025-07-27 12:00:00
10825,8942,3350.65,wire,2026-03-11 12:00:00
10826,3639,1464.0,invoice,2025-07-23 12:00:00
10827,12582,4670.23,wire,2026-09-14 12:00:00
10828,1267,4548.89,invoice,2025-04-14 12:00:00
10829,1561,1514.52,wire,2025-04-06 12:00:00
10830,10327,538.0,ach,2026-06-26 12:00:00
10831,7180,2862.27,credit_card,2025-12-23 12:00:00
10832,4110,1989.25,invoice,2025-08-02 12:00:00
10833,7868,1203.58,credit_card,2026-02-14 12:00:00
10834,4905,985.15,invoice,2025-09-28 12:00:00
10835,7295,2079.76,invoice,2026-01-03 12:00:00
10836,515,181.96,ach,2025-02-25 12:00:00
10837,895,3233.72,wire,2025-03-10 12:00:00
10838,8602,3715.89,credit_card,2026-03-24 12:00:00
10839,22,2109.36,invoice,2025-02-21 12:00:00
10840,900,6221.24,credit_card,2025-03-13 12:00:00
10841,208,1444.07,invoice,2025-03-02 12:00:00
10842,459,2785.79,invoice,2025-03-01 12:00:00
10843,10247,3815.1,invoice,2026-05-21 12:00:00
10844,2431,3840.35,wire,2025-05-04 12:00:00
10845,8443,1439.93,invoice,2026-03-28 12:00:00
10846,9300,3805.24,ach,2026-04-28 12:00:00
10847,3390,5199.8,credit_card,2025-07-15 12:00:00
10848,9906,3420.14,ach,2026-06-03 12:00:00
10849,3912,1770.78,wire,2025-09-03 12:00:00
10850,5384,2991.03,ach,2025-10-21 12:00:00
10851,8908,4505.82,ach,2026-03-15 12:00:00
10852,553,1180.39,invoice,2025-02-14 12:00:00
10853,9632,4127.91,wire,2026-04-09 12:00:00
10854,10463,2157.59,wire,2026-06-08 12:00:00
10855,3145,340.25,invoice,2025-07-29 12:00:00
10856,6918,693.73,invoice,2025-12-20 12:00:00
10857,2057,2934.4,invoice,2025-05-14 12:00:00
10858,1926,3901.88,credit_card,2025-05-18 12:00:00
10859,635,119.81,credit_card,2025-03-04 12:00:00
10860,6083,3407.02,invoice,2025-11-09 12:00:00
10861,8509,3190.73,wire,2026-03-20 12:00:00
10862,11846,2524.97,credit_card,2026-09-03 12:00:00
10863,12373,1526.82,credit_card,2026-09-14 12:00:00
10864,8620,239.62,invoice,2026-03-14 12:00:00
10865,10971,4087.32,wire,2026-07-29 12:00:00
10866,106,1871.75,credit_card,2025-02-13 12:00:00
10867,3042,341.17,credit_card,2025-06-10 12:00:00
10868,10362,3290.6,credit_card,2026-06-08 12:00:00
10869,1710,378.06,credit_card,2025-04-03 12:00:00
10870,90,2320.34,credit_card,2025-02-20 12:00:00
10871,7015,1207.35,credit_card,2025-12-14 12:00:00
10872,10434,4744.55,ach,2026-06-26 12:00:00
10873,3175,5269.89,ach,2025-07-25 12:00:00
10874,918,3635.84,credit_card,2025-03-04 12:00:00
10875,7834,4757.52,ach,2026-02-09 12:00:00
10876,6733,6553.15,wire,2025-12-06 12:00:00
10877,1950,1576.76,invoice,2025-05-11 12:00:00
10878,6369,1800.29,ach,2025-11-29 12:00:00
10879,2,2335.85,credit_card,2025-02-26 12:00:00
10880,8033,839.59,ach,2026-03-02 12:00:00
10881,6048,517.56,invoice,2025-11-10 12:00:00
10882,9128,891.94,credit_card,2026-04-14 12:00:00
10883,12129,3203.73,wire,2026-08-17 12:00:00
10884,2721,478.97,invoice,2025-06-29 12:00:00
10885,8784,4013.69,ach,2026-03-25 12:00:00
10886,12539,647.01,wire,2026-09-24 12:00:00
10887,3118,7083.26,credit_card,2025-06-22 12:00:00
10888,12097,1105.22,credit_card,2026-08-26 12:00:00
10889,10641,5090.96,credit_card,2026-07-02 12:00:00
10890,9769,1385.91,invoice,2026-05-29 12:00:00
10891,3763,588.21,ach,2025-08-07 12:00:00
10892,214,2085.24,ach,2025-02-14 12:00:00
10893,779,804.35,ach,2025-03-22 12:00:00
10894,3497,1145.21,ach,2025-07-27 12:00:00
10895,11586,283.16,credit_card,2026-09-01 12:00:00
10896,2044,3253.13,invoice,2025-05-30 12:00:00
10897,8921,2816.41,wire,2026-03-12 12:00:00
10898,5421,4762.05,credit_card,2025-10-09 12:00:00
10899,6155,4621.49,wire,2025-11-25 12:00:00
10900,9760,1132.64,wire,2026-05-30 12:00:00
10901,8358,2581.78,ach,2026-02-26 12:00:00
10902,11127,798.68,credit_card,2026-07-22 12:00:00
10903,10206,5742.7,invoice,2026-05-06 12:00:00
10904,8466,1479.21,ach,2026-03-09 12:00:00
10905,4168,3424.67,invoice,2025-08-11 12:00:00
10906,3789,2064.04,credit_card,2025-08-11 12:00:00
10907,8587,473.03,wire,2026-03-13 12:00:00
10908,584,1584.52,invoice,2025-02-18 12:00:00
10909,12663,651.53,invoice,2026-09-30 12:00:00
10910,12758,998.61,wire,2026-09-23 12:00:00
10911,117,4087.06,invoice,2025-02-07 12:00:00
10912,6645,1062.25,wire,2025-12-19 12:00:00
10913,11524,1756.04,ach,2026-07-19 12:00:00
10914,12713,2449.14,ach,2026-09-12 12:00:00
10915,12484,1352.81,invoice,2026-09-16 12:00:00
10916,11433,1777.47,credit_card,2026-07-19 12:00:00
10917,8713,4630.03,wire,2026-03-28 12:00:00
10918,1764,2270.84,credit_card,2025-04-16 12:00:00
10919,1876,1846.42,credit_card,2025-05-21 12:00:00
10920,10446,3309.01,invoice,2026-06-11 12:00:00
10921,3225,2933.02,ach,2025-07-23 12:00:00
10922,527,871.97,invoice,2025-02-27 12:00:00
10923,7726,3443.25,invoice,2026-01-20 12:00:00
10924,2947,8561.11,wire,2025-06-09 12:00:00
10925,4474,1049.34,ach,2025-09-01 12:00:00
10926,5656,4411.12,invoice,2025-11-17 12:00:00
10927,8885,5081.86,invoice,2026-03-20 12:00:00
10928,6060,4738.38,invoice,2025-11-12 12:00:00
10929,960,2737.64,invoice,2025-03-13 12:00:00
10930,6343,4060.46,credit_card,2025-11-11 12:00:00
10931,3634,557.05,wire,2025-07-31 12:00:00
10932,1051,3075.54,ach,2025-04-03 12:00:00
10933,8783,5461.19,ach,2026-03-07 12:00:00
10934,8712,140.58,invoice,2026-03-24 12:00:00
10935,3381,281.92,credit_card,2025-08-01 12:00:00
10936,3677,2774.88,invoice,2025-07-28 12:00:00
10937,5777,989.93,invoice,2025-11-13 12:00:00
10938,11540,1861.46,wire,2026-08-09 12:00:00
10939,6574,107.83,ach,2025-12-30 12:00:00
10940,5180,4652.0,ach,2025-10-27 12:00:00
10941,1608,45.26,ach,2025-04-30 12:00:00
10942,3611,566.94,wire,2025-07-24 12:00:00
10943,12471,2945.38,ach,2026-09-14 12:00:00
10944,6636,2694.86,ach,2025-12-10 12:00:00
10945,12775,1994.82,ach,2026-09-19 12:00:00
10946,10002,1548.53,invoice,2026-05-20 12:00:00
10947,792,4130.38,invoice,2025-03-10 12:00:00
10948,8985,7815.4,wire,2026-03-17 12:00:00
10949,3057,6175.1,credit_card,2025-06-06 12:00:00
10950,10048,1491.67,invoice,2026-05-26 12:00:00
10951,1981,2189.37,invoice,2025-05-08 12:00:00
10952,3599,2111.5,ach,2025-08-02 12:00:00
10953,934,453.68,credit_card,2025-03-11 12:00:00
10954,7425,2668.85,wire,2026-01-17 12:00:00
10955,5627,1008.15,ach,2025-11-14 12:00:00
10956,1683,2342.43,invoice,2025-05-02 12:00:00
10957,4180,1158.74,invoice,2025-08-08 12:00:00
10958,6447,1942.68,ach,2025-11-16 12:00:00
10959,4117,2495.41,invoice,2025-08-06 12:00:00
10960,989,1080.53,invoice,2025-03-30 12:00:00
10961,2897,1586.22,invoice,2025-06-21 12:00:00
10962,3779,3163.77,wire,2025-08-18 12:00:00
10963,5659,2387.8,wire,2025-11-09 12:00:00
10964,3094,980.3,credit_card,2025-06-18 12:00:00
10965,3156,3751.76,invoice,2025-07-27 12:00:00
10966,1824,1506.23,wire,2025-04-08 12:00:00
10967,12302,1336.62,invoice,2026-09-25 12:00:00
10968,1099,3332.78,wire,2025-03-19 12:00:00
10969,10397,74.56,ach,2026-06-13 12:00:00
10970,2845,1788.9,credit_card,2025-06-26 12:00:00
10971,9079,1569.17,ach,2026-04-11 12:00:00
10972,3343,2854.38,credit_card,2025-07-15 12:00:00
10973,39,994.67,wire,2025-02-15 12:00:00
10974,6541,2590.02,invoice,2025-12-18 12:00:00
10975,11945,5288.59,invoice,2026-09-03 12:00:00
10976,8708,5578.36,ach,2026-03-27 12:00:00
10977,3357,2375.97,ach,2025-08-02 12:00:00
10978,9646,1814.91,invoice,2026-04-15 12:00:00
10979,10699,2638.18,invoice,2026-06-23 12:00:00
10980,7814,2465.11,wire,2026-02-28 12:00:00
10981,9099,912.55,invoice,2026-04-15 12:00:00
10982,8221,3606.28,wire,2026-02-09 12:00:00
10983,11788,3944.05,wire,2026-09-03 12:00:00
10984,10700,2219.76,invoice,2026-06-04 12:00:00
10985,2429,2547.36,credit_card,2025-05-09 12:00:00
10986,5044,2012.25,wire,2025-10-27 12:00:00
10987,5347,410.32,invoice,2025-10-13 12:00:00
10988,8955,680.83,wire,2026-03-12 12:00:00
10989,4812,155.04,invoice,2025-09-27 12:00:00
10990,8477,3345.62,wire,2026-03-05 12:00:00
10991,687,5106.33,ach,2025-03-13 12:00:00
10992,4800,866.84,wire,2025-09-27 12:00:00
10993,7438,6168.2,credit_card,2026-01-20 12:00:00
10994,2354,4411.97,invoice,2025-05-22 12:00:00
10995,6354,4734.24,invoice,2025-11-26 12:00:00
10996,4570,6466.78,ach,2025-09-20 12:00:00
10997,8214,877.16,credit_card,2026-02-28 12:00:00
10998,2753,2191.23,ach,2025-06-16 12:00:00
10999,9078,3967.86,invoice,2026-05-05 12:00:00
11000,8074,1220.51,invoice,2026-02-13 12:00:00
11001,9110,3453.93,ach,2026-04-25 12:00:00
11002,1041,3545.46,wire,2025-03-15 12:00:00
11003,7492,2553.02,wire,2026-01-08 12:00:00
11004,1266,2254.65,invoice,2025-04-17 12:00:00
11005,11837,4381.26,ach,2026-08-26 12:00:00
11006,7060,1660.51,invoice,2025-12-19 12:00:00
11007,278,4390.15,ach,2025-02-26 12:00:00
11008,5085,998.35,wire,2025-10-23 12:00:00
11009,10277,2244.0,credit_card,2026-05-26 12:00:00
11010,9438,3196.89,ach,2026-04-30 12:00:00
11011,2383,501.96,wire,2025-05-09 12:00:00
11012,572,4908.25,wire,2025-02-25 12:00:00
11013,1436,1450.72,wire,2025-04-11 12:00:00
11014,9440,2651.49,invoice,2026-04-07 12:00:00
11015,5353,2944.03,credit_card,2025-10-13 12:00:00
11016,10707,4817.51,invoice,2026-06-21 12:00:00
11017,5446,8129.03,invoice,2025-10-21 12:00:00
11018,1008,575.12,credit_card,2025-03-17 12:00:00
11019,4544,1262.89,credit_card,2025-09-17 12:00:00
11020,12412,2682.85,credit_card,2026-09-08 12:00:00
11021,2065,4126.25,ach,2025-05-21 12:00:00
11022,1137,1745.77,credit_card,2025-03-15 12:00:00
11023,9883,359.43,credit_card,2026-05-25 12:00:00
11024,5344,2027.91,invoice,2025-10-06 12:00:00
11025,10178,3156.47,invoice,2026-05-22 12:00:00
11026,295,6091.75,wire,2025-02-26 12:00:00
11027,9740,2635.04,credit_card,2026-05-13 12:00:00
11028,10205,958.6,ach,2026-05-30 12:00:00
11029,8781,4931.65,credit_card,2026-03-08 12:00:00
11030,2404,1962.42,invoice,2025-05-22 12:00:00
11031,10322,4012.66,credit_card,2026-07-03 12:00:00
11032,3999,4084.47,credit_card,2025-08-11 12:00:00
11033,11915,2653.4,invoice,2026-08-18 12:00:00
11034,3742,6292.83,wire,2025-07-10 12:00:00
11035,11783,1764.82,wire,2026-08-26 12:00:00
11036,2720,3736.19,ach,2025-06-22 12:00:00
11037,11757,4172.6,wire,2026-08-30 12:00:00
11038,5151,1108.82,ach,2025-10-09 12:00:00
11039,2809,4159.22,invoice,2025-06-25 12:00:00
11040,9018,3844.47,ach,2026-04-02 12:00:00
11041,557,2695.43,ach,2025-02-19 12:00:00
11042,11391,4017.06,ach,2026-07-08 12:00:00
11043,4796,4376.36,wire,2025-09-25 12:00:00
11044,2470,3161.32,invoice,2025-05-15 12:00:00
11045,3739,3107.16,credit_card,2025-07-13 12:00:00
11046,4287,2484.76,wire,2025-09-01 12:00:00
11047,9909,1743.52,ach,2026-05-17 12:00:00
11048,2605,3252.36,ach,2025-06-17 12:00:00
11049,363,632.45,wire,2025-02-25 12:00:00
11050,6925,2080.91,invoice,2026-01-04 12:00:00
11051,1705,3820.44,credit_card,2025-04-16 12:00:00
11052,2140,5280.04,invoice,2025-05-31 12:00:00
11053,3240,2162.26,credit_card,2025-07-08 12:00:00
11054,2384,3098.4,ach,2025-05-29 12:00:00
11055,7315,4138.26,ach,2026-01-14 12:00:00
11056,4312,1467.84,wire,2025-08-27 12:00:00
11057,9478,300.43,credit_card,2026-04-26 12:00:00
11058,1313,464.53,credit_card,2025-04-24 12:00:00
11059,12039,1790.23,invoice,2026-08-23 12:00:00
11060,3931,4078.07,ach,2025-08-05 12:00:00
11061,6184,2846.0,invoice,2025-11-15 12:00:00
11062,1592,3690.04,credit_card,2025-04-04 12:00:00
11063,12687,5275.71,ach,2026-09-17 12:00:00
11064,2163,4377.7,credit_card,2025-05-13 12:00:00
11065,2397,1528.56,credit_card,2025-05-11 12:00:00
11066,318,4036.11,ach,2025-02-06 12:00:00
11067,9517,6249.13,wire,2026-04-04 12:00:00
11068,5234,308.62,ach,2025-11-03 12:00:00
11069,5069,1767.76,invoice,2025-10-08 12:00:00
11070,4037,6073.2,credit_card,2025-08-29 12:00:00
11071,8988,4227.7,wire,2026-03-31 12:00:00
11072,3021,1153.35,credit_card,2025-06-21 12:00:00
11073,9904,2574.72,wire,2026-05-05 12:00:00
11074,8229,2475.55,ach,2026-02-22 12:00:00
11075,9106,1352.78,ach,2026-04-22 12:00:00
11076,5296,1127.01,invoice,2025-10-25 12:00:00
11077,3973,1955.44,wire,2025-08-28 12:00:00
11078,5371,4747.16,invoice,2025-10-12 12:00:00
11079,4134,2035.52,wire,2025-08-18 12:00:00
11080,975,2273.67,credit_card,2025-03-12 12:00:00
11081,7292,1308.44,credit_card,2025-12-27 12:00:00
11082,9176,1895.32,ach,2026-04-24 12:00:00
11083,955,1887.89,credit_card,2025-03-08 12:00:00
11084,9611,3959.55,ach,2026-04-07 12:00:00
11085,9753,1344.56,wire,2026-05-30 12:00:00
11086,9548,5777.02,credit_card,2026-04-18 12:00:00
11087,11890,2503.09,ach,2026-08-27 12:00:00
11088,5017,3424.86,ach,2025-10-06 12:00:00
11089,12434,1905.8,credit_card,2026-09-06 12:00:00
11090,9180,4175.77,ach,2026-04-16 12:00:00
11091,10875,2670.56,credit_card,2026-06-24 12:00:00
11092,7491,783.1,wire,2026-01-04 12:00:00
11093,1641,2346.37,credit_card,2025-04-02 12:00:00
11094,1291,5172.06,credit_card,2025-04-21 12:00:00
11095,1381,1633.76,credit_card,2025-04-12 12:00:00
11096,1934,2936.75,wire,2025-05-22 12:00:00
11097,4676,501.96,wire,2025-09-02 12:00:00
11098,11668,1552.68,credit_card,2026-08-26 12:00:00
11099,10223,2871.1,invoice,2026-05-14 12:00:00
11100,893,1039.49,credit_card,2025-03-06 12:00:00
11101,7288,2632.6,credit_card,2025-12-25 12:00:00
11102,4877,194.66,wire,2025-09-26 12:00:00
11103,7907,1071.39,wire,2026-02-14 12:00:00
11104,8195,1598.33,ach,2026-02-25 12:00:00
11105,11982,2756.2,wire,2026-09-01 12:00:00
11106,10302,2184.53,invoice,2026-06-10 12:00:00
11107,9042,2059.09,wire,2026-04-25 12:00:00
11108,10930,2511.95,wire,2026-07-25 12:00:00
11109,2467,834.69,credit_card,2025-05-20 12:00:00
11110,7658,2407.53,ach,2026-01-13 12:00:00
11111,10107,1012.65,credit_card,2026-05-17 12:00:00
11112,9789,5968.54,wire,2026-05-14 12:00:00
11113,1914,1712.1,invoice,2025-05-19 12:00:00
11114,2737,4155.09,wire,2025-06-12 12:00:00
11115,727,3877.73,invoice,2025-03-11 12:00:00
11116,7215,2182.15,credit_card,2025-12-27 12:00:00
11117,8246,380.73,invoice,2026-02-26 12:00:00
11118,1797,7857.87,invoice,2025-05-03 12:00:00
11119,3846,3935.65,credit_card,2025-08-19 12:00:00
11120,6403,371.6,wire,2025-11-28 12:00:00
11121,10746,6970.95,wire,2026-06-18 12:00:00
11122,10993,4925.83,credit_card,2026-07-29 12:00:00
11123,937,1693.06,ach,2025-03-25 12:00:00
11124,2266,939.15,ach,2025-05-25 12:00:00
11125,825,2360.31,invoice,2025-03-08 12:00:00
11126,7275,1178.44,credit_card,2026-01-02 12:00:00
11127,1390,1323.56,wire,2025-04-26 12:00:00
11128,3565,1165.83,wire,2025-07-11 12:00:00
11129,9077,2062.28,credit_card,2026-04-18 12:00:00
11130,5430,2785.45,invoice,2025-10-06 12:00:00
11131,7828,3721.34,ach,2026-03-03 12:00:00
11132,5691,3229.75,ach,2025-12-02 12:00:00
11133,7879,4072.67,wire,2026-02-10 12:00:00
11134,1869,5329.7,invoice,2025-04-18 12:00:00
11135,8203,1500.74,wire,2026-02-14 12:00:00
11136,7487,1437.62,invoice,2026-02-01 12:00:00
11137,9656,6470.68,invoice,2026-05-21 12:00:00
11138,807,1713.02,invoice,2025-03-25 12:00:00
11139,4806,342.91,invoice,2025-09-18 12:00:00
11140,11270,2832.39,invoice,2026-07-28 12:00:00
11141,10301,5755.33,ach,2026-06-04 12:00:00
11142,11687,2919.91,credit_card,2026-08-12 12:00:00
11143,12721,3750.24,ach,2026-09-07 12:00:00
11144,10427,2456.35,invoice,2026-07-03 12:00:00
11145,9156,3376.55,wire,2026-04-17 12:00:00
11146,7512,1846.92,wire,2026-01-04 12:00:00
11147,8057,1777.83,wire,2026-02-23 12:00:00
11148,4495,290.91,credit_card,2025-09-06 12:00:00
11149,2633,3521.01,ach,2025-06-21 12:00:00
11150,11360,3185.78,invoice,2026-07-17 12:00:00
11151,8897,3224.5,wire,2026-04-01 12:00:00
11152,8624,4792.95,invoice,2026-03-14 12:00:00
11153,7833,4359.75,credit_card,2026-02-25 12:00:00
11154,4389,1454.01,wire,2025-09-28 12:00:00
11155,146,2084.51,ach,2025-02-24 12:00:00
11156,6468,1002.68,wire,2025-12-01 12:00:00
11157,2034,4258.04,wire,2025-05-25 12:00:00
11158,11655,156.62,wire,2026-08-12 12:00:00
11159,1166,5244.06,ach,2025-03-07 12:00:00
11160,2051,1012.92,invoice,2025-05-13 12:00:00
11161,3761,3343.96,wire,2025-09-03 12:00:00
11162,10817,1154.09,ach,2026-06-24 12:00:00
11163,4436,1572.4,ach,2025-09-12 12:00:00
11164,3431,1386.48,wire,2025-07-05 12:00:00
11165,8191,1428.97,invoice,2026-02-24 12:00:00
11166,11190,2367.86,credit_card,2026-07-11 12:00:00
11167,7070,2185.9,wire,2025-12-14 12:00:00
11168,4362,1727.68,credit_card,2025-08-30 12:00:00
11169,10617,2825.53,credit_card,2026-06-08 12:00:00
11170,9455,3069.01,wire,2026-04-03 12:00:00
11171,1772,965.48,invoice,2025-04-23 12:00:00
11172,3512,1024.81,wire,2025-07-27 12:00:00
11173,272,2900.36,ach,2025-02-16 12:00:00
11174,8437,4977.17,credit_card,2026-03-16 12:00:00
11175,2033,5325.46,ach,2025-05-10 12:00:00
11176,9006,1503.23,ach,2026-03-13 12:00:00
11177,12355,697.81,invoice,2026-09-29 12:00:00
11178,3811,2965.83,ach,2025-08-03 12:00:00
11179,9997,2796.03,wire,2026-05-26 12:00:00
11180,4347,1714.82,ach,2025-08-31 12:00:00
11181,10654,3252.72,credit_card,2026-06-19 12:00:00
11182,546,604.6,invoice,2025-02-24 12:00:00
11183,3242,1168.09,wire,2025-07-07 12:00:00
11184,8931,4565.34,wire,2026-03-26 12:00:00
11185,8503,4720.79,credit_card,2026-03-10 12:00:00
11186,9324,4538.08,wire,2026-04-22 12:00:00
11187,12671,3942.04,wire,2026-09-11 12:00:00
11188,10962,2128.39,ach,2026-07-11 12:00:00
11189,7565,4447.26,wire,2026-01-06 12:00:00
11190,921,2058.25,credit_card,2025-03-22 12:00:00
11191,11644,1898.8,ach,2026-09-03 12:00:00
11192,6641,3622.67,invoice,2026-01-03 12:00:00
11193,7695,1931.38,invoice,2026-01-28 12:00:00
11194,8231,2078.13,ach,2026-03-01 12:00:00
11195,7127,2179.2,credit_card,2025-12-17 12:00:00
11196,4279,4415.59,ach,2025-08-21 12:00:00
11197,2984,787.56,ach,2025-06-23 12:00:00
11198,131,6889.58,ach,2025-02-22 12:00:00
11199,7981,221.63,ach,2026-02-25 12:00:00
11200,2668,3238.97,invoice,2025-06-17 12:00:00
11201,7139,2206.38,wire,2025-12-23 12:00:00
11202,3224,5646.28,ach,2025-07-26 12:00:00
11203,9375,2437.76,ach,2026-04-06 12:00:00
11204,7694,734.26,credit_card,2026-01-10 12:00:00
11205,5393,5229.41,ach,2025-10-26 12:00:00
11206,615,3568.78,wire,2025-02-13 12:00:00
11207,12654,954.35,wire,2026-09-30 12:00:00
11208,1467,4863.55,credit_card,2025-04-19 12:00:00
11209,4498,1541.91,invoice,2025-09-12 12:00:00
11210,3043,4534.15,wire,2025-06-14 12:00:00
11211,9127,979.86,ach,2026-04-28 12:00:00
11212,2420,1543.2,ach,2025-05-14 12:00:00
11213,5086,3397.27,wire,2025-10-10 12:00:00
11214,3295,1246.41,wire,2025-08-02 12:00:00
11215,6738,5620.2,wire,2025-12-04 12:00:00
11216,1501,4712.13,credit_card,2025-04-22 12:00:00
11217,9019,663.73,wire,2026-03-29 12:00:00
11218,1522,1834.8,credit_card,2025-04-24 12:00:00
11219,11643,740.35,invoice,2026-08-18 12:00:00
11220,11123,4057.13,ach,2026-07-07 12:00:00
11221,4233,911.3,wire,2025-08-25 12:00:00
11222,7687,3728.7,credit_card,2026-01-18 12:00:00
11223,8821,2319.37,invoice,2026-03-08 12:00:00
11224,4431,1487.34,credit_card,2025-09-06 12:00:00
11225,391,3544.71,invoice,2025-02-07 12:00:00
11226,12603,3686.3,wire,2026-09-21 12:00:00
11227,7125,755.75,wire,2025-12-05 12:00:00
11228,5914,2384.93,wire,2025-11-09 12:00:00
11229,8593,869.66,ach,2026-03-15 12:00:00
11230,4807,2938.1,wire,2025-09-03 12:00:00
11231,12447,3443.38,invoice,2026-09-20 12:00:00
11232,8239,688.67,ach,2026-02-12 12:00:00
11233,8045,1323.02,ach,2026-02-08 12:00:00
11234,12502,2088.89,invoice,2026-09-30 12:00:00
11235,3994,2788.08,ach,2025-08-19 12:00:00
11236,12709,4183.29,invoice,2026-09-24 12:00:00
11237,6610,3656.21,credit_card,2025-12-18 12:00:00
11238,5320,5396.86,credit_card,2025-10-20 12:00:00
11239,12578,2061.2,invoice,2026-09-05 12:00:00
11240,7120,465.12,ach,2025-12-14 12:00:00
11241,2422,2484.75,invoice,2025-05-20 12:00:00
11242,5605,690.06,credit_card,2025-10-31 12:00:00
11243,1751,1739.32,credit_card,2025-04-05 12:00:00
11244,11504,2648.76,credit_card,2026-07-16 12:00:00
11245,12419,3384.88,ach,2026-09-12 12:00:00
11246,339,2186.04,wire,2025-02-09 12:00:00
11247,8408,602.35,credit_card,2026-03-14 12:00:00
11248,1342,3078.52,wire,2025-04-29 12:00:00
11249,12199,2387.8,invoice,2026-09-06 12:00:00
11250,7983,3575.32,wire,2026-02-11 12:00:00
11251,3641,4115.72,credit_card,2025-07-04 12:00:00
11252,330,394.65,invoice,2025-02-15 12:00:00
11253,11274,2939.88,credit_card,2026-07-23 12:00:00
11254,3005,3178.89,wire,2025-06-04 12:00:00
11255,6961,3023.38,wire,2025-12-02 12:00:00
11256,4091,2431.74,wire,2025-08-19 12:00:00
11257,9829,2946.29,credit_card,2026-05-19 12:00:00
11258,2323,2667.18,invoice,2025-05-07 12:00:00
11259,6668,5112.04,credit_card,2025-12-21 12:00:00
11260,7010,4985.08,invoice,2025-12-08 12:00:00
11261,4198,2803.85,wire,2025-08-28 12:00:00
11262,3550,2108.89,credit_card,2025-07-08 12:00:00
11263,9651,2132.56,ach,2026-04-29 12:00:00
11264,8364,2191.86,credit_card,2026-02-16 12:00:00
11265,4204,922.64,ach,2025-08-13 12:00:00
11266,11896,4750.95,ach,2026-08-28 12:00:00
11267,11404,2287.62,credit_card,2026-08-02 12:00:00
11268,6186,4272.91,ach,2025-11-15 12:00:00
11269,1640,327.78,credit_card,2025-04-16 12:00:00
11270,9131,3931.66,ach,2026-04-09 12:00:00
11271,61,3262.86,invoice,2025-02-05 12:00:00
11272,1241,1074.84,ach,2025-03-27 12:00:00
11273,5761,658.96,invoice,2025-11-16 12:00:00
11274,5137,1697.96,credit_card,2025-10-14 12:00:00
11275,2344,2990.4,ach,2025-05-29 12:00:00
11276,2121,864.13,wire,2025-05-09 12:00:00
11277,1525,881.88,invoice,2025-04-26 12:00:00
11278,7618,5096.42,wire,2026-01-06 12:00:00
11279,154,1907.03,invoice,2025-02-12 12:00:00
11280,482,3195.22,wire,2025-02-17 12:00:00
11281,6123,2077.35,invoice,2025-11-27 12:00:00
11282,7675,2157.08,wire,2026-01-14 12:00:00
11283,7102,479.24,invoice,2025-12-30 12:00:00
11284,1763,1928.18,credit_card,2025-04-20 12:00:00
11285,8943,4916.01,invoice,2026-03-12 12:00:00
11286,7716,1673.2,credit_card,2026-01-16 12:00:00
11287,9978,1973.83,ach,2026-05-26 12:00:00
11288,11595,365.69,wire,2026-08-12 12:00:00
11289,7480,934.55,credit_card,2026-01-24 12:00:00
11290,6213,4693.88,wire,2025-11-14 12:00:00
11291,4854,1640.67,ach,2025-09-06 12:00:00
11292,2712,1578.79,credit_card,2025-06-30 12:00:00
11293,6767,2140.59,wire,2025-12-26 12:00:00
11294,4151,1977.12,wire,2025-08-29 12:00:00
11295,1334,2960.79,ach,2025-04-06 12:00:00
11296,12019,8812.24,wire,2026-08-05 12:00:00
11297,11047,1527.06,wire,2026-07-11 12:00:00
11298,8379,1462.17,ach,2026-02-17 12:00:00
11299,9329,2013.88,ach,2026-04-03 12:00:00
11300,11993,2883.61,wire,2026-08-06 12:00:00
11301,12406,866.84,ach,2026-09-24 12:00:00
11302,10251,2549.64,ach,2026-05-04 12:00:00
11303,11648,5098.54,ach,2026-08-08 12:00:00
11304,3851,506.69,ach,2025-08-29 12:00:00
11305,8341,3829.37,invoice,2026-03-01 12:00:00
11306,4125,5202.36,wire,2025-08-02 12:00:00
11307,11439,1146.12,invoice,2026-07-15 12:00:00
11308,4789,422.87,wire,2025-09-15 12:00:00
11309,2867,2978.78,invoice,2025-07-01 12:00:00
11310,1387,441.83,ach,2025-04-18 12:00:00
11311,5942,5242.85,credit_card,2025-11-08 12:00:00
11312,3068,1716.81,wire,2025-07-01 12:00:00
11313,11564,5284.83,ach,2026-08-12 12:00:00
11314,3630,5283.44,ach,2025-07-10 12:00:00
11315,12084,3236.8,wire,2026-08-03 12:00:00
11316,11568,2646.21,credit_card,2026-08-29 12:00:00
11317,3029,4504.91,wire,2025-06-07 12:00:00
11318,2970,3972.43,credit_card,2025-06-09 12:00:00
11319,9901,284.44,ach,2026-05-02 12:00:00
11320,11146,3220.24,credit_card,2026-07-23 12:00:00
11321,8647,2760.58,credit_card,2026-03-20 12:00:00
11322,6137,6092.84,wire,2025-11-20 12:00:00
11323,8802,1188.76,wire,2026-03-14 12:00:00
11324,4264,5622.83,invoice,2025-08-13 12:00:00
11325,646,2891.62,invoice,2025-03-26 12:00:00
11326,12343,3736.35,credit_card,2026-09-23 12:00:00
11327,2075,5349.36,invoice,2025-05-03 12:00:00
11328,342,3723.29,wire,2025-02-02 12:00:00
11329,8042,4796.02,ach,2026-02-15 12:00:00
11330,1623,474.66,ach,2025-04-09 12:00:00
11331,7142,3253.73,wire,2025-12-16 12:00:00
11332,5797,1466.0,wire,2025-11-09 12:00:00
11333,7185,2743.08,credit_card,2025-12-25 12:00:00
11334,11918,3482.1,ach,2026-08-17 12:00:00
11335,8233,1448.59,wire,2026-02-24 12:00:00
11336,5476,2991.74,invoice,2025-10-22 12:00:00
11337,10282,1114.81,wire,2026-06-09 12:00:00
11338,10368,2989.59,invoice,2026-06-27 12:00:00
11339,11822,1183.7,ach,2026-08-22 12:00:00
11340,75,607.12,credit_card,2025-02-17 12:00:00
11341,12644,2479.14,invoice,2026-09-30 12:00:00
11342,10850,4574.23,ach,2026-06-09 12:00:00
11343,10269,1327.46,credit_card,2026-05-17 12:00:00
11344,8634,3356.15,credit_card,2026-03-28 12:00:00
11345,11790,2204.16,ach,2026-08-15 12:00:00
11346,2052,2433.09,ach,2025-05-19 12:00:00
11347,2542,1371.06,ach,2025-06-23 12:00:00
11348,1302,4502.39,credit_card,2025-04-28 12:00:00
11349,5878,1167.75,invoice,2025-11-30 12:00:00
11350,7369,599.01,ach,2026-01-29 12:00:00
11351,1305,1072.12,ach,2025-04-28 12:00:00
11352,8429,731.11,invoice,2026-04-04 12:00:00
11353,11611,1333.89,wire,2026-08-11 12:00:00
11354,2600,3256.53,invoice,2025-06-30 12:00:00
11355,2574,2040.71,ach,2025-06-25 12:00:00
11356,3187,2719.84,ach,2025-07-26 12:00:00
11357,2769,4232.0,credit_card,2025-06-27 12:00:00
11358,4832,3866.43,credit_card,2025-09-30 12:00:00
11359,4224,793.81,ach,2025-08-10 12:00:00
11360,12336,6937.33,invoice,2026-10-05 12:00:00
11361,2107,1590.89,invoice,2025-05-30 12:00:00
11362,2680,1446.07,invoice,2025-06-09 12:00:00
11363,10954,1391.23,ach,2026-07-26 12:00:00
11364,1388,2144.66,wire,2025-04-26 12:00:00
11365,12368,1552.64,wire,2026-09-07 12:00:00
11366,11397,3627.27,invoice,2026-08-01 12:00:00
11367,12350,2171.09,wire,2026-09-29 12:00:00
11368,7084,3130.98,ach,2026-01-03 12:00:00
11369,1280,2499.47,wire,2025-04-24 12:00:00
11370,805,3724.95,invoice,2025-03-14 12:00:00
11371,1556,1162.9,ach,2025-04-14 12:00:00
11372,12123,2888.65,credit_card,2026-08-30 12:00:00
11373,4567,616.91,invoice,2025-10-01 12:00:00
11374,12362,3362.68,invoice,2026-09-22 12:00:00
11375,4842,2688.77,ach,2025-09-27 12:00:00
11376,3595,2279.04,wire,2025-07-07 12:00:00
11377,6036,2094.18,credit_card,2025-11-13 12:00:00
11378,6853,5520.3,invoice,2025-12-08 12:00:00
11379,10113,2229.03,invoice,2026-05-24 12:00:00
11380,8706,1331.63,credit_card,2026-03-13 12:00:00
11381,4178,1251.27,credit_card,2025-08-30 12:00:00
11382,1309,156.62,invoice,2025-04-10 12:00:00
11383,9107,2825.84,ach,2026-05-02 12:00:00
11384,3453,2767.18,credit_card,2025-07-02 12:00:00
11385,3696,3547.9,ach,2025-07-30 12:00:00
11386,4243,2034.97,ach,2025-09-03 12:00:00
11387,11349,960.15,ach,2026-07-06 12:00:00
11388,2199,609.08,invoice,2025-05-11 12:00:00
11389,8967,1689.1,ach,2026-03-19 12:00:00
11390,4426,2870.38,credit_card,2025-09-09 12:00:00
11391,6151,1593.03,wire,2025-11-23 12:00:00
11392,944,5674.16,invoice,2025-03-05 12:00:00
11393,823,1585.6,ach,2025-03-23 12:00:00
11394,5006,5424.56,wire,2025-11-01 12:00:00
11395,6613,544.14,invoice,2025-12-13 12:00:00
11396,8357,2287.95,wire,2026-02-17 12:00:00
11397,5620,6706.15,invoice,2025-10-29 12:00:00
11398,4548,3966.12,wire,2025-09-30 12:00:00
11399,2539,4035.36,credit_card,2025-06-30 12:00:00
11400,12466,2464.76,wire,2026-09-04 12:00:00
11401,9504,1719.84,invoice,2026-05-01 12:00:00
11402,5208,2038.26,ach,2025-10-15 12:00:00
11403,12158,1573.22,wire,2026-09-02 12:00:00
11404,11497,3864.01,ach,2026-07-06 12:00:00
11405,3055,3196.35,ach,2025-06-26 12:00:00
11406,3676,2036.6,ach,2025-07-13 12:00:00
11407,7777,1292.82,invoice,2026-01-22 12:00:00
11408,7219,305.52,wire,2025-12-31 12:00:00
11409,6723,5751.37,wire,2025-12-19 12:00:00
11410,3301,4280.46,ach,2025-07-23 12:00:00
11411,3311,2726.37,invoice,2025-07-22 12:00:00
11412,7222,1308.08,credit_card,2025-12-06 12:00:00
11413,8520,2623.32,credit_card,2026-03-03 12:00:00
11414,10683,1238.38,ach,2026-06-30 12:00:00
11415,5955,1366.95,credit_card,2025-11-14 12:00:00
11416,10999,4357.18,credit_card,2026-07-20 12:00:00
11417,833,861.37,wire,2025-04-03 12:00:00
11418,11272,1766.68,ach,2026-07-19 12:00:00
11419,3463,993.14,wire,2025-07-12 12:00:00
11420,11919,755.75,credit_card,2026-08-23 12:00:00
11421,7644,1663.43,invoice,2026-01-27 12:00:00
11422,55,3828.48,wire,2025-02-10 12:00:00
11423,3452,2581.57,invoice,2025-07-03 12:00:00
11424,6306,5018.85,wire,2025-11-11 12:00:00
11425,10094,5420.04,ach,2026-05-11 12:00:00
11426,1482,1944.28,ach,2025-04-16 12:00:00
11427,4874,1634.4,ach,2025-09-30 12:00:00
11428,8039,2744.55,ach,2026-02-17 12:00:00
11429,3336,2895.87,ach,2025-07-13 12:00:00
11430,6017,2471.2,ach,2025-11-09 12:00:00
11431,4927,4695.78,credit_card,2025-09-19 12:00:00
11432,9139,2345.72,credit_card,2026-04-26 12:00:00
11433,5798,3066.72,credit_card,2025-11-09 12:00:00
11434,10354,2224.61,credit_card,2026-06-06 12:00:00
11435,12565,414.09,invoice,2026-10-03 12:00:00
11436,5084,563.53,ach,2025-10-13 12:00:00
11437,6646,101.84,credit_card,2025-12-15 12:00:00
11438,11250,3201.07,invoice,2026-07-09 12:00:00
11439,5491,2484.74,credit_card,2025-10-11 12:00:00
11440,769,157.86,credit_card,2025-03-21 12:00:00
11441,2066,215.65,credit_card,2025-05-15 12:00:00
11442,12140,3800.96,ach,2026-08-07 12:00:00
11443,7312,2997.66,ach,2026-01-28 12:00:00
11444,8478,2526.48,invoice,2026-03-31 12:00:00
11445,12696,2504.32,credit_card,2026-09-30 12:00:00
11446,4525,1732.49,ach,2025-09-22 12:00:00
11447,10525,2162.52,credit_card,2026-06-21 12:00:00
11448,2718,720.23,ach,2025-06-17 12:00:00
11449,2080,4274.75,wire,2025-05-28 12:00:00
11450,8915,3440.41,credit_card,2026-03-05 12:00:00
11451,952,3131.37,invoice,2025-03-03 12:00:00
11452,8059,524.23,invoice,2026-02-12 12:00:00
11453,2483,4802.68,invoice,2025-05-23 12:00:00
11454,10455,650.41,invoice,2026-06-16 12:00:00
11455,9182,2783.89,ach,2026-04-14 12:00:00
11456,11405,1095.79,ach,2026-07-11 12:00:00
11457,1760,2720.57,ach,2025-04-05 12:00:00
11458,9985,2723.13,credit_card,2026-05-09 12:00:00
11459,4423,2397.42,credit_card,2025-09-08 12:00:00
11460,6705,5017.03,wire,2026-01-02 12:00:00
11461,9917,2534.26,ach,2026-05-04 12:00:00
11462,5183,1121.77,credit_card,2025-10-06 12:00:00
11463,8534,1808.91,wire,2026-03-01 12:00:00
11464,3702,3694.3,invoice,2025-07-21 12:00:00
11465,4244,3479.8,invoice,2025-08-29 12:00:00
11466,689,2636.56,ach,2025-03-05 12:00:00
11467,3433,1564.27,ach,2025-07-07 12:00:00
11468,4945,1889.4,wire,2025-09-27 12:00:00
11469,967,2765.65,invoice,2025-03-19 12:00:00
11470,12407,877.3,wire,2026-09-02 12:00:00
11471,12120,2382.36,wire,2026-08-09 12:00:00
11472,10396,5465.93,ach,2026-06-11 12:00:00
11473,2714,2239.08,invoice,2025-06-19 12:00:00
11474,4758,3061.42,ach,2025-09-26 12:00:00
11475,12201,2332.4,credit_card,2026-09-02 12:00:00
11476,6321,2238.92,credit_card,2025-11-26 12:00:00
11477,5976,2354.9,ach,2025-11-23 12:00:00
11478,3573,533.66,credit_card,2025-07-15 12:00:00
11479,5300,6611.82,credit_card,2025-10-11 12:00:00
11480,1991,807.06,wire,2025-05-29 12:00:00
11481,1206,9732.7,ach,2025-03-30 12:00:00
11482,4972,1855.02,ach,2025-09-15 12:00:00
11483,12428,261.53,ach,2026-09-06 12:00:00
11484,6784,4739.43,wire,2025-12-07 12:00:00
11485,3601,4496.57,invoice,2025-07-21 12:00:00
11486,6491,5354.41,credit_card,2026-01-04 12:00:00
11487,8610,4545.78,invoice,2026-03-11 12:00:00
11488,12748,261.53,credit_card,2026-09-13 12:00:00
11489,12172,1437.29,invoice,2026-09-10 12:00:00
11490,8071,1786.56,ach,2026-02-24 12:00:00
11491,8578,1309.08,invoice,2026-03-11 12:00:00
11492,7974,1323.02,wire,2026-02-08 12:00:00
11493,11893,2121.6,ach,2026-08-28 12:00:00
11494,1626,964.94,credit_card,2025-04-14 12:00:00
11495,537,848.6,wire,2025-03-03 12:00:00
11496,8767,4678.82,credit_card,2026-03-04 12:00:00
11497,7971,3085.35,wire,2026-03-03 12:00:00
11498,4213,2155.17,credit_card,2025-08-18 12:00:00
11499,6457,4358.91,wire,2025-11-30 12:00:00
11500,3508,1102.75,wire,2025-07-11 12:00:00
11501,8394,688.92,wire,2026-02-22 12:00:00
11502,9525,2261.89,invoice,2026-04-25 12:00:00
11503,7113,4174.37,credit_card,2025-12-01 12:00:00
11504,2709,2624.75,ach,2025-06-17 12:00:00
11505,5032,1491.52,ach,2025-10-09 12:00:00
11506,6515,1610.84,invoice,2025-12-24 12:00:00
11507,4663,1372.0,credit_card,2025-09-28 12:00:00
11508,4022,1775.56,credit_card,2025-08-10 12:00:00
11509,1855,1906.91,ach,2025-04-28 12:00:00
11510,12041,5018.85,ach,2026-08-25 12:00:00
11511,2873,1445.94,invoice,2025-06-22 12:00:00
11512,3031,484.85,credit_card,2025-06-08 12:00:00
11513,9398,3555.59,ach,2026-04-28 12:00:00
11514,1646,1958.25,ach,2025-04-09 12:00:00
11515,3418,250.98,credit_card,2025-07-24 12:00:00
11516,3477,1568.67,ach,2025-07-02 12:00:00
11517,12208,2152.21,invoice,2026-09-02 12:00:00
11518,11054,4381.35,ach,2026-07-20 12:00:00
11519,1793,1977.8,credit_card,2025-04-06 12:00:00
11520,3798,1067.32,ach,2025-08-31 12:00:00
11521,3369,1662.85,ach,2025-07-27 12:00:00
11522,7197,2109.74,ach,2025-12-26 12:00:00
11523,12325,2378.72,credit_card,2026-09-03 12:00:00
11524,5110,1808.43,invoice,2025-10-16 12:00:00
11525,6025,3777.43,invoice,2025-11-14 12:00:00
11526,8796,2689.2,credit_card,2026-03-29 12:00:00
11527,11249,5542.6,ach,2026-08-04 12:00:00
11528,11873,4841.98,ach,2026-08-06 12:00:00
11529,127,2570.66,ach,2025-02-07 12:00:00
11530,5960,5270.9,wire,2025-11-19 12:00:00
11531,3877,5703.71,invoice,2025-08-05 12:00:00
11532,11128,1589.31,credit_card,2026-07-23 12:00:00
11533,4452,2714.57,wire,2025-09-09 12:00:00
11534,7148,105.61,ach,2026-01-01 12:00:00
11535,3532,1967.31,invoice,2025-07-26 12:00:00
11536,10923,3436.71,ach,2026-08-05 12:00:00
11537,828,4989.36,invoice,2025-03-18 12:00:00
11538,9832,3273.6,wire,2026-05-12 12:00:00
11539,7791,4192.62,credit_card,2026-02-12 12:00:00
11540,985,2195.51,credit_card,2025-03-18 12:00:00
11541,11474,496.95,ach,2026-07-30 12:00:00
11542,11198,2156.5,invoice,2026-07-05 12:00:00
11543,7784,2445.37,ach,2026-02-28 12:00:00
11544,10381,4770.16,wire,2026-06-06 12:00:00
11545,12248,4782.58,wire,2026-09-24 12:00:00
11546,2444,3828.17,ach,2025-05-06 12:00:00
11547,8555,2245.97,ach,2026-04-03 12:00:00
11548,10542,3805.09,ach,2026-06-11 12:00:00
11549,346,2295.57,wire,2025-02-04 12:00:00
11550,815,1200.95,ach,2025-03-21 12:00:00
11551,6167,4310.45,invoice,2025-11-27 12:00:00
11552,11398,2850.45,ach,2026-07-10 12:00:00
11553,11588,529.97,ach,2026-08-14 12:00:00
11554,12496,1929.9,wire,2026-09-16 12:00:00
11555,11518,2499.15,ach,2026-08-01 12:00:00
11556,5780,3731.16,ach,2025-11-05 12:00:00
11557,2117,4086.52,invoice,2025-05-17 12:00:00
11558,10027,2374.56,ach,2026-05-07 12:00:00
11559,794,697.81,invoice,2025-03-24 12:00:00
11560,12706,3368.06,credit_card,2026-09-11 12:00:00
11561,6899,1355.97,ach,2025-12-22 12:00:00
11562,2675,204.86,ach,2025-06-10 12:00:00
11563,95,993.59,invoice,2025-02-26 12:00:00
11564,4226,4358.48,wire,2025-08-09 12:00:00
11565,3757,1289.88,invoice,2025-08-11 12:00:00
11566,2892,4959.54,ach,2025-06-09 12:00:00
11567,2372,1654.94,ach,2025-06-01 12:00:00
11568,11421,1384.22,invoice,2026-07-23 12:00:00
11569,11992,2253.51,credit_card,2026-08-28 12:00:00
11570,3229,1221.7,credit_card,2025-07-24 12:00:00
11571,7864,1271.95,wire,2026-02-14 12:00:00
11572,6360,1560.17,invoice,2025-11-15 12:00:00
11573,11751,6250.27,wire,2026-08-08 12:00:00
11574,7327,2398.68,credit_card,2026-01-07 12:00:00
11575,6029,806.44,wire,2025-11-15 12:00:00
11576,11046,2534.66,ach,2026-07-06 12:00:00
11577,11105,3964.88,credit_card,2026-07-18 12:00:00
11578,1866,2946.29,invoice,2025-04-20 12:00:00
11579,4613,111.41,wire,2025-09-08 12:00:00
11580,10050,2763.91,invoice,2026-05-05 12:00:00
11581,2646,3740.41,invoice,2025-06-26 12:00:00
11582,2244,4115.44,wire,2025-05-11 12:00:00
11583,5374,3425.64,ach,2025-10-14 12:00:00
11584,2337,4405.56,credit_card,2025-05-25 12:00:00
11585,951,2829.51,credit_card,2025-03-20 12:00:00
11586,11261,1647.0,wire,2026-07-30 12:00:00
11587,1121,1342.4,wire,2025-03-14 12:00:00
11588,10790,3937.4,invoice,2026-06-26 12:00:00
11589,2205,1455.28,credit_card,2025-05-05 12:00:00
11590,420,5232.44,invoice,2025-02-25 12:00:00
11591,923,1639.53,credit_card,2025-03-22 12:00:00
11592,9447,2991.52,ach,2026-04-20 12:00:00
11593,8670,1881.3,credit_card,2026-03-26 12:00:00
11594,10228,200.54,credit_card,2026-05-11 12:00:00
11595,5409,3490.24,ach,2025-10-07 12:00:00
11596,5789,6491.73,invoice,2025-12-01 12:00:00
11597,5743,4010.38,wire,2025-11-03 12:00:00
11598,7668,1006.96,credit_card,2026-01-18 12:00:00
11599,5568,3457.89,credit_card,2025-10-01 12:00:00
11600,8136,4245.45,wire,2026-02-24 12:00:00
11601,1203,1438.98,wire,2025-03-26 12:00:00
11602,10819,5151.58,ach,2026-06-03 12:00:00
11603,5766,2183.56,invoice,2025-11-24 12:00:00
11604,8390,4968.37,ach,2026-02-28 12:00:00
11605,1971,263.47,ach,2025-05-22 12:00:00
11606,11303,1770.76,ach,2026-08-03 12:00:00
11607,4019,2610.67,invoice,2025-08-31 12:00:00
11608,10344,5092.23,invoice,2026-06-13 12:00:00
11609,3688,3920.7,credit_card,2025-07-29 12:00:00
11610,1998,2444.51,wire,2025-05-10 12:00:00
11611,4034,250.67,invoice,2025-08-22 12:00:00
11612,11247,4484.61,wire,2026-07-20 12:00:00
11613,1249,1183.7,credit_card,2025-03-25 12:00:00
11614,2193,1307.38,credit_card,2025-05-31 12:00:00
11615,2713,2888.91,wire,2025-06-25 12:00:00
11616,9185,3404.81,credit_card,2026-04-16 12:00:00
11617,2191,215.66,wire,2025-05-15 12:00:00
11618,4671,6155.59,invoice,2025-09-27 12:00:00
11619,5143,3542.55,ach,2025-10-31 12:00:00
11620,5985,754.79,ach,2025-11-30 12:00:00
11621,6566,3055.44,credit_card,2025-12-08 12:00:00
11622,7805,4545.18,invoice,2026-02-21 12:00:00
11623,6944,3306.58,credit_card,2025-12-21 12:00:00
11624,9511,1176.88,credit_card,2026-04-19 12:00:00
11625,10056,1234.48,invoice,2026-05-20 12:00:00
11626,10536,3558.32,wire,2026-06-09 12:00:00
11627,10642,4640.51,credit_card,2026-07-03 12:00:00
11628,2137,4243.86,invoice,2025-05-23 12:00:00
11629,1066,2404.64,wire,2025-03-18 12:00:00
11630,601,2499.16,wire,2025-02-18 12:00:00
11631,4228,2545.09,credit_card,2025-08-26 12:00:00
11632,10814,2630.87,credit_card,2026-06-17 12:00:00
11633,7578,8529.77,wire,2026-01-05 12:00:00
11634,78,426.13,invoice,2025-03-04 12:00:00
11635,7547,2938.38,credit_card,2026-02-02 12:00:00
11636,2899,1653.08,wire,2025-06-02 12:00:00
11637,4821,1458.95,ach,2025-09-15 12:00:00
11638,9507,1532.36,wire,2026-04-21 12:00:00
11639,11885,1413.28,wire,2026-09-05 12:00:00
11640,6414,551.82,invoice,2025-11-22 12:00:00
11641,9445,849.48,invoice,2026-04-10 12:00:00
11642,9065,1152.86,ach,2026-05-02 12:00:00
11643,8008,1444.01,invoice,2026-02-26 12:00:00
11644,5469,2569.69,wire,2025-10-28 12:00:00
11645,5952,2027.42,invoice,2025-11-27 12:00:00
11646,11158,6559.74,ach,2026-07-23 12:00:00
11647,3392,4972.1,credit_card,2025-07-30 12:00:00
11648,5416,2289.44,credit_card,2025-10-06 12:00:00
11649,2561,3432.65,credit_card,2025-06-24 12:00:00
11650,12640,1330.1,wire,2026-09-11 12:00:00
11651,8163,1120.62,ach,2026-02-13 12:00:00
11652,2636,1767.66,invoice,2025-06-28 12:00:00
11653,5257,1332.3,invoice,2025-10-31 12:00:00
11654,3531,3460.18,wire,2025-07-16 12:00:00
11655,8568,5370.43,invoice,2026-03-15 12:00:00
11656,1909,441.89,wire,2025-05-15 12:00:00
11657,11832,5738.1,invoice,2026-08-07 12:00:00
11658,236,2485.67,ach,2025-02-22 12:00:00
11659,1605,1970.52,wire,2025-04-20 12:00:00
11660,7985,3261.18,credit_card,2026-02-11 12:00:00
11661,9311,1864.05,ach,2026-04-27 12:00:00
11662,3491,3972.25,ach,2025-07-21 12:00:00
11663,12590,2079.38,invoice,2026-09-13 12:00:00
11664,11151,1142.09,ach,2026-07-03 12:00:00
11665,1995,3321.94,invoice,2025-05-08 12:00:00
11666,2825,515.84,invoice,2025-06-27 12:00:00
11667,11863,3270.83,ach,2026-09-04 12:00:00
11668,10569,4453.48,ach,2026-06-24 12:00:00
11669,1343,1303.56,ach,2025-04-27 12:00:00
11670,8513,429.96,wire,2026-03-13 12:00:00
11671,1620,3409.15,invoice,2025-04-13 12:00:00
11672,5288,740.35,invoice,2025-10-06 12:00:00
11673,2061,1395.07,wire,2025-05-16 12:00:00
11674,12717,587.92,wire,2026-09-19 12:00:00
11675,2220,1895.1,invoice,2025-05-30 12:00:00
11676,9866,1827.97,ach,2026-05-24 12:00:00
11677,6039,4231.39,wire,2025-11-11 12:00:00
11678,261,4876.28,ach,2025-02-26 12:00:00
11679,12773,7382.56,invoice,2026-09-09 12:00:00
11680,10232,4046.99,wire,2026-05-12 12:00:00
11681,9094,1641.31,wire,2026-04-15 12:00:00
11682,3745,317.91,invoice,2025-07-14 12:00:00
11683,2027,7941.67,invoice,2025-05-08 12:00:00
11684,6989,1187.03,ach,2026-01-02 12:00:00
11685,4235,5338.78,wire,2025-08-24 12:00:00
11686,1918,1132.12,ach,2025-06-05 12:00:00
11687,1829,2328.22,invoice,2025-04-29 12:00:00
11688,9766,2251.46,credit_card,2026-06-03 12:00:00
11689,6234,669.04,ach,2025-11-28 12:00:00
11690,11926,2941.85,invoice,2026-08-27 12:00:00
11691,6284,1264.04,wire,2025-11-15 12:00:00
11692,4209,3361.19,wire,2025-08-19 12:00:00
11693,225,3336.72,credit_card,2025-02-26 12:00:00
11694,8916,5292.64,invoice,2026-03-23 12:00:00
11695,10003,2792.04,invoice,2026-06-02 12:00:00
11696,9334,4101.26,credit_card,2026-04-11 12:00:00
11697,6470,1474.87,ach,2026-01-01 12:00:00
11698,12027,850.64,wire,2026-08-25 12:00:00
11699,10955,3597.05,credit_card,2026-08-02 12:00:00
11700,847,1456.1,ach,2025-03-09 12:00:00
11701,4290,2431.3,credit_card,2025-08-23 12:00:00
11702,5561,421.74,ach,2025-10-07 12:00:00
11703,2552,3818.66,invoice,2025-06-27 12:00:00
11704,11121,1142.41,wire,2026-07-26 12:00:00
11705,118,3383.05,ach,2025-02-23 12:00:00
11706,8838,1749.98,invoice,2026-04-02 12:00:00
11707,5967,4399.35,credit_card,2025-11-18 12:00:00
11708,8196,5933.86,credit_card,2026-02-18 12:00:00
11709,8660,1951.02,wire,2026-03-18 12:00:00
11710,7490,4130.45,wire,2026-01-12 12:00:00
11711,6,2514.37,invoice,2025-02-25 12:00:00
11712,5343,1045.76,invoice,2025-10-02 12:00:00
11713,9112,156.62,wire,2026-04-23 12:00:00
11714,10788,2261.24,ach,2026-06-28 12:00:00
11715,4325,241.63,wire,2025-09-01 12:00:00
11716,1064,1238.52,ach,2025-03-15 12:00:00
11717,2591,1626.43,wire,2025-06-21 12:00:00
11718,8435,848.82,ach,2026-03-15 12:00:00
11719,9353,3636.56,wire,2026-04-11 12:00:00
11720,11063,1572.46,ach,2026-07-23 12:00:00
11721,3736,2176.58,ach,2025-07-06 12:00:00
11722,10590,5505.54,wire,2026-06-26 12:00:00
11723,3518,937.26,ach,2025-07-15 12:00:00
11724,6987,1499.48,invoice,2025-12-12 12:00:00
11725,11614,2232.53,wire,2026-08-27 12:00:00
11726,10756,5153.32,wire,2026-06-24 12:00:00
11727,6768,2703.69,credit_card,2025-12-23 12:00:00
11728,5623,3342.4,invoice,2025-10-09 12:00:00
11729,1606,2334.54,credit_card,2025-04-08 12:00:00
11730,1734,313.24,ach,2025-04-19 12:00:00
11731,10517,1647.82,wire,2026-06-27 12:00:00
11732,10902,538.04,wire,2026-06-11 12:00:00
11733,12569,3612.28,ach,2026-09-30 12:00:00
11734,9505,2114.42,credit_card,2026-04-12 12:00:00
11735,11641,926.46,invoice,2026-08-07 12:00:00
11736,3813,5668.16,wire,2025-08-30 12:00:00
11737,12304,4439.32,invoice,2026-09-07 12:00:00
11738,10555,3855.01,ach,2026-06-25 12:00:00
11739,10168,544.84,invoice,2026-05-31 12:00:00
11740,11707,3262.45,credit_card,2026-09-01 12:00:00
11741,1762,699.87,ach,2025-04-11 12:00:00
11742,5402,4641.13,credit_card,2025-10-10 12:00:00
11743,2740,219.13,invoice,2025-07-01 12:00:00
11744,12312,2213.77,ach,2026-09-14 12:00:00
11745,2473,2251.18,wire,2025-05-25 12:00:00
11746,6739,1592.04,wire,2025-12-22 12:00:00
11747,6892,3889.99,invoice,2025-12-18 12:00:00
11748,7944,1220.98,credit_card,2026-02-18 12:00:00
11749,9686,4929.68,ach,2026-05-02 12:00:00
11750,4207,2870.54,ach,2025-08-09 12:00:00
11751,6372,2351.5,wire,2025-11-05 12:00:00
11752,10351,1198.81,credit_card,2026-06-17 12:00:00
11753,9362,3951.88,credit_card,2026-04-30 12:00:00
11754,10349,2310.96,ach,2026-06-20 12:00:00
11755,233,4740.35,invoice,2025-02-17 12:00:00
11756,8259,4585.25,credit_card,2026-02-18 12:00:00
11757,7562,2418.96,wire,2026-01-24 12:00:00
11758,9796,4143.56,wire,2026-05-24 12:00:00
11759,6169,3081.75,wire,2025-11-18 12:00:00
11760,11476,4460.21,wire,2026-07-23 12:00:00
11761,3597,6154.6,credit_card,2025-07-28 12:00:00
11762,6289,2103.62,ach,2025-11-14 12:00:00
11763,4633,2334.25,ach,2025-09-27 12:00:00
11764,126,1949.39,ach,2025-02-28 12:00:00
11765,7642,477.56,invoice,2026-01-30 12:00:00
11766,6230,593.43,ach,2025-11-22 12:00:00
11767,1297,6366.52,invoice,2025-04-20 12:00:00
11768,1977,4327.47,credit_card,2025-05-21 12:00:00
11769,12114,3081.91,invoice,2026-08-30 12:00:00
11770,12056,5175.61,ach,2026-08-24 12:00:00
11771,10268,1212.31,invoice,2026-05-11 12:00:00
11772,5751,6771.03,ach,2025-11-16 12:00:00
11773,8153,1357.09,wire,2026-02-03 12:00:00
11774,3087,367.99,ach,2025-06-12 12:00:00
11775,11852,2092.29,wire,2026-08-05 12:00:00
11776,6883,1695.62,invoice,2025-12-24 12:00:00
11777,11889,6676.24,invoice,2026-08-02 12:00:00
11778,7674,4464.08,wire,2026-01-17 12:00:00
11779,3346,1504.21,ach,2025-07-15 12:00:00
11780,8173,1924.58,ach,2026-02-15 12:00:00
11781,12036,1071.53,ach,2026-08-30 12:00:00
11782,5871,3527.21,credit_card,2025-11-21 12:00:00
11783,6507,1784.16,invoice,2025-12-12 12:00:00
11784,2798,653.25,credit_card,2025-07-05 12:00:00
11785,919,2621.34,credit_card,2025-04-03 12:00:00
11786,1647,1193.21,ach,2025-04-15 12:00:00
11787,5123,1049.24,ach,2025-10-24 12:00:00
11788,5127,1524.65,invoice,2025-10-16 12:00:00
11789,4622,1415.18,invoice,2025-10-02 12:00:00
11790,6810,1841.31,credit_card,2025-12-31 12:00:00
11791,365,2869.26,invoice,2025-02-17 12:00:00
11792,11480,257.92,wire,2026-07-25 12:00:00
11793,2126,2606.07,ach,2025-05-22 12:00:00
11794,8151,3144.48,ach,2026-02-01 12:00:00
11795,8718,7328.78,ach,2026-03-22 12:00:00
11796,56,3693.69,invoice,2025-02-10 12:00:00
11797,639,5143.24,ach,2025-03-07 12:00:00
11798,303,2072.01,invoice,2025-02-21 12:00:00
11799,10959,1035.09,invoice,2026-07-19 12:00:00
11800,5812,1566.06,ach,2025-11-17 12:00:00
11801,1277,3487.07,ach,2025-05-01 12:00:00
11802,10248,2159.64,ach,2026-05-27 12:00:00
11803,4433,3121.17,ach,2025-09-29 12:00:00
11804,3645,3172.7,invoice,2025-07-20 12:00:00
11805,4144,3396.8,ach,2025-08-25 12:00:00
11806,2879,909.54,credit_card,2025-06-16 12:00:00
11807,6494,4641.6,invoice,2025-12-08 12:00:00
11808,10479,4552.98,ach,2026-06-23 12:00:00
11809,10454,3429.99,invoice,2026-06-08 12:00:00
11810,5241,5295.32,wire,2025-10-14 12:00:00
11811,12017,6631.81,credit_card,2026-09-03 12:00:00
11812,10489,679.93,ach,2026-06-14 12:00:00
11813,6938,4553.2,ach,2025-12-09 12:00:00
11814,7241,1184.76,invoice,2025-12-30 12:00:00
11815,9946,2356.88,wire,2026-05-18 12:00:00
11816,10161,1999.07,credit_card,2026-05-05 12:00:00
11817,2594,5201.64,ach,2025-06-07 12:00:00
11818,11310,566.26,credit_card,2026-07-13 12:00:00
11819,2394,3032.45,credit_card,2025-05-26 12:00:00
11820,524,1326.85,ach,2025-02-05 12:00:00
11821,6377,2932.67,credit_card,2025-11-07 12:00:00
11822,6982,2843.5,credit_card,2025-12-29 12:00:00
11823,6678,2098.15,ach,2025-12-08 12:00:00
11824,3901,4563.57,invoice,2025-09-03 12:00:00
11825,12315,881.88,ach,2026-09-10 12:00:00
11826,5586,1367.14,wire,2025-10-14 12:00:00
11827,11960,5259.57,credit_card,2026-08-31 12:00:00
11828,7957,1746.57,ach,2026-02-25 12:00:00
11829,7571,512.15,wire,2026-01-25 12:00:00
11830,11315,4910.16,ach,2026-07-03 12:00:00
11831,6778,4768.42,wire,2025-12-26 12:00:00
11832,10162,1227.93,credit_card,2026-05-07 12:00:00
11833,672,2644.73,invoice,2025-03-07 12:00:00
11834,4189,8182.75,credit_card,2025-08-25 12:00:00
11835,667,4165.31,ach,2025-03-25 12:00:00
11836,3267,2079.72,wire,2025-07-05 12:00:00
11837,1888,3472.91,ach,2025-05-23 12:00:00
11838,11459,1372.05,ach,2026-07-20 12:00:00
11839,8473,519.8,credit_card,2026-03-22 12:00:00
11840,9912,4000.25,ach,2026-06-05 12:00:00
11841,11140,4418.52,wire,2026-07-30 12:00:00
11842,9092,2562.19,invoice,2026-04-06 12:00:00
11843,7688,936.0,credit_card,2026-01-05 12:00:00
11844,6032,737.48,ach,2025-11-29 12:00:00
11845,12570,558.18,invoice,2026-09-13 12:00:00
11846,6091,3233.46,wire,2025-11-14 12:00:00
11847,6239,1649.54,credit_card,2025-11-10 12:00:00
11848,7351,479.24,wire,2026-01-26 12:00:00
11849,7831,5960.64,credit_card,2026-02-07 12:00:00
11850,761,359.66,credit_card,2025-03-05 12:00:00
11851,6255,2571.92,wire,2025-11-03 12:00:00
11852,1907,1118.46,ach,2025-05-30 12:00:00
11853,3819,2834.03,wire,2025-08-03 12:00:00
11854,6270,3153.73,invoice,2025-11-10 12:00:00
11855,4301,6435.34,wire,2025-08-22 12:00:00
11856,5570,4544.88,wire,2025-10-23 12:00:00
11857,7942,1430.8,credit_card,2026-02-18 12:00:00
11858,10786,1801.43,invoice,2026-06-24 12:00:00
11859,4165,4446.12,invoice,2025-08-08 12:00:00
11860,11224,452.47,ach,2026-07-23 12:00:00
11861,5972,2653.0,credit_card,2025-11-23 12:00:00
11862,3580,1466.86,invoice,2025-07-12 12:00:00
11863,2833,5993.39,invoice,2025-06-26 12:00:00
11864,5450,2092.63,credit_card,2025-10-01 12:00:00
11865,3473,6848.27,ach,2025-07-29 12:00:00
11866,6328,1074.3,credit_card,2025-11-05 12:00:00
11867,138,2800.14,credit_card,2025-02-06 12:00:00
11868,7044,4128.35,ach,2025-12-12 12:00:00
11869,4893,1277.5,wire,2025-09-03 12:00:00
11870,2181,2595.94,ach,2025-05-15 12:00:00
11871,10321,1089.1,ach,2026-06-12 12:00:00
11872,7731,2306.08,wire,2026-01-06 12:00:00
11873,3178,1301.2,credit_card,2025-07-04 12:00:00
11874,4855,2190.8,ach,2025-09-10 12:00:00
11875,4638,2694.55,credit_card,2025-09-26 12:00:00
11876,5116,249.87,ach,2025-10-20 12:00:00
11877,11884,5259.84,wire,2026-08-06 12:00:00
11878,7649,8014.93,ach,2026-01-07 12:00:00
11879,4262,4058.52,invoice,2025-08-21 12:00:00
11880,1332,525.07,credit_card,2025-04-11 12:00:00
11881,10210,459.28,ach,2026-05-08 12:00:00
11882,10675,1835.31,invoice,2026-06-04 12:00:00
11883,7003,2122.45,wire,2025-12-03 12:00:00
11884,9551,697.09,credit_card,2026-04-05 12:00:00
11885,6942,4996.65,ach,2025-12-24 12:00:00
11886,8018,2785.39,wire,2026-02-11 12:00:00
11887,6242,2149.87,credit_card,2025-12-01 12:00:00
11888,9522,2299.1,ach,2026-04-06 12:00:00
11889,12759,2859.2,ach,2026-09-09 12:00:00
11890,6882,1324.94,credit_card,2025-12-09 12:00:00
11891,10343,772.37,ach,2026-07-03 12:00:00
11892,4531,4538.76,credit_card,2025-09-24 12:00:00
11893,10315,830.64,wire,2026-06-24 12:00:00
11894,4674,1582.7,credit_card,2025-09-24 12:00:00
11895,6997,1783.4,credit_card,2025-12-12 12:00:00
11896,1253,2756.5,invoice,2025-04-09 12:00:00
11897,11471,5129.64,ach,2026-07-30 12:00:00
11898,3375,2663.8,credit_card,2025-07-20 12:00:00
11899,2815,414.07,wire,2025-06-10 12:00:00
11900,4720,2893.21,wire,2025-09-19 12:00:00
11901,6545,2983.03,credit_card,2025-12-19 12:00:00
11902,10041,1454.5,wire,2026-05-18 12:00:00
11903,4859,3051.18,ach,2025-09-29 12:00:00
11904,7902,4371.14,credit_card,2026-02-20 12:00:00
11905,11230,1431.35,ach,2026-07-10 12:00:00
11906,8581,1870.23,invoice,2026-03-03 12:00:00
11907,8428,1311.54,credit_card,2026-03-05 12:00:00
11908,1078,3302.79,ach,2025-03-26 12:00:00
11909,10177,5760.52,ach,2026-05-31 12:00:00
11910,4364,2593.94,invoice,2025-08-04 12:00:00
11911,771,1752.49,wire,2025-03-24 12:00:00
11912,10358,3496.83,wire,2026-06-19 12:00:00
11913,8866,2538.67,invoice,2026-03-19 12:00:00
11914,250,4929.21,wire,2025-02-24 12:00:00
11915,9767,6593.69,ach,2026-05-21 12:00:00
11916,7240,1074.84,ach,2025-12-19 12:00:00
11917,3420,1982.94,credit_card,2025-07-18 12:00:00
11918,10274,2724.07,invoice,2026-05-02 12:00:00
11919,10016,784.25,wire,2026-05-17 12:00:00
11920,4977,2395.33,invoice,2025-09-14 12:00:00
11921,4545,4497.94,ach,2025-09-12 12:00:00
11922,5566,1271.95,invoice,2025-11-01 12:00:00
11923,7940,441.38,ach,2026-02-27 12:00:00
11924,717,4984.94,credit_card,2025-03-09 12:00:00
11925,12341,3371.2,invoice,2026-09-26 12:00:00
11926,2049,2109.8,wire,2025-05-24 12:00:00
11927,5998,4035.28,ach,2025-11-25 12:00:00
11928,6601,538.74,ach,2025-12-29 12:00:00
11929,7246,1569.48,invoice,2025-12-26 12:00:00
11930,4179,2793.44,wire,2025-08-26 12:00:00
11931,4810,1277.5,ach,2025-09-12 12:00:00
11932,10917,2974.6,ach,2026-07-18 12:00:00
11933,12118,5291.45,wire,2026-08-27 12:00:00
11934,7141,3686.37,invoice,2025-12-16 12:00:00
11935,7191,3109.43,ach,2025-12-17 12:00:00
11936,1461,665.74,wire,2025-04-26 12:00:00
11937,5990,587.93,invoice,2025-11-05 12:00:00
11938,9861,2010.87,ach,2026-05-17 12:00:00
11939,10949,3585.91,wire,2026-07-19 12:00:00
11940,2001,2097.68,invoice,2025-05-13 12:00:00
11941,8176,2468.05,ach,2026-02-13 12:00:00
11942,405,571.33,credit_card,2025-02-24 12:00:00
11943,385,811.44,ach,2025-02-25 12:00:00
11944,12071,2726.79,wire,2026-08-22 12:00:00
11945,12124,5080.7,invoice,2026-08-21 12:00:00
11946,10345,883.9,ach,2026-06-25 12:00:00
11947,1634,2854.23,wire,2025-04-13 12:00:00
11948,12212,318.1,ach,2026-09-30 12:00:00
11949,4785,2079.95,invoice,2025-10-03 12:00:00
11950,12085,2137.11,ach,2026-08-30 12:00:00
11951,6971,5188.58,ach,2026-01-02 12:00:00
11952,3926,5238.74,ach,2025-08-17 12:00:00
11953,4159,2094.66,invoice,2025-08-17 12:00:00
11954,7450,1349.53,credit_card,2026-01-20 12:00:00
11955,8416,2042.72,credit_card,2026-03-10 12:00:00
11956,2194,2558.32,wire,2025-05-09 12:00:00
11957,11329,528.06,invoice,2026-07-30 12:00:00
11958,10017,2398.76,invoice,2026-05-31 12:00:00
11959,1016,1538.9,wire,2025-03-29 12:00:00
11960,5125,1064.46,wire,2025-10-06 12:00:00
11961,7419,1885.31,credit_card,2026-01-25 12:00:00
11962,7410,1962.65,ach,2026-01-20 12:00:00
11963,8990,534.2,ach,2026-03-05 12:00:00
11964,2872,2835.91,invoice,2025-07-01 12:00:00
11965,10,2314.14,ach,2025-02-11 12:00:00
11966,10137,1218.19,ach,2026-05-28 12:00:00
11967,1839,1485.44,wire,2025-04-27 12:00:00
11968,4805,3416.56,invoice,2025-09-28 12:00:00
11969,256,4721.06,wire,2025-02-05 12:00:00
11970,7027,536.45,wire,2025-12-14 12:00:00
11971,5714,2889.03,wire,2025-11-10 12:00:00
11972,3325,2002.24,wire,2025-07-11 12:00:00
11973,7715,1673.2,invoice,2026-01-02 12:00:00
11974,1582,2453.58,credit_card,2025-04-08 12:00:00
11975,11149,4502.32,invoice,2026-07-26 12:00:00
11976,925,685.82,invoice,2025-03-14 12:00:00
11977,2780,383.44,wire,2025-06-06 12:00:00
11978,10701,4090.43,wire,2026-06-23 12:00:00
11979,7892,845.24,credit_card,2026-02-24 12:00:00
11980,6133,2555.02,wire,2025-11-10 12:00:00
11981,5321,1733.81,wire,2025-10-08 12:00:00
11982,7313,5512.96,credit_card,2026-02-03 12:00:00
11983,7103,5034.83,ach,2025-12-09 12:00:00
11984,6043,5583.58,ach,2025-11-01 12:00:00
11985,3776,3321.05,credit_card,2025-08-18 12:00:00
11986,4836,5647.19,invoice,2025-09-21 12:00:00
11987,4965,2503.07,ach,2025-10-03 12:00:00
11988,10972,875.23,ach,2026-07-12 12:00:00
11989,540,4785.95,invoice,2025-02-04 12:00:00
11990,7484,2128.71,credit_card,2026-01-23 12:00:00
11991,2746,4624.26,ach,2025-06-29 12:00:00
11992,3720,3794.1,wire,2025-07-20 12:00:00
11993,6820,3411.56,ach,2025-12-10 12:00:00
11994,9338,2088.29,wire,2026-04-06 12:00:00
11995,4469,2462.34,credit_card,2025-09-17 12:00:00
11996,668,377.58,ach,2025-03-21 12:00:00
11997,7576,4837.54,wire,2026-01-30 12:00:00
11998,11212,2395.24,credit_card,2026-07-29 12:00:00
11999,8550,1821.0,ach,2026-03-22 12:00:00
12000,5064,1298.6,ach,2025-10-13 12:00:00
12001,11024,2249.56,wire,2026-07-04 12:00:00
12002,10976,1973.02,wire,2026-07-06 12:00:00
12003,1354,1201.2,credit_card,2025-04-06 12:00:00
12004,7115,1948.3,credit_card,2025-12-20 12:00:00
12005,12492,3964.06,ach,2026-09-16 12:00:00
12006,8663,2764.52,invoice,2026-03-01 12:00:00
12007,2704,289.19,invoice,2025-06-16 12:00:00
12008,3331,3839.73,wire,2025-07-25 12:00:00
12009,8054,5472.02,credit_card,2026-02-09 12:00:00
12010,11830,3085.06,ach,2026-08-23 12:00:00
12011,9589,90.14,credit_card,2026-04-07 12:00:00
12012,3585,129.4,invoice,2025-07-26 12:00:00
12013,12063,2347.5,invoice,2026-08-11 12:00:00
12014,5646,383.44,ach,2025-11-18 12:00:00
12015,3377,444.21,credit_card,2025-07-13 12:00:00
12016,1257,3900.96,wire,2025-04-10 12:00:00
12017,6191,560.4,invoice,2025-11-16 12:00:00
12018,11705,2523.88,credit_card,2026-08-09 12:00:00
12019,9443,221.63,ach,2026-04-19 12:00:00
12020,5349,1440.54,invoice,2025-10-29 12:00:00
12021,11004,563.49,ach,2026-07-15 12:00:00
12022,11477,4153.34,ach,2026-07-25 12:00:00
12023,11126,3620.17,wire,2026-07-16 12:00:00
12024,4176,1234.48,credit_card,2025-08-25 12:00:00
12025,4911,3674.27,invoice,2025-09-07 12:00:00
12026,1853,1406.48,wire,2025-05-04 12:00:00
12027,6317,82.84,ach,2025-11-09 12:00:00
12028,12596,5251.43,ach,2026-09-25 12:00:00
12029,2106,998.02,credit_card,2025-05-11 12:00:00
12030,134,1956.61,wire,2025-02-14 12:00:00
12031,5030,4390.65,invoice,2025-10-22 12:00:00
12032,929,4188.09,ach,2025-03-22 12:00:00
12033,824,1521.99,invoice,2025-03-07 12:00:00
12034,7577,1891.19,wire,2026-01-17 12:00:00
12035,11633,1660.57,wire,2026-09-03 12:00:00
12036,1532,4231.3,wire,2025-04-22 12:00:00
12037,1215,1789.48,credit_card,2025-03-20 12:00:00
12038,505,1485.69,wire,2025-02-07 12:00:00
12039,10189,1854.08,invoice,2026-05-26 12:00:00
12040,6531,895.46,invoice,2025-12-29 12:00:00
12041,3073,2463.84,ach,2025-06-21 12:00:00
12042,10151,4120.83,invoice,2026-05-24 12:00:00
12043,9577,828.17,invoice,2026-04-30 12:00:00
12044,9087,2704.62,invoice,2026-04-19 12:00:00
12045,8648,3526.41,credit_card,2026-03-28 12:00:00
12046,6620,1250.25,credit_card,2025-12-20 12:00:00
12047,9274,4991.56,invoice,2026-04-28 12:00:00
12048,3710,2881.25,credit_card,2025-08-03 12:00:00
12049,12254,4715.31,invoice,2026-09-07 12:00:00
12050,4850,3823.67,credit_card,2025-09-14 12:00:00
12051,4749,3675.36,ach,2025-09-08 12:00:00
12052,4269,6080.73,ach,2025-08-29 12:00:00
12053,11715,604.94,credit_card,2026-08-14 12:00:00
12054,11795,4149.6,wire,2026-08-17 12:00:00
12055,12626,2568.78,ach,2026-10-01 12:00:00
12056,8906,1289.88,invoice,2026-03-16 12:00:00
12057,4187,2760.94,invoice,2025-09-05 12:00:00
12058,10407,1316.61,credit_card,2026-06-21 12:00:00
12059,5302,2727.03,wire,2025-10-22 12:00:00
12060,2924,236.08,wire,2025-06-06 12:00:00
12061,6589,481.37,ach,2025-12-28 12:00:00
12062,1811,3620.8,ach,2025-04-15 12:00:00
12063,3487,2723.47,wire,2025-07-14 12:00:00
12064,7420,4624.1,invoice,2026-01-07 12:00:00
12065,3142,307.29,invoice,2025-07-30 12:00:00
12066,10020,1882.46,ach,2026-06-01 12:00:00
12067,9348,4872.35,ach,2026-04-20 12:00:00
12068,1325,2180.89,invoice,2025-04-29 12:00:00
12069,4313,3508.31,credit_card,2025-08-13 12:00:00
12070,7495,3982.83,wire,2026-01-16 12:00:00
12071,8703,417.66,invoice,2026-03-21 12:00:00
12072,9873,844.82,credit_card,2026-06-01 12:00:00
12073,8692,2403.89,wire,2026-03-10 12:00:00
12074,12143,621.25,credit_card,2026-08-11 12:00:00
12075,10049,3074.88,wire,2026-05-18 12:00:00
12076,9581,1009.11,ach,2026-04-29 12:00:00
12077,11912,18.64,invoice,2026-08-14 12:00:00
12078,10579,4642.06,credit_card,2026-06-27 12:00:00
12079,5542,7050.57,ach,2025-10-23 12:00:00
12080,11429,1242.84,wire,2026-07-24 12:00:00
12081,6173,1291.32,wire,2025-11-23 12:00:00
12082,1541,60.09,wire,2025-04-06 12:00:00
12083,9410,570.89,invoice,2026-04-07 12:00:00
12084,2682,4225.78,credit_card,2025-06-20 12:00:00
12085,12630,1562.61,wire,2026-09-07 12:00:00
12086,11186,2365.15,ach,2026-07-10 12:00:00
12087,6314,1407.14,wire,2025-11-26 12:00:00
12088,1192,1808.59,wire,2025-03-24 12:00:00
12089,5294,2962.92,ach,2025-10-06 12:00:00
12090,1543,2557.39,credit_card,2025-04-25 12:00:00
12091,11494,2059.09,credit_card,2026-07-01 12:00:00
12092,11517,1513.96,invoice,2026-07-12 12:00:00
12093,7057,3008.98,ach,2025-12-15 12:00:00
12094,2540,4360.06,ach,2025-06-16 12:00:00
12095,954,4784.3,ach,2025-03-11 12:00:00
12096,7242,1311.23,ach,2025-12-12 12:00:00
12097,6732,5149.62,ach,2025-12-14 12:00:00
12098,4847,6331.62,wire,2025-09-20 12:00:00
12099,6802,1103.64,ach,2025-12-06 12:00:00
12100,8011,287.15,invoice,2026-02-18 12:00:00
12101,4331,2062.97,invoice,2025-08-12 12:00:00
12102,8925,539.71,ach,2026-03-17 12:00:00
12103,5335,2033.51,wire,2025-10-15 12:00:00
12104,7331,3007.48,invoice,2026-02-03 12:00:00
12105,9349,2398.49,invoice,2026-04-10 12:00:00
12106,4730,4118.51,ach,2025-09-27 12:00:00
12107,11487,2371.45,ach,2026-07-26 12:00:00
12108,6542,2483.84,wire,2025-12-29 12:00:00
12109,11175,107.82,wire,2026-08-01 12:00:00
12110,5306,2522.98,ach,2025-10-05 12:00:00
12111,5162,1379.1,wire,2025-10-22 12:00:00
12112,7861,2665.41,credit_card,2026-02-24 12:00:00
12113,2157,499.07,invoice,2025-05-17 12:00:00
12114,1063,282.23,invoice,2025-03-05 12:00:00
12115,10809,678.7,credit_card,2026-06-10 12:00:00
12116,1168,920.52,credit_card,2025-03-14 12:00:00
12117,11415,2795.39,ach,2026-08-02 12:00:00
12118,3637,1357.93,invoice,2025-07-17 12:00:00
12119,7652,3043.46,invoice,2026-01-16 12:00:00
12120,5589,2488.25,invoice,2025-10-16 12:00:00
12121,11131,731.2,invoice,2026-07-19 12:00:00
12122,7193,4488.15,invoice,2025-12-15 12:00:00
12123,4492,726.68,credit_card,2025-09-30 12:00:00
12124,7267,1680.69,credit_card,2025-12-18 12:00:00
12125,11333,5807.99,wire,2026-07-25 12:00:00
12126,4981,5520.51,ach,2025-09-30 12:00:00
12127,8336,5131.09,credit_card,2026-03-01 12:00:00
12128,12714,2672.42,ach,2026-09-09 12:00:00
12129,11770,2433.91,invoice,2026-08-17 12:00:00
12130,4947,1602.53,credit_card,2025-09-24 12:00:00
12131,2783,788.73,invoice,2025-06-26 12:00:00
12132,718,6464.98,wire,2025-03-07 12:00:00
12133,10012,620.03,wire,2026-05-18 12:00:00
12134,2503,2748.82,ach,2025-06-10 12:00:00
12135,4361,4112.36,wire,2025-08-07 12:00:00
12136,4172,1126.14,wire,2025-08-13 12:00:00
12137,8083,1823.06,invoice,2026-02-27 12:00:00
12138,12474,1692.54,wire,2026-09-08 12:00:00
12139,396,2116.68,credit_card,2025-02-12 12:00:00
12140,7187,2036.29,invoice,2025-12-20 12:00:00
12141,12553,2179.4,wire,2026-09-03 12:00:00
12142,4493,1997.12,credit_card,2025-09-30 12:00:00
12143,1366,2038.09,credit_card,2025-04-08 12:00:00
12144,12173,2043.76,ach,2026-09-20 12:00:00
12145,8788,1077.09,invoice,2026-03-22 12:00:00
12146,12145,1487.31,credit_card,2026-08-09 12:00:00
12147,5918,1108.38,ach,2025-11-04 12:00:00
12148,4969,3180.54,invoice,2025-09-10 12:00:00
12149,2915,612.56,ach,2025-06-07 12:00:00
12150,10519,4138.18,ach,2026-06-07 12:00:00
12151,5645,360.56,credit_card,2025-12-04 12:00:00
12152,3767,3209.0,invoice,2025-08-27 12:00:00
12153,3441,2864.01,credit_card,2025-08-04 12:00:00
12154,12044,1336.86,invoice,2026-08-14 12:00:00
12155,7358,1700.82,invoice,2026-01-13 12:00:00
12156,6807,5757.1,credit_card,2025-12-20 12:00:00
12157,9880,1737.85,invoice,2026-05-21 12:00:00
12158,2144,6525.66,invoice,2025-05-29 12:00:00
12159,5105,1903.23,invoice,2025-10-12 12:00:00
12160,5074,784.59,credit_card,2025-10-18 12:00:00
12161,1572,544.75,ach,2025-04-29 12:00:00
12162,4080,454.0,invoice,2025-08-09 12:00:00
12163,1123,699.67,ach,2025-03-31 12:00:00
12164,2787,2742.29,wire,2025-06-09 12:00:00
12165,2968,2855.92,wire,2025-06-30 12:00:00
12166,2505,307.29,wire,2025-06-27 12:00:00
12167,5989,5875.28,wire,2025-11-03 12:00:00
12168,11658,2206.38,ach,2026-08-06 12:00:00
12169,8868,1650.26,invoice,2026-03-23 12:00:00
12170,11001,5295.59,credit_card,2026-07-17 12:00:00
12171,7165,882.37,credit_card,2026-01-03 12:00:00
12172,11541,1463.34,ach,2026-08-27 12:00:00
12173,729,1174.04,wire,2025-03-16 12:00:00
12174,7588,3155.5,wire,2026-01-11 12:00:00
12175,7544,4186.54,wire,2026-01-24 12:00:00
12176,413,2159.6,ach,2025-02-23 12:00:00
12177,11339,4191.37,wire,2026-07-10 12:00:00
12178,9709,1035.21,ach,2026-05-08 12:00:00
12179,5746,3613.24,invoice,2025-11-06 12:00:00
12180,7669,970.77,wire,2026-01-10 12:00:00
12181,826,3166.3,invoice,2025-03-14 12:00:00
12182,3268,2301.54,invoice,2025-07-24 12:00:00
12183,3975,1976.48,wire,2025-08-26 12:00:00
12184,8809,6858.23,ach,2026-03-22 12:00:00
12185,8307,2290.09,ach,2026-02-06 12:00:00
12186,418,1059.96,wire,2025-02-19 12:00:00
12187,11262,1245.96,ach,2026-08-01 12:00:00
12188,9818,1220.76,wire,2026-05-18 12:00:00
12189,6749,2971.86,wire,2025-12-04 12:00:00
12190,8968,4186.15,ach,2026-03-30 12:00:00
12191,11089,4190.43,ach,2026-07-17 12:00:00
12192,12328,1093.85,wire,2026-09-02 12:00:00
12193,2083,850.49,wire,2025-05-12 12:00:00
12194,8946,2460.23,credit_card,2026-03-22 12:00:00
12195,10739,294.6,invoice,2026-06-20 12:00:00
12196,12162,1568.14,invoice,2026-09-28 12:00:00
12197,3374,2076.5,wire,2025-07-12 12:00:00
12198,5727,225.6,wire,2025-11-16 12:00:00
12199,4108,798.68,wire,2025-08-08 12:00:00
12200,10637,3058.78,invoice,2026-06-21 12:00:00
12201,4381,1978.38,wire,2025-09-20 12:00:00
12202,7724,4232.62,invoice,2026-01-09 12:00:00
12203,1067,676.98,wire,2025-03-09 12:00:00
12204,3914,2829.97,ach,2025-08-22 12:00:00
12205,5537,2451.99,wire,2025-10-26 12:00:00
12206,8003,1285.7,credit_card,2026-02-14 12:00:00
12207,5388,2963.02,invoice,2025-10-21 12:00:00
12208,5733,339.44,ach,2025-11-18 12:00:00
12209,11691,3668.07,credit_card,2026-08-28 12:00:00
12210,2739,2366.51,wire,2025-06-20 12:00:00
12211,5053,2668.3,wire,2025-10-29 12:00:00
12212,4001,1432.93,wire,2025-08-20 12:00:00
12213,9761,1649.39,credit_card,2026-05-08 12:00:00
12214,2428,421.43,invoice,2025-05-28 12:00:00
12215,11939,1848.14,invoice,2026-08-02 12:00:00
12216,6834,1392.96,wire,2025-12-12 12:00:00
12217,10124,3796.9,wire,2026-05-24 12:00:00
12218,1688,3089.71,credit_card,2025-04-08 12:00:00
12219,852,5182.07,ach,2025-04-03 12:00:00
12220,11739,1773.47,invoice,2026-08-06 12:00:00
12221,6304,4955.11,ach,2025-11-13 12:00:00
12222,9088,2730.23,invoice,2026-04-12 12:00:00
12223,5879,1762.79,credit_card,2025-11-29 12:00:00
12224,8528,2400.37,ach,2026-03-03 12:00:00
12225,2840,1696.53,ach,2025-06-08 12:00:00
12226,11280,1728.84,wire,2026-07-29 12:00:00
12227,4612,4017.42,credit_card,2025-09-19 12:00:00
12228,9541,2246.33,credit_card,2026-04-19 12:00:00
12229,9208,1345.84,ach,2026-04-27 12:00:00
12230,11009,2675.36,credit_card,2026-07-31 12:00:00
12231,9824,1552.81,ach,2026-05-12 12:00:00
12232,2490,1398.9,credit_card,2025-05-22 12:00:00
12233,11923,4190.08,credit_card,2026-08-06 12:00:00
12234,6906,1145.44,ach,2025-12-08 12:00:00
12235,7391,5553.8,credit_card,2026-01-14 12:00:00
12236,11444,2050.12,ach,2026-07-31 12:00:00
12237,2850,4070.89,invoice,2025-06-15 12:00:00
12238,6666,3090.29,invoice,2026-01-02 12:00:00
12239,5882,3051.68,invoice,2025-11-29 12:00:00
12240,10263,2306.45,invoice,2026-05-23 12:00:00
12241,4453,6450.07,invoice,2025-09-27 12:00:00
12242,9950,5602.78,ach,2026-05-15 12:00:00
12243,7422,359.66,credit_card,2026-01-09 12:00:00
12244,9828,3876.7,invoice,2026-06-01 12:00:00
12245,6485,1398.78,credit_card,2025-12-25 12:00:00
12246,2480,67.16,wire,2025-05-24 12:00:00
12247,6618,258.8,credit_card,2025-12-07 12:00:00
12248,10458,2520.35,wire,2026-06-22 12:00:00
12249,11152,1495.02,credit_card,2026-07-25 12:00:00
12250,11252,1759.65,wire,2026-07-31 12:00:00
12251,2142,2236.04,wire,2025-05-28 12:00:00
12252,11311,6575.68,invoice,2026-08-02 12:00:00
12253,5189,3840.11,wire,2025-10-27 12:00:00
12254,12403,6892.36,wire,2026-09-09 12:00:00
12255,12238,1062.38,ach,2026-09-08 12:00:00
12256,11549,2365.75,invoice,2026-08-24 12:00:00
12257,2745,2528.82,wire,2025-06-22 12:00:00
12258,7254,5633.78,ach,2026-01-03 12:00:00
12259,3507,2180.81,ach,2025-07-09 12:00:00
12260,1680,178.44,credit_card,2025-04-12 12:00:00
12261,4250,306.45,invoice,2025-08-17 12:00:00
12262,3148,4379.37,invoice,2025-07-09 12:00:00
12263,8131,789.39,ach,2026-02-10 12:00:00
12264,10487,4495.63,credit_card,2026-06-06 12:00:00
12265,7005,5886.92,ach,2025-12-09 12:00:00
12266,581,379.57,invoice,2025-02-04 12:00:00
12267,9663,5060.6,invoice,2026-05-16 12:00:00
12268,4071,2137.53,invoice,2025-08-19 12:00:00
12269,3344,3239.09,invoice,2025-07-23 12:00:00
12270,7405,4265.18,wire,2026-01-20 12:00:00
12271,3673,4965.54,credit_card,2025-07-05 12:00:00
12272,560,1173.88,invoice,2025-02-16 12:00:00
12273,5238,2968.03,ach,2025-11-03 12:00:00
12274,7806,1049.01,credit_card,2026-02-07 12:00:00
12275,11042,2364.6,ach,2026-07-08 12:00:00
12276,513,2571.06,ach,2025-02-13 12:00:00
12277,1082,2411.0,ach,2025-03-13 12:00:00
12278,1665,4035.76,invoice,2025-04-22 12:00:00
12279,9205,2835.88,credit_card,2026-05-01 12:00:00
12280,1932,3720.65,ach,2025-05-21 12:00:00
12281,12357,3974.41,credit_card,2026-10-03 12:00:00
12282,1151,1844.52,credit_card,2025-03-16 12:00:00
12283,2839,1285.63,invoice,2025-06-08 12:00:00
12284,5950,3182.38,invoice,2025-11-30 12:00:00
12285,8309,2638.09,invoice,2026-02-19 12:00:00
12286,8933,378.79,credit_card,2026-03-16 12:00:00
12287,12509,1286.14,ach,2026-09-20 12:00:00
12288,5178,2898.84,invoice,2025-10-29 12:00:00
12289,11868,1105.86,wire,2026-08-29 12:00:00
12290,831,3752.45,ach,2025-03-10 12:00:00
12291,8312,1517.12,wire,2026-03-02 12:00:00
12292,4753,1754.57,wire,2025-09-08 12:00:00
12293,12472,459.28,credit_card,2026-09-08 12:00:00
12294,12423,914.67,invoice,2026-09-29 12:00:00
12295,636,3731.56,invoice,2025-03-24 12:00:00
12296,4466,1535.25,ach,2025-09-14 12:00:00
12297,6800,2706.99,credit_card,2025-12-04 12:00:00
12298,7988,4163.41,invoice,2026-02-03 12:00:00
12299,7080,3583.94,ach,2025-12-12 12:00:00
12300,6967,3882.06,wire,2025-12-31 12:00:00
12301,4143,2571.62,credit_card,2025-08-16 12:00:00
12302,7028,2828.83,invoice,2025-12-22 12:00:00
12303,9184,5144.95,credit_card,2026-04-30 12:00:00
12304,877,3410.75,invoice,2025-03-06 12:00:00
12305,4870,431.3,wire,2025-09-20 12:00:00
12306,5316,2013.79,ach,2025-10-12 12:00:00
12307,5223,1554.37,invoice,2025-10-18 12:00:00
12308,5,826.18,ach,2025-02-08 12:00:00
12309,3052,2894.13,credit_card,2025-06-13 12:00:00
12310,5692,2274.25,invoice,2025-11-09 12:00:00
12311,3125,4195.37,credit_card,2025-06-22 12:00:00
12312,10853,2449.52,credit_card,2026-06-14 12:00:00
12313,2492,3222.41,ach,2025-05-05 12:00:00
12314,3855,3748.5,invoice,2025-08-08 12:00:00
12315,4778,2935.34,wire,2025-10-01 12:00:00
12316,9908,825.56,invoice,2026-05-17 12:00:00
12317,7510,933.16,ach,2026-01-21 12:00:00
12318,6458,2540.07,credit_card,2025-11-30 12:00:00
12319,6294,1762.16,credit_card,2025-11-07 12:00:00
12320,1149,3073.38,credit_card,2025-03-28 12:00:00
12321,11454,768.12,invoice,2026-07-06 12:00:00
12322,575,2393.05,ach,2025-02-23 12:00:00
12323,3770,2463.21,wire,2025-09-04 12:00:00
12324,11929,5335.89,wire,2026-08-19 12:00:00
12325,4147,1847.49,invoice,2025-08-28 12:00:00
12326,854,2776.3,ach,2025-04-03 12:00:00
12327,10175,2238.49,wire,2026-05-27 12:00:00
12328,10967,3629.59,credit_card,2026-07-30 12:00:00
12329,5920,1635.25,ach,2025-11-12 12:00:00
12330,9359,3963.95,credit_card,2026-04-30 12:00:00
12331,6615,2770.21,ach,2025-12-27 12:00:00
12332,6003,2096.22,ach,2025-11-09 12:00:00
12333,9164,5100.24,wire,2026-04-27 12:00:00
12334,10894,1042.67,invoice,2026-06-19 12:00:00
12335,4496,5613.15,credit_card,2025-09-11 12:00:00
12336,8174,3074.91,invoice,2026-02-24 12:00:00
12337,6656,958.38,ach,2025-12-12 12:00:00
12338,12040,4270.13,credit_card,2026-08-07 12:00:00
12339,2369,5210.69,invoice,2025-05-15 12:00:00
12340,12308,3365.54,credit_card,2026-09-21 12:00:00
12341,4781,5331.43,invoice,2025-09-02 12:00:00
12342,12324,2105.67,wire,2026-09-03 12:00:00
12343,7993,2791.18,wire,2026-02-04 12:00:00
12344,2951,2497.9,credit_card,2025-06-04 12:00:00
12345,5626,4720.8,wire,2025-11-28 12:00:00
12346,6972,2069.8,wire,2025-12-29 12:00:00
12347,8717,7080.66,invoice,2026-03-26 12:00:00
12348,10648,3329.75,invoice,2026-06-07 12:00:00
12349,1842,5987.43,invoice,2025-04-26 12:00:00
12350,5987,3790.1,wire,2025-12-02 12:00:00
12351,538,5219.11,credit_card,2025-02-09 12:00:00
12352,2807,642.64,invoice,2025-06-24 12:00:00
12353,5802,1750.14,wire,2025-11-14 12:00:00
12354,5597,1120.7,invoice,2025-10-18 12:00:00
12355,7207,2367.52,wire,2025-12-14 12:00:00
12356,7344,3917.76,ach,2026-01-14 12:00:00
12357,7561,680.73,credit_card,2026-01-27 12:00:00
12358,8097,1002.16,wire,2026-02-27 12:00:00
12359,11368,2968.71,invoice,2026-07-10 12:00:00
12360,785,4200.14,credit_card,2025-03-16 12:00:00
12361,12250,4284.31,wire,2026-09-23 12:00:00
12362,1410,465.15,wire,2025-04-26 12:00:00
12363,10730,2250.63,ach,2026-06-26 12:00:00
12364,155,170.99,ach,2025-02-20 12:00:00
12365,7807,2464.23,credit_card,2026-02-08 12:00:00
12366,3010,494.33,ach,2025-06-16 12:00:00
12367,1687,2480.16,wire,2025-04-16 12:00:00
12368,11094,1419.09,wire,2026-07-11 12:00:00
12369,4015,7210.12,invoice,2025-08-26 12:00:00
12370,7456,143.78,invoice,2026-01-17 12:00:00
12371,3864,4315.61,invoice,2025-08-17 12:00:00
12372,2734,1143.46,ach,2025-06-20 12:00:00
12373,1896,2831.81,invoice,2025-06-04 12:00:00
12374,5443,4204.61,ach,2025-10-19 12:00:00
12375,570,2616.1,credit_card,2025-02-28 12:00:00
12376,6710,3782.57,credit_card,2025-12-08 12:00:00
12377,5855,2537.73,invoice,2025-11-05 12:00:00
12378,1817,460.08,wire,2025-04-19 12:00:00
12379,10258,3724.6,invoice,2026-05-22 12:00:00
12380,8320,1275.53,credit_card,2026-02-11 12:00:00
12381,3395,3503.67,invoice,2025-07-26 12:00:00
12382,3328,3579.27,wire,2025-07-31 12:00:00
12383,12754,3266.2,ach,2026-09-23 12:00:00
12384,6103,4254.72,wire,2025-11-03 12:00:00
12385,2976,6038.44,wire,2025-06-04 12:00:00
12386,981,3971.4,wire,2025-03-10 12:00:00
12387,10493,4157.77,wire,2026-07-01 12:00:00
12388,191,2796.86,credit_card,2025-02-04 12:00:00
12389,9332,1750.22,credit_card,2026-04-20 12:00:00
12390,5089,1098.11,ach,2025-10-16 12:00:00
12391,700,854.14,wire,2025-03-03 12:00:00
12392,12473,3623.7,invoice,2026-10-03 12:00:00
12393,607,4605.22,wire,2025-02-13 12:00:00
12394,302,5963.1,wire,2025-02-08 12:00:00
